[0.000000] (-) TimerEvent: {}
[0.000188] (human_hand_msgs) JobQueued: {'identifier': 'human_hand_msgs', 'dependencies': OrderedDict()}
[0.000228] (experiment_logger) JobQueued: {'identifier': 'experiment_logger', 'dependencies': OrderedDict([('human_hand_msgs', '/home/duy/Experiment/hrc_ws/install/human_hand_msgs')])}
[0.000253] (predictor_ui) JobQueued: {'identifier': 'predictor_ui', 'dependencies': OrderedDict([('human_hand_msgs', '/home/duy/Experiment/hrc_ws/install/human_hand_msgs')])}
[0.000274] (realsense_tracker) JobQueued: {'identifier': 'realsense_tracker', 'dependencies': OrderedDict([('human_hand_msgs', '/home/duy/Experiment/hrc_ws/install/human_hand_msgs')])}
[0.000293] (trajectory_predictor) JobQueued: {'identifier': 'trajectory_predictor', 'dependencies': OrderedDict([('human_hand_msgs', '/home/duy/Experiment/hrc_ws/install/human_hand_msgs')])}
[0.000310] (hrc_bringup) JobQueued: {'identifier': 'hrc_bringup', 'dependencies': OrderedDict([('human_hand_msgs', '/home/duy/Experiment/hrc_ws/install/human_hand_msgs'), ('experiment_logger', '/home/duy/Experiment/hrc_ws/install/experiment_logger'), ('predictor_ui', '/home/duy/Experiment/hrc_ws/install/predictor_ui'), ('realsense_tracker', '/home/duy/Experiment/hrc_ws/install/realsense_tracker'), ('trajectory_predictor', '/home/duy/Experiment/hrc_ws/install/trajectory_predictor')])}
[0.000338] (human_hand_msgs) JobStarted: {'identifier': 'human_hand_msgs'}
[0.007494] (human_hand_msgs) JobProgress: {'identifier': 'human_hand_msgs', 'progress': 'cmake'}
[0.008948] (human_hand_msgs) Command: {'cmd': ['/usr/bin/cmake', '/home/duy/Experiment/hrc_ws/src/human_hand_msgs', '-DCATKIN_INSTALL_INTO_PREFIX_ROOT=0', '-DCMAKE_INSTALL_PREFIX=/home/duy/Experiment/hrc_ws/install/human_hand_msgs'], 'cwd': '/home/duy/Experiment/hrc_ws/build/human_hand_msgs', 'env': OrderedDict([('GJS_DEBUG_TOPICS', 'JS ERROR;JS LOG'), ('LESSOPEN', '| /usr/bin/lesspipe %s'), ('VSCODE_CWD', '/home/duy'), ('USER', 'duy'), ('LC_TIME', 'en_US.UTF-8'), ('VSCODE_NLS_CONFIG', '{"userLocale":"en-us","osLocale":"en-us","resolvedLanguage":"en","defaultMessagesFile":"/usr/share/antigravity/resources/app/out/nls.messages.json","locale":"en-us","availableLanguages":{}}'), ('XDG_SESSION_TYPE', 'wayland'), ('SHLVL', '0'), ('LD_LIBRARY_PATH', '/usr/local/lib/nuitrack:/home/duy/kinectv2/install/libfreenect2/lib:/home/duy/kinectv2/install/kinect2_registration/lib:/usr/lib/x86_64-linux-gnu/gazebo-11/plugins:/opt/ros/humble/opt/rviz_ogre_vendor/lib:/opt/ros/humble/lib/x86_64-linux-gnu:/opt/ros/humble/lib:/usr/local/lib/nuitrack:/usr/local/lib/nuitrack'), ('HOME', '/home/duy'), ('CHROME_DESKTOP', 'antigravity.desktop'), ('OLDPWD', '/home/duy/Experiment/hrc_ws'), ('DESKTOP_SESSION', 'ubuntu'), ('VSCODE_IPC_HOOK', '/run/user/1000/vscode-d3248cd9-1.10-main.sock'), ('GIO_LAUNCHED_DESKTOP_FILE', '/usr/share/applications/antigravity.desktop'), ('ROS_PYTHON_VERSION', '3'), ('GNOME_SHELL_SESSION_MODE', 'ubuntu'), ('GTK_MODULES', 'gail:atk-bridge'), ('PAGER', 'cat'), ('LC_MONETARY', 'en_US.UTF-8'), ('MANAGERPID', '1102'), ('SYSTEMD_EXEC_PID', '1227'), ('IM_CONFIG_CHECK_ENV', '1'), ('DBUS_SESSION_BUS_ADDRESS', 'unix:path=/run/user/1000/bus'), ('ANTIGRAVITY_AGENT', '1'), ('GIO_LAUNCHED_DESKTOP_FILE_PID', '13704'), ('IM_CONFIG_PHASE', '1'), ('WAYLAND_DISPLAY', 'wayland-0'), ('COLCON_PREFIX_PATH', '/home/duy/kinectv2/install'), ('ROS_DISTRO', 'humble'), ('GTK_IM_MODULE', 'ibus'), ('LOGNAME', 'duy'), ('JOURNAL_STREAM', '8:6619'), ('_', '/usr/bin/colcon'), ('ROS_VERSION', '2'), ('XDG_SESSION_CLASS', 'user'), ('USERNAME', 'duy'), ('TERM', 'dumb'), ('GNOME_DESKTOP_SESSION_ID', 'this-is-deprecated'), ('FC_FONTATIONS', '1'), ('ROS_LOCALHOST_ONLY', '0'), ('ANTIGRAVITY_EDITOR_APP_ROOT', '/usr/share/antigravity/resources/app'), ('PATH', '/home/duy/.local/bin:/opt/ros/humble/bin:/home/duy/.local/bin:/usr/local/sbin:/usr/local/bin:/usr/sbin:/usr/bin:/sbin:/bin:/usr/games:/usr/local/games:/snap/bin:/snap/bin:/home/duy/libfreenect2/build/bin'), ('SESSION_MANAGER', 'local/duy-Vivobook-ASUSLaptop-X1503ZA-A1503ZA:@/tmp/.ICE-unix/1197,unix/duy-Vivobook-ASUSLaptop-X1503ZA-A1503ZA:/tmp/.ICE-unix/1197'), ('INVOCATION_ID', 'caa7194b4a5c407f882e618f5dd7ff1e'), ('PAPERSIZE', 'letter'), ('XDG_MENU_PREFIX', 'gnome-'), ('LC_ADDRESS', 'en_US.UTF-8'), ('GNOME_SETUP_DISPLAY', ':1'), ('XDG_RUNTIME_DIR', '/run/user/1000'), ('GDK_BACKEND', 'wayland'), ('DISPLAY', ':0'), ('LANG', 'en_US.UTF-8'), ('XDG_CURRENT_DESKTOP', 'ubuntu:GNOME'), ('LC_TELEPHONE', 'en_US.UTF-8'), ('RMW_IMPLEMENTATION', 'rmw_fastrtps_cpp'), ('XMODIFIERS', '@im=ibus'), ('XDG_SESSION_DESKTOP', 'ubuntu'), ('XAUTHORITY', '/run/user/1000/.mutter-Xwaylandauth.EQ1FO3'), ('LS_COLORS', ''), ('SSH_AGENT_LAUNCHER', 'gnome-keyring'), ('SSH_AUTH_SOCK', '/run/user/1000/keyring/ssh'), ('ROS_DOMAIN_ID', '0'), ('AMENT_PREFIX_PATH', '/home/duy/kinectv2/install/kinect2_bridge:/home/duy/kinectv2/install/kinect2_registration:/opt/ros/humble'), ('NUITRACK_HOME', '/usr/etc/nuitrack'), ('SHELL', '/bin/bash'), ('LC_NAME', 'en_US.UTF-8'), ('QT_ACCESSIBILITY', '1'), ('GDMSESSION', 'ubuntu'), ('LESSCLOSE', '/usr/bin/lesspipe %s %s'), ('LC_MEASUREMENT', 'en_US.UTF-8'), ('GJS_DEBUG_OUTPUT', 'stderr'), ('LC_IDENTIFICATION', 'en_US.UTF-8'), ('QT_IM_MODULE', 'ibus'), ('ANTIGRAVITY_TRAJECTORY_ID', '244b4c34-7a87-42c2-807e-16430302bfb1'), ('PWD', '/home/duy/Experiment/hrc_ws/build/human_hand_msgs'), ('LC_ALL', 'en_US.UTF-8'), ('XDG_CONFIG_DIRS', '/etc/xdg/xdg-ubuntu:/etc/xdg'), ('VSCODE_CODE_CACHE_PATH', '/home/duy/.config/Antigravity/CachedData/15487b3041e65228cae24980a3f796c905ef582c'), ('XDG_DATA_DIRS', '/usr/share/ubuntu:/usr/local/share/:/usr/share/:/var/lib/snapd/desktop'), ('PYTHONPATH', '/opt/ros/humble/lib/python3.10/site-packages:/opt/ros/humble/local/lib/python3.10/dist-packages'), ('LC_NUMERIC', 'en_US.UTF-8'), ('LC_PAPER', 'en_US.UTF-8'), ('COLCON', '1'), ('CMAKE_PREFIX_PATH', '/home/duy/kinectv2/install/libfreenect2:/home/duy/kinectv2/install/kinect2_bridge:/home/duy/kinectv2/install/kinect2_registration'), ('VSCODE_PID', '13704')]), 'shell': False}
[0.039795] (human_hand_msgs) StdoutLine: {'line': b'-- Found ament_cmake: 1.3.14 (/opt/ros/humble/share/ament_cmake/cmake)\n'}
[0.099383] (-) TimerEvent: {}
[0.165913] (human_hand_msgs) StdoutLine: {'line': b'-- Found rosidl_default_generators: 1.2.1 (/opt/ros/humble/share/rosidl_default_generators/cmake)\n'}
[0.168749] (human_hand_msgs) StdoutLine: {'line': b'-- Using all available rosidl_typesupport_c: rosidl_typesupport_fastrtps_c;rosidl_typesupport_introspection_c\n'}
[0.172328] (human_hand_msgs) StdoutLine: {'line': b'-- Found rosidl_adapter: 3.1.8 (/opt/ros/humble/share/rosidl_adapter/cmake)\n'}
[0.199507] (-) TimerEvent: {}
[0.204576] (human_hand_msgs) StdoutLine: {'line': b'-- Using all available rosidl_typesupport_cpp: rosidl_typesupport_fastrtps_cpp;rosidl_typesupport_introspection_cpp\n'}
[0.233185] (human_hand_msgs) StdoutLine: {'line': b'-- Found std_msgs: 4.9.1 (/opt/ros/humble/share/std_msgs/cmake)\n'}
[0.299635] (-) TimerEvent: {}
[0.399888] (-) TimerEvent: {}
[0.500158] (-) TimerEvent: {}
[0.526781] (human_hand_msgs) StdoutLine: {'line': b'-- Found ament_cmake_ros: 0.10.0 (/opt/ros/humble/share/ament_cmake_ros/cmake)\n'}
[0.600296] (-) TimerEvent: {}
[0.692960] (human_hand_msgs) StdoutLine: {'line': b'-- Using all available rosidl_typesupport_c: rosidl_typesupport_fastrtps_c;rosidl_typesupport_introspection_c\n'}
[0.700533] (-) TimerEvent: {}
[0.801117] (-) TimerEvent: {}
[0.901386] (-) TimerEvent: {}
[0.911172] (human_hand_msgs) StdoutLine: {'line': b'-- Using all available rosidl_typesupport_cpp: rosidl_typesupport_fastrtps_cpp;rosidl_typesupport_introspection_cpp\n'}
[0.931225] (human_hand_msgs) StdoutLine: {'line': b'-- Found python_cmake_module: 0.10.0 (/opt/ros/humble/share/python_cmake_module/cmake)\n'}
[0.955026] (human_hand_msgs) StdoutLine: {'line': b'-- Using PYTHON_EXECUTABLE: /usr/bin/python3\n'}
[0.955220] (human_hand_msgs) StdoutLine: {'line': b'-- Using PYTHON_INCLUDE_DIRS: /usr/include/python3.10\n'}
[0.955301] (human_hand_msgs) StdoutLine: {'line': b'-- Using PYTHON_LIBRARIES: /usr/lib/x86_64-linux-gnu/libpython3.10.so\n'}
[1.001648] (-) TimerEvent: {}
[1.050931] (human_hand_msgs) StdoutLine: {'line': b'-- Configuring done\n'}
[1.089822] (human_hand_msgs) StdoutLine: {'line': b'-- Generating done\n'}
[1.101902] (-) TimerEvent: {}
[1.104989] (human_hand_msgs) StdoutLine: {'line': b'-- Build files have been written to: /home/duy/Experiment/hrc_ws/build/human_hand_msgs\n'}
[1.115480] (human_hand_msgs) CommandEnded: {'returncode': 0}
[1.116286] (human_hand_msgs) JobProgress: {'identifier': 'human_hand_msgs', 'progress': 'build'}
[1.117503] (human_hand_msgs) Command: {'cmd': ['/usr/bin/cmake', '--build', '/home/duy/Experiment/hrc_ws/build/human_hand_msgs', '--', '-j16', '-l16'], 'cwd': '/home/duy/Experiment/hrc_ws/build/human_hand_msgs', 'env': OrderedDict([('GJS_DEBUG_TOPICS', 'JS ERROR;JS LOG'), ('LESSOPEN', '| /usr/bin/lesspipe %s'), ('VSCODE_CWD', '/home/duy'), ('USER', 'duy'), ('LC_TIME', 'en_US.UTF-8'), ('VSCODE_NLS_CONFIG', '{"userLocale":"en-us","osLocale":"en-us","resolvedLanguage":"en","defaultMessagesFile":"/usr/share/antigravity/resources/app/out/nls.messages.json","locale":"en-us","availableLanguages":{}}'), ('XDG_SESSION_TYPE', 'wayland'), ('SHLVL', '0'), ('LD_LIBRARY_PATH', '/usr/local/lib/nuitrack:/home/duy/kinectv2/install/libfreenect2/lib:/home/duy/kinectv2/install/kinect2_registration/lib:/usr/lib/x86_64-linux-gnu/gazebo-11/plugins:/opt/ros/humble/opt/rviz_ogre_vendor/lib:/opt/ros/humble/lib/x86_64-linux-gnu:/opt/ros/humble/lib:/usr/local/lib/nuitrack:/usr/local/lib/nuitrack'), ('HOME', '/home/duy'), ('CHROME_DESKTOP', 'antigravity.desktop'), ('OLDPWD', '/home/duy/Experiment/hrc_ws'), ('DESKTOP_SESSION', 'ubuntu'), ('VSCODE_IPC_HOOK', '/run/user/1000/vscode-d3248cd9-1.10-main.sock'), ('GIO_LAUNCHED_DESKTOP_FILE', '/usr/share/applications/antigravity.desktop'), ('ROS_PYTHON_VERSION', '3'), ('GNOME_SHELL_SESSION_MODE', 'ubuntu'), ('GTK_MODULES', 'gail:atk-bridge'), ('PAGER', 'cat'), ('LC_MONETARY', 'en_US.UTF-8'), ('MANAGERPID', '1102'), ('SYSTEMD_EXEC_PID', '1227'), ('IM_CONFIG_CHECK_ENV', '1'), ('DBUS_SESSION_BUS_ADDRESS', 'unix:path=/run/user/1000/bus'), ('ANTIGRAVITY_AGENT', '1'), ('GIO_LAUNCHED_DESKTOP_FILE_PID', '13704'), ('IM_CONFIG_PHASE', '1'), ('WAYLAND_DISPLAY', 'wayland-0'), ('COLCON_PREFIX_PATH', '/home/duy/kinectv2/install'), ('ROS_DISTRO', 'humble'), ('GTK_IM_MODULE', 'ibus'), ('LOGNAME', 'duy'), ('JOURNAL_STREAM', '8:6619'), ('_', '/usr/bin/colcon'), ('ROS_VERSION', '2'), ('XDG_SESSION_CLASS', 'user'), ('USERNAME', 'duy'), ('TERM', 'dumb'), ('GNOME_DESKTOP_SESSION_ID', 'this-is-deprecated'), ('FC_FONTATIONS', '1'), ('ROS_LOCALHOST_ONLY', '0'), ('ANTIGRAVITY_EDITOR_APP_ROOT', '/usr/share/antigravity/resources/app'), ('PATH', '/home/duy/.local/bin:/opt/ros/humble/bin:/home/duy/.local/bin:/usr/local/sbin:/usr/local/bin:/usr/sbin:/usr/bin:/sbin:/bin:/usr/games:/usr/local/games:/snap/bin:/snap/bin:/home/duy/libfreenect2/build/bin'), ('SESSION_MANAGER', 'local/duy-Vivobook-ASUSLaptop-X1503ZA-A1503ZA:@/tmp/.ICE-unix/1197,unix/duy-Vivobook-ASUSLaptop-X1503ZA-A1503ZA:/tmp/.ICE-unix/1197'), ('INVOCATION_ID', 'caa7194b4a5c407f882e618f5dd7ff1e'), ('PAPERSIZE', 'letter'), ('XDG_MENU_PREFIX', 'gnome-'), ('LC_ADDRESS', 'en_US.UTF-8'), ('GNOME_SETUP_DISPLAY', ':1'), ('XDG_RUNTIME_DIR', '/run/user/1000'), ('GDK_BACKEND', 'wayland'), ('DISPLAY', ':0'), ('LANG', 'en_US.UTF-8'), ('XDG_CURRENT_DESKTOP', 'ubuntu:GNOME'), ('LC_TELEPHONE', 'en_US.UTF-8'), ('RMW_IMPLEMENTATION', 'rmw_fastrtps_cpp'), ('XMODIFIERS', '@im=ibus'), ('XDG_SESSION_DESKTOP', 'ubuntu'), ('XAUTHORITY', '/run/user/1000/.mutter-Xwaylandauth.EQ1FO3'), ('LS_COLORS', ''), ('SSH_AGENT_LAUNCHER', 'gnome-keyring'), ('SSH_AUTH_SOCK', '/run/user/1000/keyring/ssh'), ('ROS_DOMAIN_ID', '0'), ('AMENT_PREFIX_PATH', '/home/duy/kinectv2/install/kinect2_bridge:/home/duy/kinectv2/install/kinect2_registration:/opt/ros/humble'), ('NUITRACK_HOME', '/usr/etc/nuitrack'), ('SHELL', '/bin/bash'), ('LC_NAME', 'en_US.UTF-8'), ('QT_ACCESSIBILITY', '1'), ('GDMSESSION', 'ubuntu'), ('LESSCLOSE', '/usr/bin/lesspipe %s %s'), ('LC_MEASUREMENT', 'en_US.UTF-8'), ('GJS_DEBUG_OUTPUT', 'stderr'), ('LC_IDENTIFICATION', 'en_US.UTF-8'), ('QT_IM_MODULE', 'ibus'), ('ANTIGRAVITY_TRAJECTORY_ID', '244b4c34-7a87-42c2-807e-16430302bfb1'), ('PWD', '/home/duy/Experiment/hrc_ws/build/human_hand_msgs'), ('LC_ALL', 'en_US.UTF-8'), ('XDG_CONFIG_DIRS', '/etc/xdg/xdg-ubuntu:/etc/xdg'), ('VSCODE_CODE_CACHE_PATH', '/home/duy/.config/Antigravity/CachedData/15487b3041e65228cae24980a3f796c905ef582c'), ('XDG_DATA_DIRS', '/usr/share/ubuntu:/usr/local/share/:/usr/share/:/var/lib/snapd/desktop'), ('PYTHONPATH', '/opt/ros/humble/lib/python3.10/site-packages:/opt/ros/humble/local/lib/python3.10/dist-packages'), ('LC_NUMERIC', 'en_US.UTF-8'), ('LC_PAPER', 'en_US.UTF-8'), ('COLCON', '1'), ('CMAKE_PREFIX_PATH', '/home/duy/kinectv2/install/libfreenect2:/home/duy/kinectv2/install/kinect2_bridge:/home/duy/kinectv2/install/kinect2_registration'), ('VSCODE_PID', '13704')]), 'shell': False}
[1.160896] (human_hand_msgs) StdoutLine: {'line': b'\x1b[35m\x1b[1mConsolidate compiler generated dependencies of target human_hand_msgs__rosidl_generator_c\x1b[0m\n'}
[1.167544] (human_hand_msgs) StdoutLine: {'line': b'[  1%] Built target human_hand_msgs__cpp\n'}
[1.168980] (human_hand_msgs) StdoutLine: {'line': b'[  3%] \x1b[34m\x1b[1mGenerating Rust code for ROS interfaces\x1b[0m\n'}
[1.179238] (human_hand_msgs) StdoutLine: {'line': b'\x1b[35m\x1b[1mConsolidate compiler generated dependencies of target human_hand_msgs__rosidl_typesupport_fastrtps_cpp\x1b[0m\n'}
[1.179548] (human_hand_msgs) StdoutLine: {'line': b'\x1b[35m\x1b[1mConsolidate compiler generated dependencies of target human_hand_msgs__rosidl_typesupport_cpp\x1b[0m\n'}
[1.182596] (human_hand_msgs) StdoutLine: {'line': b'\x1b[35m\x1b[1mConsolidate compiler generated dependencies of target human_hand_msgs__rosidl_typesupport_introspection_cpp\x1b[0m\n'}
[1.186672] (human_hand_msgs) StdoutLine: {'line': b'[  5%] \x1b[32mBuilding C object CMakeFiles/human_hand_msgs__rosidl_generator_c.dir/rosidl_generator_c/human_hand_msgs/msg/detail/hand_state__functions.c.o\x1b[0m\n'}
[1.187150] (human_hand_msgs) StdoutLine: {'line': b'[  7%] \x1b[32mBuilding C object CMakeFiles/human_hand_msgs__rosidl_generator_c.dir/rosidl_generator_c/human_hand_msgs/msg/detail/hand_prediction__functions.c.o\x1b[0m\n'}
[1.189714] (human_hand_msgs) StdoutLine: {'line': b'[  7%] Built target ament_cmake_python_copy_human_hand_msgs\n'}
[1.190879] (human_hand_msgs) StdoutLine: {'line': b'[  8%] \x1b[32mBuilding C object CMakeFiles/human_hand_msgs__rosidl_generator_c.dir/rosidl_generator_c/human_hand_msgs/srv/detail/select_model__functions.c.o\x1b[0m\n'}
[1.191224] (human_hand_msgs) StdoutLine: {'line': b'[ 10%] \x1b[32mBuilding C object CMakeFiles/human_hand_msgs__rosidl_generator_c.dir/rosidl_generator_c/human_hand_msgs/msg/detail/system_status__functions.c.o\x1b[0m\n'}
[1.202196] (-) TimerEvent: {}
[1.215112] (human_hand_msgs) StdoutLine: {'line': b'[ 16%] \x1b[32mBuilding CXX object CMakeFiles/human_hand_msgs__rosidl_typesupport_introspection_cpp.dir/rosidl_typesupport_introspection_cpp/human_hand_msgs/msg/detail/hand_prediction__type_support.cpp.o\x1b[0m\n'}
[1.215436] (human_hand_msgs) StdoutLine: {'line': b'[ 16%] \x1b[32mBuilding CXX object CMakeFiles/human_hand_msgs__rosidl_typesupport_cpp.dir/rosidl_typesupport_cpp/human_hand_msgs/msg/system_status__type_support.cpp.o\x1b[0m\n'}
[1.215582] (human_hand_msgs) StdoutLine: {'line': b'[ 16%] \x1b[32mBuilding CXX object CMakeFiles/human_hand_msgs__rosidl_typesupport_cpp.dir/rosidl_typesupport_cpp/human_hand_msgs/msg/hand_prediction__type_support.cpp.o\x1b[0m\n'}
[1.215658] (human_hand_msgs) StdoutLine: {'line': b'[ 17%] \x1b[32mBuilding CXX object CMakeFiles/human_hand_msgs__rosidl_typesupport_introspection_cpp.dir/rosidl_typesupport_introspection_cpp/human_hand_msgs/msg/detail/system_status__type_support.cpp.o\x1b[0m\n'}
[1.215739] (human_hand_msgs) StdoutLine: {'line': b'[ 19%] \x1b[32mBuilding CXX object CMakeFiles/human_hand_msgs__rosidl_typesupport_cpp.dir/rosidl_typesupport_cpp/human_hand_msgs/msg/hand_state__type_support.cpp.o\x1b[0m\n'}
[1.215803] (human_hand_msgs) StdoutLine: {'line': b'[ 21%] \x1b[32mBuilding CXX object CMakeFiles/human_hand_msgs__rosidl_typesupport_introspection_cpp.dir/rosidl_typesupport_introspection_cpp/human_hand_msgs/msg/detail/hand_state__type_support.cpp.o\x1b[0m\n'}
[1.215876] (human_hand_msgs) StdoutLine: {'line': b'[ 25%] \x1b[32mBuilding CXX object CMakeFiles/human_hand_msgs__rosidl_typesupport_cpp.dir/rosidl_typesupport_cpp/human_hand_msgs/srv/select_model__type_support.cpp.o\x1b[0m\n'}
[1.215945] (human_hand_msgs) StdoutLine: {'line': b'[ 25%] \x1b[32mBuilding CXX object CMakeFiles/human_hand_msgs__rosidl_typesupport_introspection_cpp.dir/rosidl_typesupport_introspection_cpp/human_hand_msgs/srv/detail/select_model__type_support.cpp.o\x1b[0m\n'}
[1.216800] (human_hand_msgs) StdoutLine: {'line': b'[ 28%] \x1b[32mBuilding CXX object CMakeFiles/human_hand_msgs__rosidl_typesupport_fastrtps_cpp.dir/rosidl_typesupport_fastrtps_cpp/human_hand_msgs/msg/detail/dds_fastrtps/hand_state__type_support.cpp.o\x1b[0m\n'}
[1.217081] (human_hand_msgs) StdoutLine: {'line': b'[ 28%] \x1b[32mBuilding CXX object CMakeFiles/human_hand_msgs__rosidl_typesupport_fastrtps_cpp.dir/rosidl_typesupport_fastrtps_cpp/human_hand_msgs/msg/detail/dds_fastrtps/hand_prediction__type_support.cpp.o\x1b[0m\n'}
[1.303190] (-) TimerEvent: {}
[1.371125] (human_hand_msgs) StdoutLine: {'line': b'[ 30%] \x1b[32mBuilding CXX object CMakeFiles/human_hand_msgs__rosidl_typesupport_fastrtps_cpp.dir/rosidl_typesupport_fastrtps_cpp/human_hand_msgs/msg/detail/dds_fastrtps/system_status__type_support.cpp.o\x1b[0m\n'}
[1.379260] (human_hand_msgs) StdoutLine: {'line': b'[ 32%] \x1b[32mBuilding CXX object CMakeFiles/human_hand_msgs__rosidl_typesupport_fastrtps_cpp.dir/rosidl_typesupport_fastrtps_cpp/human_hand_msgs/srv/detail/dds_fastrtps/select_model__type_support.cpp.o\x1b[0m\n'}
[1.382996] (human_hand_msgs) StdoutLine: {'line': b'[ 33%] \x1b[32m\x1b[1mLinking C shared library libhuman_hand_msgs__rosidl_generator_c.so\x1b[0m\n'}
[1.404345] (-) TimerEvent: {}
[1.473066] (human_hand_msgs) StdoutLine: {'line': b'[ 35%] Built target human_hand_msgs__rosidl_generator_c\n'}
[1.500230] (human_hand_msgs) StdoutLine: {'line': b'\x1b[35m\x1b[1mConsolidate compiler generated dependencies of target human_hand_msgs__rosidl_typesupport_introspection_c\x1b[0m\n'}
[1.502911] (human_hand_msgs) StdoutLine: {'line': b'\x1b[35m\x1b[1mConsolidate compiler generated dependencies of target human_hand_msgs__rosidl_typesupport_fastrtps_c\x1b[0m\n'}
[1.506415] (-) TimerEvent: {}
[1.538171] (human_hand_msgs) StdoutLine: {'line': b'[ 37%] \x1b[32mBuilding CXX object CMakeFiles/human_hand_msgs__rosidl_typesupport_fastrtps_c.dir/rosidl_typesupport_fastrtps_c/human_hand_msgs/msg/detail/hand_state__type_support_c.cpp.o\x1b[0m\n'}
[1.538914] (human_hand_msgs) StdoutLine: {'line': b'[ 39%] \x1b[32mBuilding C object CMakeFiles/human_hand_msgs__rosidl_typesupport_introspection_c.dir/rosidl_typesupport_introspection_c/human_hand_msgs/msg/detail/hand_state__type_support.c.o\x1b[0m\n'}
[1.606631] (-) TimerEvent: {}
[1.683962] (human_hand_msgs) StdoutLine: {'line': b'[ 41%] \x1b[32mBuilding C object CMakeFiles/human_hand_msgs__rosidl_typesupport_introspection_c.dir/rosidl_typesupport_introspection_c/human_hand_msgs/msg/detail/hand_prediction__type_support.c.o\x1b[0m\n'}
[1.709804] (-) TimerEvent: {}
[1.804279] (human_hand_msgs) StdoutLine: {'line': b'[ 42%] \x1b[32mBuilding C object CMakeFiles/human_hand_msgs__rosidl_typesupport_introspection_c.dir/rosidl_typesupport_introspection_c/human_hand_msgs/msg/detail/system_status__type_support.c.o\x1b[0m\n'}
[1.813057] (-) TimerEvent: {}
[1.819396] (human_hand_msgs) StdoutLine: {'line': b'running egg_info\n'}
[1.821318] (human_hand_msgs) StdoutLine: {'line': b'writing human_hand_msgs.egg-info/PKG-INFO\n'}
[1.825535] (human_hand_msgs) StdoutLine: {'line': b'writing dependency_links to human_hand_msgs.egg-info/dependency_links.txt\n'}
[1.826204] (human_hand_msgs) StdoutLine: {'line': b'writing top-level names to human_hand_msgs.egg-info/top_level.txt\n'}
[1.832793] (human_hand_msgs) StdoutLine: {'line': b"reading manifest file 'human_hand_msgs.egg-info/SOURCES.txt'\n"}
[1.836453] (human_hand_msgs) StdoutLine: {'line': b"writing manifest file 'human_hand_msgs.egg-info/SOURCES.txt'\n"}
[1.915199] (-) TimerEvent: {}
[1.926059] (human_hand_msgs) StdoutLine: {'line': b'[ 44%] \x1b[32mBuilding C object CMakeFiles/human_hand_msgs__rosidl_typesupport_introspection_c.dir/rosidl_typesupport_introspection_c/human_hand_msgs/srv/detail/select_model__type_support.c.o\x1b[0m\n'}
[1.930290] (human_hand_msgs) StdoutLine: {'line': b'[ 46%] \x1b[32mBuilding CXX object CMakeFiles/human_hand_msgs__rosidl_typesupport_fastrtps_c.dir/rosidl_typesupport_fastrtps_c/human_hand_msgs/msg/detail/hand_prediction__type_support_c.cpp.o\x1b[0m\n'}
[1.934995] (human_hand_msgs) StdoutLine: {'line': b'\x1b[35m\x1b[1mConsolidate compiler generated dependencies of target human_hand_msgs__rosidl_typesupport_c\x1b[0m\n'}
[1.946409] (human_hand_msgs) StdoutLine: {'line': b'[ 46%] Built target ament_cmake_python_build_human_hand_msgs_egg\n'}
[1.988597] (human_hand_msgs) StdoutLine: {'line': b'[ 48%] \x1b[32mBuilding CXX object CMakeFiles/human_hand_msgs__rosidl_typesupport_fastrtps_c.dir/rosidl_typesupport_fastrtps_c/human_hand_msgs/msg/detail/system_status__type_support_c.cpp.o\x1b[0m\n'}
[2.001392] (human_hand_msgs) StdoutLine: {'line': b'[ 50%] \x1b[32mBuilding CXX object CMakeFiles/human_hand_msgs__rosidl_typesupport_c.dir/rosidl_typesupport_c/human_hand_msgs/msg/hand_state__type_support.cpp.o\x1b[0m\n'}
[2.015396] (-) TimerEvent: {}
[2.022285] (human_hand_msgs) StdoutLine: {'line': b'[ 51%] \x1b[32mBuilding CXX object CMakeFiles/human_hand_msgs__rosidl_typesupport_c.dir/rosidl_typesupport_c/human_hand_msgs/msg/hand_prediction__type_support.cpp.o\x1b[0m\n'}
[2.052502] (human_hand_msgs) StdoutLine: {'line': b'[ 53%] \x1b[32m\x1b[1mLinking CXX shared library libhuman_hand_msgs__rosidl_typesupport_cpp.so\x1b[0m\n'}
[2.075575] (human_hand_msgs) StdoutLine: {'line': b'[ 55%] \x1b[32m\x1b[1mLinking C shared library libhuman_hand_msgs__rosidl_typesupport_introspection_c.so\x1b[0m\n'}
[2.094923] (human_hand_msgs) StdoutLine: {'line': b'[ 57%] \x1b[32mBuilding CXX object CMakeFiles/human_hand_msgs__rosidl_typesupport_fastrtps_c.dir/rosidl_typesupport_fastrtps_c/human_hand_msgs/srv/detail/select_model__type_support_c.cpp.o\x1b[0m\n'}
[2.099770] (human_hand_msgs) StdoutLine: {'line': b'[ 58%] \x1b[32mBuilding CXX object CMakeFiles/human_hand_msgs__rosidl_typesupport_c.dir/rosidl_typesupport_c/human_hand_msgs/msg/system_status__type_support.cpp.o\x1b[0m\n'}
[2.112140] (human_hand_msgs) StdoutLine: {'line': b'[ 60%] \x1b[32mBuilding CXX object CMakeFiles/human_hand_msgs__rosidl_typesupport_c.dir/rosidl_typesupport_c/human_hand_msgs/srv/select_model__type_support.cpp.o\x1b[0m\n'}
[2.115546] (-) TimerEvent: {}
[2.166705] (human_hand_msgs) StdoutLine: {'line': b'[ 62%] Built target human_hand_msgs__rosidl_typesupport_introspection_c\n'}
[2.175339] (human_hand_msgs) StdoutLine: {'line': b'[ 64%] Built target human_hand_msgs__rosidl_typesupport_cpp\n'}
[2.188222] (human_hand_msgs) StdoutLine: {'line': b'[ 66%] \x1b[32m\x1b[1mLinking CXX shared library libhuman_hand_msgs__rosidl_typesupport_c.so\x1b[0m\n'}
[2.201284] (human_hand_msgs) StdoutLine: {'line': b'[ 66%] Built target human_hand_msgs__rs\n'}
[2.215670] (-) TimerEvent: {}
[2.248158] (human_hand_msgs) StdoutLine: {'line': b'[ 67%] Built target human_hand_msgs__rosidl_typesupport_c\n'}
[2.267307] (human_hand_msgs) StdoutLine: {'line': b'[ 69%] \x1b[32m\x1b[1mLinking CXX shared library libhuman_hand_msgs__rosidl_typesupport_introspection_cpp.so\x1b[0m\n'}
[2.315802] (-) TimerEvent: {}
[2.324434] (human_hand_msgs) StdoutLine: {'line': b'[ 71%] \x1b[32m\x1b[1mLinking CXX shared library libhuman_hand_msgs__rosidl_typesupport_fastrtps_cpp.so\x1b[0m\n'}
[2.347314] (human_hand_msgs) StdoutLine: {'line': b'[ 73%] Built target human_hand_msgs__rosidl_typesupport_introspection_cpp\n'}
[2.416010] (-) TimerEvent: {}
[2.445955] (human_hand_msgs) StdoutLine: {'line': b'[ 75%] Built target human_hand_msgs__rosidl_typesupport_fastrtps_cpp\n'}
[2.487699] (human_hand_msgs) StdoutLine: {'line': b'[ 76%] \x1b[32m\x1b[1mLinking CXX shared library libhuman_hand_msgs__rosidl_typesupport_fastrtps_c.so\x1b[0m\n'}
[2.516167] (-) TimerEvent: {}
[2.576181] (human_hand_msgs) StdoutLine: {'line': b'[ 78%] Built target human_hand_msgs__rosidl_typesupport_fastrtps_c\n'}
[2.595459] (human_hand_msgs) StdoutLine: {'line': b'[ 78%] Built target human_hand_msgs\n'}
[2.616281] (-) TimerEvent: {}
[2.618802] (human_hand_msgs) StdoutLine: {'line': b'[ 80%] Built target human_hand_msgs__py\n'}
[2.633053] (human_hand_msgs) StdoutLine: {'line': b'\x1b[35m\x1b[1mConsolidate compiler generated dependencies of target human_hand_msgs__rosidl_generator_py\x1b[0m\n'}
[2.656938] (human_hand_msgs) StdoutLine: {'line': b'[ 82%] \x1b[32mBuilding C object CMakeFiles/human_hand_msgs__rosidl_generator_py.dir/rosidl_generator_py/human_hand_msgs/msg/_hand_state_s.c.o\x1b[0m\n'}
[2.657164] (human_hand_msgs) StdoutLine: {'line': b'[ 85%] \x1b[32mBuilding C object CMakeFiles/human_hand_msgs__rosidl_generator_py.dir/rosidl_generator_py/human_hand_msgs/msg/_hand_prediction_s.c.o\x1b[0m\n'}
[2.657268] (human_hand_msgs) StdoutLine: {'line': b'[ 85%] \x1b[32mBuilding C object CMakeFiles/human_hand_msgs__rosidl_generator_py.dir/rosidl_generator_py/human_hand_msgs/msg/_system_status_s.c.o\x1b[0m\n'}
[2.658460] (human_hand_msgs) StdoutLine: {'line': b'[ 87%] \x1b[32mBuilding C object CMakeFiles/human_hand_msgs__rosidl_generator_py.dir/rosidl_generator_py/human_hand_msgs/srv/_select_model_s.c.o\x1b[0m\n'}
[2.716393] (-) TimerEvent: {}
[2.774638] (human_hand_msgs) StdoutLine: {'line': b'[ 89%] \x1b[32m\x1b[1mLinking C shared library rosidl_generator_py/human_hand_msgs/libhuman_hand_msgs__rosidl_generator_py.so\x1b[0m\n'}
[2.811399] (human_hand_msgs) StdoutLine: {'line': b'[ 89%] Built target human_hand_msgs__rosidl_generator_py\n'}
[2.816588] (-) TimerEvent: {}
[2.822361] (human_hand_msgs) StdoutLine: {'line': b'\x1b[35m\x1b[1mConsolidate compiler generated dependencies of target human_hand_msgs__rosidl_typesupport_introspection_c__pyext\x1b[0m\n'}
[2.822497] (human_hand_msgs) StdoutLine: {'line': b'\x1b[35m\x1b[1mConsolidate compiler generated dependencies of target human_hand_msgs__rosidl_typesupport_fastrtps_c__pyext\x1b[0m\n'}
[2.822533] (human_hand_msgs) StdoutLine: {'line': b'\x1b[35m\x1b[1mConsolidate compiler generated dependencies of target human_hand_msgs__rosidl_typesupport_c__pyext\x1b[0m\n'}
[2.834975] (human_hand_msgs) StdoutLine: {'line': b'[ 91%] \x1b[32mBuilding C object CMakeFiles/human_hand_msgs__rosidl_typesupport_fastrtps_c__pyext.dir/rosidl_generator_py/human_hand_msgs/_human_hand_msgs_s.ep.rosidl_typesupport_fastrtps_c.c.o\x1b[0m\n'}
[2.835643] (human_hand_msgs) StdoutLine: {'line': b'[ 94%] \x1b[32mBuilding C object CMakeFiles/human_hand_msgs__rosidl_typesupport_introspection_c__pyext.dir/rosidl_generator_py/human_hand_msgs/_human_hand_msgs_s.ep.rosidl_typesupport_introspection_c.c.o\x1b[0m\n'}
[2.835724] (human_hand_msgs) StdoutLine: {'line': b'[ 94%] \x1b[32mBuilding C object CMakeFiles/human_hand_msgs__rosidl_typesupport_c__pyext.dir/rosidl_generator_py/human_hand_msgs/_human_hand_msgs_s.ep.rosidl_typesupport_c.c.o\x1b[0m\n'}
[2.916731] (-) TimerEvent: {}
[2.923619] (human_hand_msgs) StdoutLine: {'line': b'[ 96%] \x1b[32m\x1b[1mLinking C shared library rosidl_generator_py/human_hand_msgs/human_hand_msgs_s__rosidl_typesupport_fastrtps_c.cpython-310-x86_64-linux-gnu.so\x1b[0m\n'}
[2.923789] (human_hand_msgs) StdoutLine: {'line': b'[ 98%] \x1b[32m\x1b[1mLinking C shared library rosidl_generator_py/human_hand_msgs/human_hand_msgs_s__rosidl_typesupport_c.cpython-310-x86_64-linux-gnu.so\x1b[0m\n'}
[2.947329] (human_hand_msgs) StdoutLine: {'line': b'[100%] \x1b[32m\x1b[1mLinking C shared library rosidl_generator_py/human_hand_msgs/human_hand_msgs_s__rosidl_typesupport_introspection_c.cpython-310-x86_64-linux-gnu.so\x1b[0m\n'}
[2.966601] (human_hand_msgs) StdoutLine: {'line': b'[100%] Built target human_hand_msgs__rosidl_typesupport_fastrtps_c__pyext\n'}
[2.968584] (human_hand_msgs) StdoutLine: {'line': b'[100%] Built target human_hand_msgs__rosidl_typesupport_c__pyext\n'}
[2.987286] (human_hand_msgs) StdoutLine: {'line': b'[100%] Built target human_hand_msgs__rosidl_typesupport_introspection_c__pyext\n'}
[2.998754] (human_hand_msgs) CommandEnded: {'returncode': 0}
[2.999768] (human_hand_msgs) JobProgress: {'identifier': 'human_hand_msgs', 'progress': 'install'}
[3.009794] (human_hand_msgs) Command: {'cmd': ['/usr/bin/cmake', '--install', '/home/duy/Experiment/hrc_ws/build/human_hand_msgs'], 'cwd': '/home/duy/Experiment/hrc_ws/build/human_hand_msgs', 'env': OrderedDict([('GJS_DEBUG_TOPICS', 'JS ERROR;JS LOG'), ('LESSOPEN', '| /usr/bin/lesspipe %s'), ('VSCODE_CWD', '/home/duy'), ('USER', 'duy'), ('LC_TIME', 'en_US.UTF-8'), ('VSCODE_NLS_CONFIG', '{"userLocale":"en-us","osLocale":"en-us","resolvedLanguage":"en","defaultMessagesFile":"/usr/share/antigravity/resources/app/out/nls.messages.json","locale":"en-us","availableLanguages":{}}'), ('XDG_SESSION_TYPE', 'wayland'), ('SHLVL', '0'), ('LD_LIBRARY_PATH', '/usr/local/lib/nuitrack:/home/duy/kinectv2/install/libfreenect2/lib:/home/duy/kinectv2/install/kinect2_registration/lib:/usr/lib/x86_64-linux-gnu/gazebo-11/plugins:/opt/ros/humble/opt/rviz_ogre_vendor/lib:/opt/ros/humble/lib/x86_64-linux-gnu:/opt/ros/humble/lib:/usr/local/lib/nuitrack:/usr/local/lib/nuitrack'), ('HOME', '/home/duy'), ('CHROME_DESKTOP', 'antigravity.desktop'), ('OLDPWD', '/home/duy/Experiment/hrc_ws'), ('DESKTOP_SESSION', 'ubuntu'), ('VSCODE_IPC_HOOK', '/run/user/1000/vscode-d3248cd9-1.10-main.sock'), ('GIO_LAUNCHED_DESKTOP_FILE', '/usr/share/applications/antigravity.desktop'), ('ROS_PYTHON_VERSION', '3'), ('GNOME_SHELL_SESSION_MODE', 'ubuntu'), ('GTK_MODULES', 'gail:atk-bridge'), ('PAGER', 'cat'), ('LC_MONETARY', 'en_US.UTF-8'), ('MANAGERPID', '1102'), ('SYSTEMD_EXEC_PID', '1227'), ('IM_CONFIG_CHECK_ENV', '1'), ('DBUS_SESSION_BUS_ADDRESS', 'unix:path=/run/user/1000/bus'), ('ANTIGRAVITY_AGENT', '1'), ('GIO_LAUNCHED_DESKTOP_FILE_PID', '13704'), ('IM_CONFIG_PHASE', '1'), ('WAYLAND_DISPLAY', 'wayland-0'), ('COLCON_PREFIX_PATH', '/home/duy/kinectv2/install'), ('ROS_DISTRO', 'humble'), ('GTK_IM_MODULE', 'ibus'), ('LOGNAME', 'duy'), ('JOURNAL_STREAM', '8:6619'), ('_', '/usr/bin/colcon'), ('ROS_VERSION', '2'), ('XDG_SESSION_CLASS', 'user'), ('USERNAME', 'duy'), ('TERM', 'dumb'), ('GNOME_DESKTOP_SESSION_ID', 'this-is-deprecated'), ('FC_FONTATIONS', '1'), ('ROS_LOCALHOST_ONLY', '0'), ('ANTIGRAVITY_EDITOR_APP_ROOT', '/usr/share/antigravity/resources/app'), ('PATH', '/home/duy/.local/bin:/opt/ros/humble/bin:/home/duy/.local/bin:/usr/local/sbin:/usr/local/bin:/usr/sbin:/usr/bin:/sbin:/bin:/usr/games:/usr/local/games:/snap/bin:/snap/bin:/home/duy/libfreenect2/build/bin'), ('SESSION_MANAGER', 'local/duy-Vivobook-ASUSLaptop-X1503ZA-A1503ZA:@/tmp/.ICE-unix/1197,unix/duy-Vivobook-ASUSLaptop-X1503ZA-A1503ZA:/tmp/.ICE-unix/1197'), ('INVOCATION_ID', 'caa7194b4a5c407f882e618f5dd7ff1e'), ('PAPERSIZE', 'letter'), ('XDG_MENU_PREFIX', 'gnome-'), ('LC_ADDRESS', 'en_US.UTF-8'), ('GNOME_SETUP_DISPLAY', ':1'), ('XDG_RUNTIME_DIR', '/run/user/1000'), ('GDK_BACKEND', 'wayland'), ('DISPLAY', ':0'), ('LANG', 'en_US.UTF-8'), ('XDG_CURRENT_DESKTOP', 'ubuntu:GNOME'), ('LC_TELEPHONE', 'en_US.UTF-8'), ('RMW_IMPLEMENTATION', 'rmw_fastrtps_cpp'), ('XMODIFIERS', '@im=ibus'), ('XDG_SESSION_DESKTOP', 'ubuntu'), ('XAUTHORITY', '/run/user/1000/.mutter-Xwaylandauth.EQ1FO3'), ('LS_COLORS', ''), ('SSH_AGENT_LAUNCHER', 'gnome-keyring'), ('SSH_AUTH_SOCK', '/run/user/1000/keyring/ssh'), ('ROS_DOMAIN_ID', '0'), ('AMENT_PREFIX_PATH', '/home/duy/kinectv2/install/kinect2_bridge:/home/duy/kinectv2/install/kinect2_registration:/opt/ros/humble'), ('NUITRACK_HOME', '/usr/etc/nuitrack'), ('SHELL', '/bin/bash'), ('LC_NAME', 'en_US.UTF-8'), ('QT_ACCESSIBILITY', '1'), ('GDMSESSION', 'ubuntu'), ('LESSCLOSE', '/usr/bin/lesspipe %s %s'), ('LC_MEASUREMENT', 'en_US.UTF-8'), ('GJS_DEBUG_OUTPUT', 'stderr'), ('LC_IDENTIFICATION', 'en_US.UTF-8'), ('QT_IM_MODULE', 'ibus'), ('ANTIGRAVITY_TRAJECTORY_ID', '244b4c34-7a87-42c2-807e-16430302bfb1'), ('PWD', '/home/duy/Experiment/hrc_ws/build/human_hand_msgs'), ('LC_ALL', 'en_US.UTF-8'), ('XDG_CONFIG_DIRS', '/etc/xdg/xdg-ubuntu:/etc/xdg'), ('VSCODE_CODE_CACHE_PATH', '/home/duy/.config/Antigravity/CachedData/15487b3041e65228cae24980a3f796c905ef582c'), ('XDG_DATA_DIRS', '/usr/share/ubuntu:/usr/local/share/:/usr/share/:/var/lib/snapd/desktop'), ('PYTHONPATH', '/opt/ros/humble/lib/python3.10/site-packages:/opt/ros/humble/local/lib/python3.10/dist-packages'), ('LC_NUMERIC', 'en_US.UTF-8'), ('LC_PAPER', 'en_US.UTF-8'), ('COLCON', '1'), ('CMAKE_PREFIX_PATH', '/home/duy/kinectv2/install/libfreenect2:/home/duy/kinectv2/install/kinect2_bridge:/home/duy/kinectv2/install/kinect2_registration'), ('VSCODE_PID', '13704')]), 'shell': False}
[3.016820] (-) TimerEvent: {}
[3.017594] (human_hand_msgs) StdoutLine: {'line': b'-- Install configuration: ""\n'}
[3.017671] (human_hand_msgs) StdoutLine: {'line': b'-- Up-to-date: /home/duy/Experiment/hrc_ws/install/human_hand_msgs/share/ament_index/resource_index/rosidl_interfaces/human_hand_msgs\n'}
[3.017708] (human_hand_msgs) StdoutLine: {'line': b'-- Up-to-date: /home/duy/Experiment/hrc_ws/install/human_hand_msgs/include/human_hand_msgs/human_hand_msgs\n'}
[3.020148] (human_hand_msgs) StdoutLine: {'line': b'-- Up-to-date: /home/duy/Experiment/hrc_ws/install/human_hand_msgs/include/human_hand_msgs/human_hand_msgs/srv\n'}
[3.020185] (human_hand_msgs) StdoutLine: {'line': b'-- Up-to-date: /home/duy/Experiment/hrc_ws/install/human_hand_msgs/include/human_hand_msgs/human_hand_msgs/srv/detail\n'}
[3.020217] (human_hand_msgs) StdoutLine: {'line': b'-- Up-to-date: /home/duy/Experiment/hrc_ws/install/human_hand_msgs/include/human_hand_msgs/human_hand_msgs/srv/detail/select_model__type_support.h\n'}
[3.020246] (human_hand_msgs) StdoutLine: {'line': b'-- Up-to-date: /home/duy/Experiment/hrc_ws/install/human_hand_msgs/include/human_hand_msgs/human_hand_msgs/srv/detail/select_model__struct.h\n'}
[3.020774] (human_hand_msgs) StdoutLine: {'line': b'-- Up-to-date: /home/duy/Experiment/hrc_ws/install/human_hand_msgs/include/human_hand_msgs/human_hand_msgs/srv/detail/select_model__functions.c\n'}
[3.020855] (human_hand_msgs) StdoutLine: {'line': b'-- Up-to-date: /home/duy/Experiment/hrc_ws/install/human_hand_msgs/include/human_hand_msgs/human_hand_msgs/srv/detail/select_model__functions.h\n'}
[3.020886] (human_hand_msgs) StdoutLine: {'line': b'-- Up-to-date: /home/duy/Experiment/hrc_ws/install/human_hand_msgs/include/human_hand_msgs/human_hand_msgs/srv/select_model.h\n'}
[3.020915] (human_hand_msgs) StdoutLine: {'line': b'-- Up-to-date: /home/duy/Experiment/hrc_ws/install/human_hand_msgs/include/human_hand_msgs/human_hand_msgs/msg\n'}
[3.020944] (human_hand_msgs) StdoutLine: {'line': b'-- Up-to-date: /home/duy/Experiment/hrc_ws/install/human_hand_msgs/include/human_hand_msgs/human_hand_msgs/msg/rosidl_generator_c__visibility_control.h\n'}
[3.020974] (human_hand_msgs) StdoutLine: {'line': b'-- Up-to-date: /home/duy/Experiment/hrc_ws/install/human_hand_msgs/include/human_hand_msgs/human_hand_msgs/msg/hand_prediction.h\n'}
[3.021003] (human_hand_msgs) StdoutLine: {'line': b'-- Up-to-date: /home/duy/Experiment/hrc_ws/install/human_hand_msgs/include/human_hand_msgs/human_hand_msgs/msg/hand_state.h\n'}
[3.021033] (human_hand_msgs) StdoutLine: {'line': b'-- Up-to-date: /home/duy/Experiment/hrc_ws/install/human_hand_msgs/include/human_hand_msgs/human_hand_msgs/msg/detail\n'}
[3.021062] (human_hand_msgs) StdoutLine: {'line': b'-- Up-to-date: /home/duy/Experiment/hrc_ws/install/human_hand_msgs/include/human_hand_msgs/human_hand_msgs/msg/detail/system_status__type_support.h\n'}
[3.021599] (human_hand_msgs) StdoutLine: {'line': b'-- Up-to-date: /home/duy/Experiment/hrc_ws/install/human_hand_msgs/include/human_hand_msgs/human_hand_msgs/msg/detail/system_status__functions.c\n'}
[3.021856] (human_hand_msgs) StdoutLine: {'line': b'-- Up-to-date: /home/duy/Experiment/hrc_ws/install/human_hand_msgs/include/human_hand_msgs/human_hand_msgs/msg/detail/hand_prediction__struct.h\n'}
[3.021975] (human_hand_msgs) StdoutLine: {'line': b'-- Up-to-date: /home/duy/Experiment/hrc_ws/install/human_hand_msgs/include/human_hand_msgs/human_hand_msgs/msg/detail/system_status__struct.h\n'}
[3.022097] (human_hand_msgs) StdoutLine: {'line': b'-- Up-to-date: /home/duy/Experiment/hrc_ws/install/human_hand_msgs/include/human_hand_msgs/human_hand_msgs/msg/detail/hand_state__type_support.h\n'}
[3.022203] (human_hand_msgs) StdoutLine: {'line': b'-- Up-to-date: /home/duy/Experiment/hrc_ws/install/human_hand_msgs/include/human_hand_msgs/human_hand_msgs/msg/detail/hand_prediction__functions.h\n'}
[3.022285] (human_hand_msgs) StdoutLine: {'line': b'-- Up-to-date: /home/duy/Experiment/hrc_ws/install/human_hand_msgs/include/human_hand_msgs/human_hand_msgs/msg/detail/hand_state__functions.c\n'}
[3.022367] (human_hand_msgs) StdoutLine: {'line': b'-- Up-to-date: /home/duy/Experiment/hrc_ws/install/human_hand_msgs/include/human_hand_msgs/human_hand_msgs/msg/detail/hand_prediction__functions.c\n'}
[3.022442] (human_hand_msgs) StdoutLine: {'line': b'-- Up-to-date: /home/duy/Experiment/hrc_ws/install/human_hand_msgs/include/human_hand_msgs/human_hand_msgs/msg/detail/hand_state__functions.h\n'}
[3.022514] (human_hand_msgs) StdoutLine: {'line': b'-- Up-to-date: /home/duy/Experiment/hrc_ws/install/human_hand_msgs/include/human_hand_msgs/human_hand_msgs/msg/detail/system_status__functions.h\n'}
[3.022586] (human_hand_msgs) StdoutLine: {'line': b'-- Up-to-date: /home/duy/Experiment/hrc_ws/install/human_hand_msgs/include/human_hand_msgs/human_hand_msgs/msg/detail/hand_prediction__type_support.h\n'}
[3.022658] (human_hand_msgs) StdoutLine: {'line': b'-- Up-to-date: /home/duy/Experiment/hrc_ws/install/human_hand_msgs/include/human_hand_msgs/human_hand_msgs/msg/detail/hand_state__struct.h\n'}
[3.022748] (human_hand_msgs) StdoutLine: {'line': b'-- Up-to-date: /home/duy/Experiment/hrc_ws/install/human_hand_msgs/include/human_hand_msgs/human_hand_msgs/msg/system_status.h\n'}
[3.022821] (human_hand_msgs) StdoutLine: {'line': b'-- Installing: /home/duy/Experiment/hrc_ws/install/human_hand_msgs/share/human_hand_msgs/environment/library_path.sh\n'}
[3.022896] (human_hand_msgs) StdoutLine: {'line': b'-- Installing: /home/duy/Experiment/hrc_ws/install/human_hand_msgs/share/human_hand_msgs/environment/library_path.dsv\n'}
[3.022972] (human_hand_msgs) StdoutLine: {'line': b'-- Installing: /home/duy/Experiment/hrc_ws/install/human_hand_msgs/lib/libhuman_hand_msgs__rosidl_generator_c.so\n'}
[3.023074] (human_hand_msgs) StdoutLine: {'line': b'-- Set runtime path of "/home/duy/Experiment/hrc_ws/install/human_hand_msgs/lib/libhuman_hand_msgs__rosidl_generator_c.so" to ""\n'}
[3.023229] (human_hand_msgs) StdoutLine: {'line': b'-- Up-to-date: /home/duy/Experiment/hrc_ws/install/human_hand_msgs/include/human_hand_msgs/human_hand_msgs\n'}
[3.023270] (human_hand_msgs) StdoutLine: {'line': b'-- Up-to-date: /home/duy/Experiment/hrc_ws/install/human_hand_msgs/include/human_hand_msgs/human_hand_msgs/srv\n'}
[3.023300] (human_hand_msgs) StdoutLine: {'line': b'-- Up-to-date: /home/duy/Experiment/hrc_ws/install/human_hand_msgs/include/human_hand_msgs/human_hand_msgs/srv/detail\n'}
[3.023331] (human_hand_msgs) StdoutLine: {'line': b'-- Up-to-date: /home/duy/Experiment/hrc_ws/install/human_hand_msgs/include/human_hand_msgs/human_hand_msgs/srv/detail/select_model__rosidl_typesupport_fastrtps_c.h\n'}
[3.023361] (human_hand_msgs) StdoutLine: {'line': b'-- Up-to-date: /home/duy/Experiment/hrc_ws/install/human_hand_msgs/include/human_hand_msgs/human_hand_msgs/msg\n'}
[3.023390] (human_hand_msgs) StdoutLine: {'line': b'-- Up-to-date: /home/duy/Experiment/hrc_ws/install/human_hand_msgs/include/human_hand_msgs/human_hand_msgs/msg/rosidl_typesupport_fastrtps_c__visibility_control.h\n'}
[3.023422] (human_hand_msgs) StdoutLine: {'line': b'-- Up-to-date: /home/duy/Experiment/hrc_ws/install/human_hand_msgs/include/human_hand_msgs/human_hand_msgs/msg/detail\n'}
[3.023450] (human_hand_msgs) StdoutLine: {'line': b'-- Up-to-date: /home/duy/Experiment/hrc_ws/install/human_hand_msgs/include/human_hand_msgs/human_hand_msgs/msg/detail/hand_prediction__rosidl_typesupport_fastrtps_c.h\n'}
[3.023479] (human_hand_msgs) StdoutLine: {'line': b'-- Up-to-date: /home/duy/Experiment/hrc_ws/install/human_hand_msgs/include/human_hand_msgs/human_hand_msgs/msg/detail/system_status__rosidl_typesupport_fastrtps_c.h\n'}
[3.023508] (human_hand_msgs) StdoutLine: {'line': b'-- Up-to-date: /home/duy/Experiment/hrc_ws/install/human_hand_msgs/include/human_hand_msgs/human_hand_msgs/msg/detail/hand_state__rosidl_typesupport_fastrtps_c.h\n'}
[3.023990] (human_hand_msgs) StdoutLine: {'line': b'-- Installing: /home/duy/Experiment/hrc_ws/install/human_hand_msgs/lib/libhuman_hand_msgs__rosidl_typesupport_fastrtps_c.so\n'}
[3.024138] (human_hand_msgs) StdoutLine: {'line': b'-- Set runtime path of "/home/duy/Experiment/hrc_ws/install/human_hand_msgs/lib/libhuman_hand_msgs__rosidl_typesupport_fastrtps_c.so" to ""\n'}
[3.024313] (human_hand_msgs) StdoutLine: {'line': b'-- Up-to-date: /home/duy/Experiment/hrc_ws/install/human_hand_msgs/include/human_hand_msgs/human_hand_msgs\n'}
[3.024512] (human_hand_msgs) StdoutLine: {'line': b'-- Up-to-date: /home/duy/Experiment/hrc_ws/install/human_hand_msgs/include/human_hand_msgs/human_hand_msgs/srv\n'}
[3.024591] (human_hand_msgs) StdoutLine: {'line': b'-- Up-to-date: /home/duy/Experiment/hrc_ws/install/human_hand_msgs/include/human_hand_msgs/human_hand_msgs/srv/detail\n'}
[3.024666] (human_hand_msgs) StdoutLine: {'line': b'-- Up-to-date: /home/duy/Experiment/hrc_ws/install/human_hand_msgs/include/human_hand_msgs/human_hand_msgs/srv/detail/select_model__type_support.c\n'}
[3.024747] (human_hand_msgs) StdoutLine: {'line': b'-- Up-to-date: /home/duy/Experiment/hrc_ws/install/human_hand_msgs/include/human_hand_msgs/human_hand_msgs/srv/detail/select_model__rosidl_typesupport_introspection_c.h\n'}
[3.024837] (human_hand_msgs) StdoutLine: {'line': b'-- Up-to-date: /home/duy/Experiment/hrc_ws/install/human_hand_msgs/include/human_hand_msgs/human_hand_msgs/msg\n'}
[3.024937] (human_hand_msgs) StdoutLine: {'line': b'-- Up-to-date: /home/duy/Experiment/hrc_ws/install/human_hand_msgs/include/human_hand_msgs/human_hand_msgs/msg/detail\n'}
[3.025080] (human_hand_msgs) StdoutLine: {'line': b'-- Up-to-date: /home/duy/Experiment/hrc_ws/install/human_hand_msgs/include/human_hand_msgs/human_hand_msgs/msg/detail/hand_state__type_support.c\n'}
[3.025190] (human_hand_msgs) StdoutLine: {'line': b'-- Up-to-date: /home/duy/Experiment/hrc_ws/install/human_hand_msgs/include/human_hand_msgs/human_hand_msgs/msg/detail/system_status__type_support.c\n'}
[3.025276] (human_hand_msgs) StdoutLine: {'line': b'-- Up-to-date: /home/duy/Experiment/hrc_ws/install/human_hand_msgs/include/human_hand_msgs/human_hand_msgs/msg/detail/hand_prediction__rosidl_typesupport_introspection_c.h\n'}
[3.025363] (human_hand_msgs) StdoutLine: {'line': b'-- Up-to-date: /home/duy/Experiment/hrc_ws/install/human_hand_msgs/include/human_hand_msgs/human_hand_msgs/msg/detail/hand_prediction__type_support.c\n'}
[3.025467] (human_hand_msgs) StdoutLine: {'line': b'-- Up-to-date: /home/duy/Experiment/hrc_ws/install/human_hand_msgs/include/human_hand_msgs/human_hand_msgs/msg/detail/hand_state__rosidl_typesupport_introspection_c.h\n'}
[3.025540] (human_hand_msgs) StdoutLine: {'line': b'-- Up-to-date: /home/duy/Experiment/hrc_ws/install/human_hand_msgs/include/human_hand_msgs/human_hand_msgs/msg/detail/system_status__rosidl_typesupport_introspection_c.h\n'}
[3.025576] (human_hand_msgs) StdoutLine: {'line': b'-- Up-to-date: /home/duy/Experiment/hrc_ws/install/human_hand_msgs/include/human_hand_msgs/human_hand_msgs/msg/rosidl_typesupport_introspection_c__visibility_control.h\n'}
[3.025607] (human_hand_msgs) StdoutLine: {'line': b'-- Installing: /home/duy/Experiment/hrc_ws/install/human_hand_msgs/lib/libhuman_hand_msgs__rosidl_typesupport_introspection_c.so\n'}
[3.025637] (human_hand_msgs) StdoutLine: {'line': b'-- Set runtime path of "/home/duy/Experiment/hrc_ws/install/human_hand_msgs/lib/libhuman_hand_msgs__rosidl_typesupport_introspection_c.so" to ""\n'}
[3.025864] (human_hand_msgs) StdoutLine: {'line': b'-- Installing: /home/duy/Experiment/hrc_ws/install/human_hand_msgs/lib/libhuman_hand_msgs__rosidl_typesupport_c.so\n'}
[3.026155] (human_hand_msgs) StdoutLine: {'line': b'-- Set runtime path of "/home/duy/Experiment/hrc_ws/install/human_hand_msgs/lib/libhuman_hand_msgs__rosidl_typesupport_c.so" to ""\n'}
[3.026235] (human_hand_msgs) StdoutLine: {'line': b'-- Up-to-date: /home/duy/Experiment/hrc_ws/install/human_hand_msgs/include/human_hand_msgs/human_hand_msgs\n'}
[3.026295] (human_hand_msgs) StdoutLine: {'line': b'-- Up-to-date: /home/duy/Experiment/hrc_ws/install/human_hand_msgs/include/human_hand_msgs/human_hand_msgs/srv\n'}
[3.026337] (human_hand_msgs) StdoutLine: {'line': b'-- Up-to-date: /home/duy/Experiment/hrc_ws/install/human_hand_msgs/include/human_hand_msgs/human_hand_msgs/srv/select_model.hpp\n'}
[3.026384] (human_hand_msgs) StdoutLine: {'line': b'-- Up-to-date: /home/duy/Experiment/hrc_ws/install/human_hand_msgs/include/human_hand_msgs/human_hand_msgs/srv/detail\n'}
[3.026433] (human_hand_msgs) StdoutLine: {'line': b'-- Up-to-date: /home/duy/Experiment/hrc_ws/install/human_hand_msgs/include/human_hand_msgs/human_hand_msgs/srv/detail/select_model__builder.hpp\n'}
[3.026466] (human_hand_msgs) StdoutLine: {'line': b'-- Up-to-date: /home/duy/Experiment/hrc_ws/install/human_hand_msgs/include/human_hand_msgs/human_hand_msgs/srv/detail/select_model__traits.hpp\n'}
[3.026509] (human_hand_msgs) StdoutLine: {'line': b'-- Up-to-date: /home/duy/Experiment/hrc_ws/install/human_hand_msgs/include/human_hand_msgs/human_hand_msgs/srv/detail/select_model__type_support.hpp\n'}
[3.026966] (human_hand_msgs) StdoutLine: {'line': b'-- Up-to-date: /home/duy/Experiment/hrc_ws/install/human_hand_msgs/include/human_hand_msgs/human_hand_msgs/srv/detail/select_model__struct.hpp\n'}
[3.027017] (human_hand_msgs) StdoutLine: {'line': b'-- Up-to-date: /home/duy/Experiment/hrc_ws/install/human_hand_msgs/include/human_hand_msgs/human_hand_msgs/msg\n'}
[3.027094] (human_hand_msgs) StdoutLine: {'line': b'-- Up-to-date: /home/duy/Experiment/hrc_ws/install/human_hand_msgs/include/human_hand_msgs/human_hand_msgs/msg/rosidl_generator_cpp__visibility_control.hpp\n'}
[3.027161] (human_hand_msgs) StdoutLine: {'line': b'-- Up-to-date: /home/duy/Experiment/hrc_ws/install/human_hand_msgs/include/human_hand_msgs/human_hand_msgs/msg/hand_prediction.hpp\n'}
[3.027210] (human_hand_msgs) StdoutLine: {'line': b'-- Up-to-date: /home/duy/Experiment/hrc_ws/install/human_hand_msgs/include/human_hand_msgs/human_hand_msgs/msg/detail\n'}
[3.027256] (human_hand_msgs) StdoutLine: {'line': b'-- Up-to-date: /home/duy/Experiment/hrc_ws/install/human_hand_msgs/include/human_hand_msgs/human_hand_msgs/msg/detail/system_status__traits.hpp\n'}
[3.027327] (human_hand_msgs) StdoutLine: {'line': b'-- Up-to-date: /home/duy/Experiment/hrc_ws/install/human_hand_msgs/include/human_hand_msgs/human_hand_msgs/msg/detail/system_status__builder.hpp\n'}
[3.027984] (human_hand_msgs) StdoutLine: {'line': b'-- Up-to-date: /home/duy/Experiment/hrc_ws/install/human_hand_msgs/include/human_hand_msgs/human_hand_msgs/msg/detail/hand_state__type_support.hpp\n'}
[3.028099] (human_hand_msgs) StdoutLine: {'line': b'-- Up-to-date: /home/duy/Experiment/hrc_ws/install/human_hand_msgs/include/human_hand_msgs/human_hand_msgs/msg/detail/hand_prediction__struct.hpp\n'}
[3.028177] (human_hand_msgs) StdoutLine: {'line': b'-- Up-to-date: /home/duy/Experiment/hrc_ws/install/human_hand_msgs/include/human_hand_msgs/human_hand_msgs/msg/detail/hand_state__struct.hpp\n'}
[3.028235] (human_hand_msgs) StdoutLine: {'line': b'-- Up-to-date: /home/duy/Experiment/hrc_ws/install/human_hand_msgs/include/human_hand_msgs/human_hand_msgs/msg/detail/hand_state__builder.hpp\n'}
[3.028285] (human_hand_msgs) StdoutLine: {'line': b'-- Up-to-date: /home/duy/Experiment/hrc_ws/install/human_hand_msgs/include/human_hand_msgs/human_hand_msgs/msg/detail/hand_prediction__traits.hpp\n'}
[3.028335] (human_hand_msgs) StdoutLine: {'line': b'-- Up-to-date: /home/duy/Experiment/hrc_ws/install/human_hand_msgs/include/human_hand_msgs/human_hand_msgs/msg/detail/system_status__type_support.hpp\n'}
[3.028406] (human_hand_msgs) StdoutLine: {'line': b'-- Up-to-date: /home/duy/Experiment/hrc_ws/install/human_hand_msgs/include/human_hand_msgs/human_hand_msgs/msg/detail/hand_prediction__type_support.hpp\n'}
[3.028492] (human_hand_msgs) StdoutLine: {'line': b'-- Up-to-date: /home/duy/Experiment/hrc_ws/install/human_hand_msgs/include/human_hand_msgs/human_hand_msgs/msg/detail/hand_prediction__builder.hpp\n'}
[3.028541] (human_hand_msgs) StdoutLine: {'line': b'-- Up-to-date: /home/duy/Experiment/hrc_ws/install/human_hand_msgs/include/human_hand_msgs/human_hand_msgs/msg/detail/system_status__struct.hpp\n'}
[3.028589] (human_hand_msgs) StdoutLine: {'line': b'-- Up-to-date: /home/duy/Experiment/hrc_ws/install/human_hand_msgs/include/human_hand_msgs/human_hand_msgs/msg/detail/hand_state__traits.hpp\n'}
[3.028635] (human_hand_msgs) StdoutLine: {'line': b'-- Up-to-date: /home/duy/Experiment/hrc_ws/install/human_hand_msgs/include/human_hand_msgs/human_hand_msgs/msg/system_status.hpp\n'}
[3.028682] (human_hand_msgs) StdoutLine: {'line': b'-- Up-to-date: /home/duy/Experiment/hrc_ws/install/human_hand_msgs/include/human_hand_msgs/human_hand_msgs/msg/hand_state.hpp\n'}
[3.028731] (human_hand_msgs) StdoutLine: {'line': b'-- Up-to-date: /home/duy/Experiment/hrc_ws/install/human_hand_msgs/include/human_hand_msgs/human_hand_msgs\n'}
[3.028779] (human_hand_msgs) StdoutLine: {'line': b'-- Up-to-date: /home/duy/Experiment/hrc_ws/install/human_hand_msgs/include/human_hand_msgs/human_hand_msgs/srv\n'}
[3.028827] (human_hand_msgs) StdoutLine: {'line': b'-- Up-to-date: /home/duy/Experiment/hrc_ws/install/human_hand_msgs/include/human_hand_msgs/human_hand_msgs/srv/detail\n'}
[3.028878] (human_hand_msgs) StdoutLine: {'line': b'-- Up-to-date: /home/duy/Experiment/hrc_ws/install/human_hand_msgs/include/human_hand_msgs/human_hand_msgs/srv/detail/dds_fastrtps\n'}
[3.028928] (human_hand_msgs) StdoutLine: {'line': b'-- Up-to-date: /home/duy/Experiment/hrc_ws/install/human_hand_msgs/include/human_hand_msgs/human_hand_msgs/srv/detail/select_model__rosidl_typesupport_fastrtps_cpp.hpp\n'}
[3.028977] (human_hand_msgs) StdoutLine: {'line': b'-- Up-to-date: /home/duy/Experiment/hrc_ws/install/human_hand_msgs/include/human_hand_msgs/human_hand_msgs/msg\n'}
[3.029026] (human_hand_msgs) StdoutLine: {'line': b'-- Up-to-date: /home/duy/Experiment/hrc_ws/install/human_hand_msgs/include/human_hand_msgs/human_hand_msgs/msg/detail\n'}
[3.029074] (human_hand_msgs) StdoutLine: {'line': b'-- Up-to-date: /home/duy/Experiment/hrc_ws/install/human_hand_msgs/include/human_hand_msgs/human_hand_msgs/msg/detail/hand_prediction__rosidl_typesupport_fastrtps_cpp.hpp\n'}
[3.029145] (human_hand_msgs) StdoutLine: {'line': b'-- Up-to-date: /home/duy/Experiment/hrc_ws/install/human_hand_msgs/include/human_hand_msgs/human_hand_msgs/msg/detail/dds_fastrtps\n'}
[3.029192] (human_hand_msgs) StdoutLine: {'line': b'-- Up-to-date: /home/duy/Experiment/hrc_ws/install/human_hand_msgs/include/human_hand_msgs/human_hand_msgs/msg/detail/hand_state__rosidl_typesupport_fastrtps_cpp.hpp\n'}
[3.029247] (human_hand_msgs) StdoutLine: {'line': b'-- Up-to-date: /home/duy/Experiment/hrc_ws/install/human_hand_msgs/include/human_hand_msgs/human_hand_msgs/msg/detail/system_status__rosidl_typesupport_fastrtps_cpp.hpp\n'}
[3.029293] (human_hand_msgs) StdoutLine: {'line': b'-- Up-to-date: /home/duy/Experiment/hrc_ws/install/human_hand_msgs/include/human_hand_msgs/human_hand_msgs/msg/rosidl_typesupport_fastrtps_cpp__visibility_control.h\n'}
[3.029691] (human_hand_msgs) StdoutLine: {'line': b'-- Installing: /home/duy/Experiment/hrc_ws/install/human_hand_msgs/lib/libhuman_hand_msgs__rosidl_typesupport_fastrtps_cpp.so\n'}
[3.030148] (human_hand_msgs) StdoutLine: {'line': b'-- Set runtime path of "/home/duy/Experiment/hrc_ws/install/human_hand_msgs/lib/libhuman_hand_msgs__rosidl_typesupport_fastrtps_cpp.so" to ""\n'}
[3.030218] (human_hand_msgs) StdoutLine: {'line': b'-- Up-to-date: /home/duy/Experiment/hrc_ws/install/human_hand_msgs/include/human_hand_msgs/human_hand_msgs\n'}
[3.030271] (human_hand_msgs) StdoutLine: {'line': b'-- Up-to-date: /home/duy/Experiment/hrc_ws/install/human_hand_msgs/include/human_hand_msgs/human_hand_msgs/srv\n'}
[3.030337] (human_hand_msgs) StdoutLine: {'line': b'-- Up-to-date: /home/duy/Experiment/hrc_ws/install/human_hand_msgs/include/human_hand_msgs/human_hand_msgs/srv/detail\n'}
[3.030387] (human_hand_msgs) StdoutLine: {'line': b'-- Up-to-date: /home/duy/Experiment/hrc_ws/install/human_hand_msgs/include/human_hand_msgs/human_hand_msgs/srv/detail/select_model__type_support.cpp\n'}
[3.030437] (human_hand_msgs) StdoutLine: {'line': b'-- Up-to-date: /home/duy/Experiment/hrc_ws/install/human_hand_msgs/include/human_hand_msgs/human_hand_msgs/srv/detail/select_model__rosidl_typesupport_introspection_cpp.hpp\n'}
[3.030515] (human_hand_msgs) StdoutLine: {'line': b'-- Up-to-date: /home/duy/Experiment/hrc_ws/install/human_hand_msgs/include/human_hand_msgs/human_hand_msgs/msg\n'}
[3.030565] (human_hand_msgs) StdoutLine: {'line': b'-- Up-to-date: /home/duy/Experiment/hrc_ws/install/human_hand_msgs/include/human_hand_msgs/human_hand_msgs/msg/detail\n'}
[3.030612] (human_hand_msgs) StdoutLine: {'line': b'-- Up-to-date: /home/duy/Experiment/hrc_ws/install/human_hand_msgs/include/human_hand_msgs/human_hand_msgs/msg/detail/system_status__rosidl_typesupport_introspection_cpp.hpp\n'}
[3.030658] (human_hand_msgs) StdoutLine: {'line': b'-- Up-to-date: /home/duy/Experiment/hrc_ws/install/human_hand_msgs/include/human_hand_msgs/human_hand_msgs/msg/detail/system_status__type_support.cpp\n'}
[3.030704] (human_hand_msgs) StdoutLine: {'line': b'-- Up-to-date: /home/duy/Experiment/hrc_ws/install/human_hand_msgs/include/human_hand_msgs/human_hand_msgs/msg/detail/hand_prediction__rosidl_typesupport_introspection_cpp.hpp\n'}
[3.030752] (human_hand_msgs) StdoutLine: {'line': b'-- Up-to-date: /home/duy/Experiment/hrc_ws/install/human_hand_msgs/include/human_hand_msgs/human_hand_msgs/msg/detail/hand_prediction__type_support.cpp\n'}
[3.031491] (human_hand_msgs) StdoutLine: {'line': b'-- Up-to-date: /home/duy/Experiment/hrc_ws/install/human_hand_msgs/include/human_hand_msgs/human_hand_msgs/msg/detail/hand_state__type_support.cpp\n'}
[3.031558] (human_hand_msgs) StdoutLine: {'line': b'-- Up-to-date: /home/duy/Experiment/hrc_ws/install/human_hand_msgs/include/human_hand_msgs/human_hand_msgs/msg/detail/hand_state__rosidl_typesupport_introspection_cpp.hpp\n'}
[3.032274] (human_hand_msgs) StdoutLine: {'line': b'-- Installing: /home/duy/Experiment/hrc_ws/install/human_hand_msgs/lib/libhuman_hand_msgs__rosidl_typesupport_introspection_cpp.so\n'}
[3.032767] (human_hand_msgs) StdoutLine: {'line': b'-- Set runtime path of "/home/duy/Experiment/hrc_ws/install/human_hand_msgs/lib/libhuman_hand_msgs__rosidl_typesupport_introspection_cpp.so" to ""\n'}
[3.033376] (human_hand_msgs) StdoutLine: {'line': b'-- Installing: /home/duy/Experiment/hrc_ws/install/human_hand_msgs/lib/libhuman_hand_msgs__rosidl_typesupport_cpp.so\n'}
[3.033855] (human_hand_msgs) StdoutLine: {'line': b'-- Set runtime path of "/home/duy/Experiment/hrc_ws/install/human_hand_msgs/lib/libhuman_hand_msgs__rosidl_typesupport_cpp.so" to ""\n'}
[3.033990] (human_hand_msgs) StdoutLine: {'line': b'-- Up-to-date: /home/duy/Experiment/hrc_ws/install/human_hand_msgs/share/human_hand_msgs/environment/pythonpath.sh\n'}
[3.034098] (human_hand_msgs) StdoutLine: {'line': b'-- Installing: /home/duy/Experiment/hrc_ws/install/human_hand_msgs/share/human_hand_msgs/environment/pythonpath.dsv\n'}
[3.034201] (human_hand_msgs) StdoutLine: {'line': b'-- Up-to-date: /home/duy/Experiment/hrc_ws/install/human_hand_msgs/local/lib/python3.10/dist-packages/human_hand_msgs-0.1.0-py3.10.egg-info\n'}
[3.034282] (human_hand_msgs) StdoutLine: {'line': b'-- Installing: /home/duy/Experiment/hrc_ws/install/human_hand_msgs/local/lib/python3.10/dist-packages/human_hand_msgs-0.1.0-py3.10.egg-info/top_level.txt\n'}
[3.034373] (human_hand_msgs) StdoutLine: {'line': b'-- Installing: /home/duy/Experiment/hrc_ws/install/human_hand_msgs/local/lib/python3.10/dist-packages/human_hand_msgs-0.1.0-py3.10.egg-info/PKG-INFO\n'}
[3.034474] (human_hand_msgs) StdoutLine: {'line': b'-- Installing: /home/duy/Experiment/hrc_ws/install/human_hand_msgs/local/lib/python3.10/dist-packages/human_hand_msgs-0.1.0-py3.10.egg-info/dependency_links.txt\n'}
[3.034561] (human_hand_msgs) StdoutLine: {'line': b'-- Installing: /home/duy/Experiment/hrc_ws/install/human_hand_msgs/local/lib/python3.10/dist-packages/human_hand_msgs-0.1.0-py3.10.egg-info/SOURCES.txt\n'}
[3.034664] (human_hand_msgs) StdoutLine: {'line': b'-- Up-to-date: /home/duy/Experiment/hrc_ws/install/human_hand_msgs/local/lib/python3.10/dist-packages/human_hand_msgs\n'}
[3.034756] (human_hand_msgs) StdoutLine: {'line': b'-- Installing: /home/duy/Experiment/hrc_ws/install/human_hand_msgs/local/lib/python3.10/dist-packages/human_hand_msgs/human_hand_msgs_s__rosidl_typesupport_fastrtps_c.cpython-310-x86_64-linux-gnu.so\n'}
[3.034898] (human_hand_msgs) StdoutLine: {'line': b'-- Up-to-date: /home/duy/Experiment/hrc_ws/install/human_hand_msgs/local/lib/python3.10/dist-packages/human_hand_msgs/srv\n'}
[3.034992] (human_hand_msgs) StdoutLine: {'line': b'-- Up-to-date: /home/duy/Experiment/hrc_ws/install/human_hand_msgs/local/lib/python3.10/dist-packages/human_hand_msgs/srv/__init__.py\n'}
[3.035097] (human_hand_msgs) StdoutLine: {'line': b'-- Up-to-date: /home/duy/Experiment/hrc_ws/install/human_hand_msgs/local/lib/python3.10/dist-packages/human_hand_msgs/srv/_select_model.py\n'}
[3.035259] (human_hand_msgs) StdoutLine: {'line': b'-- Up-to-date: /home/duy/Experiment/hrc_ws/install/human_hand_msgs/local/lib/python3.10/dist-packages/human_hand_msgs/srv/_select_model_s.c\n'}
[3.035354] (human_hand_msgs) StdoutLine: {'line': b'-- Up-to-date: /home/duy/Experiment/hrc_ws/install/human_hand_msgs/local/lib/python3.10/dist-packages/human_hand_msgs/_human_hand_msgs_s.ep.rosidl_typesupport_c.c\n'}
[3.035430] (human_hand_msgs) StdoutLine: {'line': b'-- Up-to-date: /home/duy/Experiment/hrc_ws/install/human_hand_msgs/local/lib/python3.10/dist-packages/human_hand_msgs/_human_hand_msgs_s.ep.rosidl_typesupport_introspection_c.c\n'}
[3.035505] (human_hand_msgs) StdoutLine: {'line': b'-- Up-to-date: /home/duy/Experiment/hrc_ws/install/human_hand_msgs/local/lib/python3.10/dist-packages/human_hand_msgs/msg\n'}
[3.035591] (human_hand_msgs) StdoutLine: {'line': b'-- Up-to-date: /home/duy/Experiment/hrc_ws/install/human_hand_msgs/local/lib/python3.10/dist-packages/human_hand_msgs/msg/_hand_state.py\n'}
[3.035667] (human_hand_msgs) StdoutLine: {'line': b'-- Up-to-date: /home/duy/Experiment/hrc_ws/install/human_hand_msgs/local/lib/python3.10/dist-packages/human_hand_msgs/msg/_hand_prediction_s.c\n'}
[3.035742] (human_hand_msgs) StdoutLine: {'line': b'-- Up-to-date: /home/duy/Experiment/hrc_ws/install/human_hand_msgs/local/lib/python3.10/dist-packages/human_hand_msgs/msg/__init__.py\n'}
[3.035817] (human_hand_msgs) StdoutLine: {'line': b'-- Up-to-date: /home/duy/Experiment/hrc_ws/install/human_hand_msgs/local/lib/python3.10/dist-packages/human_hand_msgs/msg/_hand_state_s.c\n'}
[3.035892] (human_hand_msgs) StdoutLine: {'line': b'-- Up-to-date: /home/duy/Experiment/hrc_ws/install/human_hand_msgs/local/lib/python3.10/dist-packages/human_hand_msgs/msg/_hand_prediction.py\n'}
[3.035968] (human_hand_msgs) StdoutLine: {'line': b'-- Up-to-date: /home/duy/Experiment/hrc_ws/install/human_hand_msgs/local/lib/python3.10/dist-packages/human_hand_msgs/msg/_system_status_s.c\n'}
[3.036043] (human_hand_msgs) StdoutLine: {'line': b'-- Up-to-date: /home/duy/Experiment/hrc_ws/install/human_hand_msgs/local/lib/python3.10/dist-packages/human_hand_msgs/msg/_system_status.py\n'}
[3.036151] (human_hand_msgs) StdoutLine: {'line': b'-- Installing: /home/duy/Experiment/hrc_ws/install/human_hand_msgs/local/lib/python3.10/dist-packages/human_hand_msgs/libhuman_hand_msgs__rosidl_generator_py.so\n'}
[3.036227] (human_hand_msgs) StdoutLine: {'line': b'-- Installing: /home/duy/Experiment/hrc_ws/install/human_hand_msgs/local/lib/python3.10/dist-packages/human_hand_msgs/__init__.py\n'}
[3.036298] (human_hand_msgs) StdoutLine: {'line': b'-- Installing: /home/duy/Experiment/hrc_ws/install/human_hand_msgs/local/lib/python3.10/dist-packages/human_hand_msgs/human_hand_msgs_s__rosidl_typesupport_introspection_c.cpython-310-x86_64-linux-gnu.so\n'}
[3.036377] (human_hand_msgs) StdoutLine: {'line': b'-- Installing: /home/duy/Experiment/hrc_ws/install/human_hand_msgs/local/lib/python3.10/dist-packages/human_hand_msgs/human_hand_msgs_s__rosidl_typesupport_c.cpython-310-x86_64-linux-gnu.so\n'}
[3.036451] (human_hand_msgs) StdoutLine: {'line': b'-- Up-to-date: /home/duy/Experiment/hrc_ws/install/human_hand_msgs/local/lib/python3.10/dist-packages/human_hand_msgs/_human_hand_msgs_s.ep.rosidl_typesupport_fastrtps_c.c\n'}
[3.066247] (human_hand_msgs) StdoutLine: {'line': b"Listing '/home/duy/Experiment/hrc_ws/install/human_hand_msgs/local/lib/python3.10/dist-packages/human_hand_msgs'...\n"}
[3.066445] (human_hand_msgs) StdoutLine: {'line': b"Compiling '/home/duy/Experiment/hrc_ws/install/human_hand_msgs/local/lib/python3.10/dist-packages/human_hand_msgs/__init__.py'...\n"}
[3.066528] (human_hand_msgs) StdoutLine: {'line': b"Listing '/home/duy/Experiment/hrc_ws/install/human_hand_msgs/local/lib/python3.10/dist-packages/human_hand_msgs/msg'...\n"}
[3.066601] (human_hand_msgs) StdoutLine: {'line': b"Listing '/home/duy/Experiment/hrc_ws/install/human_hand_msgs/local/lib/python3.10/dist-packages/human_hand_msgs/srv'...\n"}
[3.066672] (human_hand_msgs) StdoutLine: {'line': b"Compiling '/home/duy/Experiment/hrc_ws/install/human_hand_msgs/local/lib/python3.10/dist-packages/human_hand_msgs/srv/__init__.py'...\n"}
[3.066743] (human_hand_msgs) StdoutLine: {'line': b"Compiling '/home/duy/Experiment/hrc_ws/install/human_hand_msgs/local/lib/python3.10/dist-packages/human_hand_msgs/srv/_select_model.py'...\n"}
[3.069772] (human_hand_msgs) StdoutLine: {'line': b'-- Installing: /home/duy/Experiment/hrc_ws/install/human_hand_msgs/local/lib/python3.10/dist-packages/human_hand_msgs/human_hand_msgs_s__rosidl_typesupport_fastrtps_c.cpython-310-x86_64-linux-gnu.so\n'}
[3.069964] (human_hand_msgs) StdoutLine: {'line': b'-- Set runtime path of "/home/duy/Experiment/hrc_ws/install/human_hand_msgs/local/lib/python3.10/dist-packages/human_hand_msgs/human_hand_msgs_s__rosidl_typesupport_fastrtps_c.cpython-310-x86_64-linux-gnu.so" to ""\n'}
[3.070113] (human_hand_msgs) StdoutLine: {'line': b'-- Installing: /home/duy/Experiment/hrc_ws/install/human_hand_msgs/local/lib/python3.10/dist-packages/human_hand_msgs/human_hand_msgs_s__rosidl_typesupport_introspection_c.cpython-310-x86_64-linux-gnu.so\n'}
[3.070266] (human_hand_msgs) StdoutLine: {'line': b'-- Set runtime path of "/home/duy/Experiment/hrc_ws/install/human_hand_msgs/local/lib/python3.10/dist-packages/human_hand_msgs/human_hand_msgs_s__rosidl_typesupport_introspection_c.cpython-310-x86_64-linux-gnu.so" to ""\n'}
[3.070398] (human_hand_msgs) StdoutLine: {'line': b'-- Installing: /home/duy/Experiment/hrc_ws/install/human_hand_msgs/local/lib/python3.10/dist-packages/human_hand_msgs/human_hand_msgs_s__rosidl_typesupport_c.cpython-310-x86_64-linux-gnu.so\n'}
[3.070500] (human_hand_msgs) StdoutLine: {'line': b'-- Set runtime path of "/home/duy/Experiment/hrc_ws/install/human_hand_msgs/local/lib/python3.10/dist-packages/human_hand_msgs/human_hand_msgs_s__rosidl_typesupport_c.cpython-310-x86_64-linux-gnu.so" to ""\n'}
[3.071043] (human_hand_msgs) StdoutLine: {'line': b'-- Installing: /home/duy/Experiment/hrc_ws/install/human_hand_msgs/lib/libhuman_hand_msgs__rosidl_generator_py.so\n'}
[3.071252] (human_hand_msgs) StdoutLine: {'line': b'-- Set runtime path of "/home/duy/Experiment/hrc_ws/install/human_hand_msgs/lib/libhuman_hand_msgs__rosidl_generator_py.so" to ""\n'}
[3.071353] (human_hand_msgs) StdoutLine: {'line': b'-- Installing: /home/duy/Experiment/hrc_ws/install/human_hand_msgs/share/ament_index/resource_index/rust_packages/human_hand_msgs\n'}
[3.071474] (human_hand_msgs) StdoutLine: {'line': b'-- Installing: /home/duy/Experiment/hrc_ws/install/human_hand_msgs/share/human_hand_msgs/rust\n'}
[3.071562] (human_hand_msgs) StdoutLine: {'line': b'-- Installing: /home/duy/Experiment/hrc_ws/install/human_hand_msgs/share/human_hand_msgs/rust/src\n'}
[3.071684] (human_hand_msgs) StdoutLine: {'line': b'-- Installing: /home/duy/Experiment/hrc_ws/install/human_hand_msgs/share/human_hand_msgs/rust/src/msg.rs\n'}
[3.071823] (human_hand_msgs) StdoutLine: {'line': b'-- Installing: /home/duy/Experiment/hrc_ws/install/human_hand_msgs/share/human_hand_msgs/rust/src/lib.rs\n'}
[3.071903] (human_hand_msgs) StdoutLine: {'line': b'-- Installing: /home/duy/Experiment/hrc_ws/install/human_hand_msgs/share/human_hand_msgs/rust/src/srv\n'}
[3.071984] (human_hand_msgs) StdoutLine: {'line': b'-- Installing: /home/duy/Experiment/hrc_ws/install/human_hand_msgs/share/human_hand_msgs/rust/src/srv/rmw.rs\n'}
[3.072126] (human_hand_msgs) StdoutLine: {'line': b'-- Installing: /home/duy/Experiment/hrc_ws/install/human_hand_msgs/share/human_hand_msgs/rust/src/srv.rs\n'}
[3.072222] (human_hand_msgs) StdoutLine: {'line': b'-- Installing: /home/duy/Experiment/hrc_ws/install/human_hand_msgs/share/human_hand_msgs/rust/src/msg\n'}
[3.072351] (human_hand_msgs) StdoutLine: {'line': b'-- Installing: /home/duy/Experiment/hrc_ws/install/human_hand_msgs/share/human_hand_msgs/rust/src/msg/rmw.rs\n'}
[3.072450] (human_hand_msgs) StdoutLine: {'line': b'-- Installing: /home/duy/Experiment/hrc_ws/install/human_hand_msgs/share/human_hand_msgs/rust/Cargo.toml\n'}
[3.072527] (human_hand_msgs) StdoutLine: {'line': b'-- Installing: /home/duy/Experiment/hrc_ws/install/human_hand_msgs/share/human_hand_msgs/rust/build.rs\n'}
[3.072636] (human_hand_msgs) StdoutLine: {'line': b'-- Up-to-date: /home/duy/Experiment/hrc_ws/install/human_hand_msgs/share/human_hand_msgs/msg/HandState.idl\n'}
[3.072715] (human_hand_msgs) StdoutLine: {'line': b'-- Up-to-date: /home/duy/Experiment/hrc_ws/install/human_hand_msgs/share/human_hand_msgs/msg/HandPrediction.idl\n'}
[3.072791] (human_hand_msgs) StdoutLine: {'line': b'-- Up-to-date: /home/duy/Experiment/hrc_ws/install/human_hand_msgs/share/human_hand_msgs/msg/SystemStatus.idl\n'}
[3.072866] (human_hand_msgs) StdoutLine: {'line': b'-- Up-to-date: /home/duy/Experiment/hrc_ws/install/human_hand_msgs/share/human_hand_msgs/srv/SelectModel.idl\n'}
[3.072942] (human_hand_msgs) StdoutLine: {'line': b'-- Up-to-date: /home/duy/Experiment/hrc_ws/install/human_hand_msgs/share/human_hand_msgs/msg/HandState.msg\n'}
[3.073017] (human_hand_msgs) StdoutLine: {'line': b'-- Up-to-date: /home/duy/Experiment/hrc_ws/install/human_hand_msgs/share/human_hand_msgs/msg/HandPrediction.msg\n'}
[3.073097] (human_hand_msgs) StdoutLine: {'line': b'-- Up-to-date: /home/duy/Experiment/hrc_ws/install/human_hand_msgs/share/human_hand_msgs/msg/SystemStatus.msg\n'}
[3.073218] (human_hand_msgs) StdoutLine: {'line': b'-- Up-to-date: /home/duy/Experiment/hrc_ws/install/human_hand_msgs/share/human_hand_msgs/srv/SelectModel.srv\n'}
[3.073292] (human_hand_msgs) StdoutLine: {'line': b'-- Up-to-date: /home/duy/Experiment/hrc_ws/install/human_hand_msgs/share/human_hand_msgs/srv/SelectModel_Request.msg\n'}
[3.073362] (human_hand_msgs) StdoutLine: {'line': b'-- Up-to-date: /home/duy/Experiment/hrc_ws/install/human_hand_msgs/share/human_hand_msgs/srv/SelectModel_Response.msg\n'}
[3.073461] (human_hand_msgs) StdoutLine: {'line': b'-- Up-to-date: /home/duy/Experiment/hrc_ws/install/human_hand_msgs/share/ament_index/resource_index/package_run_dependencies/human_hand_msgs\n'}
[3.073533] (human_hand_msgs) StdoutLine: {'line': b'-- Up-to-date: /home/duy/Experiment/hrc_ws/install/human_hand_msgs/share/ament_index/resource_index/parent_prefix_path/human_hand_msgs\n'}
[3.073603] (human_hand_msgs) StdoutLine: {'line': b'-- Installing: /home/duy/Experiment/hrc_ws/install/human_hand_msgs/share/human_hand_msgs/environment/ament_prefix_path.sh\n'}
[3.073675] (human_hand_msgs) StdoutLine: {'line': b'-- Installing: /home/duy/Experiment/hrc_ws/install/human_hand_msgs/share/human_hand_msgs/environment/ament_prefix_path.dsv\n'}
[3.073778] (human_hand_msgs) StdoutLine: {'line': b'-- Installing: /home/duy/Experiment/hrc_ws/install/human_hand_msgs/share/human_hand_msgs/environment/path.sh\n'}
[3.073850] (human_hand_msgs) StdoutLine: {'line': b'-- Installing: /home/duy/Experiment/hrc_ws/install/human_hand_msgs/share/human_hand_msgs/environment/path.dsv\n'}
[3.073940] (human_hand_msgs) StdoutLine: {'line': b'-- Up-to-date: /home/duy/Experiment/hrc_ws/install/human_hand_msgs/share/human_hand_msgs/local_setup.bash\n'}
[3.074011] (human_hand_msgs) StdoutLine: {'line': b'-- Up-to-date: /home/duy/Experiment/hrc_ws/install/human_hand_msgs/share/human_hand_msgs/local_setup.sh\n'}
[3.074101] (human_hand_msgs) StdoutLine: {'line': b'-- Up-to-date: /home/duy/Experiment/hrc_ws/install/human_hand_msgs/share/human_hand_msgs/local_setup.zsh\n'}
[3.074191] (human_hand_msgs) StdoutLine: {'line': b'-- Installing: /home/duy/Experiment/hrc_ws/install/human_hand_msgs/share/human_hand_msgs/local_setup.dsv\n'}
[3.074276] (human_hand_msgs) StdoutLine: {'line': b'-- Installing: /home/duy/Experiment/hrc_ws/install/human_hand_msgs/share/human_hand_msgs/package.dsv\n'}
[3.074399] (human_hand_msgs) StdoutLine: {'line': b'-- Up-to-date: /home/duy/Experiment/hrc_ws/install/human_hand_msgs/share/ament_index/resource_index/packages/human_hand_msgs\n'}
[3.074473] (human_hand_msgs) StdoutLine: {'line': b'-- Up-to-date: /home/duy/Experiment/hrc_ws/install/human_hand_msgs/share/human_hand_msgs/cmake/export_human_hand_msgs__rosidl_generator_cExport.cmake\n'}
[3.074545] (human_hand_msgs) StdoutLine: {'line': b'-- Up-to-date: /home/duy/Experiment/hrc_ws/install/human_hand_msgs/share/human_hand_msgs/cmake/export_human_hand_msgs__rosidl_generator_cExport-noconfig.cmake\n'}
[3.074620] (human_hand_msgs) StdoutLine: {'line': b'-- Up-to-date: /home/duy/Experiment/hrc_ws/install/human_hand_msgs/share/human_hand_msgs/cmake/export_human_hand_msgs__rosidl_typesupport_fastrtps_cExport.cmake\n'}
[3.074701] (human_hand_msgs) StdoutLine: {'line': b'-- Up-to-date: /home/duy/Experiment/hrc_ws/install/human_hand_msgs/share/human_hand_msgs/cmake/export_human_hand_msgs__rosidl_typesupport_fastrtps_cExport-noconfig.cmake\n'}
[3.074791] (human_hand_msgs) StdoutLine: {'line': b'-- Up-to-date: /home/duy/Experiment/hrc_ws/install/human_hand_msgs/share/human_hand_msgs/cmake/human_hand_msgs__rosidl_typesupport_introspection_cExport.cmake\n'}
[3.075000] (human_hand_msgs) StdoutLine: {'line': b'-- Up-to-date: /home/duy/Experiment/hrc_ws/install/human_hand_msgs/share/human_hand_msgs/cmake/human_hand_msgs__rosidl_typesupport_introspection_cExport-noconfig.cmake\n'}
[3.075165] (human_hand_msgs) StdoutLine: {'line': b'-- Up-to-date: /home/duy/Experiment/hrc_ws/install/human_hand_msgs/share/human_hand_msgs/cmake/human_hand_msgs__rosidl_typesupport_cExport.cmake\n'}
[3.075252] (human_hand_msgs) StdoutLine: {'line': b'-- Up-to-date: /home/duy/Experiment/hrc_ws/install/human_hand_msgs/share/human_hand_msgs/cmake/human_hand_msgs__rosidl_typesupport_cExport-noconfig.cmake\n'}
[3.075323] (human_hand_msgs) StdoutLine: {'line': b'-- Up-to-date: /home/duy/Experiment/hrc_ws/install/human_hand_msgs/share/human_hand_msgs/cmake/export_human_hand_msgs__rosidl_generator_cppExport.cmake\n'}
[3.075400] (human_hand_msgs) StdoutLine: {'line': b'-- Up-to-date: /home/duy/Experiment/hrc_ws/install/human_hand_msgs/share/human_hand_msgs/cmake/export_human_hand_msgs__rosidl_typesupport_fastrtps_cppExport.cmake\n'}
[3.075479] (human_hand_msgs) StdoutLine: {'line': b'-- Up-to-date: /home/duy/Experiment/hrc_ws/install/human_hand_msgs/share/human_hand_msgs/cmake/export_human_hand_msgs__rosidl_typesupport_fastrtps_cppExport-noconfig.cmake\n'}
[3.075551] (human_hand_msgs) StdoutLine: {'line': b'-- Up-to-date: /home/duy/Experiment/hrc_ws/install/human_hand_msgs/share/human_hand_msgs/cmake/human_hand_msgs__rosidl_typesupport_introspection_cppExport.cmake\n'}
[3.075623] (human_hand_msgs) StdoutLine: {'line': b'-- Up-to-date: /home/duy/Experiment/hrc_ws/install/human_hand_msgs/share/human_hand_msgs/cmake/human_hand_msgs__rosidl_typesupport_introspection_cppExport-noconfig.cmake\n'}
[3.075695] (human_hand_msgs) StdoutLine: {'line': b'-- Up-to-date: /home/duy/Experiment/hrc_ws/install/human_hand_msgs/share/human_hand_msgs/cmake/human_hand_msgs__rosidl_typesupport_cppExport.cmake\n'}
[3.075772] (human_hand_msgs) StdoutLine: {'line': b'-- Up-to-date: /home/duy/Experiment/hrc_ws/install/human_hand_msgs/share/human_hand_msgs/cmake/human_hand_msgs__rosidl_typesupport_cppExport-noconfig.cmake\n'}
[3.075842] (human_hand_msgs) StdoutLine: {'line': b'-- Up-to-date: /home/duy/Experiment/hrc_ws/install/human_hand_msgs/share/human_hand_msgs/cmake/export_human_hand_msgs__rosidl_generator_pyExport.cmake\n'}
[3.075912] (human_hand_msgs) StdoutLine: {'line': b'-- Up-to-date: /home/duy/Experiment/hrc_ws/install/human_hand_msgs/share/human_hand_msgs/cmake/export_human_hand_msgs__rosidl_generator_pyExport-noconfig.cmake\n'}
[3.075982] (human_hand_msgs) StdoutLine: {'line': b'-- Up-to-date: /home/duy/Experiment/hrc_ws/install/human_hand_msgs/share/human_hand_msgs/cmake/rosidl_cmake-extras.cmake\n'}
[3.076052] (human_hand_msgs) StdoutLine: {'line': b'-- Up-to-date: /home/duy/Experiment/hrc_ws/install/human_hand_msgs/share/human_hand_msgs/cmake/ament_cmake_export_dependencies-extras.cmake\n'}
[3.076136] (human_hand_msgs) StdoutLine: {'line': b'-- Up-to-date: /home/duy/Experiment/hrc_ws/install/human_hand_msgs/share/human_hand_msgs/cmake/ament_cmake_export_include_directories-extras.cmake\n'}
[3.076212] (human_hand_msgs) StdoutLine: {'line': b'-- Up-to-date: /home/duy/Experiment/hrc_ws/install/human_hand_msgs/share/human_hand_msgs/cmake/ament_cmake_export_libraries-extras.cmake\n'}
[3.076292] (human_hand_msgs) StdoutLine: {'line': b'-- Up-to-date: /home/duy/Experiment/hrc_ws/install/human_hand_msgs/share/human_hand_msgs/cmake/ament_cmake_export_targets-extras.cmake\n'}
[3.076363] (human_hand_msgs) StdoutLine: {'line': b'-- Up-to-date: /home/duy/Experiment/hrc_ws/install/human_hand_msgs/share/human_hand_msgs/cmake/rosidl_cmake_export_typesupport_targets-extras.cmake\n'}
[3.076440] (human_hand_msgs) StdoutLine: {'line': b'-- Up-to-date: /home/duy/Experiment/hrc_ws/install/human_hand_msgs/share/human_hand_msgs/cmake/rosidl_cmake_export_typesupport_libraries-extras.cmake\n'}
[3.076512] (human_hand_msgs) StdoutLine: {'line': b'-- Up-to-date: /home/duy/Experiment/hrc_ws/install/human_hand_msgs/share/human_hand_msgs/cmake/human_hand_msgsConfig.cmake\n'}
[3.076583] (human_hand_msgs) StdoutLine: {'line': b'-- Up-to-date: /home/duy/Experiment/hrc_ws/install/human_hand_msgs/share/human_hand_msgs/cmake/human_hand_msgsConfig-version.cmake\n'}
[3.076653] (human_hand_msgs) StdoutLine: {'line': b'-- Up-to-date: /home/duy/Experiment/hrc_ws/install/human_hand_msgs/share/human_hand_msgs/package.xml\n'}
[3.077473] (human_hand_msgs) CommandEnded: {'returncode': 0}
[3.098641] (human_hand_msgs) JobEnded: {'identifier': 'human_hand_msgs', 'rc': 0}
[3.099493] (experiment_logger) JobStarted: {'identifier': 'experiment_logger'}
[3.102408] (predictor_ui) JobStarted: {'identifier': 'predictor_ui'}
[3.106520] (realsense_tracker) JobStarted: {'identifier': 'realsense_tracker'}
[3.111621] (trajectory_predictor) JobStarted: {'identifier': 'trajectory_predictor'}
[3.116924] (-) TimerEvent: {}
[3.217198] (-) TimerEvent: {}
[3.318376] (-) TimerEvent: {}
[3.418686] (-) TimerEvent: {}
[3.518938] (-) TimerEvent: {}
[3.619244] (-) TimerEvent: {}
[3.719741] (-) TimerEvent: {}
[3.820598] (-) TimerEvent: {}
[3.920810] (-) TimerEvent: {}
[4.021070] (-) TimerEvent: {}
[4.121379] (-) TimerEvent: {}
[4.221862] (-) TimerEvent: {}
[4.322715] (-) TimerEvent: {}
[4.376394] (predictor_ui) Command: {'cmd': ['/usr/bin/python3', '-W', 'ignore:setup.py install is deprecated', '-W', 'ignore:easy_install command is deprecated', 'setup.py', 'develop', '--uninstall', '--editable', '--build-directory', '/home/duy/Experiment/hrc_ws/build/predictor_ui/build'], 'cwd': '/home/duy/Experiment/hrc_ws/build/predictor_ui', 'env': {'GJS_DEBUG_TOPICS': 'JS ERROR;JS LOG', 'LESSOPEN': '| /usr/bin/lesspipe %s', 'VSCODE_CWD': '/home/duy', 'USER': 'duy', 'LC_TIME': 'en_US.UTF-8', 'VSCODE_NLS_CONFIG': '{"userLocale":"en-us","osLocale":"en-us","resolvedLanguage":"en","defaultMessagesFile":"/usr/share/antigravity/resources/app/out/nls.messages.json","locale":"en-us","availableLanguages":{}}', 'XDG_SESSION_TYPE': 'wayland', 'ROS_PACKAGE_PATH': '/home/duy/Experiment/hrc_ws/install/human_hand_msgs/share', 'SHLVL': '0', 'LD_LIBRARY_PATH': '/home/duy/Experiment/hrc_ws/install/human_hand_msgs/lib:/usr/local/lib/nuitrack:/home/duy/kinectv2/install/libfreenect2/lib:/home/duy/kinectv2/install/kinect2_registration/lib:/usr/lib/x86_64-linux-gnu/gazebo-11/plugins:/opt/ros/humble/opt/rviz_ogre_vendor/lib:/opt/ros/humble/lib/x86_64-linux-gnu:/opt/ros/humble/lib:/usr/local/lib/nuitrack:/usr/local/lib/nuitrack', 'HOME': '/home/duy', 'CHROME_DESKTOP': 'antigravity.desktop', 'OLDPWD': '/home/duy/Experiment/hrc_ws', 'DESKTOP_SESSION': 'ubuntu', 'VSCODE_IPC_HOOK': '/run/user/1000/vscode-d3248cd9-1.10-main.sock', 'GIO_LAUNCHED_DESKTOP_FILE': '/usr/share/applications/antigravity.desktop', 'ROS_PYTHON_VERSION': '3', 'GNOME_SHELL_SESSION_MODE': 'ubuntu', 'GTK_MODULES': 'gail:atk-bridge', 'PAGER': 'cat', 'LC_MONETARY': 'en_US.UTF-8', 'MANAGERPID': '1102', 'SYSTEMD_EXEC_PID': '1227', 'IM_CONFIG_CHECK_ENV': '1', 'DBUS_SESSION_BUS_ADDRESS': 'unix:path=/run/user/1000/bus', 'ANTIGRAVITY_AGENT': '1', 'GIO_LAUNCHED_DESKTOP_FILE_PID': '13704', 'IM_CONFIG_PHASE': '1', 'WAYLAND_DISPLAY': 'wayland-0', 'COLCON_PREFIX_PATH': '/home/duy/kinectv2/install', 'ROS_DISTRO': 'humble', 'GTK_IM_MODULE': 'ibus', 'LOGNAME': 'duy', 'JOURNAL_STREAM': '8:6619', '_': '/usr/bin/colcon', 'ROS_VERSION': '2', 'XDG_SESSION_CLASS': 'user', 'PKG_CONFIG_PATH': '/home/duy/Experiment/hrc_ws/install/human_hand_msgs/lib/x86_64-linux-gnu/pkgconfig:/home/duy/Experiment/hrc_ws/install/human_hand_msgs/lib/pkgconfig', 'USERNAME': 'duy', 'TERM': 'dumb', 'GNOME_DESKTOP_SESSION_ID': 'this-is-deprecated', 'FC_FONTATIONS': '1', 'ROS_LOCALHOST_ONLY': '0', 'ANTIGRAVITY_EDITOR_APP_ROOT': '/usr/share/antigravity/resources/app', 'PATH': '/home/duy/.local/bin:/opt/ros/humble/bin:/home/duy/.local/bin:/usr/local/sbin:/usr/local/bin:/usr/sbin:/usr/bin:/sbin:/bin:/usr/games:/usr/local/games:/snap/bin:/snap/bin:/home/duy/libfreenect2/build/bin', 'SESSION_MANAGER': 'local/duy-Vivobook-ASUSLaptop-X1503ZA-A1503ZA:@/tmp/.ICE-unix/1197,unix/duy-Vivobook-ASUSLaptop-X1503ZA-A1503ZA:/tmp/.ICE-unix/1197', 'INVOCATION_ID': 'caa7194b4a5c407f882e618f5dd7ff1e', 'PAPERSIZE': 'letter', 'XDG_MENU_PREFIX': 'gnome-', 'LC_ADDRESS': 'en_US.UTF-8', 'GNOME_SETUP_DISPLAY': ':1', 'XDG_RUNTIME_DIR': '/run/user/1000', 'GDK_BACKEND': 'wayland', 'DISPLAY': ':0', 'LANG': 'en_US.UTF-8', 'XDG_CURRENT_DESKTOP': 'ubuntu:GNOME', 'LC_TELEPHONE': 'en_US.UTF-8', 'RMW_IMPLEMENTATION': 'rmw_fastrtps_cpp', 'XMODIFIERS': '@im=ibus', 'XDG_SESSION_DESKTOP': 'ubuntu', 'XAUTHORITY': '/run/user/1000/.mutter-Xwaylandauth.EQ1FO3', 'LS_COLORS': '', 'SSH_AGENT_LAUNCHER': 'gnome-keyring', 'SSH_AUTH_SOCK': '/run/user/1000/keyring/ssh', 'ROS_DOMAIN_ID': '0', 'AMENT_PREFIX_PATH': '/home/duy/kinectv2/install/kinect2_bridge:/home/duy/kinectv2/install/kinect2_registration:/opt/ros/humble', 'NUITRACK_HOME': '/usr/etc/nuitrack', 'SHELL': '/bin/bash', 'LC_NAME': 'en_US.UTF-8', 'QT_ACCESSIBILITY': '1', 'GDMSESSION': 'ubuntu', 'LESSCLOSE': '/usr/bin/lesspipe %s %s', 'LC_MEASUREMENT': 'en_US.UTF-8', 'GJS_DEBUG_OUTPUT': 'stderr', 'LC_IDENTIFICATION': 'en_US.UTF-8', 'QT_IM_MODULE': 'ibus', 'ANTIGRAVITY_TRAJECTORY_ID': '244b4c34-7a87-42c2-807e-16430302bfb1', 'PWD': '/home/duy/Experiment/hrc_ws/build/predictor_ui', 'LC_ALL': 'en_US.UTF-8', 'XDG_CONFIG_DIRS': '/etc/xdg/xdg-ubuntu:/etc/xdg', 'VSCODE_CODE_CACHE_PATH': '/home/duy/.config/Antigravity/CachedData/15487b3041e65228cae24980a3f796c905ef582c', 'XDG_DATA_DIRS': '/usr/share/ubuntu:/usr/local/share/:/usr/share/:/var/lib/snapd/desktop', 'PYTHONPATH': '/home/duy/Experiment/hrc_ws/build/predictor_ui/prefix_override:/usr/lib/python3/dist-packages/colcon_core/task/python/colcon_distutils_commands:/home/duy/Experiment/hrc_ws/install/predictor_ui/lib/python3.10/site-packages:/home/duy/Experiment/hrc_ws/install/human_hand_msgs/local/lib/python3.10/dist-packages:/opt/ros/humble/lib/python3.10/site-packages:/opt/ros/humble/local/lib/python3.10/dist-packages', 'LC_NUMERIC': 'en_US.UTF-8', 'LC_PAPER': 'en_US.UTF-8', 'COLCON': '1', 'CMAKE_PREFIX_PATH': '/home/duy/Experiment/hrc_ws/install/human_hand_msgs:/home/duy/kinectv2/install/libfreenect2:/home/duy/kinectv2/install/kinect2_bridge:/home/duy/kinectv2/install/kinect2_registration', 'VSCODE_PID': '13704'}, 'shell': False}
[4.380480] (trajectory_predictor) Command: {'cmd': ['/usr/bin/python3', '-W', 'ignore:setup.py install is deprecated', '-W', 'ignore:easy_install command is deprecated', 'setup.py', 'develop', '--uninstall', '--editable', '--build-directory', '/home/duy/Experiment/hrc_ws/build/trajectory_predictor/build'], 'cwd': '/home/duy/Experiment/hrc_ws/build/trajectory_predictor', 'env': {'GJS_DEBUG_TOPICS': 'JS ERROR;JS LOG', 'LESSOPEN': '| /usr/bin/lesspipe %s', 'VSCODE_CWD': '/home/duy', 'USER': 'duy', 'LC_TIME': 'en_US.UTF-8', 'VSCODE_NLS_CONFIG': '{"userLocale":"en-us","osLocale":"en-us","resolvedLanguage":"en","defaultMessagesFile":"/usr/share/antigravity/resources/app/out/nls.messages.json","locale":"en-us","availableLanguages":{}}', 'XDG_SESSION_TYPE': 'wayland', 'ROS_PACKAGE_PATH': '/home/duy/Experiment/hrc_ws/install/human_hand_msgs/share', 'SHLVL': '0', 'LD_LIBRARY_PATH': '/home/duy/Experiment/hrc_ws/install/human_hand_msgs/lib:/usr/local/lib/nuitrack:/home/duy/kinectv2/install/libfreenect2/lib:/home/duy/kinectv2/install/kinect2_registration/lib:/usr/lib/x86_64-linux-gnu/gazebo-11/plugins:/opt/ros/humble/opt/rviz_ogre_vendor/lib:/opt/ros/humble/lib/x86_64-linux-gnu:/opt/ros/humble/lib:/usr/local/lib/nuitrack:/usr/local/lib/nuitrack', 'HOME': '/home/duy', 'CHROME_DESKTOP': 'antigravity.desktop', 'OLDPWD': '/home/duy/Experiment/hrc_ws', 'DESKTOP_SESSION': 'ubuntu', 'VSCODE_IPC_HOOK': '/run/user/1000/vscode-d3248cd9-1.10-main.sock', 'GIO_LAUNCHED_DESKTOP_FILE': '/usr/share/applications/antigravity.desktop', 'ROS_PYTHON_VERSION': '3', 'GNOME_SHELL_SESSION_MODE': 'ubuntu', 'GTK_MODULES': 'gail:atk-bridge', 'PAGER': 'cat', 'LC_MONETARY': 'en_US.UTF-8', 'MANAGERPID': '1102', 'SYSTEMD_EXEC_PID': '1227', 'IM_CONFIG_CHECK_ENV': '1', 'DBUS_SESSION_BUS_ADDRESS': 'unix:path=/run/user/1000/bus', 'ANTIGRAVITY_AGENT': '1', 'GIO_LAUNCHED_DESKTOP_FILE_PID': '13704', 'IM_CONFIG_PHASE': '1', 'WAYLAND_DISPLAY': 'wayland-0', 'COLCON_PREFIX_PATH': '/home/duy/kinectv2/install', 'ROS_DISTRO': 'humble', 'GTK_IM_MODULE': 'ibus', 'LOGNAME': 'duy', 'JOURNAL_STREAM': '8:6619', '_': '/usr/bin/colcon', 'ROS_VERSION': '2', 'XDG_SESSION_CLASS': 'user', 'PKG_CONFIG_PATH': '/home/duy/Experiment/hrc_ws/install/human_hand_msgs/lib/x86_64-linux-gnu/pkgconfig:/home/duy/Experiment/hrc_ws/install/human_hand_msgs/lib/pkgconfig', 'USERNAME': 'duy', 'TERM': 'dumb', 'GNOME_DESKTOP_SESSION_ID': 'this-is-deprecated', 'FC_FONTATIONS': '1', 'ROS_LOCALHOST_ONLY': '0', 'ANTIGRAVITY_EDITOR_APP_ROOT': '/usr/share/antigravity/resources/app', 'PATH': '/home/duy/.local/bin:/opt/ros/humble/bin:/home/duy/.local/bin:/usr/local/sbin:/usr/local/bin:/usr/sbin:/usr/bin:/sbin:/bin:/usr/games:/usr/local/games:/snap/bin:/snap/bin:/home/duy/libfreenect2/build/bin', 'SESSION_MANAGER': 'local/duy-Vivobook-ASUSLaptop-X1503ZA-A1503ZA:@/tmp/.ICE-unix/1197,unix/duy-Vivobook-ASUSLaptop-X1503ZA-A1503ZA:/tmp/.ICE-unix/1197', 'INVOCATION_ID': 'caa7194b4a5c407f882e618f5dd7ff1e', 'PAPERSIZE': 'letter', 'XDG_MENU_PREFIX': 'gnome-', 'LC_ADDRESS': 'en_US.UTF-8', 'GNOME_SETUP_DISPLAY': ':1', 'XDG_RUNTIME_DIR': '/run/user/1000', 'GDK_BACKEND': 'wayland', 'DISPLAY': ':0', 'LANG': 'en_US.UTF-8', 'XDG_CURRENT_DESKTOP': 'ubuntu:GNOME', 'LC_TELEPHONE': 'en_US.UTF-8', 'RMW_IMPLEMENTATION': 'rmw_fastrtps_cpp', 'XMODIFIERS': '@im=ibus', 'XDG_SESSION_DESKTOP': 'ubuntu', 'XAUTHORITY': '/run/user/1000/.mutter-Xwaylandauth.EQ1FO3', 'LS_COLORS': '', 'SSH_AGENT_LAUNCHER': 'gnome-keyring', 'SSH_AUTH_SOCK': '/run/user/1000/keyring/ssh', 'ROS_DOMAIN_ID': '0', 'AMENT_PREFIX_PATH': '/home/duy/kinectv2/install/kinect2_bridge:/home/duy/kinectv2/install/kinect2_registration:/opt/ros/humble', 'NUITRACK_HOME': '/usr/etc/nuitrack', 'SHELL': '/bin/bash', 'LC_NAME': 'en_US.UTF-8', 'QT_ACCESSIBILITY': '1', 'GDMSESSION': 'ubuntu', 'LESSCLOSE': '/usr/bin/lesspipe %s %s', 'LC_MEASUREMENT': 'en_US.UTF-8', 'GJS_DEBUG_OUTPUT': 'stderr', 'LC_IDENTIFICATION': 'en_US.UTF-8', 'QT_IM_MODULE': 'ibus', 'ANTIGRAVITY_TRAJECTORY_ID': '244b4c34-7a87-42c2-807e-16430302bfb1', 'PWD': '/home/duy/Experiment/hrc_ws/build/trajectory_predictor', 'LC_ALL': 'en_US.UTF-8', 'XDG_CONFIG_DIRS': '/etc/xdg/xdg-ubuntu:/etc/xdg', 'VSCODE_CODE_CACHE_PATH': '/home/duy/.config/Antigravity/CachedData/15487b3041e65228cae24980a3f796c905ef582c', 'XDG_DATA_DIRS': '/usr/share/ubuntu:/usr/local/share/:/usr/share/:/var/lib/snapd/desktop', 'PYTHONPATH': '/home/duy/Experiment/hrc_ws/build/trajectory_predictor/prefix_override:/usr/lib/python3/dist-packages/colcon_core/task/python/colcon_distutils_commands:/home/duy/Experiment/hrc_ws/install/trajectory_predictor/lib/python3.10/site-packages:/home/duy/Experiment/hrc_ws/install/human_hand_msgs/local/lib/python3.10/dist-packages:/opt/ros/humble/lib/python3.10/site-packages:/opt/ros/humble/local/lib/python3.10/dist-packages', 'LC_NUMERIC': 'en_US.UTF-8', 'LC_PAPER': 'en_US.UTF-8', 'COLCON': '1', 'CMAKE_PREFIX_PATH': '/home/duy/Experiment/hrc_ws/install/human_hand_msgs:/home/duy/kinectv2/install/libfreenect2:/home/duy/kinectv2/install/kinect2_bridge:/home/duy/kinectv2/install/kinect2_registration', 'VSCODE_PID': '13704'}, 'shell': False}
[4.382366] (experiment_logger) Command: {'cmd': ['/usr/bin/python3', '-W', 'ignore:setup.py install is deprecated', '-W', 'ignore:easy_install command is deprecated', 'setup.py', 'develop', '--uninstall', '--editable', '--build-directory', '/home/duy/Experiment/hrc_ws/build/experiment_logger/build'], 'cwd': '/home/duy/Experiment/hrc_ws/build/experiment_logger', 'env': {'GJS_DEBUG_TOPICS': 'JS ERROR;JS LOG', 'LESSOPEN': '| /usr/bin/lesspipe %s', 'VSCODE_CWD': '/home/duy', 'USER': 'duy', 'LC_TIME': 'en_US.UTF-8', 'VSCODE_NLS_CONFIG': '{"userLocale":"en-us","osLocale":"en-us","resolvedLanguage":"en","defaultMessagesFile":"/usr/share/antigravity/resources/app/out/nls.messages.json","locale":"en-us","availableLanguages":{}}', 'XDG_SESSION_TYPE': 'wayland', 'ROS_PACKAGE_PATH': '/home/duy/Experiment/hrc_ws/install/human_hand_msgs/share', 'SHLVL': '0', 'LD_LIBRARY_PATH': '/home/duy/Experiment/hrc_ws/install/human_hand_msgs/lib:/usr/local/lib/nuitrack:/home/duy/kinectv2/install/libfreenect2/lib:/home/duy/kinectv2/install/kinect2_registration/lib:/usr/lib/x86_64-linux-gnu/gazebo-11/plugins:/opt/ros/humble/opt/rviz_ogre_vendor/lib:/opt/ros/humble/lib/x86_64-linux-gnu:/opt/ros/humble/lib:/usr/local/lib/nuitrack:/usr/local/lib/nuitrack', 'HOME': '/home/duy', 'CHROME_DESKTOP': 'antigravity.desktop', 'OLDPWD': '/home/duy/Experiment/hrc_ws', 'DESKTOP_SESSION': 'ubuntu', 'VSCODE_IPC_HOOK': '/run/user/1000/vscode-d3248cd9-1.10-main.sock', 'GIO_LAUNCHED_DESKTOP_FILE': '/usr/share/applications/antigravity.desktop', 'ROS_PYTHON_VERSION': '3', 'GNOME_SHELL_SESSION_MODE': 'ubuntu', 'GTK_MODULES': 'gail:atk-bridge', 'PAGER': 'cat', 'LC_MONETARY': 'en_US.UTF-8', 'MANAGERPID': '1102', 'SYSTEMD_EXEC_PID': '1227', 'IM_CONFIG_CHECK_ENV': '1', 'DBUS_SESSION_BUS_ADDRESS': 'unix:path=/run/user/1000/bus', 'ANTIGRAVITY_AGENT': '1', 'GIO_LAUNCHED_DESKTOP_FILE_PID': '13704', 'IM_CONFIG_PHASE': '1', 'WAYLAND_DISPLAY': 'wayland-0', 'COLCON_PREFIX_PATH': '/home/duy/kinectv2/install', 'ROS_DISTRO': 'humble', 'GTK_IM_MODULE': 'ibus', 'LOGNAME': 'duy', 'JOURNAL_STREAM': '8:6619', '_': '/usr/bin/colcon', 'ROS_VERSION': '2', 'XDG_SESSION_CLASS': 'user', 'PKG_CONFIG_PATH': '/home/duy/Experiment/hrc_ws/install/human_hand_msgs/lib/x86_64-linux-gnu/pkgconfig:/home/duy/Experiment/hrc_ws/install/human_hand_msgs/lib/pkgconfig', 'USERNAME': 'duy', 'TERM': 'dumb', 'GNOME_DESKTOP_SESSION_ID': 'this-is-deprecated', 'FC_FONTATIONS': '1', 'ROS_LOCALHOST_ONLY': '0', 'ANTIGRAVITY_EDITOR_APP_ROOT': '/usr/share/antigravity/resources/app', 'PATH': '/home/duy/.local/bin:/opt/ros/humble/bin:/home/duy/.local/bin:/usr/local/sbin:/usr/local/bin:/usr/sbin:/usr/bin:/sbin:/bin:/usr/games:/usr/local/games:/snap/bin:/snap/bin:/home/duy/libfreenect2/build/bin', 'SESSION_MANAGER': 'local/duy-Vivobook-ASUSLaptop-X1503ZA-A1503ZA:@/tmp/.ICE-unix/1197,unix/duy-Vivobook-ASUSLaptop-X1503ZA-A1503ZA:/tmp/.ICE-unix/1197', 'INVOCATION_ID': 'caa7194b4a5c407f882e618f5dd7ff1e', 'PAPERSIZE': 'letter', 'XDG_MENU_PREFIX': 'gnome-', 'LC_ADDRESS': 'en_US.UTF-8', 'GNOME_SETUP_DISPLAY': ':1', 'XDG_RUNTIME_DIR': '/run/user/1000', 'GDK_BACKEND': 'wayland', 'DISPLAY': ':0', 'LANG': 'en_US.UTF-8', 'XDG_CURRENT_DESKTOP': 'ubuntu:GNOME', 'LC_TELEPHONE': 'en_US.UTF-8', 'RMW_IMPLEMENTATION': 'rmw_fastrtps_cpp', 'XMODIFIERS': '@im=ibus', 'XDG_SESSION_DESKTOP': 'ubuntu', 'XAUTHORITY': '/run/user/1000/.mutter-Xwaylandauth.EQ1FO3', 'LS_COLORS': '', 'SSH_AGENT_LAUNCHER': 'gnome-keyring', 'SSH_AUTH_SOCK': '/run/user/1000/keyring/ssh', 'ROS_DOMAIN_ID': '0', 'AMENT_PREFIX_PATH': '/home/duy/kinectv2/install/kinect2_bridge:/home/duy/kinectv2/install/kinect2_registration:/opt/ros/humble', 'NUITRACK_HOME': '/usr/etc/nuitrack', 'SHELL': '/bin/bash', 'LC_NAME': 'en_US.UTF-8', 'QT_ACCESSIBILITY': '1', 'GDMSESSION': 'ubuntu', 'LESSCLOSE': '/usr/bin/lesspipe %s %s', 'LC_MEASUREMENT': 'en_US.UTF-8', 'GJS_DEBUG_OUTPUT': 'stderr', 'LC_IDENTIFICATION': 'en_US.UTF-8', 'QT_IM_MODULE': 'ibus', 'ANTIGRAVITY_TRAJECTORY_ID': '244b4c34-7a87-42c2-807e-16430302bfb1', 'PWD': '/home/duy/Experiment/hrc_ws/build/experiment_logger', 'LC_ALL': 'en_US.UTF-8', 'XDG_CONFIG_DIRS': '/etc/xdg/xdg-ubuntu:/etc/xdg', 'VSCODE_CODE_CACHE_PATH': '/home/duy/.config/Antigravity/CachedData/15487b3041e65228cae24980a3f796c905ef582c', 'XDG_DATA_DIRS': '/usr/share/ubuntu:/usr/local/share/:/usr/share/:/var/lib/snapd/desktop', 'PYTHONPATH': '/home/duy/Experiment/hrc_ws/build/experiment_logger/prefix_override:/usr/lib/python3/dist-packages/colcon_core/task/python/colcon_distutils_commands:/home/duy/Experiment/hrc_ws/install/experiment_logger/lib/python3.10/site-packages:/home/duy/Experiment/hrc_ws/install/human_hand_msgs/local/lib/python3.10/dist-packages:/opt/ros/humble/lib/python3.10/site-packages:/opt/ros/humble/local/lib/python3.10/dist-packages', 'LC_NUMERIC': 'en_US.UTF-8', 'LC_PAPER': 'en_US.UTF-8', 'COLCON': '1', 'CMAKE_PREFIX_PATH': '/home/duy/Experiment/hrc_ws/install/human_hand_msgs:/home/duy/kinectv2/install/libfreenect2:/home/duy/kinectv2/install/kinect2_bridge:/home/duy/kinectv2/install/kinect2_registration', 'VSCODE_PID': '13704'}, 'shell': False}
[4.385388] (realsense_tracker) Command: {'cmd': ['/usr/bin/python3', '-W', 'ignore:setup.py install is deprecated', '-W', 'ignore:easy_install command is deprecated', 'setup.py', 'egg_info', '--egg-base', '../../build/realsense_tracker', 'build', '--build-base', '/home/duy/Experiment/hrc_ws/build/realsense_tracker/build', 'install', '--record', '/home/duy/Experiment/hrc_ws/build/realsense_tracker/install.log', '--single-version-externally-managed', 'install_data'], 'cwd': '/home/duy/Experiment/hrc_ws/src/realsense_tracker', 'env': {'GJS_DEBUG_TOPICS': 'JS ERROR;JS LOG', 'LESSOPEN': '| /usr/bin/lesspipe %s', 'VSCODE_CWD': '/home/duy', 'USER': 'duy', 'LC_TIME': 'en_US.UTF-8', 'VSCODE_NLS_CONFIG': '{"userLocale":"en-us","osLocale":"en-us","resolvedLanguage":"en","defaultMessagesFile":"/usr/share/antigravity/resources/app/out/nls.messages.json","locale":"en-us","availableLanguages":{}}', 'XDG_SESSION_TYPE': 'wayland', 'ROS_PACKAGE_PATH': '/home/duy/Experiment/hrc_ws/install/human_hand_msgs/share', 'SHLVL': '0', 'LD_LIBRARY_PATH': '/home/duy/Experiment/hrc_ws/install/human_hand_msgs/lib:/usr/local/lib/nuitrack:/home/duy/kinectv2/install/libfreenect2/lib:/home/duy/kinectv2/install/kinect2_registration/lib:/usr/lib/x86_64-linux-gnu/gazebo-11/plugins:/opt/ros/humble/opt/rviz_ogre_vendor/lib:/opt/ros/humble/lib/x86_64-linux-gnu:/opt/ros/humble/lib:/usr/local/lib/nuitrack:/usr/local/lib/nuitrack', 'HOME': '/home/duy', 'CHROME_DESKTOP': 'antigravity.desktop', 'OLDPWD': '/home/duy/Experiment/hrc_ws', 'DESKTOP_SESSION': 'ubuntu', 'VSCODE_IPC_HOOK': '/run/user/1000/vscode-d3248cd9-1.10-main.sock', 'GIO_LAUNCHED_DESKTOP_FILE': '/usr/share/applications/antigravity.desktop', 'ROS_PYTHON_VERSION': '3', 'GNOME_SHELL_SESSION_MODE': 'ubuntu', 'GTK_MODULES': 'gail:atk-bridge', 'PAGER': 'cat', 'LC_MONETARY': 'en_US.UTF-8', 'MANAGERPID': '1102', 'SYSTEMD_EXEC_PID': '1227', 'IM_CONFIG_CHECK_ENV': '1', 'DBUS_SESSION_BUS_ADDRESS': 'unix:path=/run/user/1000/bus', 'ANTIGRAVITY_AGENT': '1', 'GIO_LAUNCHED_DESKTOP_FILE_PID': '13704', 'IM_CONFIG_PHASE': '1', 'WAYLAND_DISPLAY': 'wayland-0', 'COLCON_PREFIX_PATH': '/home/duy/kinectv2/install', 'ROS_DISTRO': 'humble', 'GTK_IM_MODULE': 'ibus', 'LOGNAME': 'duy', 'JOURNAL_STREAM': '8:6619', '_': '/usr/bin/colcon', 'ROS_VERSION': '2', 'XDG_SESSION_CLASS': 'user', 'PKG_CONFIG_PATH': '/home/duy/Experiment/hrc_ws/install/human_hand_msgs/lib/x86_64-linux-gnu/pkgconfig:/home/duy/Experiment/hrc_ws/install/human_hand_msgs/lib/pkgconfig', 'USERNAME': 'duy', 'TERM': 'dumb', 'GNOME_DESKTOP_SESSION_ID': 'this-is-deprecated', 'FC_FONTATIONS': '1', 'ROS_LOCALHOST_ONLY': '0', 'ANTIGRAVITY_EDITOR_APP_ROOT': '/usr/share/antigravity/resources/app', 'PATH': '/home/duy/.local/bin:/opt/ros/humble/bin:/home/duy/.local/bin:/usr/local/sbin:/usr/local/bin:/usr/sbin:/usr/bin:/sbin:/bin:/usr/games:/usr/local/games:/snap/bin:/snap/bin:/home/duy/libfreenect2/build/bin', 'SESSION_MANAGER': 'local/duy-Vivobook-ASUSLaptop-X1503ZA-A1503ZA:@/tmp/.ICE-unix/1197,unix/duy-Vivobook-ASUSLaptop-X1503ZA-A1503ZA:/tmp/.ICE-unix/1197', 'INVOCATION_ID': 'caa7194b4a5c407f882e618f5dd7ff1e', 'PAPERSIZE': 'letter', 'XDG_MENU_PREFIX': 'gnome-', 'LC_ADDRESS': 'en_US.UTF-8', 'GNOME_SETUP_DISPLAY': ':1', 'XDG_RUNTIME_DIR': '/run/user/1000', 'GDK_BACKEND': 'wayland', 'DISPLAY': ':0', 'LANG': 'en_US.UTF-8', 'XDG_CURRENT_DESKTOP': 'ubuntu:GNOME', 'LC_TELEPHONE': 'en_US.UTF-8', 'RMW_IMPLEMENTATION': 'rmw_fastrtps_cpp', 'XMODIFIERS': '@im=ibus', 'XDG_SESSION_DESKTOP': 'ubuntu', 'XAUTHORITY': '/run/user/1000/.mutter-Xwaylandauth.EQ1FO3', 'LS_COLORS': '', 'SSH_AGENT_LAUNCHER': 'gnome-keyring', 'SSH_AUTH_SOCK': '/run/user/1000/keyring/ssh', 'ROS_DOMAIN_ID': '0', 'AMENT_PREFIX_PATH': '/home/duy/kinectv2/install/kinect2_bridge:/home/duy/kinectv2/install/kinect2_registration:/opt/ros/humble', 'NUITRACK_HOME': '/usr/etc/nuitrack', 'SHELL': '/bin/bash', 'LC_NAME': 'en_US.UTF-8', 'QT_ACCESSIBILITY': '1', 'GDMSESSION': 'ubuntu', 'LESSCLOSE': '/usr/bin/lesspipe %s %s', 'LC_MEASUREMENT': 'en_US.UTF-8', 'GJS_DEBUG_OUTPUT': 'stderr', 'LC_IDENTIFICATION': 'en_US.UTF-8', 'QT_IM_MODULE': 'ibus', 'ANTIGRAVITY_TRAJECTORY_ID': '244b4c34-7a87-42c2-807e-16430302bfb1', 'PWD': '/home/duy/Experiment/hrc_ws/build/realsense_tracker', 'LC_ALL': 'en_US.UTF-8', 'XDG_CONFIG_DIRS': '/etc/xdg/xdg-ubuntu:/etc/xdg', 'VSCODE_CODE_CACHE_PATH': '/home/duy/.config/Antigravity/CachedData/15487b3041e65228cae24980a3f796c905ef582c', 'XDG_DATA_DIRS': '/usr/share/ubuntu:/usr/local/share/:/usr/share/:/var/lib/snapd/desktop', 'PYTHONPATH': '/home/duy/Experiment/hrc_ws/build/realsense_tracker/prefix_override:/usr/lib/python3/dist-packages/colcon_core/task/python/colcon_distutils_commands:/home/duy/Experiment/hrc_ws/install/realsense_tracker/lib/python3.10/site-packages:/home/duy/Experiment/hrc_ws/install/human_hand_msgs/local/lib/python3.10/dist-packages:/opt/ros/humble/lib/python3.10/site-packages:/opt/ros/humble/local/lib/python3.10/dist-packages', 'LC_NUMERIC': 'en_US.UTF-8', 'LC_PAPER': 'en_US.UTF-8', 'COLCON': '1', 'CMAKE_PREFIX_PATH': '/home/duy/Experiment/hrc_ws/install/human_hand_msgs:/home/duy/kinectv2/install/libfreenect2:/home/duy/kinectv2/install/kinect2_bridge:/home/duy/kinectv2/install/kinect2_registration', 'VSCODE_PID': '13704'}, 'shell': False}
[4.422762] (-) TimerEvent: {}
[4.523069] (-) TimerEvent: {}
[4.605883] (realsense_tracker) StdoutLine: {'line': b'running egg_info\n'}
[4.606316] (realsense_tracker) StdoutLine: {'line': b'creating ../../build/realsense_tracker/realsense_tracker.egg-info\n'}
[4.606570] (realsense_tracker) StdoutLine: {'line': b'writing ../../build/realsense_tracker/realsense_tracker.egg-info/PKG-INFO\n'}
[4.606712] (realsense_tracker) StdoutLine: {'line': b'writing dependency_links to ../../build/realsense_tracker/realsense_tracker.egg-info/dependency_links.txt\n'}
[4.606894] (realsense_tracker) StdoutLine: {'line': b'writing entry points to ../../build/realsense_tracker/realsense_tracker.egg-info/entry_points.txt\n'}
[4.606999] (realsense_tracker) StdoutLine: {'line': b'writing requirements to ../../build/realsense_tracker/realsense_tracker.egg-info/requires.txt\n'}
[4.607097] (realsense_tracker) StdoutLine: {'line': b'writing top-level names to ../../build/realsense_tracker/realsense_tracker.egg-info/top_level.txt\n'}
[4.607207] (realsense_tracker) StdoutLine: {'line': b"writing manifest file '../../build/realsense_tracker/realsense_tracker.egg-info/SOURCES.txt'\n"}
[4.608452] (realsense_tracker) StdoutLine: {'line': b"reading manifest file '../../build/realsense_tracker/realsense_tracker.egg-info/SOURCES.txt'\n"}
[4.609018] (realsense_tracker) StdoutLine: {'line': b"writing manifest file '../../build/realsense_tracker/realsense_tracker.egg-info/SOURCES.txt'\n"}
[4.609295] (realsense_tracker) StdoutLine: {'line': b'running build\n'}
[4.609466] (realsense_tracker) StdoutLine: {'line': b'running build_py\n'}
[4.609566] (realsense_tracker) StdoutLine: {'line': b'creating /home/duy/Experiment/hrc_ws/build/realsense_tracker/build\n'}
[4.609705] (realsense_tracker) StdoutLine: {'line': b'creating /home/duy/Experiment/hrc_ws/build/realsense_tracker/build/lib\n'}
[4.609820] (realsense_tracker) StdoutLine: {'line': b'creating /home/duy/Experiment/hrc_ws/build/realsense_tracker/build/lib/realsense_tracker\n'}
[4.609948] (realsense_tracker) StdoutLine: {'line': b'copying realsense_tracker/__init__.py -> /home/duy/Experiment/hrc_ws/build/realsense_tracker/build/lib/realsense_tracker\n'}
[4.610079] (realsense_tracker) StdoutLine: {'line': b'copying realsense_tracker/realsense_node.py -> /home/duy/Experiment/hrc_ws/build/realsense_tracker/build/lib/realsense_tracker\n'}
[4.610201] (realsense_tracker) StdoutLine: {'line': b'running install\n'}
[4.610298] (realsense_tracker) StdoutLine: {'line': b'running install_lib\n'}
[4.610553] (realsense_tracker) StdoutLine: {'line': b'creating /home/duy/Experiment/hrc_ws/install/realsense_tracker/lib/python3.10/site-packages/realsense_tracker\n'}
[4.610690] (realsense_tracker) StdoutLine: {'line': b'copying /home/duy/Experiment/hrc_ws/build/realsense_tracker/build/lib/realsense_tracker/__init__.py -> /home/duy/Experiment/hrc_ws/install/realsense_tracker/lib/python3.10/site-packages/realsense_tracker\n'}
[4.610792] (realsense_tracker) StdoutLine: {'line': b'copying /home/duy/Experiment/hrc_ws/build/realsense_tracker/build/lib/realsense_tracker/realsense_node.py -> /home/duy/Experiment/hrc_ws/install/realsense_tracker/lib/python3.10/site-packages/realsense_tracker\n'}
[4.611238] (realsense_tracker) StdoutLine: {'line': b'byte-compiling /home/duy/Experiment/hrc_ws/install/realsense_tracker/lib/python3.10/site-packages/realsense_tracker/__init__.py to __init__.cpython-310.pyc\n'}
[4.611502] (realsense_tracker) StdoutLine: {'line': b'byte-compiling /home/duy/Experiment/hrc_ws/install/realsense_tracker/lib/python3.10/site-packages/realsense_tracker/realsense_node.py to realsense_node.cpython-310.pyc\n'}
[4.612880] (realsense_tracker) StdoutLine: {'line': b'running install_data\n'}
[4.613015] (realsense_tracker) StdoutLine: {'line': b'creating /home/duy/Experiment/hrc_ws/install/realsense_tracker/share/ament_index\n'}
[4.613157] (realsense_tracker) StdoutLine: {'line': b'creating /home/duy/Experiment/hrc_ws/install/realsense_tracker/share/ament_index/resource_index\n'}
[4.613255] (realsense_tracker) StdoutLine: {'line': b'creating /home/duy/Experiment/hrc_ws/install/realsense_tracker/share/ament_index/resource_index/packages\n'}
[4.613343] (realsense_tracker) StdoutLine: {'line': b'copying resource/realsense_tracker -> /home/duy/Experiment/hrc_ws/install/realsense_tracker/share/ament_index/resource_index/packages\n'}
[4.613441] (realsense_tracker) StdoutLine: {'line': b'copying package.xml -> /home/duy/Experiment/hrc_ws/install/realsense_tracker/share/realsense_tracker\n'}
[4.613528] (realsense_tracker) StdoutLine: {'line': b'running install_egg_info\n'}
[4.614828] (realsense_tracker) StdoutLine: {'line': b'Copying ../../build/realsense_tracker/realsense_tracker.egg-info to /home/duy/Experiment/hrc_ws/install/realsense_tracker/lib/python3.10/site-packages/realsense_tracker-0.0.0-py3.10.egg-info\n'}
[4.615390] (realsense_tracker) StdoutLine: {'line': b'running install_scripts\n'}
[4.615543] (trajectory_predictor) StdoutLine: {'line': b'running develop\n'}
[4.623145] (-) TimerEvent: {}
[4.633531] (experiment_logger) StdoutLine: {'line': b'running develop\n'}
[4.634118] (realsense_tracker) StdoutLine: {'line': b'Installing realsense_node script to /home/duy/Experiment/hrc_ws/install/realsense_tracker/lib/realsense_tracker\n'}
[4.634526] (realsense_tracker) StdoutLine: {'line': b"writing list of installed files to '/home/duy/Experiment/hrc_ws/build/realsense_tracker/install.log'\n"}
[4.656482] (predictor_ui) StdoutLine: {'line': b'running develop\n'}
[4.664643] (realsense_tracker) CommandEnded: {'returncode': 0}
[4.670352] (realsense_tracker) JobEnded: {'identifier': 'realsense_tracker', 'rc': 0}
[4.723252] (-) TimerEvent: {}
[4.768375] (trajectory_predictor) StdoutLine: {'line': b'Removing /home/duy/Experiment/hrc_ws/install/trajectory_predictor/lib/python3.10/site-packages/trajectory-predictor.egg-link (link to .)\n'}
[4.813038] (experiment_logger) StdoutLine: {'line': b'Removing /home/duy/Experiment/hrc_ws/install/experiment_logger/lib/python3.10/site-packages/experiment-logger.egg-link (link to .)\n'}
[4.819194] (trajectory_predictor) CommandEnded: {'returncode': 0}
[4.820390] (trajectory_predictor) Command: {'cmd': ['/usr/bin/python3', '-W', 'ignore:setup.py install is deprecated', '-W', 'ignore:easy_install command is deprecated', 'setup.py', 'egg_info', '--egg-base', '../../build/trajectory_predictor', 'build', '--build-base', '/home/duy/Experiment/hrc_ws/build/trajectory_predictor/build', 'install', '--record', '/home/duy/Experiment/hrc_ws/build/trajectory_predictor/install.log', '--single-version-externally-managed', 'install_data', '--force'], 'cwd': '/home/duy/Experiment/hrc_ws/src/trajectory_predictor', 'env': {'GJS_DEBUG_TOPICS': 'JS ERROR;JS LOG', 'LESSOPEN': '| /usr/bin/lesspipe %s', 'VSCODE_CWD': '/home/duy', 'USER': 'duy', 'LC_TIME': 'en_US.UTF-8', 'VSCODE_NLS_CONFIG': '{"userLocale":"en-us","osLocale":"en-us","resolvedLanguage":"en","defaultMessagesFile":"/usr/share/antigravity/resources/app/out/nls.messages.json","locale":"en-us","availableLanguages":{}}', 'XDG_SESSION_TYPE': 'wayland', 'ROS_PACKAGE_PATH': '/home/duy/Experiment/hrc_ws/install/human_hand_msgs/share', 'SHLVL': '0', 'LD_LIBRARY_PATH': '/home/duy/Experiment/hrc_ws/install/human_hand_msgs/lib:/usr/local/lib/nuitrack:/home/duy/kinectv2/install/libfreenect2/lib:/home/duy/kinectv2/install/kinect2_registration/lib:/usr/lib/x86_64-linux-gnu/gazebo-11/plugins:/opt/ros/humble/opt/rviz_ogre_vendor/lib:/opt/ros/humble/lib/x86_64-linux-gnu:/opt/ros/humble/lib:/usr/local/lib/nuitrack:/usr/local/lib/nuitrack', 'HOME': '/home/duy', 'CHROME_DESKTOP': 'antigravity.desktop', 'OLDPWD': '/home/duy/Experiment/hrc_ws', 'DESKTOP_SESSION': 'ubuntu', 'VSCODE_IPC_HOOK': '/run/user/1000/vscode-d3248cd9-1.10-main.sock', 'GIO_LAUNCHED_DESKTOP_FILE': '/usr/share/applications/antigravity.desktop', 'ROS_PYTHON_VERSION': '3', 'GNOME_SHELL_SESSION_MODE': 'ubuntu', 'GTK_MODULES': 'gail:atk-bridge', 'PAGER': 'cat', 'LC_MONETARY': 'en_US.UTF-8', 'MANAGERPID': '1102', 'SYSTEMD_EXEC_PID': '1227', 'IM_CONFIG_CHECK_ENV': '1', 'DBUS_SESSION_BUS_ADDRESS': 'unix:path=/run/user/1000/bus', 'ANTIGRAVITY_AGENT': '1', 'GIO_LAUNCHED_DESKTOP_FILE_PID': '13704', 'IM_CONFIG_PHASE': '1', 'WAYLAND_DISPLAY': 'wayland-0', 'COLCON_PREFIX_PATH': '/home/duy/kinectv2/install', 'ROS_DISTRO': 'humble', 'GTK_IM_MODULE': 'ibus', 'LOGNAME': 'duy', 'JOURNAL_STREAM': '8:6619', '_': '/usr/bin/colcon', 'ROS_VERSION': '2', 'XDG_SESSION_CLASS': 'user', 'PKG_CONFIG_PATH': '/home/duy/Experiment/hrc_ws/install/human_hand_msgs/lib/x86_64-linux-gnu/pkgconfig:/home/duy/Experiment/hrc_ws/install/human_hand_msgs/lib/pkgconfig', 'USERNAME': 'duy', 'TERM': 'dumb', 'GNOME_DESKTOP_SESSION_ID': 'this-is-deprecated', 'FC_FONTATIONS': '1', 'ROS_LOCALHOST_ONLY': '0', 'ANTIGRAVITY_EDITOR_APP_ROOT': '/usr/share/antigravity/resources/app', 'PATH': '/home/duy/.local/bin:/opt/ros/humble/bin:/home/duy/.local/bin:/usr/local/sbin:/usr/local/bin:/usr/sbin:/usr/bin:/sbin:/bin:/usr/games:/usr/local/games:/snap/bin:/snap/bin:/home/duy/libfreenect2/build/bin', 'SESSION_MANAGER': 'local/duy-Vivobook-ASUSLaptop-X1503ZA-A1503ZA:@/tmp/.ICE-unix/1197,unix/duy-Vivobook-ASUSLaptop-X1503ZA-A1503ZA:/tmp/.ICE-unix/1197', 'INVOCATION_ID': 'caa7194b4a5c407f882e618f5dd7ff1e', 'PAPERSIZE': 'letter', 'XDG_MENU_PREFIX': 'gnome-', 'LC_ADDRESS': 'en_US.UTF-8', 'GNOME_SETUP_DISPLAY': ':1', 'XDG_RUNTIME_DIR': '/run/user/1000', 'GDK_BACKEND': 'wayland', 'DISPLAY': ':0', 'LANG': 'en_US.UTF-8', 'XDG_CURRENT_DESKTOP': 'ubuntu:GNOME', 'LC_TELEPHONE': 'en_US.UTF-8', 'RMW_IMPLEMENTATION': 'rmw_fastrtps_cpp', 'XMODIFIERS': '@im=ibus', 'XDG_SESSION_DESKTOP': 'ubuntu', 'XAUTHORITY': '/run/user/1000/.mutter-Xwaylandauth.EQ1FO3', 'LS_COLORS': '', 'SSH_AGENT_LAUNCHER': 'gnome-keyring', 'SSH_AUTH_SOCK': '/run/user/1000/keyring/ssh', 'ROS_DOMAIN_ID': '0', 'AMENT_PREFIX_PATH': '/home/duy/kinectv2/install/kinect2_bridge:/home/duy/kinectv2/install/kinect2_registration:/opt/ros/humble', 'NUITRACK_HOME': '/usr/etc/nuitrack', 'SHELL': '/bin/bash', 'LC_NAME': 'en_US.UTF-8', 'QT_ACCESSIBILITY': '1', 'GDMSESSION': 'ubuntu', 'LESSCLOSE': '/usr/bin/lesspipe %s %s', 'LC_MEASUREMENT': 'en_US.UTF-8', 'GJS_DEBUG_OUTPUT': 'stderr', 'LC_IDENTIFICATION': 'en_US.UTF-8', 'QT_IM_MODULE': 'ibus', 'ANTIGRAVITY_TRAJECTORY_ID': '244b4c34-7a87-42c2-807e-16430302bfb1', 'PWD': '/home/duy/Experiment/hrc_ws/build/trajectory_predictor', 'LC_ALL': 'en_US.UTF-8', 'XDG_CONFIG_DIRS': '/etc/xdg/xdg-ubuntu:/etc/xdg', 'VSCODE_CODE_CACHE_PATH': '/home/duy/.config/Antigravity/CachedData/15487b3041e65228cae24980a3f796c905ef582c', 'XDG_DATA_DIRS': '/usr/share/ubuntu:/usr/local/share/:/usr/share/:/var/lib/snapd/desktop', 'PYTHONPATH': '/home/duy/Experiment/hrc_ws/build/trajectory_predictor/prefix_override:/usr/lib/python3/dist-packages/colcon_core/task/python/colcon_distutils_commands:/home/duy/Experiment/hrc_ws/install/trajectory_predictor/lib/python3.10/site-packages:/home/duy/Experiment/hrc_ws/install/human_hand_msgs/local/lib/python3.10/dist-packages:/opt/ros/humble/lib/python3.10/site-packages:/opt/ros/humble/local/lib/python3.10/dist-packages', 'LC_NUMERIC': 'en_US.UTF-8', 'LC_PAPER': 'en_US.UTF-8', 'COLCON': '1', 'CMAKE_PREFIX_PATH': '/home/duy/Experiment/hrc_ws/install/human_hand_msgs:/home/duy/kinectv2/install/libfreenect2:/home/duy/kinectv2/install/kinect2_bridge:/home/duy/kinectv2/install/kinect2_registration', 'VSCODE_PID': '13704'}, 'shell': False}
[4.823342] (-) TimerEvent: {}
[4.827669] (predictor_ui) StdoutLine: {'line': b'Removing /home/duy/Experiment/hrc_ws/install/predictor_ui/lib/python3.10/site-packages/predictor-ui.egg-link (link to .)\n'}
[4.895890] (experiment_logger) CommandEnded: {'returncode': 0}
[4.900384] (experiment_logger) Command: {'cmd': ['/usr/bin/python3', '-W', 'ignore:setup.py install is deprecated', '-W', 'ignore:easy_install command is deprecated', 'setup.py', 'egg_info', '--egg-base', '../../build/experiment_logger', 'build', '--build-base', '/home/duy/Experiment/hrc_ws/build/experiment_logger/build', 'install', '--record', '/home/duy/Experiment/hrc_ws/build/experiment_logger/install.log', '--single-version-externally-managed', 'install_data', '--force'], 'cwd': '/home/duy/Experiment/hrc_ws/src/experiment_logger', 'env': {'GJS_DEBUG_TOPICS': 'JS ERROR;JS LOG', 'LESSOPEN': '| /usr/bin/lesspipe %s', 'VSCODE_CWD': '/home/duy', 'USER': 'duy', 'LC_TIME': 'en_US.UTF-8', 'VSCODE_NLS_CONFIG': '{"userLocale":"en-us","osLocale":"en-us","resolvedLanguage":"en","defaultMessagesFile":"/usr/share/antigravity/resources/app/out/nls.messages.json","locale":"en-us","availableLanguages":{}}', 'XDG_SESSION_TYPE': 'wayland', 'ROS_PACKAGE_PATH': '/home/duy/Experiment/hrc_ws/install/human_hand_msgs/share', 'SHLVL': '0', 'LD_LIBRARY_PATH': '/home/duy/Experiment/hrc_ws/install/human_hand_msgs/lib:/usr/local/lib/nuitrack:/home/duy/kinectv2/install/libfreenect2/lib:/home/duy/kinectv2/install/kinect2_registration/lib:/usr/lib/x86_64-linux-gnu/gazebo-11/plugins:/opt/ros/humble/opt/rviz_ogre_vendor/lib:/opt/ros/humble/lib/x86_64-linux-gnu:/opt/ros/humble/lib:/usr/local/lib/nuitrack:/usr/local/lib/nuitrack', 'HOME': '/home/duy', 'CHROME_DESKTOP': 'antigravity.desktop', 'OLDPWD': '/home/duy/Experiment/hrc_ws', 'DESKTOP_SESSION': 'ubuntu', 'VSCODE_IPC_HOOK': '/run/user/1000/vscode-d3248cd9-1.10-main.sock', 'GIO_LAUNCHED_DESKTOP_FILE': '/usr/share/applications/antigravity.desktop', 'ROS_PYTHON_VERSION': '3', 'GNOME_SHELL_SESSION_MODE': 'ubuntu', 'GTK_MODULES': 'gail:atk-bridge', 'PAGER': 'cat', 'LC_MONETARY': 'en_US.UTF-8', 'MANAGERPID': '1102', 'SYSTEMD_EXEC_PID': '1227', 'IM_CONFIG_CHECK_ENV': '1', 'DBUS_SESSION_BUS_ADDRESS': 'unix:path=/run/user/1000/bus', 'ANTIGRAVITY_AGENT': '1', 'GIO_LAUNCHED_DESKTOP_FILE_PID': '13704', 'IM_CONFIG_PHASE': '1', 'WAYLAND_DISPLAY': 'wayland-0', 'COLCON_PREFIX_PATH': '/home/duy/kinectv2/install', 'ROS_DISTRO': 'humble', 'GTK_IM_MODULE': 'ibus', 'LOGNAME': 'duy', 'JOURNAL_STREAM': '8:6619', '_': '/usr/bin/colcon', 'ROS_VERSION': '2', 'XDG_SESSION_CLASS': 'user', 'PKG_CONFIG_PATH': '/home/duy/Experiment/hrc_ws/install/human_hand_msgs/lib/x86_64-linux-gnu/pkgconfig:/home/duy/Experiment/hrc_ws/install/human_hand_msgs/lib/pkgconfig', 'USERNAME': 'duy', 'TERM': 'dumb', 'GNOME_DESKTOP_SESSION_ID': 'this-is-deprecated', 'FC_FONTATIONS': '1', 'ROS_LOCALHOST_ONLY': '0', 'ANTIGRAVITY_EDITOR_APP_ROOT': '/usr/share/antigravity/resources/app', 'PATH': '/home/duy/.local/bin:/opt/ros/humble/bin:/home/duy/.local/bin:/usr/local/sbin:/usr/local/bin:/usr/sbin:/usr/bin:/sbin:/bin:/usr/games:/usr/local/games:/snap/bin:/snap/bin:/home/duy/libfreenect2/build/bin', 'SESSION_MANAGER': 'local/duy-Vivobook-ASUSLaptop-X1503ZA-A1503ZA:@/tmp/.ICE-unix/1197,unix/duy-Vivobook-ASUSLaptop-X1503ZA-A1503ZA:/tmp/.ICE-unix/1197', 'INVOCATION_ID': 'caa7194b4a5c407f882e618f5dd7ff1e', 'PAPERSIZE': 'letter', 'XDG_MENU_PREFIX': 'gnome-', 'LC_ADDRESS': 'en_US.UTF-8', 'GNOME_SETUP_DISPLAY': ':1', 'XDG_RUNTIME_DIR': '/run/user/1000', 'GDK_BACKEND': 'wayland', 'DISPLAY': ':0', 'LANG': 'en_US.UTF-8', 'XDG_CURRENT_DESKTOP': 'ubuntu:GNOME', 'LC_TELEPHONE': 'en_US.UTF-8', 'RMW_IMPLEMENTATION': 'rmw_fastrtps_cpp', 'XMODIFIERS': '@im=ibus', 'XDG_SESSION_DESKTOP': 'ubuntu', 'XAUTHORITY': '/run/user/1000/.mutter-Xwaylandauth.EQ1FO3', 'LS_COLORS': '', 'SSH_AGENT_LAUNCHER': 'gnome-keyring', 'SSH_AUTH_SOCK': '/run/user/1000/keyring/ssh', 'ROS_DOMAIN_ID': '0', 'AMENT_PREFIX_PATH': '/home/duy/kinectv2/install/kinect2_bridge:/home/duy/kinectv2/install/kinect2_registration:/opt/ros/humble', 'NUITRACK_HOME': '/usr/etc/nuitrack', 'SHELL': '/bin/bash', 'LC_NAME': 'en_US.UTF-8', 'QT_ACCESSIBILITY': '1', 'GDMSESSION': 'ubuntu', 'LESSCLOSE': '/usr/bin/lesspipe %s %s', 'LC_MEASUREMENT': 'en_US.UTF-8', 'GJS_DEBUG_OUTPUT': 'stderr', 'LC_IDENTIFICATION': 'en_US.UTF-8', 'QT_IM_MODULE': 'ibus', 'ANTIGRAVITY_TRAJECTORY_ID': '244b4c34-7a87-42c2-807e-16430302bfb1', 'PWD': '/home/duy/Experiment/hrc_ws/build/experiment_logger', 'LC_ALL': 'en_US.UTF-8', 'XDG_CONFIG_DIRS': '/etc/xdg/xdg-ubuntu:/etc/xdg', 'VSCODE_CODE_CACHE_PATH': '/home/duy/.config/Antigravity/CachedData/15487b3041e65228cae24980a3f796c905ef582c', 'XDG_DATA_DIRS': '/usr/share/ubuntu:/usr/local/share/:/usr/share/:/var/lib/snapd/desktop', 'PYTHONPATH': '/home/duy/Experiment/hrc_ws/build/experiment_logger/prefix_override:/usr/lib/python3/dist-packages/colcon_core/task/python/colcon_distutils_commands:/home/duy/Experiment/hrc_ws/install/experiment_logger/lib/python3.10/site-packages:/home/duy/Experiment/hrc_ws/install/human_hand_msgs/local/lib/python3.10/dist-packages:/opt/ros/humble/lib/python3.10/site-packages:/opt/ros/humble/local/lib/python3.10/dist-packages', 'LC_NUMERIC': 'en_US.UTF-8', 'LC_PAPER': 'en_US.UTF-8', 'COLCON': '1', 'CMAKE_PREFIX_PATH': '/home/duy/Experiment/hrc_ws/install/human_hand_msgs:/home/duy/kinectv2/install/libfreenect2:/home/duy/kinectv2/install/kinect2_bridge:/home/duy/kinectv2/install/kinect2_registration', 'VSCODE_PID': '13704'}, 'shell': False}
[4.911024] (predictor_ui) CommandEnded: {'returncode': 0}
[4.913443] (predictor_ui) Command: {'cmd': ['/usr/bin/python3', '-W', 'ignore:setup.py install is deprecated', '-W', 'ignore:easy_install command is deprecated', 'setup.py', 'egg_info', '--egg-base', '../../build/predictor_ui', 'build', '--build-base', '/home/duy/Experiment/hrc_ws/build/predictor_ui/build', 'install', '--record', '/home/duy/Experiment/hrc_ws/build/predictor_ui/install.log', '--single-version-externally-managed', 'install_data', '--force'], 'cwd': '/home/duy/Experiment/hrc_ws/src/predictor_ui', 'env': {'GJS_DEBUG_TOPICS': 'JS ERROR;JS LOG', 'LESSOPEN': '| /usr/bin/lesspipe %s', 'VSCODE_CWD': '/home/duy', 'USER': 'duy', 'LC_TIME': 'en_US.UTF-8', 'VSCODE_NLS_CONFIG': '{"userLocale":"en-us","osLocale":"en-us","resolvedLanguage":"en","defaultMessagesFile":"/usr/share/antigravity/resources/app/out/nls.messages.json","locale":"en-us","availableLanguages":{}}', 'XDG_SESSION_TYPE': 'wayland', 'ROS_PACKAGE_PATH': '/home/duy/Experiment/hrc_ws/install/human_hand_msgs/share', 'SHLVL': '0', 'LD_LIBRARY_PATH': '/home/duy/Experiment/hrc_ws/install/human_hand_msgs/lib:/usr/local/lib/nuitrack:/home/duy/kinectv2/install/libfreenect2/lib:/home/duy/kinectv2/install/kinect2_registration/lib:/usr/lib/x86_64-linux-gnu/gazebo-11/plugins:/opt/ros/humble/opt/rviz_ogre_vendor/lib:/opt/ros/humble/lib/x86_64-linux-gnu:/opt/ros/humble/lib:/usr/local/lib/nuitrack:/usr/local/lib/nuitrack', 'HOME': '/home/duy', 'CHROME_DESKTOP': 'antigravity.desktop', 'OLDPWD': '/home/duy/Experiment/hrc_ws', 'DESKTOP_SESSION': 'ubuntu', 'VSCODE_IPC_HOOK': '/run/user/1000/vscode-d3248cd9-1.10-main.sock', 'GIO_LAUNCHED_DESKTOP_FILE': '/usr/share/applications/antigravity.desktop', 'ROS_PYTHON_VERSION': '3', 'GNOME_SHELL_SESSION_MODE': 'ubuntu', 'GTK_MODULES': 'gail:atk-bridge', 'PAGER': 'cat', 'LC_MONETARY': 'en_US.UTF-8', 'MANAGERPID': '1102', 'SYSTEMD_EXEC_PID': '1227', 'IM_CONFIG_CHECK_ENV': '1', 'DBUS_SESSION_BUS_ADDRESS': 'unix:path=/run/user/1000/bus', 'ANTIGRAVITY_AGENT': '1', 'GIO_LAUNCHED_DESKTOP_FILE_PID': '13704', 'IM_CONFIG_PHASE': '1', 'WAYLAND_DISPLAY': 'wayland-0', 'COLCON_PREFIX_PATH': '/home/duy/kinectv2/install', 'ROS_DISTRO': 'humble', 'GTK_IM_MODULE': 'ibus', 'LOGNAME': 'duy', 'JOURNAL_STREAM': '8:6619', '_': '/usr/bin/colcon', 'ROS_VERSION': '2', 'XDG_SESSION_CLASS': 'user', 'PKG_CONFIG_PATH': '/home/duy/Experiment/hrc_ws/install/human_hand_msgs/lib/x86_64-linux-gnu/pkgconfig:/home/duy/Experiment/hrc_ws/install/human_hand_msgs/lib/pkgconfig', 'USERNAME': 'duy', 'TERM': 'dumb', 'GNOME_DESKTOP_SESSION_ID': 'this-is-deprecated', 'FC_FONTATIONS': '1', 'ROS_LOCALHOST_ONLY': '0', 'ANTIGRAVITY_EDITOR_APP_ROOT': '/usr/share/antigravity/resources/app', 'PATH': '/home/duy/.local/bin:/opt/ros/humble/bin:/home/duy/.local/bin:/usr/local/sbin:/usr/local/bin:/usr/sbin:/usr/bin:/sbin:/bin:/usr/games:/usr/local/games:/snap/bin:/snap/bin:/home/duy/libfreenect2/build/bin', 'SESSION_MANAGER': 'local/duy-Vivobook-ASUSLaptop-X1503ZA-A1503ZA:@/tmp/.ICE-unix/1197,unix/duy-Vivobook-ASUSLaptop-X1503ZA-A1503ZA:/tmp/.ICE-unix/1197', 'INVOCATION_ID': 'caa7194b4a5c407f882e618f5dd7ff1e', 'PAPERSIZE': 'letter', 'XDG_MENU_PREFIX': 'gnome-', 'LC_ADDRESS': 'en_US.UTF-8', 'GNOME_SETUP_DISPLAY': ':1', 'XDG_RUNTIME_DIR': '/run/user/1000', 'GDK_BACKEND': 'wayland', 'DISPLAY': ':0', 'LANG': 'en_US.UTF-8', 'XDG_CURRENT_DESKTOP': 'ubuntu:GNOME', 'LC_TELEPHONE': 'en_US.UTF-8', 'RMW_IMPLEMENTATION': 'rmw_fastrtps_cpp', 'XMODIFIERS': '@im=ibus', 'XDG_SESSION_DESKTOP': 'ubuntu', 'XAUTHORITY': '/run/user/1000/.mutter-Xwaylandauth.EQ1FO3', 'LS_COLORS': '', 'SSH_AGENT_LAUNCHER': 'gnome-keyring', 'SSH_AUTH_SOCK': '/run/user/1000/keyring/ssh', 'ROS_DOMAIN_ID': '0', 'AMENT_PREFIX_PATH': '/home/duy/kinectv2/install/kinect2_bridge:/home/duy/kinectv2/install/kinect2_registration:/opt/ros/humble', 'NUITRACK_HOME': '/usr/etc/nuitrack', 'SHELL': '/bin/bash', 'LC_NAME': 'en_US.UTF-8', 'QT_ACCESSIBILITY': '1', 'GDMSESSION': 'ubuntu', 'LESSCLOSE': '/usr/bin/lesspipe %s %s', 'LC_MEASUREMENT': 'en_US.UTF-8', 'GJS_DEBUG_OUTPUT': 'stderr', 'LC_IDENTIFICATION': 'en_US.UTF-8', 'QT_IM_MODULE': 'ibus', 'ANTIGRAVITY_TRAJECTORY_ID': '244b4c34-7a87-42c2-807e-16430302bfb1', 'PWD': '/home/duy/Experiment/hrc_ws/build/predictor_ui', 'LC_ALL': 'en_US.UTF-8', 'XDG_CONFIG_DIRS': '/etc/xdg/xdg-ubuntu:/etc/xdg', 'VSCODE_CODE_CACHE_PATH': '/home/duy/.config/Antigravity/CachedData/15487b3041e65228cae24980a3f796c905ef582c', 'XDG_DATA_DIRS': '/usr/share/ubuntu:/usr/local/share/:/usr/share/:/var/lib/snapd/desktop', 'PYTHONPATH': '/home/duy/Experiment/hrc_ws/build/predictor_ui/prefix_override:/usr/lib/python3/dist-packages/colcon_core/task/python/colcon_distutils_commands:/home/duy/Experiment/hrc_ws/install/predictor_ui/lib/python3.10/site-packages:/home/duy/Experiment/hrc_ws/install/human_hand_msgs/local/lib/python3.10/dist-packages:/opt/ros/humble/lib/python3.10/site-packages:/opt/ros/humble/local/lib/python3.10/dist-packages', 'LC_NUMERIC': 'en_US.UTF-8', 'LC_PAPER': 'en_US.UTF-8', 'COLCON': '1', 'CMAKE_PREFIX_PATH': '/home/duy/Experiment/hrc_ws/install/human_hand_msgs:/home/duy/kinectv2/install/libfreenect2:/home/duy/kinectv2/install/kinect2_bridge:/home/duy/kinectv2/install/kinect2_registration', 'VSCODE_PID': '13704'}, 'shell': False}
[4.923479] (-) TimerEvent: {}
[5.023981] (-) TimerEvent: {}
[5.121883] (trajectory_predictor) StdoutLine: {'line': b'running egg_info\n'}
[5.122319] (trajectory_predictor) StdoutLine: {'line': b'writing ../../build/trajectory_predictor/trajectory_predictor.egg-info/PKG-INFO\n'}
[5.122595] (trajectory_predictor) StdoutLine: {'line': b'writing dependency_links to ../../build/trajectory_predictor/trajectory_predictor.egg-info/dependency_links.txt\n'}
[5.122716] (trajectory_predictor) StdoutLine: {'line': b'writing entry points to ../../build/trajectory_predictor/trajectory_predictor.egg-info/entry_points.txt\n'}
[5.122849] (trajectory_predictor) StdoutLine: {'line': b'writing requirements to ../../build/trajectory_predictor/trajectory_predictor.egg-info/requires.txt\n'}
[5.122931] (trajectory_predictor) StdoutLine: {'line': b'writing top-level names to ../../build/trajectory_predictor/trajectory_predictor.egg-info/top_level.txt\n'}
[5.124041] (-) TimerEvent: {}
[5.124427] (trajectory_predictor) StdoutLine: {'line': b"reading manifest file '../../build/trajectory_predictor/trajectory_predictor.egg-info/SOURCES.txt'\n"}
[5.125556] (trajectory_predictor) StdoutLine: {'line': b"writing manifest file '../../build/trajectory_predictor/trajectory_predictor.egg-info/SOURCES.txt'\n"}
[5.125818] (trajectory_predictor) StdoutLine: {'line': b'running build\n'}
[5.125959] (trajectory_predictor) StdoutLine: {'line': b'running build_py\n'}
[5.126063] (trajectory_predictor) StdoutLine: {'line': b'copying trajectory_predictor/predictor_node.py -> /home/duy/Experiment/hrc_ws/build/trajectory_predictor/build/lib/trajectory_predictor\n'}
[5.126222] (trajectory_predictor) StdoutLine: {'line': b'running install\n'}
[5.126354] (trajectory_predictor) StdoutLine: {'line': b'running install_lib\n'}
[5.126886] (trajectory_predictor) StdoutLine: {'line': b'creating /home/duy/Experiment/hrc_ws/install/trajectory_predictor/lib/python3.10/site-packages/trajectory_predictor\n'}
[5.127008] (trajectory_predictor) StdoutLine: {'line': b'copying /home/duy/Experiment/hrc_ws/build/trajectory_predictor/build/lib/trajectory_predictor/inference_worker.py -> /home/duy/Experiment/hrc_ws/install/trajectory_predictor/lib/python3.10/site-packages/trajectory_predictor\n'}
[5.127341] (trajectory_predictor) StdoutLine: {'line': b'copying /home/duy/Experiment/hrc_ws/build/trajectory_predictor/build/lib/trajectory_predictor/__init__.py -> /home/duy/Experiment/hrc_ws/install/trajectory_predictor/lib/python3.10/site-packages/trajectory_predictor\n'}
[5.127484] (trajectory_predictor) StdoutLine: {'line': b'copying /home/duy/Experiment/hrc_ws/build/trajectory_predictor/build/lib/trajectory_predictor/model_manager.py -> /home/duy/Experiment/hrc_ws/install/trajectory_predictor/lib/python3.10/site-packages/trajectory_predictor\n'}
[5.127798] (trajectory_predictor) StdoutLine: {'line': b'copying /home/duy/Experiment/hrc_ws/build/trajectory_predictor/build/lib/trajectory_predictor/predictor_node.py -> /home/duy/Experiment/hrc_ws/install/trajectory_predictor/lib/python3.10/site-packages/trajectory_predictor\n'}
[5.128474] (trajectory_predictor) StdoutLine: {'line': b'byte-compiling /home/duy/Experiment/hrc_ws/install/trajectory_predictor/lib/python3.10/site-packages/trajectory_predictor/inference_worker.py to inference_worker.cpython-310.pyc\n'}
[5.129957] (trajectory_predictor) StdoutLine: {'line': b'byte-compiling /home/duy/Experiment/hrc_ws/install/trajectory_predictor/lib/python3.10/site-packages/trajectory_predictor/__init__.py to __init__.cpython-310.pyc\n'}
[5.130098] (trajectory_predictor) StdoutLine: {'line': b'byte-compiling /home/duy/Experiment/hrc_ws/install/trajectory_predictor/lib/python3.10/site-packages/trajectory_predictor/model_manager.py to model_manager.cpython-310.pyc\n'}
[5.130217] (trajectory_predictor) StdoutLine: {'line': b'byte-compiling /home/duy/Experiment/hrc_ws/install/trajectory_predictor/lib/python3.10/site-packages/trajectory_predictor/predictor_node.py to predictor_node.cpython-310.pyc\n'}
[5.132057] (trajectory_predictor) StdoutLine: {'line': b'running install_data\n'}
[5.132220] (trajectory_predictor) StdoutLine: {'line': b'copying resource/trajectory_predictor -> /home/duy/Experiment/hrc_ws/install/trajectory_predictor/share/ament_index/resource_index/packages\n'}
[5.132353] (trajectory_predictor) StdoutLine: {'line': b'copying package.xml -> /home/duy/Experiment/hrc_ws/install/trajectory_predictor/share/trajectory_predictor\n'}
[5.132457] (trajectory_predictor) StdoutLine: {'line': b'copying config/predictor_params.yaml -> /home/duy/Experiment/hrc_ws/install/trajectory_predictor/share/trajectory_predictor/config\n'}
[5.132583] (trajectory_predictor) StdoutLine: {'line': b'running install_egg_info\n'}
[5.133911] (trajectory_predictor) StdoutLine: {'line': b'Copying ../../build/trajectory_predictor/trajectory_predictor.egg-info to /home/duy/Experiment/hrc_ws/install/trajectory_predictor/lib/python3.10/site-packages/trajectory_predictor-0.1.0-py3.10.egg-info\n'}
[5.134452] (trajectory_predictor) StdoutLine: {'line': b'running install_scripts\n'}
[5.153011] (trajectory_predictor) StdoutLine: {'line': b'Installing predictor_node script to /home/duy/Experiment/hrc_ws/install/trajectory_predictor/lib/trajectory_predictor\n'}
[5.153349] (trajectory_predictor) StdoutLine: {'line': b"writing list of installed files to '/home/duy/Experiment/hrc_ws/build/trajectory_predictor/install.log'\n"}
[5.170776] (experiment_logger) StdoutLine: {'line': b'running egg_info\n'}
[5.171260] (experiment_logger) StdoutLine: {'line': b'writing ../../build/experiment_logger/experiment_logger.egg-info/PKG-INFO\n'}
[5.171446] (experiment_logger) StdoutLine: {'line': b'writing dependency_links to ../../build/experiment_logger/experiment_logger.egg-info/dependency_links.txt\n'}
[5.171574] (experiment_logger) StdoutLine: {'line': b'writing entry points to ../../build/experiment_logger/experiment_logger.egg-info/entry_points.txt\n'}
[5.171707] (experiment_logger) StdoutLine: {'line': b'writing requirements to ../../build/experiment_logger/experiment_logger.egg-info/requires.txt\n'}
[5.171794] (experiment_logger) StdoutLine: {'line': b'writing top-level names to ../../build/experiment_logger/experiment_logger.egg-info/top_level.txt\n'}
[5.173116] (experiment_logger) StdoutLine: {'line': b"reading manifest file '../../build/experiment_logger/experiment_logger.egg-info/SOURCES.txt'\n"}
[5.174251] (experiment_logger) StdoutLine: {'line': b"writing manifest file '../../build/experiment_logger/experiment_logger.egg-info/SOURCES.txt'\n"}
[5.174469] (experiment_logger) StdoutLine: {'line': b'running build\n'}
[5.174579] (experiment_logger) StdoutLine: {'line': b'running build_py\n'}
[5.174624] (experiment_logger) StdoutLine: {'line': b'copying experiment_logger/logger_node.py -> /home/duy/Experiment/hrc_ws/build/experiment_logger/build/lib/experiment_logger\n'}
[5.174664] (experiment_logger) StdoutLine: {'line': b'running install\n'}
[5.174768] (experiment_logger) StdoutLine: {'line': b'running install_lib\n'}
[5.175470] (experiment_logger) StdoutLine: {'line': b'creating /home/duy/Experiment/hrc_ws/install/experiment_logger/lib/python3.10/site-packages/experiment_logger\n'}
[5.175626] (experiment_logger) StdoutLine: {'line': b'copying /home/duy/Experiment/hrc_ws/build/experiment_logger/build/lib/experiment_logger/__init__.py -> /home/duy/Experiment/hrc_ws/install/experiment_logger/lib/python3.10/site-packages/experiment_logger\n'}
[5.175675] (experiment_logger) StdoutLine: {'line': b'copying /home/duy/Experiment/hrc_ws/build/experiment_logger/build/lib/experiment_logger/logger_node.py -> /home/duy/Experiment/hrc_ws/install/experiment_logger/lib/python3.10/site-packages/experiment_logger\n'}
[5.176131] (experiment_logger) StdoutLine: {'line': b'byte-compiling /home/duy/Experiment/hrc_ws/install/experiment_logger/lib/python3.10/site-packages/experiment_logger/__init__.py to __init__.cpython-310.pyc\n'}
[5.176371] (experiment_logger) StdoutLine: {'line': b'byte-compiling /home/duy/Experiment/hrc_ws/install/experiment_logger/lib/python3.10/site-packages/experiment_logger/logger_node.py to logger_node.cpython-310.pyc\n'}
[5.177951] (trajectory_predictor) CommandEnded: {'returncode': 0}
[5.178412] (experiment_logger) StdoutLine: {'line': b'running install_data\n'}
[5.178619] (experiment_logger) StdoutLine: {'line': b'copying resource/experiment_logger -> /home/duy/Experiment/hrc_ws/install/experiment_logger/share/ament_index/resource_index/packages\n'}
[5.178671] (experiment_logger) StdoutLine: {'line': b'copying package.xml -> /home/duy/Experiment/hrc_ws/install/experiment_logger/share/experiment_logger\n'}
[5.178713] (experiment_logger) StdoutLine: {'line': b'running install_egg_info\n'}
[5.180183] (experiment_logger) StdoutLine: {'line': b'Copying ../../build/experiment_logger/experiment_logger.egg-info to /home/duy/Experiment/hrc_ws/install/experiment_logger/lib/python3.10/site-packages/experiment_logger-0.1.0-py3.10.egg-info\n'}
[5.181068] (experiment_logger) StdoutLine: {'line': b'running install_scripts\n'}
[5.183180] (trajectory_predictor) JobEnded: {'identifier': 'trajectory_predictor', 'rc': 0}
[5.185593] (predictor_ui) StdoutLine: {'line': b'running egg_info\n'}
[5.185938] (predictor_ui) StdoutLine: {'line': b'writing ../../build/predictor_ui/predictor_ui.egg-info/PKG-INFO\n'}
[5.186139] (predictor_ui) StdoutLine: {'line': b'writing dependency_links to ../../build/predictor_ui/predictor_ui.egg-info/dependency_links.txt\n'}
[5.186233] (predictor_ui) StdoutLine: {'line': b'writing entry points to ../../build/predictor_ui/predictor_ui.egg-info/entry_points.txt\n'}
[5.186295] (predictor_ui) StdoutLine: {'line': b'writing requirements to ../../build/predictor_ui/predictor_ui.egg-info/requires.txt\n'}
[5.186355] (predictor_ui) StdoutLine: {'line': b'writing top-level names to ../../build/predictor_ui/predictor_ui.egg-info/top_level.txt\n'}
[5.187934] (predictor_ui) StdoutLine: {'line': b"reading manifest file '../../build/predictor_ui/predictor_ui.egg-info/SOURCES.txt'\n"}
[5.188710] (predictor_ui) StdoutLine: {'line': b"writing manifest file '../../build/predictor_ui/predictor_ui.egg-info/SOURCES.txt'\n"}
[5.188773] (predictor_ui) StdoutLine: {'line': b'running build\n'}
[5.188814] (predictor_ui) StdoutLine: {'line': b'running build_py\n'}
[5.188880] (predictor_ui) StdoutLine: {'line': b'copying predictor_ui/ui_node.py -> /home/duy/Experiment/hrc_ws/build/predictor_ui/build/lib/predictor_ui\n'}
[5.189038] (predictor_ui) StdoutLine: {'line': b'running install\n'}
[5.189314] (predictor_ui) StdoutLine: {'line': b'running install_lib\n'}
[5.189964] (predictor_ui) StdoutLine: {'line': b'creating /home/duy/Experiment/hrc_ws/install/predictor_ui/lib/python3.10/site-packages/predictor_ui\n'}
[5.190010] (predictor_ui) StdoutLine: {'line': b'copying /home/duy/Experiment/hrc_ws/build/predictor_ui/build/lib/predictor_ui/ui_node.py -> /home/duy/Experiment/hrc_ws/install/predictor_ui/lib/python3.10/site-packages/predictor_ui\n'}
[5.190064] (predictor_ui) StdoutLine: {'line': b'copying /home/duy/Experiment/hrc_ws/build/predictor_ui/build/lib/predictor_ui/__init__.py -> /home/duy/Experiment/hrc_ws/install/predictor_ui/lib/python3.10/site-packages/predictor_ui\n'}
[5.190649] (predictor_ui) StdoutLine: {'line': b'byte-compiling /home/duy/Experiment/hrc_ws/install/predictor_ui/lib/python3.10/site-packages/predictor_ui/ui_node.py to ui_node.cpython-310.pyc\n'}
[5.193548] (predictor_ui) StdoutLine: {'line': b'byte-compiling /home/duy/Experiment/hrc_ws/install/predictor_ui/lib/python3.10/site-packages/predictor_ui/__init__.py to __init__.cpython-310.pyc\n'}
[5.193889] (predictor_ui) StdoutLine: {'line': b'running install_data\n'}
[5.194014] (predictor_ui) StdoutLine: {'line': b'copying resource/predictor_ui -> /home/duy/Experiment/hrc_ws/install/predictor_ui/share/ament_index/resource_index/packages\n'}
[5.194168] (predictor_ui) StdoutLine: {'line': b'copying package.xml -> /home/duy/Experiment/hrc_ws/install/predictor_ui/share/predictor_ui\n'}
[5.194271] (predictor_ui) StdoutLine: {'line': b'running install_egg_info\n'}
[5.195615] (predictor_ui) StdoutLine: {'line': b'Copying ../../build/predictor_ui/predictor_ui.egg-info to /home/duy/Experiment/hrc_ws/install/predictor_ui/lib/python3.10/site-packages/predictor_ui-0.1.0-py3.10.egg-info\n'}
[5.196452] (predictor_ui) StdoutLine: {'line': b'running install_scripts\n'}
[5.199254] (experiment_logger) StdoutLine: {'line': b'Installing logger_node script to /home/duy/Experiment/hrc_ws/install/experiment_logger/lib/experiment_logger\n'}
[5.199560] (experiment_logger) StdoutLine: {'line': b"writing list of installed files to '/home/duy/Experiment/hrc_ws/build/experiment_logger/install.log'\n"}
[5.217615] (predictor_ui) StdoutLine: {'line': b'Installing ui_node script to /home/duy/Experiment/hrc_ws/install/predictor_ui/lib/predictor_ui\n'}
[5.217888] (predictor_ui) StdoutLine: {'line': b"writing list of installed files to '/home/duy/Experiment/hrc_ws/build/predictor_ui/install.log'\n"}
[5.222254] (experiment_logger) CommandEnded: {'returncode': 0}
[5.224650] (-) TimerEvent: {}
[5.228085] (experiment_logger) JobEnded: {'identifier': 'experiment_logger', 'rc': 0}
[5.241917] (predictor_ui) CommandEnded: {'returncode': 0}
[5.250816] (predictor_ui) JobEnded: {'identifier': 'predictor_ui', 'rc': 0}
[5.252138] (hrc_bringup) JobStarted: {'identifier': 'hrc_bringup'}
[5.262751] (hrc_bringup) JobProgress: {'identifier': 'hrc_bringup', 'progress': 'cmake'}
[5.263917] (hrc_bringup) Command: {'cmd': ['/usr/bin/cmake', '/home/duy/Experiment/hrc_ws/src/hrc_bringup', '-DCMAKE_INSTALL_PREFIX=/home/duy/Experiment/hrc_ws/install/hrc_bringup'], 'cwd': '/home/duy/Experiment/hrc_ws/build/hrc_bringup', 'env': OrderedDict([('GJS_DEBUG_TOPICS', 'JS ERROR;JS LOG'), ('LESSOPEN', '| /usr/bin/lesspipe %s'), ('VSCODE_CWD', '/home/duy'), ('USER', 'duy'), ('LC_TIME', 'en_US.UTF-8'), ('VSCODE_NLS_CONFIG', '{"userLocale":"en-us","osLocale":"en-us","resolvedLanguage":"en","defaultMessagesFile":"/usr/share/antigravity/resources/app/out/nls.messages.json","locale":"en-us","availableLanguages":{}}'), ('XDG_SESSION_TYPE', 'wayland'), ('ROS_PACKAGE_PATH', '/home/duy/Experiment/hrc_ws/install/human_hand_msgs/share'), ('SHLVL', '0'), ('LD_LIBRARY_PATH', '/home/duy/Experiment/hrc_ws/install/human_hand_msgs/lib:/usr/local/lib/nuitrack:/home/duy/kinectv2/install/libfreenect2/lib:/home/duy/kinectv2/install/kinect2_registration/lib:/usr/lib/x86_64-linux-gnu/gazebo-11/plugins:/opt/ros/humble/opt/rviz_ogre_vendor/lib:/opt/ros/humble/lib/x86_64-linux-gnu:/opt/ros/humble/lib:/usr/local/lib/nuitrack:/usr/local/lib/nuitrack'), ('HOME', '/home/duy'), ('CHROME_DESKTOP', 'antigravity.desktop'), ('OLDPWD', '/home/duy/Experiment/hrc_ws'), ('DESKTOP_SESSION', 'ubuntu'), ('VSCODE_IPC_HOOK', '/run/user/1000/vscode-d3248cd9-1.10-main.sock'), ('GIO_LAUNCHED_DESKTOP_FILE', '/usr/share/applications/antigravity.desktop'), ('ROS_PYTHON_VERSION', '3'), ('GNOME_SHELL_SESSION_MODE', 'ubuntu'), ('GTK_MODULES', 'gail:atk-bridge'), ('PAGER', 'cat'), ('LC_MONETARY', 'en_US.UTF-8'), ('MANAGERPID', '1102'), ('SYSTEMD_EXEC_PID', '1227'), ('IM_CONFIG_CHECK_ENV', '1'), ('DBUS_SESSION_BUS_ADDRESS', 'unix:path=/run/user/1000/bus'), ('ANTIGRAVITY_AGENT', '1'), ('GIO_LAUNCHED_DESKTOP_FILE_PID', '13704'), ('IM_CONFIG_PHASE', '1'), ('WAYLAND_DISPLAY', 'wayland-0'), ('COLCON_PREFIX_PATH', '/home/duy/kinectv2/install'), ('ROS_DISTRO', 'humble'), ('GTK_IM_MODULE', 'ibus'), ('LOGNAME', 'duy'), ('JOURNAL_STREAM', '8:6619'), ('_', '/usr/bin/colcon'), ('ROS_VERSION', '2'), ('XDG_SESSION_CLASS', 'user'), ('PKG_CONFIG_PATH', '/home/duy/Experiment/hrc_ws/install/human_hand_msgs/lib/x86_64-linux-gnu/pkgconfig:/home/duy/Experiment/hrc_ws/install/human_hand_msgs/lib/pkgconfig'), ('USERNAME', 'duy'), ('TERM', 'dumb'), ('GNOME_DESKTOP_SESSION_ID', 'this-is-deprecated'), ('FC_FONTATIONS', '1'), ('ROS_LOCALHOST_ONLY', '0'), ('ANTIGRAVITY_EDITOR_APP_ROOT', '/usr/share/antigravity/resources/app'), ('PATH', '/home/duy/.local/bin:/opt/ros/humble/bin:/home/duy/.local/bin:/usr/local/sbin:/usr/local/bin:/usr/sbin:/usr/bin:/sbin:/bin:/usr/games:/usr/local/games:/snap/bin:/snap/bin:/home/duy/libfreenect2/build/bin'), ('SESSION_MANAGER', 'local/duy-Vivobook-ASUSLaptop-X1503ZA-A1503ZA:@/tmp/.ICE-unix/1197,unix/duy-Vivobook-ASUSLaptop-X1503ZA-A1503ZA:/tmp/.ICE-unix/1197'), ('INVOCATION_ID', 'caa7194b4a5c407f882e618f5dd7ff1e'), ('PAPERSIZE', 'letter'), ('XDG_MENU_PREFIX', 'gnome-'), ('LC_ADDRESS', 'en_US.UTF-8'), ('GNOME_SETUP_DISPLAY', ':1'), ('XDG_RUNTIME_DIR', '/run/user/1000'), ('GDK_BACKEND', 'wayland'), ('DISPLAY', ':0'), ('LANG', 'en_US.UTF-8'), ('XDG_CURRENT_DESKTOP', 'ubuntu:GNOME'), ('LC_TELEPHONE', 'en_US.UTF-8'), ('RMW_IMPLEMENTATION', 'rmw_fastrtps_cpp'), ('XMODIFIERS', '@im=ibus'), ('XDG_SESSION_DESKTOP', 'ubuntu'), ('XAUTHORITY', '/run/user/1000/.mutter-Xwaylandauth.EQ1FO3'), ('LS_COLORS', ''), ('SSH_AGENT_LAUNCHER', 'gnome-keyring'), ('SSH_AUTH_SOCK', '/run/user/1000/keyring/ssh'), ('ROS_DOMAIN_ID', '0'), ('AMENT_PREFIX_PATH', '/home/duy/Experiment/hrc_ws/install/trajectory_predictor:/home/duy/Experiment/hrc_ws/install/realsense_tracker:/home/duy/Experiment/hrc_ws/install/predictor_ui:/home/duy/Experiment/hrc_ws/install/experiment_logger:/home/duy/kinectv2/install/kinect2_bridge:/home/duy/kinectv2/install/kinect2_registration:/opt/ros/humble'), ('NUITRACK_HOME', '/usr/etc/nuitrack'), ('SHELL', '/bin/bash'), ('LC_NAME', 'en_US.UTF-8'), ('QT_ACCESSIBILITY', '1'), ('GDMSESSION', 'ubuntu'), ('LESSCLOSE', '/usr/bin/lesspipe %s %s'), ('LC_MEASUREMENT', 'en_US.UTF-8'), ('GJS_DEBUG_OUTPUT', 'stderr'), ('LC_IDENTIFICATION', 'en_US.UTF-8'), ('QT_IM_MODULE', 'ibus'), ('ANTIGRAVITY_TRAJECTORY_ID', '244b4c34-7a87-42c2-807e-16430302bfb1'), ('PWD', '/home/duy/Experiment/hrc_ws/build/hrc_bringup'), ('LC_ALL', 'en_US.UTF-8'), ('XDG_CONFIG_DIRS', '/etc/xdg/xdg-ubuntu:/etc/xdg'), ('VSCODE_CODE_CACHE_PATH', '/home/duy/.config/Antigravity/CachedData/15487b3041e65228cae24980a3f796c905ef582c'), ('XDG_DATA_DIRS', '/usr/share/ubuntu:/usr/local/share/:/usr/share/:/var/lib/snapd/desktop'), ('PYTHONPATH', '/home/duy/Experiment/hrc_ws/install/trajectory_predictor/lib/python3.10/site-packages:/home/duy/Experiment/hrc_ws/install/realsense_tracker/lib/python3.10/site-packages:/home/duy/Experiment/hrc_ws/install/predictor_ui/lib/python3.10/site-packages:/home/duy/Experiment/hrc_ws/install/experiment_logger/lib/python3.10/site-packages:/home/duy/Experiment/hrc_ws/install/human_hand_msgs/local/lib/python3.10/dist-packages:/opt/ros/humble/lib/python3.10/site-packages:/opt/ros/humble/local/lib/python3.10/dist-packages'), ('LC_NUMERIC', 'en_US.UTF-8'), ('LC_PAPER', 'en_US.UTF-8'), ('COLCON', '1'), ('CMAKE_PREFIX_PATH', '/opt/ros/humble:/home/duy/Experiment/hrc_ws/install/human_hand_msgs:/home/duy/kinectv2/install/libfreenect2:/home/duy/kinectv2/install/kinect2_bridge:/home/duy/kinectv2/install/kinect2_registration'), ('VSCODE_PID', '13704')]), 'shell': False}
[5.276938] (hrc_bringup) StdoutLine: {'line': b'-- Found ament_cmake: 1.3.14 (/opt/ros/humble/share/ament_cmake/cmake)\n'}
[5.327680] (-) TimerEvent: {}
[5.404502] (hrc_bringup) StdoutLine: {'line': b'-- Override CMake install command with custom implementation using symlinks instead of copying resources\n'}
[5.427774] (-) TimerEvent: {}
[5.469054] (hrc_bringup) StdoutLine: {'line': b'-- Configuring done\n'}
[5.470840] (hrc_bringup) StdoutLine: {'line': b'-- Generating done\n'}
[5.471678] (hrc_bringup) StdoutLine: {'line': b'-- Build files have been written to: /home/duy/Experiment/hrc_ws/build/hrc_bringup\n'}
[5.473820] (hrc_bringup) CommandEnded: {'returncode': 0}
[5.474415] (hrc_bringup) JobProgress: {'identifier': 'hrc_bringup', 'progress': 'build'}
[5.474682] (hrc_bringup) Command: {'cmd': ['/usr/bin/cmake', '--build', '/home/duy/Experiment/hrc_ws/build/hrc_bringup', '--', '-j16', '-l16'], 'cwd': '/home/duy/Experiment/hrc_ws/build/hrc_bringup', 'env': OrderedDict([('GJS_DEBUG_TOPICS', 'JS ERROR;JS LOG'), ('LESSOPEN', '| /usr/bin/lesspipe %s'), ('VSCODE_CWD', '/home/duy'), ('USER', 'duy'), ('LC_TIME', 'en_US.UTF-8'), ('VSCODE_NLS_CONFIG', '{"userLocale":"en-us","osLocale":"en-us","resolvedLanguage":"en","defaultMessagesFile":"/usr/share/antigravity/resources/app/out/nls.messages.json","locale":"en-us","availableLanguages":{}}'), ('XDG_SESSION_TYPE', 'wayland'), ('ROS_PACKAGE_PATH', '/home/duy/Experiment/hrc_ws/install/human_hand_msgs/share'), ('SHLVL', '0'), ('LD_LIBRARY_PATH', '/home/duy/Experiment/hrc_ws/install/human_hand_msgs/lib:/usr/local/lib/nuitrack:/home/duy/kinectv2/install/libfreenect2/lib:/home/duy/kinectv2/install/kinect2_registration/lib:/usr/lib/x86_64-linux-gnu/gazebo-11/plugins:/opt/ros/humble/opt/rviz_ogre_vendor/lib:/opt/ros/humble/lib/x86_64-linux-gnu:/opt/ros/humble/lib:/usr/local/lib/nuitrack:/usr/local/lib/nuitrack'), ('HOME', '/home/duy'), ('CHROME_DESKTOP', 'antigravity.desktop'), ('OLDPWD', '/home/duy/Experiment/hrc_ws'), ('DESKTOP_SESSION', 'ubuntu'), ('VSCODE_IPC_HOOK', '/run/user/1000/vscode-d3248cd9-1.10-main.sock'), ('GIO_LAUNCHED_DESKTOP_FILE', '/usr/share/applications/antigravity.desktop'), ('ROS_PYTHON_VERSION', '3'), ('GNOME_SHELL_SESSION_MODE', 'ubuntu'), ('GTK_MODULES', 'gail:atk-bridge'), ('PAGER', 'cat'), ('LC_MONETARY', 'en_US.UTF-8'), ('MANAGERPID', '1102'), ('SYSTEMD_EXEC_PID', '1227'), ('IM_CONFIG_CHECK_ENV', '1'), ('DBUS_SESSION_BUS_ADDRESS', 'unix:path=/run/user/1000/bus'), ('ANTIGRAVITY_AGENT', '1'), ('GIO_LAUNCHED_DESKTOP_FILE_PID', '13704'), ('IM_CONFIG_PHASE', '1'), ('WAYLAND_DISPLAY', 'wayland-0'), ('COLCON_PREFIX_PATH', '/home/duy/kinectv2/install'), ('ROS_DISTRO', 'humble'), ('GTK_IM_MODULE', 'ibus'), ('LOGNAME', 'duy'), ('JOURNAL_STREAM', '8:6619'), ('_', '/usr/bin/colcon'), ('ROS_VERSION', '2'), ('XDG_SESSION_CLASS', 'user'), ('PKG_CONFIG_PATH', '/home/duy/Experiment/hrc_ws/install/human_hand_msgs/lib/x86_64-linux-gnu/pkgconfig:/home/duy/Experiment/hrc_ws/install/human_hand_msgs/lib/pkgconfig'), ('USERNAME', 'duy'), ('TERM', 'dumb'), ('GNOME_DESKTOP_SESSION_ID', 'this-is-deprecated'), ('FC_FONTATIONS', '1'), ('ROS_LOCALHOST_ONLY', '0'), ('ANTIGRAVITY_EDITOR_APP_ROOT', '/usr/share/antigravity/resources/app'), ('PATH', '/home/duy/.local/bin:/opt/ros/humble/bin:/home/duy/.local/bin:/usr/local/sbin:/usr/local/bin:/usr/sbin:/usr/bin:/sbin:/bin:/usr/games:/usr/local/games:/snap/bin:/snap/bin:/home/duy/libfreenect2/build/bin'), ('SESSION_MANAGER', 'local/duy-Vivobook-ASUSLaptop-X1503ZA-A1503ZA:@/tmp/.ICE-unix/1197,unix/duy-Vivobook-ASUSLaptop-X1503ZA-A1503ZA:/tmp/.ICE-unix/1197'), ('INVOCATION_ID', 'caa7194b4a5c407f882e618f5dd7ff1e'), ('PAPERSIZE', 'letter'), ('XDG_MENU_PREFIX', 'gnome-'), ('LC_ADDRESS', 'en_US.UTF-8'), ('GNOME_SETUP_DISPLAY', ':1'), ('XDG_RUNTIME_DIR', '/run/user/1000'), ('GDK_BACKEND', 'wayland'), ('DISPLAY', ':0'), ('LANG', 'en_US.UTF-8'), ('XDG_CURRENT_DESKTOP', 'ubuntu:GNOME'), ('LC_TELEPHONE', 'en_US.UTF-8'), ('RMW_IMPLEMENTATION', 'rmw_fastrtps_cpp'), ('XMODIFIERS', '@im=ibus'), ('XDG_SESSION_DESKTOP', 'ubuntu'), ('XAUTHORITY', '/run/user/1000/.mutter-Xwaylandauth.EQ1FO3'), ('LS_COLORS', ''), ('SSH_AGENT_LAUNCHER', 'gnome-keyring'), ('SSH_AUTH_SOCK', '/run/user/1000/keyring/ssh'), ('ROS_DOMAIN_ID', '0'), ('AMENT_PREFIX_PATH', '/home/duy/Experiment/hrc_ws/install/trajectory_predictor:/home/duy/Experiment/hrc_ws/install/realsense_tracker:/home/duy/Experiment/hrc_ws/install/predictor_ui:/home/duy/Experiment/hrc_ws/install/experiment_logger:/home/duy/kinectv2/install/kinect2_bridge:/home/duy/kinectv2/install/kinect2_registration:/opt/ros/humble'), ('NUITRACK_HOME', '/usr/etc/nuitrack'), ('SHELL', '/bin/bash'), ('LC_NAME', 'en_US.UTF-8'), ('QT_ACCESSIBILITY', '1'), ('GDMSESSION', 'ubuntu'), ('LESSCLOSE', '/usr/bin/lesspipe %s %s'), ('LC_MEASUREMENT', 'en_US.UTF-8'), ('GJS_DEBUG_OUTPUT', 'stderr'), ('LC_IDENTIFICATION', 'en_US.UTF-8'), ('QT_IM_MODULE', 'ibus'), ('ANTIGRAVITY_TRAJECTORY_ID', '244b4c34-7a87-42c2-807e-16430302bfb1'), ('PWD', '/home/duy/Experiment/hrc_ws/build/hrc_bringup'), ('LC_ALL', 'en_US.UTF-8'), ('XDG_CONFIG_DIRS', '/etc/xdg/xdg-ubuntu:/etc/xdg'), ('VSCODE_CODE_CACHE_PATH', '/home/duy/.config/Antigravity/CachedData/15487b3041e65228cae24980a3f796c905ef582c'), ('XDG_DATA_DIRS', '/usr/share/ubuntu:/usr/local/share/:/usr/share/:/var/lib/snapd/desktop'), ('PYTHONPATH', '/home/duy/Experiment/hrc_ws/install/trajectory_predictor/lib/python3.10/site-packages:/home/duy/Experiment/hrc_ws/install/realsense_tracker/lib/python3.10/site-packages:/home/duy/Experiment/hrc_ws/install/predictor_ui/lib/python3.10/site-packages:/home/duy/Experiment/hrc_ws/install/experiment_logger/lib/python3.10/site-packages:/home/duy/Experiment/hrc_ws/install/human_hand_msgs/local/lib/python3.10/dist-packages:/opt/ros/humble/lib/python3.10/site-packages:/opt/ros/humble/local/lib/python3.10/dist-packages'), ('LC_NUMERIC', 'en_US.UTF-8'), ('LC_PAPER', 'en_US.UTF-8'), ('COLCON', '1'), ('CMAKE_PREFIX_PATH', '/opt/ros/humble:/home/duy/Experiment/hrc_ws/install/human_hand_msgs:/home/duy/kinectv2/install/libfreenect2:/home/duy/kinectv2/install/kinect2_bridge:/home/duy/kinectv2/install/kinect2_registration'), ('VSCODE_PID', '13704')]), 'shell': False}
[5.514637] (hrc_bringup) CommandEnded: {'returncode': 0}
[5.515655] (hrc_bringup) JobProgress: {'identifier': 'hrc_bringup', 'progress': 'install'}
[5.515834] (hrc_bringup) Command: {'cmd': ['/usr/bin/cmake', '--install', '/home/duy/Experiment/hrc_ws/build/hrc_bringup'], 'cwd': '/home/duy/Experiment/hrc_ws/build/hrc_bringup', 'env': OrderedDict([('GJS_DEBUG_TOPICS', 'JS ERROR;JS LOG'), ('LESSOPEN', '| /usr/bin/lesspipe %s'), ('VSCODE_CWD', '/home/duy'), ('USER', 'duy'), ('LC_TIME', 'en_US.UTF-8'), ('VSCODE_NLS_CONFIG', '{"userLocale":"en-us","osLocale":"en-us","resolvedLanguage":"en","defaultMessagesFile":"/usr/share/antigravity/resources/app/out/nls.messages.json","locale":"en-us","availableLanguages":{}}'), ('XDG_SESSION_TYPE', 'wayland'), ('ROS_PACKAGE_PATH', '/home/duy/Experiment/hrc_ws/install/human_hand_msgs/share'), ('SHLVL', '0'), ('LD_LIBRARY_PATH', '/home/duy/Experiment/hrc_ws/install/human_hand_msgs/lib:/usr/local/lib/nuitrack:/home/duy/kinectv2/install/libfreenect2/lib:/home/duy/kinectv2/install/kinect2_registration/lib:/usr/lib/x86_64-linux-gnu/gazebo-11/plugins:/opt/ros/humble/opt/rviz_ogre_vendor/lib:/opt/ros/humble/lib/x86_64-linux-gnu:/opt/ros/humble/lib:/usr/local/lib/nuitrack:/usr/local/lib/nuitrack'), ('HOME', '/home/duy'), ('CHROME_DESKTOP', 'antigravity.desktop'), ('OLDPWD', '/home/duy/Experiment/hrc_ws'), ('DESKTOP_SESSION', 'ubuntu'), ('VSCODE_IPC_HOOK', '/run/user/1000/vscode-d3248cd9-1.10-main.sock'), ('GIO_LAUNCHED_DESKTOP_FILE', '/usr/share/applications/antigravity.desktop'), ('ROS_PYTHON_VERSION', '3'), ('GNOME_SHELL_SESSION_MODE', 'ubuntu'), ('GTK_MODULES', 'gail:atk-bridge'), ('PAGER', 'cat'), ('LC_MONETARY', 'en_US.UTF-8'), ('MANAGERPID', '1102'), ('SYSTEMD_EXEC_PID', '1227'), ('IM_CONFIG_CHECK_ENV', '1'), ('DBUS_SESSION_BUS_ADDRESS', 'unix:path=/run/user/1000/bus'), ('ANTIGRAVITY_AGENT', '1'), ('GIO_LAUNCHED_DESKTOP_FILE_PID', '13704'), ('IM_CONFIG_PHASE', '1'), ('WAYLAND_DISPLAY', 'wayland-0'), ('COLCON_PREFIX_PATH', '/home/duy/kinectv2/install'), ('ROS_DISTRO', 'humble'), ('GTK_IM_MODULE', 'ibus'), ('LOGNAME', 'duy'), ('JOURNAL_STREAM', '8:6619'), ('_', '/usr/bin/colcon'), ('ROS_VERSION', '2'), ('XDG_SESSION_CLASS', 'user'), ('PKG_CONFIG_PATH', '/home/duy/Experiment/hrc_ws/install/human_hand_msgs/lib/x86_64-linux-gnu/pkgconfig:/home/duy/Experiment/hrc_ws/install/human_hand_msgs/lib/pkgconfig'), ('USERNAME', 'duy'), ('TERM', 'dumb'), ('GNOME_DESKTOP_SESSION_ID', 'this-is-deprecated'), ('FC_FONTATIONS', '1'), ('ROS_LOCALHOST_ONLY', '0'), ('ANTIGRAVITY_EDITOR_APP_ROOT', '/usr/share/antigravity/resources/app'), ('PATH', '/home/duy/.local/bin:/opt/ros/humble/bin:/home/duy/.local/bin:/usr/local/sbin:/usr/local/bin:/usr/sbin:/usr/bin:/sbin:/bin:/usr/games:/usr/local/games:/snap/bin:/snap/bin:/home/duy/libfreenect2/build/bin'), ('SESSION_MANAGER', 'local/duy-Vivobook-ASUSLaptop-X1503ZA-A1503ZA:@/tmp/.ICE-unix/1197,unix/duy-Vivobook-ASUSLaptop-X1503ZA-A1503ZA:/tmp/.ICE-unix/1197'), ('INVOCATION_ID', 'caa7194b4a5c407f882e618f5dd7ff1e'), ('PAPERSIZE', 'letter'), ('XDG_MENU_PREFIX', 'gnome-'), ('LC_ADDRESS', 'en_US.UTF-8'), ('GNOME_SETUP_DISPLAY', ':1'), ('XDG_RUNTIME_DIR', '/run/user/1000'), ('GDK_BACKEND', 'wayland'), ('DISPLAY', ':0'), ('LANG', 'en_US.UTF-8'), ('XDG_CURRENT_DESKTOP', 'ubuntu:GNOME'), ('LC_TELEPHONE', 'en_US.UTF-8'), ('RMW_IMPLEMENTATION', 'rmw_fastrtps_cpp'), ('XMODIFIERS', '@im=ibus'), ('XDG_SESSION_DESKTOP', 'ubuntu'), ('XAUTHORITY', '/run/user/1000/.mutter-Xwaylandauth.EQ1FO3'), ('LS_COLORS', ''), ('SSH_AGENT_LAUNCHER', 'gnome-keyring'), ('SSH_AUTH_SOCK', '/run/user/1000/keyring/ssh'), ('ROS_DOMAIN_ID', '0'), ('AMENT_PREFIX_PATH', '/home/duy/Experiment/hrc_ws/install/trajectory_predictor:/home/duy/Experiment/hrc_ws/install/realsense_tracker:/home/duy/Experiment/hrc_ws/install/predictor_ui:/home/duy/Experiment/hrc_ws/install/experiment_logger:/home/duy/kinectv2/install/kinect2_bridge:/home/duy/kinectv2/install/kinect2_registration:/opt/ros/humble'), ('NUITRACK_HOME', '/usr/etc/nuitrack'), ('SHELL', '/bin/bash'), ('LC_NAME', 'en_US.UTF-8'), ('QT_ACCESSIBILITY', '1'), ('GDMSESSION', 'ubuntu'), ('LESSCLOSE', '/usr/bin/lesspipe %s %s'), ('LC_MEASUREMENT', 'en_US.UTF-8'), ('GJS_DEBUG_OUTPUT', 'stderr'), ('LC_IDENTIFICATION', 'en_US.UTF-8'), ('QT_IM_MODULE', 'ibus'), ('ANTIGRAVITY_TRAJECTORY_ID', '244b4c34-7a87-42c2-807e-16430302bfb1'), ('PWD', '/home/duy/Experiment/hrc_ws/build/hrc_bringup'), ('LC_ALL', 'en_US.UTF-8'), ('XDG_CONFIG_DIRS', '/etc/xdg/xdg-ubuntu:/etc/xdg'), ('VSCODE_CODE_CACHE_PATH', '/home/duy/.config/Antigravity/CachedData/15487b3041e65228cae24980a3f796c905ef582c'), ('XDG_DATA_DIRS', '/usr/share/ubuntu:/usr/local/share/:/usr/share/:/var/lib/snapd/desktop'), ('PYTHONPATH', '/home/duy/Experiment/hrc_ws/install/trajectory_predictor/lib/python3.10/site-packages:/home/duy/Experiment/hrc_ws/install/realsense_tracker/lib/python3.10/site-packages:/home/duy/Experiment/hrc_ws/install/predictor_ui/lib/python3.10/site-packages:/home/duy/Experiment/hrc_ws/install/experiment_logger/lib/python3.10/site-packages:/home/duy/Experiment/hrc_ws/install/human_hand_msgs/local/lib/python3.10/dist-packages:/opt/ros/humble/lib/python3.10/site-packages:/opt/ros/humble/local/lib/python3.10/dist-packages'), ('LC_NUMERIC', 'en_US.UTF-8'), ('LC_PAPER', 'en_US.UTF-8'), ('COLCON', '1'), ('CMAKE_PREFIX_PATH', '/opt/ros/humble:/home/duy/Experiment/hrc_ws/install/human_hand_msgs:/home/duy/kinectv2/install/libfreenect2:/home/duy/kinectv2/install/kinect2_bridge:/home/duy/kinectv2/install/kinect2_registration'), ('VSCODE_PID', '13704')]), 'shell': False}
[5.524830] (hrc_bringup) StdoutLine: {'line': b'-- Install configuration: ""\n'}
[5.525105] (hrc_bringup) StdoutLine: {'line': b'-- Execute custom install script\n'}
[5.525439] (hrc_bringup) StdoutLine: {'line': b'-- Up-to-date symlink: /home/duy/Experiment/hrc_ws/install/hrc_bringup/share/hrc_bringup/launch/full_pipeline.launch.py\n'}
[5.525530] (hrc_bringup) StdoutLine: {'line': b'-- Up-to-date symlink: /home/duy/Experiment/hrc_ws/install/hrc_bringup/share/hrc_bringup/config/all_params.yaml\n'}
[5.525630] (hrc_bringup) StdoutLine: {'line': b'-- Up-to-date symlink: /home/duy/Experiment/hrc_ws/install/hrc_bringup/share/ament_index/resource_index/package_run_dependencies/hrc_bringup\n'}
[5.525730] (hrc_bringup) StdoutLine: {'line': b'-- Up-to-date symlink: /home/duy/Experiment/hrc_ws/install/hrc_bringup/share/ament_index/resource_index/parent_prefix_path/hrc_bringup\n'}
[5.525820] (hrc_bringup) StdoutLine: {'line': b'-- Up-to-date symlink: /home/duy/Experiment/hrc_ws/install/hrc_bringup/share/hrc_bringup/environment/ament_prefix_path.sh\n'}
[5.525902] (hrc_bringup) StdoutLine: {'line': b'-- Up-to-date symlink: /home/duy/Experiment/hrc_ws/install/hrc_bringup/share/hrc_bringup/environment/ament_prefix_path.dsv\n'}
[5.525983] (hrc_bringup) StdoutLine: {'line': b'-- Up-to-date symlink: /home/duy/Experiment/hrc_ws/install/hrc_bringup/share/hrc_bringup/environment/path.sh\n'}
[5.526060] (hrc_bringup) StdoutLine: {'line': b'-- Up-to-date symlink: /home/duy/Experiment/hrc_ws/install/hrc_bringup/share/hrc_bringup/environment/path.dsv\n'}
[5.526154] (hrc_bringup) StdoutLine: {'line': b'-- Up-to-date symlink: /home/duy/Experiment/hrc_ws/install/hrc_bringup/share/hrc_bringup/local_setup.bash\n'}
[5.526227] (hrc_bringup) StdoutLine: {'line': b'-- Up-to-date symlink: /home/duy/Experiment/hrc_ws/install/hrc_bringup/share/hrc_bringup/local_setup.sh\n'}
[5.526304] (hrc_bringup) StdoutLine: {'line': b'-- Up-to-date symlink: /home/duy/Experiment/hrc_ws/install/hrc_bringup/share/hrc_bringup/local_setup.zsh\n'}
[5.526386] (hrc_bringup) StdoutLine: {'line': b'-- Up-to-date symlink: /home/duy/Experiment/hrc_ws/install/hrc_bringup/share/hrc_bringup/local_setup.dsv\n'}
[5.526444] (hrc_bringup) StdoutLine: {'line': b'-- Symlinking: /home/duy/Experiment/hrc_ws/install/hrc_bringup/share/hrc_bringup/package.dsv\n'}
[5.527863] (-) TimerEvent: {}
[5.537062] (hrc_bringup) StdoutLine: {'line': b'-- Up-to-date symlink: /home/duy/Experiment/hrc_ws/install/hrc_bringup/share/ament_index/resource_index/packages/hrc_bringup\n'}
[5.537298] (hrc_bringup) StdoutLine: {'line': b'-- Up-to-date symlink: /home/duy/Experiment/hrc_ws/install/hrc_bringup/share/hrc_bringup/cmake/hrc_bringupConfig.cmake\n'}
[5.537408] (hrc_bringup) StdoutLine: {'line': b'-- Up-to-date symlink: /home/duy/Experiment/hrc_ws/install/hrc_bringup/share/hrc_bringup/cmake/hrc_bringupConfig-version.cmake\n'}
[5.537500] (hrc_bringup) StdoutLine: {'line': b'-- Up-to-date symlink: /home/duy/Experiment/hrc_ws/install/hrc_bringup/share/hrc_bringup/package.xml\n'}
[5.538909] (hrc_bringup) CommandEnded: {'returncode': 0}
[5.549985] (hrc_bringup) JobEnded: {'identifier': 'hrc_bringup', 'rc': 0}
[5.550883] (-) EventReactorShutdown: {}
