[0.000000] (-) TimerEvent: {}
[0.001666] (human_hand_msgs) JobQueued: {'identifier': 'human_hand_msgs', 'dependencies': OrderedDict()}
[0.002495] (experiment_logger) JobQueued: {'identifier': 'experiment_logger', 'dependencies': OrderedDict([('human_hand_msgs', '/home/duy/Documents/GitHub/Experiment/hrc_ws/install/human_hand_msgs')])}
[0.002894] (kinect_bridge) JobQueued: {'identifier': 'kinect_bridge', 'dependencies': OrderedDict([('human_hand_msgs', '/home/duy/Documents/GitHub/Experiment/hrc_ws/install/human_hand_msgs')])}
[0.003031] (predictor_ui) JobQueued: {'identifier': 'predictor_ui', 'dependencies': OrderedDict([('human_hand_msgs', '/home/duy/Documents/GitHub/Experiment/hrc_ws/install/human_hand_msgs')])}
[0.003111] (trajectory_predictor) JobQueued: {'identifier': 'trajectory_predictor', 'dependencies': OrderedDict([('human_hand_msgs', '/home/duy/Documents/GitHub/Experiment/hrc_ws/install/human_hand_msgs')])}
[0.003189] (hrc_bringup) JobQueued: {'identifier': 'hrc_bringup', 'dependencies': OrderedDict([('human_hand_msgs', '/home/duy/Documents/GitHub/Experiment/hrc_ws/install/human_hand_msgs'), ('experiment_logger', '/home/duy/Documents/GitHub/Experiment/hrc_ws/install/experiment_logger'), ('kinect_bridge', '/home/duy/Documents/GitHub/Experiment/hrc_ws/install/kinect_bridge'), ('predictor_ui', '/home/duy/Documents/GitHub/Experiment/hrc_ws/install/predictor_ui'), ('trajectory_predictor', '/home/duy/Documents/GitHub/Experiment/hrc_ws/install/trajectory_predictor')])}
[0.003285] (human_hand_msgs) JobStarted: {'identifier': 'human_hand_msgs'}
[0.028750] (human_hand_msgs) JobProgress: {'identifier': 'human_hand_msgs', 'progress': 'cmake'}
[0.031978] (human_hand_msgs) Command: {'cmd': ['/usr/bin/cmake', '/home/duy/Documents/GitHub/Experiment/hrc_ws/src/human_hand_msgs', '-DCATKIN_INSTALL_INTO_PREFIX_ROOT=0', '-DCATKIN_SYMLINK_INSTALL=ON', '-DCMAKE_INSTALL_PREFIX=/home/duy/Documents/GitHub/Experiment/hrc_ws/install/human_hand_msgs'], 'cwd': '/home/duy/Documents/GitHub/Experiment/hrc_ws/build/human_hand_msgs', 'env': OrderedDict([('LESSOPEN', '| /usr/bin/lesspipe %s'), ('LANGUAGE', 'en_US:en'), ('USER', 'duy'), ('LC_TIME', 'vi_VN'), ('ROS_PACKAGE_PATH', '/home/duy/Documents/GitHub/Experiment/hrc_ws/install/human_hand_msgs/share'), ('XDG_SESSION_TYPE', 'wayland'), ('SHLVL', '1'), ('LD_LIBRARY_PATH', '/home/duy/Documents/GitHub/Experiment/hrc_ws/install/human_hand_msgs/lib:/opt/ros/humble/opt/rviz_ogre_vendor/lib:/opt/ros/humble/lib/x86_64-linux-gnu:/opt/ros/humble/lib'), ('HOME', '/home/duy'), ('OLDPWD', '/home/duy/Documents/GitHub/Experiment/hrc_ws'), ('DESKTOP_SESSION', 'ubuntu'), ('ROS_PYTHON_VERSION', '3'), ('GNOME_SHELL_SESSION_MODE', 'ubuntu'), ('GTK_MODULES', 'gail:atk-bridge'), ('LC_MONETARY', 'vi_VN'), ('DBUS_STARTER_BUS_TYPE', 'session'), ('SYSTEMD_EXEC_PID', '1126'), ('DBUS_SESSION_BUS_ADDRESS', 'unix:path=/run/user/1000/bus,guid=d423c5066bbabf4a6816003e69d4957d'), ('COLORTERM', 'truecolor'), ('IM_CONFIG_PHASE', '1'), ('WAYLAND_DISPLAY', 'wayland-0'), ('COLCON_PREFIX_PATH', '/home/duy/Documents/GitHub/Experiment/hrc_ws/install'), ('ROS_DISTRO', 'humble'), ('LOGNAME', 'duy'), ('_', '/usr/bin/colcon'), ('ROS_VERSION', '2'), ('PKG_CONFIG_PATH', '/home/duy/Documents/GitHub/Experiment/hrc_ws/install/human_hand_msgs/lib/x86_64-linux-gnu/pkgconfig:/home/duy/Documents/GitHub/Experiment/hrc_ws/install/human_hand_msgs/lib/pkgconfig'), ('XDG_SESSION_CLASS', 'user'), ('USERNAME', 'duy'), ('TERM', 'xterm-256color'), ('GNOME_DESKTOP_SESSION_ID', 'this-is-deprecated'), ('ROS_LOCALHOST_ONLY', '0'), ('PATH', '/opt/ros/humble/bin:/home/duy/.local/bin:/usr/local/sbin:/usr/local/bin:/usr/sbin:/usr/bin:/sbin:/bin:/usr/games:/usr/local/games:/snap/bin:/snap/bin'), ('SESSION_MANAGER', 'local/duy:@/tmp/.ICE-unix/1126,unix/duy:/tmp/.ICE-unix/1126'), ('PAPERSIZE', 'a4'), ('XDG_MENU_PREFIX', 'gnome-'), ('LC_ADDRESS', 'vi_VN'), ('GNOME_TERMINAL_SCREEN', '/org/gnome/Terminal/screen/8fd4f13c_10e8_4369_9076_21de48dae882'), ('GNOME_SETUP_DISPLAY', ':1'), ('XDG_RUNTIME_DIR', '/run/user/1000'), ('DISPLAY', ':0'), ('LANG', 'en_US.UTF-8'), ('XDG_CURRENT_DESKTOP', 'ubuntu:GNOME'), ('LC_TELEPHONE', 'vi_VN'), ('XMODIFIERS', '@im=ibus'), ('XDG_SESSION_DESKTOP', 'ubuntu'), ('XAUTHORITY', '/run/user/1000/.mutter-Xwaylandauth.N2ZRN3'), ('LS_COLORS', 'rs=0:di=01;34:ln=01;36:mh=00:pi=40;33:so=01;35:do=01;35:bd=40;33;01:cd=40;33;01:or=40;31;01:mi=00:su=37;41:sg=30;43:ca=30;41:tw=30;42:ow=34;42:st=37;44:ex=01;32:*.tar=01;31:*.tgz=01;31:*.arc=01;31:*.arj=01;31:*.taz=01;31:*.lha=01;31:*.lz4=01;31:*.lzh=01;31:*.lzma=01;31:*.tlz=01;31:*.txz=01;31:*.tzo=01;31:*.t7z=01;31:*.zip=01;31:*.z=01;31:*.dz=01;31:*.gz=01;31:*.lrz=01;31:*.lz=01;31:*.lzo=01;31:*.xz=01;31:*.zst=01;31:*.tzst=01;31:*.bz2=01;31:*.bz=01;31:*.tbz=01;31:*.tbz2=01;31:*.tz=01;31:*.deb=01;31:*.rpm=01;31:*.jar=01;31:*.war=01;31:*.ear=01;31:*.sar=01;31:*.rar=01;31:*.alz=01;31:*.ace=01;31:*.zoo=01;31:*.cpio=01;31:*.7z=01;31:*.rz=01;31:*.cab=01;31:*.wim=01;31:*.swm=01;31:*.dwm=01;31:*.esd=01;31:*.jpg=01;35:*.jpeg=01;35:*.mjpg=01;35:*.mjpeg=01;35:*.gif=01;35:*.bmp=01;35:*.pbm=01;35:*.pgm=01;35:*.ppm=01;35:*.tga=01;35:*.xbm=01;35:*.xpm=01;35:*.tif=01;35:*.tiff=01;35:*.png=01;35:*.svg=01;35:*.svgz=01;35:*.mng=01;35:*.pcx=01;35:*.mov=01;35:*.mpg=01;35:*.mpeg=01;35:*.m2v=01;35:*.mkv=01;35:*.webm=01;35:*.webp=01;35:*.ogm=01;35:*.mp4=01;35:*.m4v=01;35:*.mp4v=01;35:*.vob=01;35:*.qt=01;35:*.nuv=01;35:*.wmv=01;35:*.asf=01;35:*.rm=01;35:*.rmvb=01;35:*.flc=01;35:*.avi=01;35:*.fli=01;35:*.flv=01;35:*.gl=01;35:*.dl=01;35:*.xcf=01;35:*.xwd=01;35:*.yuv=01;35:*.cgm=01;35:*.emf=01;35:*.ogv=01;35:*.ogx=01;35:*.aac=00;36:*.au=00;36:*.flac=00;36:*.m4a=00;36:*.mid=00;36:*.midi=00;36:*.mka=00;36:*.mp3=00;36:*.mpc=00;36:*.ogg=00;36:*.ra=00;36:*.wav=00;36:*.oga=00;36:*.opus=00;36:*.spx=00;36:*.xspf=00;36:'), ('GNOME_TERMINAL_SERVICE', ':1.159'), ('SSH_AGENT_LAUNCHER', 'gnome-keyring'), ('SSH_AUTH_SOCK', '/run/user/1000/keyring/ssh'), ('AMENT_PREFIX_PATH', '/home/duy/Documents/GitHub/Experiment/hrc_ws/install/hrc_bringup:/home/duy/Documents/GitHub/Experiment/hrc_ws/install/trajectory_predictor:/home/duy/Documents/GitHub/Experiment/hrc_ws/install/predictor_ui:/home/duy/Documents/GitHub/Experiment/hrc_ws/install/kinect_bridge:/home/duy/Documents/GitHub/Experiment/hrc_ws/install/experiment_logger:/opt/ros/humble'), ('SHELL', '/bin/bash'), ('LC_NAME', 'vi_VN'), ('QT_ACCESSIBILITY', '1'), ('GDMSESSION', 'ubuntu'), ('LESSCLOSE', '/usr/bin/lesspipe %s %s'), ('LC_MEASUREMENT', 'vi_VN'), ('LC_IDENTIFICATION', 'vi_VN'), ('QT_IM_MODULE', 'ibus'), ('PWD', '/home/duy/Documents/GitHub/Experiment/hrc_ws/build/human_hand_msgs'), ('LC_ALL', 'en_US.UTF-8'), ('XDG_CONFIG_DIRS', '/etc/xdg/xdg-ubuntu:/etc/xdg'), ('DBUS_STARTER_ADDRESS', 'unix:path=/run/user/1000/bus,guid=d423c5066bbabf4a6816003e69d4957d'), ('XDG_DATA_DIRS', '/usr/share/ubuntu:/usr/local/share/:/usr/share/:/var/lib/snapd/desktop'), ('PYTHONPATH', '/home/duy/Documents/GitHub/Experiment/hrc_ws/build/kinect_bridge:/home/duy/Documents/GitHub/Experiment/hrc_ws/install/trajectory_predictor/lib/python3.10/site-packages:/home/duy/Documents/GitHub/Experiment/hrc_ws/install/predictor_ui/lib/python3.10/site-packages:/home/duy/Documents/GitHub/Experiment/hrc_ws/install/kinect_bridge/lib/python3.10/site-packages:/home/duy/Documents/GitHub/Experiment/hrc_ws/install/experiment_logger/lib/python3.10/site-packages:/home/duy/Documents/GitHub/Experiment/hrc_ws/install/human_hand_msgs/local/lib/python3.10/dist-packages:/opt/ros/humble/lib/python3.10/site-packages:/opt/ros/humble/local/lib/python3.10/dist-packages'), ('LC_NUMERIC', 'vi_VN'), ('LC_PAPER', 'vi_VN'), ('COLCON', '1'), ('VTE_VERSION', '6800'), ('CMAKE_PREFIX_PATH', '/home/duy/Documents/GitHub/Experiment/hrc_ws/install/hrc_bringup:/home/duy/Documents/GitHub/Experiment/hrc_ws/install/human_hand_msgs')]), 'shell': False}
[0.099156] (-) TimerEvent: {}
[0.126710] (human_hand_msgs) StdoutLine: {'line': b'-- Found ament_cmake: 1.3.14 (/opt/ros/humble/share/ament_cmake/cmake)\n'}
[0.199349] (-) TimerEvent: {}
[0.300033] (-) TimerEvent: {}
[0.400709] (-) TimerEvent: {}
[0.501421] (-) TimerEvent: {}
[0.602089] (-) TimerEvent: {}
[0.668767] (human_hand_msgs) StdoutLine: {'line': b'-- Found rosidl_default_generators: 1.2.1 (/opt/ros/humble/share/rosidl_default_generators/cmake)\n'}
[0.679628] (human_hand_msgs) StdoutLine: {'line': b'-- Using all available rosidl_typesupport_c: rosidl_typesupport_fastrtps_c;rosidl_typesupport_introspection_c\n'}
[0.694497] (human_hand_msgs) StdoutLine: {'line': b'-- Found rosidl_adapter: 3.1.8 (/opt/ros/humble/share/rosidl_adapter/cmake)\n'}
[0.702263] (-) TimerEvent: {}
[0.802893] (-) TimerEvent: {}
[0.869395] (human_hand_msgs) StdoutLine: {'line': b'-- Using all available rosidl_typesupport_cpp: rosidl_typesupport_fastrtps_cpp;rosidl_typesupport_introspection_cpp\n'}
[0.903051] (-) TimerEvent: {}
[1.003774] (-) TimerEvent: {}
[1.013465] (human_hand_msgs) StdoutLine: {'line': b'-- Found std_msgs: 4.9.1 (/opt/ros/humble/share/std_msgs/cmake)\n'}
[1.104014] (-) TimerEvent: {}
[1.204602] (-) TimerEvent: {}
[1.305209] (-) TimerEvent: {}
[1.405822] (-) TimerEvent: {}
[1.506406] (-) TimerEvent: {}
[1.607008] (-) TimerEvent: {}
[1.707605] (-) TimerEvent: {}
[1.808180] (-) TimerEvent: {}
[1.908853] (-) TimerEvent: {}
[2.009523] (-) TimerEvent: {}
[2.110196] (-) TimerEvent: {}
[2.210859] (-) TimerEvent: {}
[2.298745] (human_hand_msgs) StdoutLine: {'line': b'-- Found ament_cmake_ros: 0.10.0 (/opt/ros/humble/share/ament_cmake_ros/cmake)\n'}
[2.311071] (-) TimerEvent: {}
[2.411665] (-) TimerEvent: {}
[2.512239] (-) TimerEvent: {}
[2.612830] (-) TimerEvent: {}
[2.713429] (-) TimerEvent: {}
[2.814070] (-) TimerEvent: {}
[2.914784] (-) TimerEvent: {}
[3.015502] (-) TimerEvent: {}
[3.116247] (-) TimerEvent: {}
[3.192158] (human_hand_msgs) StdoutLine: {'line': b'-- Using all available rosidl_typesupport_c: rosidl_typesupport_fastrtps_c;rosidl_typesupport_introspection_c\n'}
[3.216461] (-) TimerEvent: {}
[3.317059] (-) TimerEvent: {}
[3.417744] (-) TimerEvent: {}
[3.518474] (-) TimerEvent: {}
[3.619162] (-) TimerEvent: {}
[3.719840] (-) TimerEvent: {}
[3.820566] (-) TimerEvent: {}
[3.921281] (-) TimerEvent: {}
[4.021987] (-) TimerEvent: {}
[4.122692] (-) TimerEvent: {}
[4.223498] (-) TimerEvent: {}
[4.324222] (-) TimerEvent: {}
[4.368896] (human_hand_msgs) StdoutLine: {'line': b'-- Using all available rosidl_typesupport_cpp: rosidl_typesupport_fastrtps_cpp;rosidl_typesupport_introspection_cpp\n'}
[4.424384] (-) TimerEvent: {}
[4.474077] (human_hand_msgs) StdoutLine: {'line': b'-- Found python_cmake_module: 0.10.0 (/opt/ros/humble/share/python_cmake_module/cmake)\n'}
[4.524578] (-) TimerEvent: {}
[4.575144] (human_hand_msgs) StdoutLine: {'line': b'-- Using PYTHON_EXECUTABLE: /usr/bin/python3\n'}
[4.575673] (human_hand_msgs) StdoutLine: {'line': b'-- Using PYTHON_INCLUDE_DIRS: /usr/include/python3.10\n'}
[4.576018] (human_hand_msgs) StdoutLine: {'line': b'-- Using PYTHON_LIBRARIES: /usr/lib/x86_64-linux-gnu/libpython3.10.so\n'}
[4.624785] (-) TimerEvent: {}
[4.725377] (-) TimerEvent: {}
[4.826002] (-) TimerEvent: {}
[4.926777] (-) TimerEvent: {}
[5.027471] (-) TimerEvent: {}
[5.035582] (human_hand_msgs) StdoutLine: {'line': b'-- Configuring done\n'}
[5.127636] (-) TimerEvent: {}
[5.194524] (human_hand_msgs) StdoutLine: {'line': b'-- Generating done\n'}
[5.207200] (human_hand_msgs) StderrLine: {'line': b'\x1b[33mCMake Warning:\n'}
[5.207942] (human_hand_msgs) StderrLine: {'line': b'  Manually-specified variables were not used by the project:\n'}
[5.208455] (human_hand_msgs) StderrLine: {'line': b'\n'}
[5.208946] (human_hand_msgs) StderrLine: {'line': b'    CATKIN_SYMLINK_INSTALL\n'}
[5.209433] (human_hand_msgs) StderrLine: {'line': b'\n'}
[5.209895] (human_hand_msgs) StderrLine: {'line': b'\x1b[0m\n'}
[5.227812] (-) TimerEvent: {}
[5.251378] (human_hand_msgs) StdoutLine: {'line': b'-- Build files have been written to: /home/duy/Documents/GitHub/Experiment/hrc_ws/build/human_hand_msgs\n'}
[5.271570] (human_hand_msgs) CommandEnded: {'returncode': 0}
[5.273553] (human_hand_msgs) JobProgress: {'identifier': 'human_hand_msgs', 'progress': 'build'}
[5.278241] (human_hand_msgs) Command: {'cmd': ['/usr/bin/cmake', '--build', '/home/duy/Documents/GitHub/Experiment/hrc_ws/build/human_hand_msgs', '--', '-j12', '-l12'], 'cwd': '/home/duy/Documents/GitHub/Experiment/hrc_ws/build/human_hand_msgs', 'env': OrderedDict([('LESSOPEN', '| /usr/bin/lesspipe %s'), ('LANGUAGE', 'en_US:en'), ('USER', 'duy'), ('LC_TIME', 'vi_VN'), ('ROS_PACKAGE_PATH', '/home/duy/Documents/GitHub/Experiment/hrc_ws/install/human_hand_msgs/share'), ('XDG_SESSION_TYPE', 'wayland'), ('SHLVL', '1'), ('LD_LIBRARY_PATH', '/home/duy/Documents/GitHub/Experiment/hrc_ws/install/human_hand_msgs/lib:/opt/ros/humble/opt/rviz_ogre_vendor/lib:/opt/ros/humble/lib/x86_64-linux-gnu:/opt/ros/humble/lib'), ('HOME', '/home/duy'), ('OLDPWD', '/home/duy/Documents/GitHub/Experiment/hrc_ws'), ('DESKTOP_SESSION', 'ubuntu'), ('ROS_PYTHON_VERSION', '3'), ('GNOME_SHELL_SESSION_MODE', 'ubuntu'), ('GTK_MODULES', 'gail:atk-bridge'), ('LC_MONETARY', 'vi_VN'), ('DBUS_STARTER_BUS_TYPE', 'session'), ('SYSTEMD_EXEC_PID', '1126'), ('DBUS_SESSION_BUS_ADDRESS', 'unix:path=/run/user/1000/bus,guid=d423c5066bbabf4a6816003e69d4957d'), ('COLORTERM', 'truecolor'), ('IM_CONFIG_PHASE', '1'), ('WAYLAND_DISPLAY', 'wayland-0'), ('COLCON_PREFIX_PATH', '/home/duy/Documents/GitHub/Experiment/hrc_ws/install'), ('ROS_DISTRO', 'humble'), ('LOGNAME', 'duy'), ('_', '/usr/bin/colcon'), ('ROS_VERSION', '2'), ('PKG_CONFIG_PATH', '/home/duy/Documents/GitHub/Experiment/hrc_ws/install/human_hand_msgs/lib/x86_64-linux-gnu/pkgconfig:/home/duy/Documents/GitHub/Experiment/hrc_ws/install/human_hand_msgs/lib/pkgconfig'), ('XDG_SESSION_CLASS', 'user'), ('USERNAME', 'duy'), ('TERM', 'xterm-256color'), ('GNOME_DESKTOP_SESSION_ID', 'this-is-deprecated'), ('ROS_LOCALHOST_ONLY', '0'), ('PATH', '/opt/ros/humble/bin:/home/duy/.local/bin:/usr/local/sbin:/usr/local/bin:/usr/sbin:/usr/bin:/sbin:/bin:/usr/games:/usr/local/games:/snap/bin:/snap/bin'), ('SESSION_MANAGER', 'local/duy:@/tmp/.ICE-unix/1126,unix/duy:/tmp/.ICE-unix/1126'), ('PAPERSIZE', 'a4'), ('XDG_MENU_PREFIX', 'gnome-'), ('LC_ADDRESS', 'vi_VN'), ('GNOME_TERMINAL_SCREEN', '/org/gnome/Terminal/screen/8fd4f13c_10e8_4369_9076_21de48dae882'), ('GNOME_SETUP_DISPLAY', ':1'), ('XDG_RUNTIME_DIR', '/run/user/1000'), ('DISPLAY', ':0'), ('LANG', 'en_US.UTF-8'), ('XDG_CURRENT_DESKTOP', 'ubuntu:GNOME'), ('LC_TELEPHONE', 'vi_VN'), ('XMODIFIERS', '@im=ibus'), ('XDG_SESSION_DESKTOP', 'ubuntu'), ('XAUTHORITY', '/run/user/1000/.mutter-Xwaylandauth.N2ZRN3'), ('LS_COLORS', 'rs=0:di=01;34:ln=01;36:mh=00:pi=40;33:so=01;35:do=01;35:bd=40;33;01:cd=40;33;01:or=40;31;01:mi=00:su=37;41:sg=30;43:ca=30;41:tw=30;42:ow=34;42:st=37;44:ex=01;32:*.tar=01;31:*.tgz=01;31:*.arc=01;31:*.arj=01;31:*.taz=01;31:*.lha=01;31:*.lz4=01;31:*.lzh=01;31:*.lzma=01;31:*.tlz=01;31:*.txz=01;31:*.tzo=01;31:*.t7z=01;31:*.zip=01;31:*.z=01;31:*.dz=01;31:*.gz=01;31:*.lrz=01;31:*.lz=01;31:*.lzo=01;31:*.xz=01;31:*.zst=01;31:*.tzst=01;31:*.bz2=01;31:*.bz=01;31:*.tbz=01;31:*.tbz2=01;31:*.tz=01;31:*.deb=01;31:*.rpm=01;31:*.jar=01;31:*.war=01;31:*.ear=01;31:*.sar=01;31:*.rar=01;31:*.alz=01;31:*.ace=01;31:*.zoo=01;31:*.cpio=01;31:*.7z=01;31:*.rz=01;31:*.cab=01;31:*.wim=01;31:*.swm=01;31:*.dwm=01;31:*.esd=01;31:*.jpg=01;35:*.jpeg=01;35:*.mjpg=01;35:*.mjpeg=01;35:*.gif=01;35:*.bmp=01;35:*.pbm=01;35:*.pgm=01;35:*.ppm=01;35:*.tga=01;35:*.xbm=01;35:*.xpm=01;35:*.tif=01;35:*.tiff=01;35:*.png=01;35:*.svg=01;35:*.svgz=01;35:*.mng=01;35:*.pcx=01;35:*.mov=01;35:*.mpg=01;35:*.mpeg=01;35:*.m2v=01;35:*.mkv=01;35:*.webm=01;35:*.webp=01;35:*.ogm=01;35:*.mp4=01;35:*.m4v=01;35:*.mp4v=01;35:*.vob=01;35:*.qt=01;35:*.nuv=01;35:*.wmv=01;35:*.asf=01;35:*.rm=01;35:*.rmvb=01;35:*.flc=01;35:*.avi=01;35:*.fli=01;35:*.flv=01;35:*.gl=01;35:*.dl=01;35:*.xcf=01;35:*.xwd=01;35:*.yuv=01;35:*.cgm=01;35:*.emf=01;35:*.ogv=01;35:*.ogx=01;35:*.aac=00;36:*.au=00;36:*.flac=00;36:*.m4a=00;36:*.mid=00;36:*.midi=00;36:*.mka=00;36:*.mp3=00;36:*.mpc=00;36:*.ogg=00;36:*.ra=00;36:*.wav=00;36:*.oga=00;36:*.opus=00;36:*.spx=00;36:*.xspf=00;36:'), ('GNOME_TERMINAL_SERVICE', ':1.159'), ('SSH_AGENT_LAUNCHER', 'gnome-keyring'), ('SSH_AUTH_SOCK', '/run/user/1000/keyring/ssh'), ('AMENT_PREFIX_PATH', '/home/duy/Documents/GitHub/Experiment/hrc_ws/install/hrc_bringup:/home/duy/Documents/GitHub/Experiment/hrc_ws/install/trajectory_predictor:/home/duy/Documents/GitHub/Experiment/hrc_ws/install/predictor_ui:/home/duy/Documents/GitHub/Experiment/hrc_ws/install/kinect_bridge:/home/duy/Documents/GitHub/Experiment/hrc_ws/install/experiment_logger:/opt/ros/humble'), ('SHELL', '/bin/bash'), ('LC_NAME', 'vi_VN'), ('QT_ACCESSIBILITY', '1'), ('GDMSESSION', 'ubuntu'), ('LESSCLOSE', '/usr/bin/lesspipe %s %s'), ('LC_MEASUREMENT', 'vi_VN'), ('LC_IDENTIFICATION', 'vi_VN'), ('QT_IM_MODULE', 'ibus'), ('PWD', '/home/duy/Documents/GitHub/Experiment/hrc_ws/build/human_hand_msgs'), ('LC_ALL', 'en_US.UTF-8'), ('XDG_CONFIG_DIRS', '/etc/xdg/xdg-ubuntu:/etc/xdg'), ('DBUS_STARTER_ADDRESS', 'unix:path=/run/user/1000/bus,guid=d423c5066bbabf4a6816003e69d4957d'), ('XDG_DATA_DIRS', '/usr/share/ubuntu:/usr/local/share/:/usr/share/:/var/lib/snapd/desktop'), ('PYTHONPATH', '/home/duy/Documents/GitHub/Experiment/hrc_ws/build/kinect_bridge:/home/duy/Documents/GitHub/Experiment/hrc_ws/install/trajectory_predictor/lib/python3.10/site-packages:/home/duy/Documents/GitHub/Experiment/hrc_ws/install/predictor_ui/lib/python3.10/site-packages:/home/duy/Documents/GitHub/Experiment/hrc_ws/install/kinect_bridge/lib/python3.10/site-packages:/home/duy/Documents/GitHub/Experiment/hrc_ws/install/experiment_logger/lib/python3.10/site-packages:/home/duy/Documents/GitHub/Experiment/hrc_ws/install/human_hand_msgs/local/lib/python3.10/dist-packages:/opt/ros/humble/lib/python3.10/site-packages:/opt/ros/humble/local/lib/python3.10/dist-packages'), ('LC_NUMERIC', 'vi_VN'), ('LC_PAPER', 'vi_VN'), ('COLCON', '1'), ('VTE_VERSION', '6800'), ('CMAKE_PREFIX_PATH', '/home/duy/Documents/GitHub/Experiment/hrc_ws/install/hrc_bringup:/home/duy/Documents/GitHub/Experiment/hrc_ws/install/human_hand_msgs')]), 'shell': False}
[5.328030] (-) TimerEvent: {}
[5.412210] (human_hand_msgs) StdoutLine: {'line': b'\x1b[35m\x1b[1mConsolidate compiler generated dependencies of target human_hand_msgs__rosidl_generator_c\x1b[0m\n'}
[5.428215] (-) TimerEvent: {}
[5.443227] (human_hand_msgs) StdoutLine: {'line': b'[  1%] Built target human_hand_msgs__cpp\n'}
[5.444101] (human_hand_msgs) StdoutLine: {'line': b'[  3%] Built target human_hand_msgs__rs\n'}
[5.460143] (human_hand_msgs) StdoutLine: {'line': b'[ 14%] Built target human_hand_msgs__rosidl_generator_c\n'}
[5.482961] (human_hand_msgs) StdoutLine: {'line': b'\x1b[35m\x1b[1mConsolidate compiler generated dependencies of target human_hand_msgs__rosidl_typesupport_fastrtps_cpp\x1b[0m\n'}
[5.488363] (human_hand_msgs) StdoutLine: {'line': b'[ 14%] Built target ament_cmake_python_copy_human_hand_msgs\n'}
[5.489247] (human_hand_msgs) StdoutLine: {'line': b'\x1b[35m\x1b[1mConsolidate compiler generated dependencies of target human_hand_msgs__rosidl_typesupport_introspection_cpp\x1b[0m\n'}
[5.493094] (human_hand_msgs) StdoutLine: {'line': b'\x1b[35m\x1b[1mConsolidate compiler generated dependencies of target human_hand_msgs__rosidl_typesupport_cpp\x1b[0m\n'}
[5.499252] (human_hand_msgs) StdoutLine: {'line': b'\x1b[35m\x1b[1mConsolidate compiler generated dependencies of target human_hand_msgs__rosidl_typesupport_fastrtps_c\x1b[0m\n'}
[5.502998] (human_hand_msgs) StdoutLine: {'line': b'\x1b[35m\x1b[1mConsolidate compiler generated dependencies of target human_hand_msgs__rosidl_typesupport_introspection_c\x1b[0m\n'}
[5.510124] (human_hand_msgs) StdoutLine: {'line': b'\x1b[35m\x1b[1mConsolidate compiler generated dependencies of target human_hand_msgs__rosidl_typesupport_c\x1b[0m\n'}
[5.528394] (-) TimerEvent: {}
[5.549328] (human_hand_msgs) StdoutLine: {'line': b'[ 25%] Built target human_hand_msgs__rosidl_typesupport_c\n'}
[5.552188] (human_hand_msgs) StdoutLine: {'line': b'[ 35%] Built target human_hand_msgs__rosidl_typesupport_fastrtps_cpp\n'}
[5.553379] (human_hand_msgs) StdoutLine: {'line': b'[ 46%] Built target human_hand_msgs__rosidl_typesupport_introspection_c\n'}
[5.562300] (human_hand_msgs) StdoutLine: {'line': b'[ 67%] Built target human_hand_msgs__rosidl_typesupport_introspection_cpp\n'}
[5.563089] (human_hand_msgs) StdoutLine: {'line': b'[ 67%] Built target human_hand_msgs__rosidl_typesupport_fastrtps_c\n'}
[5.564787] (human_hand_msgs) StdoutLine: {'line': b'[ 78%] Built target human_hand_msgs__rosidl_typesupport_cpp\n'}
[5.628570] (-) TimerEvent: {}
[5.637365] (human_hand_msgs) StdoutLine: {'line': b'[ 78%] Built target human_hand_msgs\n'}
[5.703275] (human_hand_msgs) StdoutLine: {'line': b'[ 80%] Built target human_hand_msgs__py\n'}
[5.728754] (-) TimerEvent: {}
[5.738282] (human_hand_msgs) StdoutLine: {'line': b'\x1b[35m\x1b[1mConsolidate compiler generated dependencies of target human_hand_msgs__rosidl_generator_py\x1b[0m\n'}
[5.791811] (human_hand_msgs) StdoutLine: {'line': b'[ 89%] Built target human_hand_msgs__rosidl_generator_py\n'}
[5.824449] (human_hand_msgs) StdoutLine: {'line': b'\x1b[35m\x1b[1mConsolidate compiler generated dependencies of target human_hand_msgs__rosidl_typesupport_fastrtps_c__pyext\x1b[0m\n'}
[5.825391] (human_hand_msgs) StdoutLine: {'line': b'\x1b[35m\x1b[1mConsolidate compiler generated dependencies of target human_hand_msgs__rosidl_typesupport_introspection_c__pyext\x1b[0m\n'}
[5.826032] (human_hand_msgs) StdoutLine: {'line': b'\x1b[35m\x1b[1mConsolidate compiler generated dependencies of target human_hand_msgs__rosidl_typesupport_c__pyext\x1b[0m\n'}
[5.828895] (-) TimerEvent: {}
[5.866438] (human_hand_msgs) StdoutLine: {'line': b'[ 92%] Built target human_hand_msgs__rosidl_typesupport_introspection_c__pyext\n'}
[5.867439] (human_hand_msgs) StdoutLine: {'line': b'[ 96%] Built target human_hand_msgs__rosidl_typesupport_c__pyext\n'}
[5.867981] (human_hand_msgs) StdoutLine: {'line': b'[100%] Built target human_hand_msgs__rosidl_typesupport_fastrtps_c__pyext\n'}
[5.929007] (-) TimerEvent: {}
[6.029569] (-) TimerEvent: {}
[6.130276] (-) TimerEvent: {}
[6.230860] (-) TimerEvent: {}
[6.331408] (-) TimerEvent: {}
[6.432011] (-) TimerEvent: {}
[6.484900] (human_hand_msgs) StdoutLine: {'line': b'running egg_info\n'}
[6.487655] (human_hand_msgs) StdoutLine: {'line': b'writing human_hand_msgs.egg-info/PKG-INFO\n'}
[6.488367] (human_hand_msgs) StdoutLine: {'line': b'writing dependency_links to human_hand_msgs.egg-info/dependency_links.txt\n'}
[6.489025] (human_hand_msgs) StdoutLine: {'line': b'writing top-level names to human_hand_msgs.egg-info/top_level.txt\n'}
[6.497626] (human_hand_msgs) StdoutLine: {'line': b"reading manifest file 'human_hand_msgs.egg-info/SOURCES.txt'\n"}
[6.499962] (human_hand_msgs) StdoutLine: {'line': b"writing manifest file 'human_hand_msgs.egg-info/SOURCES.txt'\n"}
[6.532161] (-) TimerEvent: {}
[6.576454] (human_hand_msgs) StdoutLine: {'line': b'[100%] Built target ament_cmake_python_build_human_hand_msgs_egg\n'}
[6.614063] (human_hand_msgs) CommandEnded: {'returncode': 0}
[6.618076] (human_hand_msgs) JobProgress: {'identifier': 'human_hand_msgs', 'progress': 'install'}
[6.632324] (-) TimerEvent: {}
[6.648703] (human_hand_msgs) Command: {'cmd': ['/usr/bin/cmake', '--install', '/home/duy/Documents/GitHub/Experiment/hrc_ws/build/human_hand_msgs'], 'cwd': '/home/duy/Documents/GitHub/Experiment/hrc_ws/build/human_hand_msgs', 'env': OrderedDict([('LESSOPEN', '| /usr/bin/lesspipe %s'), ('LANGUAGE', 'en_US:en'), ('USER', 'duy'), ('LC_TIME', 'vi_VN'), ('ROS_PACKAGE_PATH', '/home/duy/Documents/GitHub/Experiment/hrc_ws/install/human_hand_msgs/share'), ('XDG_SESSION_TYPE', 'wayland'), ('SHLVL', '1'), ('LD_LIBRARY_PATH', '/home/duy/Documents/GitHub/Experiment/hrc_ws/install/human_hand_msgs/lib:/opt/ros/humble/opt/rviz_ogre_vendor/lib:/opt/ros/humble/lib/x86_64-linux-gnu:/opt/ros/humble/lib'), ('HOME', '/home/duy'), ('OLDPWD', '/home/duy/Documents/GitHub/Experiment/hrc_ws'), ('DESKTOP_SESSION', 'ubuntu'), ('ROS_PYTHON_VERSION', '3'), ('GNOME_SHELL_SESSION_MODE', 'ubuntu'), ('GTK_MODULES', 'gail:atk-bridge'), ('LC_MONETARY', 'vi_VN'), ('DBUS_STARTER_BUS_TYPE', 'session'), ('SYSTEMD_EXEC_PID', '1126'), ('DBUS_SESSION_BUS_ADDRESS', 'unix:path=/run/user/1000/bus,guid=d423c5066bbabf4a6816003e69d4957d'), ('COLORTERM', 'truecolor'), ('IM_CONFIG_PHASE', '1'), ('WAYLAND_DISPLAY', 'wayland-0'), ('COLCON_PREFIX_PATH', '/home/duy/Documents/GitHub/Experiment/hrc_ws/install'), ('ROS_DISTRO', 'humble'), ('LOGNAME', 'duy'), ('_', '/usr/bin/colcon'), ('ROS_VERSION', '2'), ('PKG_CONFIG_PATH', '/home/duy/Documents/GitHub/Experiment/hrc_ws/install/human_hand_msgs/lib/x86_64-linux-gnu/pkgconfig:/home/duy/Documents/GitHub/Experiment/hrc_ws/install/human_hand_msgs/lib/pkgconfig'), ('XDG_SESSION_CLASS', 'user'), ('USERNAME', 'duy'), ('TERM', 'xterm-256color'), ('GNOME_DESKTOP_SESSION_ID', 'this-is-deprecated'), ('ROS_LOCALHOST_ONLY', '0'), ('PATH', '/opt/ros/humble/bin:/home/duy/.local/bin:/usr/local/sbin:/usr/local/bin:/usr/sbin:/usr/bin:/sbin:/bin:/usr/games:/usr/local/games:/snap/bin:/snap/bin'), ('SESSION_MANAGER', 'local/duy:@/tmp/.ICE-unix/1126,unix/duy:/tmp/.ICE-unix/1126'), ('PAPERSIZE', 'a4'), ('XDG_MENU_PREFIX', 'gnome-'), ('LC_ADDRESS', 'vi_VN'), ('GNOME_TERMINAL_SCREEN', '/org/gnome/Terminal/screen/8fd4f13c_10e8_4369_9076_21de48dae882'), ('GNOME_SETUP_DISPLAY', ':1'), ('XDG_RUNTIME_DIR', '/run/user/1000'), ('DISPLAY', ':0'), ('LANG', 'en_US.UTF-8'), ('XDG_CURRENT_DESKTOP', 'ubuntu:GNOME'), ('LC_TELEPHONE', 'vi_VN'), ('XMODIFIERS', '@im=ibus'), ('XDG_SESSION_DESKTOP', 'ubuntu'), ('XAUTHORITY', '/run/user/1000/.mutter-Xwaylandauth.N2ZRN3'), ('LS_COLORS', 'rs=0:di=01;34:ln=01;36:mh=00:pi=40;33:so=01;35:do=01;35:bd=40;33;01:cd=40;33;01:or=40;31;01:mi=00:su=37;41:sg=30;43:ca=30;41:tw=30;42:ow=34;42:st=37;44:ex=01;32:*.tar=01;31:*.tgz=01;31:*.arc=01;31:*.arj=01;31:*.taz=01;31:*.lha=01;31:*.lz4=01;31:*.lzh=01;31:*.lzma=01;31:*.tlz=01;31:*.txz=01;31:*.tzo=01;31:*.t7z=01;31:*.zip=01;31:*.z=01;31:*.dz=01;31:*.gz=01;31:*.lrz=01;31:*.lz=01;31:*.lzo=01;31:*.xz=01;31:*.zst=01;31:*.tzst=01;31:*.bz2=01;31:*.bz=01;31:*.tbz=01;31:*.tbz2=01;31:*.tz=01;31:*.deb=01;31:*.rpm=01;31:*.jar=01;31:*.war=01;31:*.ear=01;31:*.sar=01;31:*.rar=01;31:*.alz=01;31:*.ace=01;31:*.zoo=01;31:*.cpio=01;31:*.7z=01;31:*.rz=01;31:*.cab=01;31:*.wim=01;31:*.swm=01;31:*.dwm=01;31:*.esd=01;31:*.jpg=01;35:*.jpeg=01;35:*.mjpg=01;35:*.mjpeg=01;35:*.gif=01;35:*.bmp=01;35:*.pbm=01;35:*.pgm=01;35:*.ppm=01;35:*.tga=01;35:*.xbm=01;35:*.xpm=01;35:*.tif=01;35:*.tiff=01;35:*.png=01;35:*.svg=01;35:*.svgz=01;35:*.mng=01;35:*.pcx=01;35:*.mov=01;35:*.mpg=01;35:*.mpeg=01;35:*.m2v=01;35:*.mkv=01;35:*.webm=01;35:*.webp=01;35:*.ogm=01;35:*.mp4=01;35:*.m4v=01;35:*.mp4v=01;35:*.vob=01;35:*.qt=01;35:*.nuv=01;35:*.wmv=01;35:*.asf=01;35:*.rm=01;35:*.rmvb=01;35:*.flc=01;35:*.avi=01;35:*.fli=01;35:*.flv=01;35:*.gl=01;35:*.dl=01;35:*.xcf=01;35:*.xwd=01;35:*.yuv=01;35:*.cgm=01;35:*.emf=01;35:*.ogv=01;35:*.ogx=01;35:*.aac=00;36:*.au=00;36:*.flac=00;36:*.m4a=00;36:*.mid=00;36:*.midi=00;36:*.mka=00;36:*.mp3=00;36:*.mpc=00;36:*.ogg=00;36:*.ra=00;36:*.wav=00;36:*.oga=00;36:*.opus=00;36:*.spx=00;36:*.xspf=00;36:'), ('GNOME_TERMINAL_SERVICE', ':1.159'), ('SSH_AGENT_LAUNCHER', 'gnome-keyring'), ('SSH_AUTH_SOCK', '/run/user/1000/keyring/ssh'), ('AMENT_PREFIX_PATH', '/home/duy/Documents/GitHub/Experiment/hrc_ws/install/hrc_bringup:/home/duy/Documents/GitHub/Experiment/hrc_ws/install/trajectory_predictor:/home/duy/Documents/GitHub/Experiment/hrc_ws/install/predictor_ui:/home/duy/Documents/GitHub/Experiment/hrc_ws/install/kinect_bridge:/home/duy/Documents/GitHub/Experiment/hrc_ws/install/experiment_logger:/opt/ros/humble'), ('SHELL', '/bin/bash'), ('LC_NAME', 'vi_VN'), ('QT_ACCESSIBILITY', '1'), ('GDMSESSION', 'ubuntu'), ('LESSCLOSE', '/usr/bin/lesspipe %s %s'), ('LC_MEASUREMENT', 'vi_VN'), ('LC_IDENTIFICATION', 'vi_VN'), ('QT_IM_MODULE', 'ibus'), ('PWD', '/home/duy/Documents/GitHub/Experiment/hrc_ws/build/human_hand_msgs'), ('LC_ALL', 'en_US.UTF-8'), ('XDG_CONFIG_DIRS', '/etc/xdg/xdg-ubuntu:/etc/xdg'), ('DBUS_STARTER_ADDRESS', 'unix:path=/run/user/1000/bus,guid=d423c5066bbabf4a6816003e69d4957d'), ('XDG_DATA_DIRS', '/usr/share/ubuntu:/usr/local/share/:/usr/share/:/var/lib/snapd/desktop'), ('PYTHONPATH', '/home/duy/Documents/GitHub/Experiment/hrc_ws/build/kinect_bridge:/home/duy/Documents/GitHub/Experiment/hrc_ws/install/trajectory_predictor/lib/python3.10/site-packages:/home/duy/Documents/GitHub/Experiment/hrc_ws/install/predictor_ui/lib/python3.10/site-packages:/home/duy/Documents/GitHub/Experiment/hrc_ws/install/kinect_bridge/lib/python3.10/site-packages:/home/duy/Documents/GitHub/Experiment/hrc_ws/install/experiment_logger/lib/python3.10/site-packages:/home/duy/Documents/GitHub/Experiment/hrc_ws/install/human_hand_msgs/local/lib/python3.10/dist-packages:/opt/ros/humble/lib/python3.10/site-packages:/opt/ros/humble/local/lib/python3.10/dist-packages'), ('LC_NUMERIC', 'vi_VN'), ('LC_PAPER', 'vi_VN'), ('COLCON', '1'), ('VTE_VERSION', '6800'), ('CMAKE_PREFIX_PATH', '/home/duy/Documents/GitHub/Experiment/hrc_ws/install/hrc_bringup:/home/duy/Documents/GitHub/Experiment/hrc_ws/install/human_hand_msgs')]), 'shell': False}
[6.676611] (human_hand_msgs) StdoutLine: {'line': b'-- Install configuration: ""\n'}
[6.677446] (human_hand_msgs) StdoutLine: {'line': b'-- Up-to-date: /home/duy/Documents/GitHub/Experiment/hrc_ws/install/human_hand_msgs/share/ament_index/resource_index/rosidl_interfaces/human_hand_msgs\n'}
[6.678420] (human_hand_msgs) StdoutLine: {'line': b'-- Up-to-date: /home/duy/Documents/GitHub/Experiment/hrc_ws/install/human_hand_msgs/include/human_hand_msgs/human_hand_msgs\n'}
[6.678886] (human_hand_msgs) StdoutLine: {'line': b'-- Up-to-date: /home/duy/Documents/GitHub/Experiment/hrc_ws/install/human_hand_msgs/include/human_hand_msgs/human_hand_msgs/msg\n'}
[6.679236] (human_hand_msgs) StdoutLine: {'line': b'-- Up-to-date: /home/duy/Documents/GitHub/Experiment/hrc_ws/install/human_hand_msgs/include/human_hand_msgs/human_hand_msgs/msg/detail\n'}
[6.679505] (human_hand_msgs) StdoutLine: {'line': b'-- Up-to-date: /home/duy/Documents/GitHub/Experiment/hrc_ws/install/human_hand_msgs/include/human_hand_msgs/human_hand_msgs/msg/detail/system_status__functions.h\n'}
[6.679812] (human_hand_msgs) StdoutLine: {'line': b'-- Up-to-date: /home/duy/Documents/GitHub/Experiment/hrc_ws/install/human_hand_msgs/include/human_hand_msgs/human_hand_msgs/msg/detail/system_status__functions.c\n'}
[6.680181] (human_hand_msgs) StdoutLine: {'line': b'-- Up-to-date: /home/duy/Documents/GitHub/Experiment/hrc_ws/install/human_hand_msgs/include/human_hand_msgs/human_hand_msgs/msg/detail/system_status__type_support.h\n'}
[6.680469] (human_hand_msgs) StdoutLine: {'line': b'-- Up-to-date: /home/duy/Documents/GitHub/Experiment/hrc_ws/install/human_hand_msgs/include/human_hand_msgs/human_hand_msgs/msg/detail/hand_prediction__functions.h\n'}
[6.680724] (human_hand_msgs) StdoutLine: {'line': b'-- Up-to-date: /home/duy/Documents/GitHub/Experiment/hrc_ws/install/human_hand_msgs/include/human_hand_msgs/human_hand_msgs/msg/detail/hand_state__struct.h\n'}
[6.681428] (human_hand_msgs) StdoutLine: {'line': b'-- Up-to-date: /home/duy/Documents/GitHub/Experiment/hrc_ws/install/human_hand_msgs/include/human_hand_msgs/human_hand_msgs/msg/detail/hand_prediction__struct.h\n'}
[6.681756] (human_hand_msgs) StdoutLine: {'line': b'-- Up-to-date: /home/duy/Documents/GitHub/Experiment/hrc_ws/install/human_hand_msgs/include/human_hand_msgs/human_hand_msgs/msg/detail/hand_state__type_support.h\n'}
[6.682027] (human_hand_msgs) StdoutLine: {'line': b'-- Up-to-date: /home/duy/Documents/GitHub/Experiment/hrc_ws/install/human_hand_msgs/include/human_hand_msgs/human_hand_msgs/msg/detail/system_status__struct.h\n'}
[6.682435] (human_hand_msgs) StdoutLine: {'line': b'-- Up-to-date: /home/duy/Documents/GitHub/Experiment/hrc_ws/install/human_hand_msgs/include/human_hand_msgs/human_hand_msgs/msg/detail/hand_prediction__functions.c\n'}
[6.682685] (human_hand_msgs) StdoutLine: {'line': b'-- Up-to-date: /home/duy/Documents/GitHub/Experiment/hrc_ws/install/human_hand_msgs/include/human_hand_msgs/human_hand_msgs/msg/detail/hand_prediction__type_support.h\n'}
[6.682971] (human_hand_msgs) StdoutLine: {'line': b'-- Up-to-date: /home/duy/Documents/GitHub/Experiment/hrc_ws/install/human_hand_msgs/include/human_hand_msgs/human_hand_msgs/msg/detail/hand_state__functions.h\n'}
[6.683503] (human_hand_msgs) StdoutLine: {'line': b'-- Up-to-date: /home/duy/Documents/GitHub/Experiment/hrc_ws/install/human_hand_msgs/include/human_hand_msgs/human_hand_msgs/msg/detail/hand_state__functions.c\n'}
[6.683813] (human_hand_msgs) StdoutLine: {'line': b'-- Up-to-date: /home/duy/Documents/GitHub/Experiment/hrc_ws/install/human_hand_msgs/include/human_hand_msgs/human_hand_msgs/msg/hand_state.h\n'}
[6.684164] (human_hand_msgs) StdoutLine: {'line': b'-- Up-to-date: /home/duy/Documents/GitHub/Experiment/hrc_ws/install/human_hand_msgs/include/human_hand_msgs/human_hand_msgs/msg/system_status.h\n'}
[6.684964] (human_hand_msgs) StdoutLine: {'line': b'-- Up-to-date: /home/duy/Documents/GitHub/Experiment/hrc_ws/install/human_hand_msgs/include/human_hand_msgs/human_hand_msgs/msg/hand_prediction.h\n'}
[6.685383] (human_hand_msgs) StdoutLine: {'line': b'-- Up-to-date: /home/duy/Documents/GitHub/Experiment/hrc_ws/install/human_hand_msgs/include/human_hand_msgs/human_hand_msgs/msg/rosidl_generator_c__visibility_control.h\n'}
[6.685660] (human_hand_msgs) StdoutLine: {'line': b'-- Up-to-date: /home/duy/Documents/GitHub/Experiment/hrc_ws/install/human_hand_msgs/include/human_hand_msgs/human_hand_msgs/srv\n'}
[6.685934] (human_hand_msgs) StdoutLine: {'line': b'-- Up-to-date: /home/duy/Documents/GitHub/Experiment/hrc_ws/install/human_hand_msgs/include/human_hand_msgs/human_hand_msgs/srv/detail\n'}
[6.686364] (human_hand_msgs) StdoutLine: {'line': b'-- Up-to-date: /home/duy/Documents/GitHub/Experiment/hrc_ws/install/human_hand_msgs/include/human_hand_msgs/human_hand_msgs/srv/detail/select_model__functions.c\n'}
[6.686607] (human_hand_msgs) StdoutLine: {'line': b'-- Up-to-date: /home/duy/Documents/GitHub/Experiment/hrc_ws/install/human_hand_msgs/include/human_hand_msgs/human_hand_msgs/srv/detail/select_model__struct.h\n'}
[6.686839] (human_hand_msgs) StdoutLine: {'line': b'-- Up-to-date: /home/duy/Documents/GitHub/Experiment/hrc_ws/install/human_hand_msgs/include/human_hand_msgs/human_hand_msgs/srv/detail/select_model__type_support.h\n'}
[6.687199] (human_hand_msgs) StdoutLine: {'line': b'-- Up-to-date: /home/duy/Documents/GitHub/Experiment/hrc_ws/install/human_hand_msgs/include/human_hand_msgs/human_hand_msgs/srv/detail/select_model__functions.h\n'}
[6.687446] (human_hand_msgs) StdoutLine: {'line': b'-- Up-to-date: /home/duy/Documents/GitHub/Experiment/hrc_ws/install/human_hand_msgs/include/human_hand_msgs/human_hand_msgs/srv/select_model.h\n'}
[6.687686] (human_hand_msgs) StdoutLine: {'line': b'-- Up-to-date: /home/duy/Documents/GitHub/Experiment/hrc_ws/install/human_hand_msgs/share/human_hand_msgs/environment/library_path.sh\n'}
[6.688332] (human_hand_msgs) StdoutLine: {'line': b'-- Installing: /home/duy/Documents/GitHub/Experiment/hrc_ws/install/human_hand_msgs/share/human_hand_msgs/environment/library_path.dsv\n'}
[6.689060] (human_hand_msgs) StdoutLine: {'line': b'-- Up-to-date: /home/duy/Documents/GitHub/Experiment/hrc_ws/install/human_hand_msgs/lib/libhuman_hand_msgs__rosidl_generator_c.so\n'}
[6.689375] (human_hand_msgs) StdoutLine: {'line': b'-- Up-to-date: /home/duy/Documents/GitHub/Experiment/hrc_ws/install/human_hand_msgs/include/human_hand_msgs/human_hand_msgs\n'}
[6.689644] (human_hand_msgs) StdoutLine: {'line': b'-- Up-to-date: /home/duy/Documents/GitHub/Experiment/hrc_ws/install/human_hand_msgs/include/human_hand_msgs/human_hand_msgs/msg\n'}
[6.689915] (human_hand_msgs) StdoutLine: {'line': b'-- Up-to-date: /home/duy/Documents/GitHub/Experiment/hrc_ws/install/human_hand_msgs/include/human_hand_msgs/human_hand_msgs/msg/detail\n'}
[6.690188] (human_hand_msgs) StdoutLine: {'line': b'-- Up-to-date: /home/duy/Documents/GitHub/Experiment/hrc_ws/install/human_hand_msgs/include/human_hand_msgs/human_hand_msgs/msg/detail/hand_prediction__rosidl_typesupport_fastrtps_c.h\n'}
[6.690443] (human_hand_msgs) StdoutLine: {'line': b'-- Up-to-date: /home/duy/Documents/GitHub/Experiment/hrc_ws/install/human_hand_msgs/include/human_hand_msgs/human_hand_msgs/msg/detail/hand_state__rosidl_typesupport_fastrtps_c.h\n'}
[6.690689] (human_hand_msgs) StdoutLine: {'line': b'-- Up-to-date: /home/duy/Documents/GitHub/Experiment/hrc_ws/install/human_hand_msgs/include/human_hand_msgs/human_hand_msgs/msg/detail/system_status__rosidl_typesupport_fastrtps_c.h\n'}
[6.691318] (human_hand_msgs) StdoutLine: {'line': b'-- Up-to-date: /home/duy/Documents/GitHub/Experiment/hrc_ws/install/human_hand_msgs/include/human_hand_msgs/human_hand_msgs/msg/rosidl_typesupport_fastrtps_c__visibility_control.h\n'}
[6.691573] (human_hand_msgs) StdoutLine: {'line': b'-- Up-to-date: /home/duy/Documents/GitHub/Experiment/hrc_ws/install/human_hand_msgs/include/human_hand_msgs/human_hand_msgs/srv\n'}
[6.691806] (human_hand_msgs) StdoutLine: {'line': b'-- Up-to-date: /home/duy/Documents/GitHub/Experiment/hrc_ws/install/human_hand_msgs/include/human_hand_msgs/human_hand_msgs/srv/detail\n'}
[6.692186] (human_hand_msgs) StdoutLine: {'line': b'-- Up-to-date: /home/duy/Documents/GitHub/Experiment/hrc_ws/install/human_hand_msgs/include/human_hand_msgs/human_hand_msgs/srv/detail/select_model__rosidl_typesupport_fastrtps_c.h\n'}
[6.692519] (human_hand_msgs) StdoutLine: {'line': b'-- Up-to-date: /home/duy/Documents/GitHub/Experiment/hrc_ws/install/human_hand_msgs/lib/libhuman_hand_msgs__rosidl_typesupport_fastrtps_c.so\n'}
[6.692952] (human_hand_msgs) StdoutLine: {'line': b'-- Up-to-date: /home/duy/Documents/GitHub/Experiment/hrc_ws/install/human_hand_msgs/include/human_hand_msgs/human_hand_msgs\n'}
[6.693226] (human_hand_msgs) StdoutLine: {'line': b'-- Up-to-date: /home/duy/Documents/GitHub/Experiment/hrc_ws/install/human_hand_msgs/include/human_hand_msgs/human_hand_msgs/msg\n'}
[6.693457] (human_hand_msgs) StdoutLine: {'line': b'-- Up-to-date: /home/duy/Documents/GitHub/Experiment/hrc_ws/install/human_hand_msgs/include/human_hand_msgs/human_hand_msgs/msg/detail\n'}
[6.693697] (human_hand_msgs) StdoutLine: {'line': b'-- Up-to-date: /home/duy/Documents/GitHub/Experiment/hrc_ws/install/human_hand_msgs/include/human_hand_msgs/human_hand_msgs/msg/detail/hand_prediction__rosidl_typesupport_introspection_c.h\n'}
[6.693954] (human_hand_msgs) StdoutLine: {'line': b'-- Up-to-date: /home/duy/Documents/GitHub/Experiment/hrc_ws/install/human_hand_msgs/include/human_hand_msgs/human_hand_msgs/msg/detail/system_status__type_support.c\n'}
[6.694271] (human_hand_msgs) StdoutLine: {'line': b'-- Up-to-date: /home/duy/Documents/GitHub/Experiment/hrc_ws/install/human_hand_msgs/include/human_hand_msgs/human_hand_msgs/msg/detail/hand_state__type_support.c\n'}
[6.694512] (human_hand_msgs) StdoutLine: {'line': b'-- Up-to-date: /home/duy/Documents/GitHub/Experiment/hrc_ws/install/human_hand_msgs/include/human_hand_msgs/human_hand_msgs/msg/detail/system_status__rosidl_typesupport_introspection_c.h\n'}
[6.694752] (human_hand_msgs) StdoutLine: {'line': b'-- Up-to-date: /home/duy/Documents/GitHub/Experiment/hrc_ws/install/human_hand_msgs/include/human_hand_msgs/human_hand_msgs/msg/detail/hand_state__rosidl_typesupport_introspection_c.h\n'}
[6.695085] (human_hand_msgs) StdoutLine: {'line': b'-- Up-to-date: /home/duy/Documents/GitHub/Experiment/hrc_ws/install/human_hand_msgs/include/human_hand_msgs/human_hand_msgs/msg/detail/hand_prediction__type_support.c\n'}
[6.695397] (human_hand_msgs) StdoutLine: {'line': b'-- Up-to-date: /home/duy/Documents/GitHub/Experiment/hrc_ws/install/human_hand_msgs/include/human_hand_msgs/human_hand_msgs/msg/rosidl_typesupport_introspection_c__visibility_control.h\n'}
[6.695628] (human_hand_msgs) StdoutLine: {'line': b'-- Up-to-date: /home/duy/Documents/GitHub/Experiment/hrc_ws/install/human_hand_msgs/include/human_hand_msgs/human_hand_msgs/srv\n'}
[6.695865] (human_hand_msgs) StdoutLine: {'line': b'-- Up-to-date: /home/duy/Documents/GitHub/Experiment/hrc_ws/install/human_hand_msgs/include/human_hand_msgs/human_hand_msgs/srv/detail\n'}
[6.696216] (human_hand_msgs) StdoutLine: {'line': b'-- Up-to-date: /home/duy/Documents/GitHub/Experiment/hrc_ws/install/human_hand_msgs/include/human_hand_msgs/human_hand_msgs/srv/detail/select_model__rosidl_typesupport_introspection_c.h\n'}
[6.696468] (human_hand_msgs) StdoutLine: {'line': b'-- Up-to-date: /home/duy/Documents/GitHub/Experiment/hrc_ws/install/human_hand_msgs/include/human_hand_msgs/human_hand_msgs/srv/detail/select_model__type_support.c\n'}
[6.696856] (human_hand_msgs) StdoutLine: {'line': b'-- Up-to-date: /home/duy/Documents/GitHub/Experiment/hrc_ws/install/human_hand_msgs/lib/libhuman_hand_msgs__rosidl_typesupport_introspection_c.so\n'}
[6.697123] (human_hand_msgs) StdoutLine: {'line': b'-- Up-to-date: /home/duy/Documents/GitHub/Experiment/hrc_ws/install/human_hand_msgs/lib/libhuman_hand_msgs__rosidl_typesupport_c.so\n'}
[6.697368] (human_hand_msgs) StdoutLine: {'line': b'-- Up-to-date: /home/duy/Documents/GitHub/Experiment/hrc_ws/install/human_hand_msgs/include/human_hand_msgs/human_hand_msgs\n'}
[6.697611] (human_hand_msgs) StdoutLine: {'line': b'-- Up-to-date: /home/duy/Documents/GitHub/Experiment/hrc_ws/install/human_hand_msgs/include/human_hand_msgs/human_hand_msgs/msg\n'}
[6.697853] (human_hand_msgs) StdoutLine: {'line': b'-- Up-to-date: /home/duy/Documents/GitHub/Experiment/hrc_ws/install/human_hand_msgs/include/human_hand_msgs/human_hand_msgs/msg/detail\n'}
[6.698290] (human_hand_msgs) StdoutLine: {'line': b'-- Up-to-date: /home/duy/Documents/GitHub/Experiment/hrc_ws/install/human_hand_msgs/include/human_hand_msgs/human_hand_msgs/msg/detail/hand_state__traits.hpp\n'}
[6.698618] (human_hand_msgs) StdoutLine: {'line': b'-- Up-to-date: /home/duy/Documents/GitHub/Experiment/hrc_ws/install/human_hand_msgs/include/human_hand_msgs/human_hand_msgs/msg/detail/system_status__struct.hpp\n'}
[6.698866] (human_hand_msgs) StdoutLine: {'line': b'-- Up-to-date: /home/duy/Documents/GitHub/Experiment/hrc_ws/install/human_hand_msgs/include/human_hand_msgs/human_hand_msgs/msg/detail/system_status__type_support.hpp\n'}
[6.699292] (human_hand_msgs) StdoutLine: {'line': b'-- Up-to-date: /home/duy/Documents/GitHub/Experiment/hrc_ws/install/human_hand_msgs/include/human_hand_msgs/human_hand_msgs/msg/detail/system_status__builder.hpp\n'}
[6.699604] (human_hand_msgs) StdoutLine: {'line': b'-- Up-to-date: /home/duy/Documents/GitHub/Experiment/hrc_ws/install/human_hand_msgs/include/human_hand_msgs/human_hand_msgs/msg/detail/hand_prediction__builder.hpp\n'}
[6.699847] (human_hand_msgs) StdoutLine: {'line': b'-- Up-to-date: /home/duy/Documents/GitHub/Experiment/hrc_ws/install/human_hand_msgs/include/human_hand_msgs/human_hand_msgs/msg/detail/hand_state__builder.hpp\n'}
[6.700257] (human_hand_msgs) StdoutLine: {'line': b'-- Up-to-date: /home/duy/Documents/GitHub/Experiment/hrc_ws/install/human_hand_msgs/include/human_hand_msgs/human_hand_msgs/msg/detail/hand_prediction__type_support.hpp\n'}
[6.700500] (human_hand_msgs) StdoutLine: {'line': b'-- Up-to-date: /home/duy/Documents/GitHub/Experiment/hrc_ws/install/human_hand_msgs/include/human_hand_msgs/human_hand_msgs/msg/detail/hand_state__struct.hpp\n'}
[6.700726] (human_hand_msgs) StdoutLine: {'line': b'-- Up-to-date: /home/duy/Documents/GitHub/Experiment/hrc_ws/install/human_hand_msgs/include/human_hand_msgs/human_hand_msgs/msg/detail/system_status__traits.hpp\n'}
[6.700970] (human_hand_msgs) StdoutLine: {'line': b'-- Up-to-date: /home/duy/Documents/GitHub/Experiment/hrc_ws/install/human_hand_msgs/include/human_hand_msgs/human_hand_msgs/msg/detail/hand_prediction__traits.hpp\n'}
[6.701226] (human_hand_msgs) StdoutLine: {'line': b'-- Up-to-date: /home/duy/Documents/GitHub/Experiment/hrc_ws/install/human_hand_msgs/include/human_hand_msgs/human_hand_msgs/msg/detail/hand_prediction__struct.hpp\n'}
[6.701466] (human_hand_msgs) StdoutLine: {'line': b'-- Up-to-date: /home/duy/Documents/GitHub/Experiment/hrc_ws/install/human_hand_msgs/include/human_hand_msgs/human_hand_msgs/msg/detail/hand_state__type_support.hpp\n'}
[6.701694] (human_hand_msgs) StdoutLine: {'line': b'-- Up-to-date: /home/duy/Documents/GitHub/Experiment/hrc_ws/install/human_hand_msgs/include/human_hand_msgs/human_hand_msgs/msg/system_status.hpp\n'}
[6.701937] (human_hand_msgs) StdoutLine: {'line': b'-- Up-to-date: /home/duy/Documents/GitHub/Experiment/hrc_ws/install/human_hand_msgs/include/human_hand_msgs/human_hand_msgs/msg/hand_prediction.hpp\n'}
[6.702192] (human_hand_msgs) StdoutLine: {'line': b'-- Up-to-date: /home/duy/Documents/GitHub/Experiment/hrc_ws/install/human_hand_msgs/include/human_hand_msgs/human_hand_msgs/msg/rosidl_generator_cpp__visibility_control.hpp\n'}
[6.702442] (human_hand_msgs) StdoutLine: {'line': b'-- Up-to-date: /home/duy/Documents/GitHub/Experiment/hrc_ws/install/human_hand_msgs/include/human_hand_msgs/human_hand_msgs/msg/hand_state.hpp\n'}
[6.702670] (human_hand_msgs) StdoutLine: {'line': b'-- Up-to-date: /home/duy/Documents/GitHub/Experiment/hrc_ws/install/human_hand_msgs/include/human_hand_msgs/human_hand_msgs/srv\n'}
[6.702895] (human_hand_msgs) StdoutLine: {'line': b'-- Up-to-date: /home/duy/Documents/GitHub/Experiment/hrc_ws/install/human_hand_msgs/include/human_hand_msgs/human_hand_msgs/srv/detail\n'}
[6.703157] (human_hand_msgs) StdoutLine: {'line': b'-- Up-to-date: /home/duy/Documents/GitHub/Experiment/hrc_ws/install/human_hand_msgs/include/human_hand_msgs/human_hand_msgs/srv/detail/select_model__struct.hpp\n'}
[6.703388] (human_hand_msgs) StdoutLine: {'line': b'-- Up-to-date: /home/duy/Documents/GitHub/Experiment/hrc_ws/install/human_hand_msgs/include/human_hand_msgs/human_hand_msgs/srv/detail/select_model__traits.hpp\n'}
[6.703614] (human_hand_msgs) StdoutLine: {'line': b'-- Up-to-date: /home/duy/Documents/GitHub/Experiment/hrc_ws/install/human_hand_msgs/include/human_hand_msgs/human_hand_msgs/srv/detail/select_model__type_support.hpp\n'}
[6.703864] (human_hand_msgs) StdoutLine: {'line': b'-- Up-to-date: /home/duy/Documents/GitHub/Experiment/hrc_ws/install/human_hand_msgs/include/human_hand_msgs/human_hand_msgs/srv/detail/select_model__builder.hpp\n'}
[6.704142] (human_hand_msgs) StdoutLine: {'line': b'-- Up-to-date: /home/duy/Documents/GitHub/Experiment/hrc_ws/install/human_hand_msgs/include/human_hand_msgs/human_hand_msgs/srv/select_model.hpp\n'}
[6.704379] (human_hand_msgs) StdoutLine: {'line': b'-- Up-to-date: /home/duy/Documents/GitHub/Experiment/hrc_ws/install/human_hand_msgs/include/human_hand_msgs/human_hand_msgs\n'}
[6.704604] (human_hand_msgs) StdoutLine: {'line': b'-- Up-to-date: /home/duy/Documents/GitHub/Experiment/hrc_ws/install/human_hand_msgs/include/human_hand_msgs/human_hand_msgs/msg\n'}
[6.704826] (human_hand_msgs) StdoutLine: {'line': b'-- Up-to-date: /home/duy/Documents/GitHub/Experiment/hrc_ws/install/human_hand_msgs/include/human_hand_msgs/human_hand_msgs/msg/detail\n'}
[6.705081] (human_hand_msgs) StdoutLine: {'line': b'-- Up-to-date: /home/duy/Documents/GitHub/Experiment/hrc_ws/install/human_hand_msgs/include/human_hand_msgs/human_hand_msgs/msg/detail/hand_prediction__rosidl_typesupport_fastrtps_cpp.hpp\n'}
[6.705321] (human_hand_msgs) StdoutLine: {'line': b'-- Up-to-date: /home/duy/Documents/GitHub/Experiment/hrc_ws/install/human_hand_msgs/include/human_hand_msgs/human_hand_msgs/msg/detail/system_status__rosidl_typesupport_fastrtps_cpp.hpp\n'}
[6.705545] (human_hand_msgs) StdoutLine: {'line': b'-- Up-to-date: /home/duy/Documents/GitHub/Experiment/hrc_ws/install/human_hand_msgs/include/human_hand_msgs/human_hand_msgs/msg/detail/hand_state__rosidl_typesupport_fastrtps_cpp.hpp\n'}
[6.705768] (human_hand_msgs) StdoutLine: {'line': b'-- Up-to-date: /home/duy/Documents/GitHub/Experiment/hrc_ws/install/human_hand_msgs/include/human_hand_msgs/human_hand_msgs/msg/detail/dds_fastrtps\n'}
[6.706013] (human_hand_msgs) StdoutLine: {'line': b'-- Up-to-date: /home/duy/Documents/GitHub/Experiment/hrc_ws/install/human_hand_msgs/include/human_hand_msgs/human_hand_msgs/msg/rosidl_typesupport_fastrtps_cpp__visibility_control.h\n'}
[6.706309] (human_hand_msgs) StdoutLine: {'line': b'-- Up-to-date: /home/duy/Documents/GitHub/Experiment/hrc_ws/install/human_hand_msgs/include/human_hand_msgs/human_hand_msgs/srv\n'}
[6.706548] (human_hand_msgs) StdoutLine: {'line': b'-- Up-to-date: /home/duy/Documents/GitHub/Experiment/hrc_ws/install/human_hand_msgs/include/human_hand_msgs/human_hand_msgs/srv/detail\n'}
[6.706771] (human_hand_msgs) StdoutLine: {'line': b'-- Up-to-date: /home/duy/Documents/GitHub/Experiment/hrc_ws/install/human_hand_msgs/include/human_hand_msgs/human_hand_msgs/srv/detail/select_model__rosidl_typesupport_fastrtps_cpp.hpp\n'}
[6.707066] (human_hand_msgs) StdoutLine: {'line': b'-- Up-to-date: /home/duy/Documents/GitHub/Experiment/hrc_ws/install/human_hand_msgs/include/human_hand_msgs/human_hand_msgs/srv/detail/dds_fastrtps\n'}
[6.707325] (human_hand_msgs) StdoutLine: {'line': b'-- Up-to-date: /home/duy/Documents/GitHub/Experiment/hrc_ws/install/human_hand_msgs/lib/libhuman_hand_msgs__rosidl_typesupport_fastrtps_cpp.so\n'}
[6.707647] (human_hand_msgs) StdoutLine: {'line': b'-- Up-to-date: /home/duy/Documents/GitHub/Experiment/hrc_ws/install/human_hand_msgs/include/human_hand_msgs/human_hand_msgs\n'}
[6.707876] (human_hand_msgs) StdoutLine: {'line': b'-- Up-to-date: /home/duy/Documents/GitHub/Experiment/hrc_ws/install/human_hand_msgs/include/human_hand_msgs/human_hand_msgs/msg\n'}
[6.708135] (human_hand_msgs) StdoutLine: {'line': b'-- Up-to-date: /home/duy/Documents/GitHub/Experiment/hrc_ws/install/human_hand_msgs/include/human_hand_msgs/human_hand_msgs/msg/detail\n'}
[6.708369] (human_hand_msgs) StdoutLine: {'line': b'-- Up-to-date: /home/duy/Documents/GitHub/Experiment/hrc_ws/install/human_hand_msgs/include/human_hand_msgs/human_hand_msgs/msg/detail/hand_state__rosidl_typesupport_introspection_cpp.hpp\n'}
[6.708595] (human_hand_msgs) StdoutLine: {'line': b'-- Up-to-date: /home/duy/Documents/GitHub/Experiment/hrc_ws/install/human_hand_msgs/include/human_hand_msgs/human_hand_msgs/msg/detail/system_status__rosidl_typesupport_introspection_cpp.hpp\n'}
[6.708821] (human_hand_msgs) StdoutLine: {'line': b'-- Up-to-date: /home/duy/Documents/GitHub/Experiment/hrc_ws/install/human_hand_msgs/include/human_hand_msgs/human_hand_msgs/msg/detail/hand_state__type_support.cpp\n'}
[6.709079] (human_hand_msgs) StdoutLine: {'line': b'-- Up-to-date: /home/duy/Documents/GitHub/Experiment/hrc_ws/install/human_hand_msgs/include/human_hand_msgs/human_hand_msgs/msg/detail/hand_prediction__type_support.cpp\n'}
[6.709321] (human_hand_msgs) StdoutLine: {'line': b'-- Up-to-date: /home/duy/Documents/GitHub/Experiment/hrc_ws/install/human_hand_msgs/include/human_hand_msgs/human_hand_msgs/msg/detail/hand_prediction__rosidl_typesupport_introspection_cpp.hpp\n'}
[6.709551] (human_hand_msgs) StdoutLine: {'line': b'-- Up-to-date: /home/duy/Documents/GitHub/Experiment/hrc_ws/install/human_hand_msgs/include/human_hand_msgs/human_hand_msgs/msg/detail/system_status__type_support.cpp\n'}
[6.709777] (human_hand_msgs) StdoutLine: {'line': b'-- Up-to-date: /home/duy/Documents/GitHub/Experiment/hrc_ws/install/human_hand_msgs/include/human_hand_msgs/human_hand_msgs/srv\n'}
[6.710078] (human_hand_msgs) StdoutLine: {'line': b'-- Up-to-date: /home/duy/Documents/GitHub/Experiment/hrc_ws/install/human_hand_msgs/include/human_hand_msgs/human_hand_msgs/srv/detail\n'}
[6.710325] (human_hand_msgs) StdoutLine: {'line': b'-- Up-to-date: /home/duy/Documents/GitHub/Experiment/hrc_ws/install/human_hand_msgs/include/human_hand_msgs/human_hand_msgs/srv/detail/select_model__rosidl_typesupport_introspection_cpp.hpp\n'}
[6.710595] (human_hand_msgs) StdoutLine: {'line': b'-- Up-to-date: /home/duy/Documents/GitHub/Experiment/hrc_ws/install/human_hand_msgs/include/human_hand_msgs/human_hand_msgs/srv/detail/select_model__type_support.cpp\n'}
[6.710862] (human_hand_msgs) StdoutLine: {'line': b'-- Up-to-date: /home/duy/Documents/GitHub/Experiment/hrc_ws/install/human_hand_msgs/lib/libhuman_hand_msgs__rosidl_typesupport_introspection_cpp.so\n'}
[6.711139] (human_hand_msgs) StdoutLine: {'line': b'-- Up-to-date: /home/duy/Documents/GitHub/Experiment/hrc_ws/install/human_hand_msgs/lib/libhuman_hand_msgs__rosidl_typesupport_cpp.so\n'}
[6.711376] (human_hand_msgs) StdoutLine: {'line': b'-- Up-to-date: /home/duy/Documents/GitHub/Experiment/hrc_ws/install/human_hand_msgs/share/human_hand_msgs/environment/pythonpath.sh\n'}
[6.711602] (human_hand_msgs) StdoutLine: {'line': b'-- Installing: /home/duy/Documents/GitHub/Experiment/hrc_ws/install/human_hand_msgs/share/human_hand_msgs/environment/pythonpath.dsv\n'}
[6.711832] (human_hand_msgs) StdoutLine: {'line': b'-- Up-to-date: /home/duy/Documents/GitHub/Experiment/hrc_ws/install/human_hand_msgs/local/lib/python3.10/dist-packages/human_hand_msgs-0.1.0-py3.10.egg-info\n'}
[6.712120] (human_hand_msgs) StdoutLine: {'line': b'-- Installing: /home/duy/Documents/GitHub/Experiment/hrc_ws/install/human_hand_msgs/local/lib/python3.10/dist-packages/human_hand_msgs-0.1.0-py3.10.egg-info/top_level.txt\n'}
[6.712357] (human_hand_msgs) StdoutLine: {'line': b'-- Installing: /home/duy/Documents/GitHub/Experiment/hrc_ws/install/human_hand_msgs/local/lib/python3.10/dist-packages/human_hand_msgs-0.1.0-py3.10.egg-info/SOURCES.txt\n'}
[6.712604] (human_hand_msgs) StdoutLine: {'line': b'-- Installing: /home/duy/Documents/GitHub/Experiment/hrc_ws/install/human_hand_msgs/local/lib/python3.10/dist-packages/human_hand_msgs-0.1.0-py3.10.egg-info/dependency_links.txt\n'}
[6.712838] (human_hand_msgs) StdoutLine: {'line': b'-- Installing: /home/duy/Documents/GitHub/Experiment/hrc_ws/install/human_hand_msgs/local/lib/python3.10/dist-packages/human_hand_msgs-0.1.0-py3.10.egg-info/PKG-INFO\n'}
[6.713102] (human_hand_msgs) StdoutLine: {'line': b'-- Up-to-date: /home/duy/Documents/GitHub/Experiment/hrc_ws/install/human_hand_msgs/local/lib/python3.10/dist-packages/human_hand_msgs\n'}
[6.713347] (human_hand_msgs) StdoutLine: {'line': b'-- Up-to-date: /home/duy/Documents/GitHub/Experiment/hrc_ws/install/human_hand_msgs/local/lib/python3.10/dist-packages/human_hand_msgs/_human_hand_msgs_s.ep.rosidl_typesupport_introspection_c.c\n'}
[6.713577] (human_hand_msgs) StdoutLine: {'line': b'-- Up-to-date: /home/duy/Documents/GitHub/Experiment/hrc_ws/install/human_hand_msgs/local/lib/python3.10/dist-packages/human_hand_msgs/human_hand_msgs_s__rosidl_typesupport_c.cpython-310-x86_64-linux-gnu.so\n'}
[6.713808] (human_hand_msgs) StdoutLine: {'line': b'-- Up-to-date: /home/duy/Documents/GitHub/Experiment/hrc_ws/install/human_hand_msgs/local/lib/python3.10/dist-packages/human_hand_msgs/libhuman_hand_msgs__rosidl_generator_py.so\n'}
[6.714068] (human_hand_msgs) StdoutLine: {'line': b'-- Up-to-date: /home/duy/Documents/GitHub/Experiment/hrc_ws/install/human_hand_msgs/local/lib/python3.10/dist-packages/human_hand_msgs/msg\n'}
[6.714305] (human_hand_msgs) StdoutLine: {'line': b'-- Up-to-date: /home/duy/Documents/GitHub/Experiment/hrc_ws/install/human_hand_msgs/local/lib/python3.10/dist-packages/human_hand_msgs/msg/_hand_prediction_s.c\n'}
[6.714531] (human_hand_msgs) StdoutLine: {'line': b'-- Up-to-date: /home/duy/Documents/GitHub/Experiment/hrc_ws/install/human_hand_msgs/local/lib/python3.10/dist-packages/human_hand_msgs/msg/_hand_state.py\n'}
[6.714757] (human_hand_msgs) StdoutLine: {'line': b'-- Up-to-date: /home/duy/Documents/GitHub/Experiment/hrc_ws/install/human_hand_msgs/local/lib/python3.10/dist-packages/human_hand_msgs/msg/_hand_prediction.py\n'}
[6.715003] (human_hand_msgs) StdoutLine: {'line': b'-- Up-to-date: /home/duy/Documents/GitHub/Experiment/hrc_ws/install/human_hand_msgs/local/lib/python3.10/dist-packages/human_hand_msgs/msg/__init__.py\n'}
[6.715246] (human_hand_msgs) StdoutLine: {'line': b'-- Up-to-date: /home/duy/Documents/GitHub/Experiment/hrc_ws/install/human_hand_msgs/local/lib/python3.10/dist-packages/human_hand_msgs/msg/_system_status.py\n'}
[6.715472] (human_hand_msgs) StdoutLine: {'line': b'-- Up-to-date: /home/duy/Documents/GitHub/Experiment/hrc_ws/install/human_hand_msgs/local/lib/python3.10/dist-packages/human_hand_msgs/msg/_system_status_s.c\n'}
[6.715699] (human_hand_msgs) StdoutLine: {'line': b'-- Up-to-date: /home/duy/Documents/GitHub/Experiment/hrc_ws/install/human_hand_msgs/local/lib/python3.10/dist-packages/human_hand_msgs/msg/_hand_state_s.c\n'}
[6.715937] (human_hand_msgs) StdoutLine: {'line': b'-- Up-to-date: /home/duy/Documents/GitHub/Experiment/hrc_ws/install/human_hand_msgs/local/lib/python3.10/dist-packages/human_hand_msgs/human_hand_msgs_s__rosidl_typesupport_fastrtps_c.cpython-310-x86_64-linux-gnu.so\n'}
[6.716190] (human_hand_msgs) StdoutLine: {'line': b'-- Up-to-date: /home/duy/Documents/GitHub/Experiment/hrc_ws/install/human_hand_msgs/local/lib/python3.10/dist-packages/human_hand_msgs/_human_hand_msgs_s.ep.rosidl_typesupport_c.c\n'}
[6.716444] (human_hand_msgs) StdoutLine: {'line': b'-- Installing: /home/duy/Documents/GitHub/Experiment/hrc_ws/install/human_hand_msgs/local/lib/python3.10/dist-packages/human_hand_msgs/__init__.py\n'}
[6.716692] (human_hand_msgs) StdoutLine: {'line': b'-- Up-to-date: /home/duy/Documents/GitHub/Experiment/hrc_ws/install/human_hand_msgs/local/lib/python3.10/dist-packages/human_hand_msgs/srv\n'}
[6.716953] (human_hand_msgs) StdoutLine: {'line': b'-- Up-to-date: /home/duy/Documents/GitHub/Experiment/hrc_ws/install/human_hand_msgs/local/lib/python3.10/dist-packages/human_hand_msgs/srv/_select_model.py\n'}
[6.717243] (human_hand_msgs) StdoutLine: {'line': b'-- Up-to-date: /home/duy/Documents/GitHub/Experiment/hrc_ws/install/human_hand_msgs/local/lib/python3.10/dist-packages/human_hand_msgs/srv/__init__.py\n'}
[6.717582] (human_hand_msgs) StdoutLine: {'line': b'-- Up-to-date: /home/duy/Documents/GitHub/Experiment/hrc_ws/install/human_hand_msgs/local/lib/python3.10/dist-packages/human_hand_msgs/srv/_select_model_s.c\n'}
[6.717997] (human_hand_msgs) StdoutLine: {'line': b'-- Up-to-date: /home/duy/Documents/GitHub/Experiment/hrc_ws/install/human_hand_msgs/local/lib/python3.10/dist-packages/human_hand_msgs/human_hand_msgs_s__rosidl_typesupport_introspection_c.cpython-310-x86_64-linux-gnu.so\n'}
[6.718303] (human_hand_msgs) StdoutLine: {'line': b'-- Up-to-date: /home/duy/Documents/GitHub/Experiment/hrc_ws/install/human_hand_msgs/local/lib/python3.10/dist-packages/human_hand_msgs/_human_hand_msgs_s.ep.rosidl_typesupport_fastrtps_c.c\n'}
[6.732502] (-) TimerEvent: {}
[6.833087] (-) TimerEvent: {}
[6.851385] (human_hand_msgs) StdoutLine: {'line': b"Listing '/home/duy/Documents/GitHub/Experiment/hrc_ws/install/human_hand_msgs/local/lib/python3.10/dist-packages/human_hand_msgs'...\n"}
[6.851843] (human_hand_msgs) StdoutLine: {'line': b"Compiling '/home/duy/Documents/GitHub/Experiment/hrc_ws/install/human_hand_msgs/local/lib/python3.10/dist-packages/human_hand_msgs/__init__.py'...\n"}
[6.852170] (human_hand_msgs) StdoutLine: {'line': b"Listing '/home/duy/Documents/GitHub/Experiment/hrc_ws/install/human_hand_msgs/local/lib/python3.10/dist-packages/human_hand_msgs/msg'...\n"}
[6.852443] (human_hand_msgs) StdoutLine: {'line': b"Listing '/home/duy/Documents/GitHub/Experiment/hrc_ws/install/human_hand_msgs/local/lib/python3.10/dist-packages/human_hand_msgs/srv'...\n"}
[6.868899] (human_hand_msgs) StdoutLine: {'line': b'-- Up-to-date: /home/duy/Documents/GitHub/Experiment/hrc_ws/install/human_hand_msgs/local/lib/python3.10/dist-packages/human_hand_msgs/human_hand_msgs_s__rosidl_typesupport_fastrtps_c.cpython-310-x86_64-linux-gnu.so\n'}
[6.870567] (human_hand_msgs) StdoutLine: {'line': b'-- Up-to-date: /home/duy/Documents/GitHub/Experiment/hrc_ws/install/human_hand_msgs/local/lib/python3.10/dist-packages/human_hand_msgs/human_hand_msgs_s__rosidl_typesupport_introspection_c.cpython-310-x86_64-linux-gnu.so\n'}
[6.872139] (human_hand_msgs) StdoutLine: {'line': b'-- Up-to-date: /home/duy/Documents/GitHub/Experiment/hrc_ws/install/human_hand_msgs/local/lib/python3.10/dist-packages/human_hand_msgs/human_hand_msgs_s__rosidl_typesupport_c.cpython-310-x86_64-linux-gnu.so\n'}
[6.873659] (human_hand_msgs) StdoutLine: {'line': b'-- Up-to-date: /home/duy/Documents/GitHub/Experiment/hrc_ws/install/human_hand_msgs/lib/libhuman_hand_msgs__rosidl_generator_py.so\n'}
[6.874737] (human_hand_msgs) StdoutLine: {'line': b'-- Up-to-date: /home/duy/Documents/GitHub/Experiment/hrc_ws/install/human_hand_msgs/share/ament_index/resource_index/rust_packages/human_hand_msgs\n'}
[6.875453] (human_hand_msgs) StdoutLine: {'line': b'-- Up-to-date: /home/duy/Documents/GitHub/Experiment/hrc_ws/install/human_hand_msgs/share/human_hand_msgs/rust\n'}
[6.876351] (human_hand_msgs) StdoutLine: {'line': b'-- Up-to-date: /home/duy/Documents/GitHub/Experiment/hrc_ws/install/human_hand_msgs/share/human_hand_msgs/rust/src\n'}
[6.876884] (human_hand_msgs) StdoutLine: {'line': b'-- Up-to-date: /home/duy/Documents/GitHub/Experiment/hrc_ws/install/human_hand_msgs/share/human_hand_msgs/rust/src/lib.rs\n'}
[6.877315] (human_hand_msgs) StdoutLine: {'line': b'-- Up-to-date: /home/duy/Documents/GitHub/Experiment/hrc_ws/install/human_hand_msgs/share/human_hand_msgs/rust/src/srv.rs\n'}
[6.877581] (human_hand_msgs) StdoutLine: {'line': b'-- Up-to-date: /home/duy/Documents/GitHub/Experiment/hrc_ws/install/human_hand_msgs/share/human_hand_msgs/rust/src/msg\n'}
[6.877837] (human_hand_msgs) StdoutLine: {'line': b'-- Up-to-date: /home/duy/Documents/GitHub/Experiment/hrc_ws/install/human_hand_msgs/share/human_hand_msgs/rust/src/msg/rmw.rs\n'}
[6.878137] (human_hand_msgs) StdoutLine: {'line': b'-- Up-to-date: /home/duy/Documents/GitHub/Experiment/hrc_ws/install/human_hand_msgs/share/human_hand_msgs/rust/src/msg.rs\n'}
[6.878393] (human_hand_msgs) StdoutLine: {'line': b'-- Up-to-date: /home/duy/Documents/GitHub/Experiment/hrc_ws/install/human_hand_msgs/share/human_hand_msgs/rust/src/srv\n'}
[6.878643] (human_hand_msgs) StdoutLine: {'line': b'-- Up-to-date: /home/duy/Documents/GitHub/Experiment/hrc_ws/install/human_hand_msgs/share/human_hand_msgs/rust/src/srv/rmw.rs\n'}
[6.878887] (human_hand_msgs) StdoutLine: {'line': b'-- Up-to-date: /home/duy/Documents/GitHub/Experiment/hrc_ws/install/human_hand_msgs/share/human_hand_msgs/rust/Cargo.toml\n'}
[6.879455] (human_hand_msgs) StdoutLine: {'line': b'-- Up-to-date: /home/duy/Documents/GitHub/Experiment/hrc_ws/install/human_hand_msgs/share/human_hand_msgs/rust/build.rs\n'}
[6.879718] (human_hand_msgs) StdoutLine: {'line': b'-- Up-to-date: /home/duy/Documents/GitHub/Experiment/hrc_ws/install/human_hand_msgs/share/human_hand_msgs/msg/HandState.idl\n'}
[6.880080] (human_hand_msgs) StdoutLine: {'line': b'-- Up-to-date: /home/duy/Documents/GitHub/Experiment/hrc_ws/install/human_hand_msgs/share/human_hand_msgs/msg/HandPrediction.idl\n'}
[6.880374] (human_hand_msgs) StdoutLine: {'line': b'-- Up-to-date: /home/duy/Documents/GitHub/Experiment/hrc_ws/install/human_hand_msgs/share/human_hand_msgs/msg/SystemStatus.idl\n'}
[6.880842] (human_hand_msgs) StdoutLine: {'line': b'-- Up-to-date: /home/duy/Documents/GitHub/Experiment/hrc_ws/install/human_hand_msgs/share/human_hand_msgs/srv/SelectModel.idl\n'}
[6.881137] (human_hand_msgs) StdoutLine: {'line': b'-- Up-to-date: /home/duy/Documents/GitHub/Experiment/hrc_ws/install/human_hand_msgs/share/human_hand_msgs/msg/HandState.msg\n'}
[6.881379] (human_hand_msgs) StdoutLine: {'line': b'-- Up-to-date: /home/duy/Documents/GitHub/Experiment/hrc_ws/install/human_hand_msgs/share/human_hand_msgs/msg/HandPrediction.msg\n'}
[6.881611] (human_hand_msgs) StdoutLine: {'line': b'-- Up-to-date: /home/duy/Documents/GitHub/Experiment/hrc_ws/install/human_hand_msgs/share/human_hand_msgs/msg/SystemStatus.msg\n'}
[6.881857] (human_hand_msgs) StdoutLine: {'line': b'-- Up-to-date: /home/duy/Documents/GitHub/Experiment/hrc_ws/install/human_hand_msgs/share/human_hand_msgs/srv/SelectModel.srv\n'}
[6.882296] (human_hand_msgs) StdoutLine: {'line': b'-- Up-to-date: /home/duy/Documents/GitHub/Experiment/hrc_ws/install/human_hand_msgs/share/human_hand_msgs/srv/SelectModel_Request.msg\n'}
[6.882544] (human_hand_msgs) StdoutLine: {'line': b'-- Up-to-date: /home/duy/Documents/GitHub/Experiment/hrc_ws/install/human_hand_msgs/share/human_hand_msgs/srv/SelectModel_Response.msg\n'}
[6.882781] (human_hand_msgs) StdoutLine: {'line': b'-- Up-to-date: /home/duy/Documents/GitHub/Experiment/hrc_ws/install/human_hand_msgs/share/ament_index/resource_index/package_run_dependencies/human_hand_msgs\n'}
[6.883170] (human_hand_msgs) StdoutLine: {'line': b'-- Installing: /home/duy/Documents/GitHub/Experiment/hrc_ws/install/human_hand_msgs/share/ament_index/resource_index/parent_prefix_path/human_hand_msgs\n'}
[6.883484] (human_hand_msgs) StdoutLine: {'line': b'-- Up-to-date: /home/duy/Documents/GitHub/Experiment/hrc_ws/install/human_hand_msgs/share/human_hand_msgs/environment/ament_prefix_path.sh\n'}
[6.883739] (human_hand_msgs) StdoutLine: {'line': b'-- Installing: /home/duy/Documents/GitHub/Experiment/hrc_ws/install/human_hand_msgs/share/human_hand_msgs/environment/ament_prefix_path.dsv\n'}
[6.884112] (human_hand_msgs) StdoutLine: {'line': b'-- Up-to-date: /home/duy/Documents/GitHub/Experiment/hrc_ws/install/human_hand_msgs/share/human_hand_msgs/environment/path.sh\n'}
[6.884363] (human_hand_msgs) StdoutLine: {'line': b'-- Installing: /home/duy/Documents/GitHub/Experiment/hrc_ws/install/human_hand_msgs/share/human_hand_msgs/environment/path.dsv\n'}
[6.884605] (human_hand_msgs) StdoutLine: {'line': b'-- Up-to-date: /home/duy/Documents/GitHub/Experiment/hrc_ws/install/human_hand_msgs/share/human_hand_msgs/local_setup.bash\n'}
[6.884851] (human_hand_msgs) StdoutLine: {'line': b'-- Up-to-date: /home/duy/Documents/GitHub/Experiment/hrc_ws/install/human_hand_msgs/share/human_hand_msgs/local_setup.sh\n'}
[6.885188] (human_hand_msgs) StdoutLine: {'line': b'-- Up-to-date: /home/duy/Documents/GitHub/Experiment/hrc_ws/install/human_hand_msgs/share/human_hand_msgs/local_setup.zsh\n'}
[6.885487] (human_hand_msgs) StdoutLine: {'line': b'-- Installing: /home/duy/Documents/GitHub/Experiment/hrc_ws/install/human_hand_msgs/share/human_hand_msgs/local_setup.dsv\n'}
[6.885720] (human_hand_msgs) StdoutLine: {'line': b'-- Installing: /home/duy/Documents/GitHub/Experiment/hrc_ws/install/human_hand_msgs/share/human_hand_msgs/package.dsv\n'}
[6.885966] (human_hand_msgs) StdoutLine: {'line': b'-- Up-to-date: /home/duy/Documents/GitHub/Experiment/hrc_ws/install/human_hand_msgs/share/ament_index/resource_index/packages/human_hand_msgs\n'}
[6.886287] (human_hand_msgs) StdoutLine: {'line': b'-- Up-to-date: /home/duy/Documents/GitHub/Experiment/hrc_ws/install/human_hand_msgs/share/human_hand_msgs/cmake/export_human_hand_msgs__rosidl_generator_cExport.cmake\n'}
[6.886622] (human_hand_msgs) StdoutLine: {'line': b'-- Up-to-date: /home/duy/Documents/GitHub/Experiment/hrc_ws/install/human_hand_msgs/share/human_hand_msgs/cmake/export_human_hand_msgs__rosidl_generator_cExport-noconfig.cmake\n'}
[6.886971] (human_hand_msgs) StdoutLine: {'line': b'-- Up-to-date: /home/duy/Documents/GitHub/Experiment/hrc_ws/install/human_hand_msgs/share/human_hand_msgs/cmake/export_human_hand_msgs__rosidl_typesupport_fastrtps_cExport.cmake\n'}
[6.887300] (human_hand_msgs) StdoutLine: {'line': b'-- Up-to-date: /home/duy/Documents/GitHub/Experiment/hrc_ws/install/human_hand_msgs/share/human_hand_msgs/cmake/export_human_hand_msgs__rosidl_typesupport_fastrtps_cExport-noconfig.cmake\n'}
[6.887704] (human_hand_msgs) StdoutLine: {'line': b'-- Up-to-date: /home/duy/Documents/GitHub/Experiment/hrc_ws/install/human_hand_msgs/share/human_hand_msgs/cmake/human_hand_msgs__rosidl_typesupport_introspection_cExport.cmake\n'}
[6.888037] (human_hand_msgs) StdoutLine: {'line': b'-- Up-to-date: /home/duy/Documents/GitHub/Experiment/hrc_ws/install/human_hand_msgs/share/human_hand_msgs/cmake/human_hand_msgs__rosidl_typesupport_introspection_cExport-noconfig.cmake\n'}
[6.888480] (human_hand_msgs) StdoutLine: {'line': b'-- Up-to-date: /home/duy/Documents/GitHub/Experiment/hrc_ws/install/human_hand_msgs/share/human_hand_msgs/cmake/human_hand_msgs__rosidl_typesupport_cExport.cmake\n'}
[6.888816] (human_hand_msgs) StdoutLine: {'line': b'-- Up-to-date: /home/duy/Documents/GitHub/Experiment/hrc_ws/install/human_hand_msgs/share/human_hand_msgs/cmake/human_hand_msgs__rosidl_typesupport_cExport-noconfig.cmake\n'}
[6.889401] (human_hand_msgs) StdoutLine: {'line': b'-- Up-to-date: /home/duy/Documents/GitHub/Experiment/hrc_ws/install/human_hand_msgs/share/human_hand_msgs/cmake/export_human_hand_msgs__rosidl_generator_cppExport.cmake\n'}
[6.890024] (human_hand_msgs) StdoutLine: {'line': b'-- Up-to-date: /home/duy/Documents/GitHub/Experiment/hrc_ws/install/human_hand_msgs/share/human_hand_msgs/cmake/export_human_hand_msgs__rosidl_typesupport_fastrtps_cppExport.cmake\n'}
[6.890403] (human_hand_msgs) StdoutLine: {'line': b'-- Up-to-date: /home/duy/Documents/GitHub/Experiment/hrc_ws/install/human_hand_msgs/share/human_hand_msgs/cmake/export_human_hand_msgs__rosidl_typesupport_fastrtps_cppExport-noconfig.cmake\n'}
[6.890763] (human_hand_msgs) StdoutLine: {'line': b'-- Up-to-date: /home/duy/Documents/GitHub/Experiment/hrc_ws/install/human_hand_msgs/share/human_hand_msgs/cmake/human_hand_msgs__rosidl_typesupport_introspection_cppExport.cmake\n'}
[6.891197] (human_hand_msgs) StdoutLine: {'line': b'-- Up-to-date: /home/duy/Documents/GitHub/Experiment/hrc_ws/install/human_hand_msgs/share/human_hand_msgs/cmake/human_hand_msgs__rosidl_typesupport_introspection_cppExport-noconfig.cmake\n'}
[6.891535] (human_hand_msgs) StdoutLine: {'line': b'-- Up-to-date: /home/duy/Documents/GitHub/Experiment/hrc_ws/install/human_hand_msgs/share/human_hand_msgs/cmake/human_hand_msgs__rosidl_typesupport_cppExport.cmake\n'}
[6.891876] (human_hand_msgs) StdoutLine: {'line': b'-- Up-to-date: /home/duy/Documents/GitHub/Experiment/hrc_ws/install/human_hand_msgs/share/human_hand_msgs/cmake/human_hand_msgs__rosidl_typesupport_cppExport-noconfig.cmake\n'}
[6.892242] (human_hand_msgs) StdoutLine: {'line': b'-- Up-to-date: /home/duy/Documents/GitHub/Experiment/hrc_ws/install/human_hand_msgs/share/human_hand_msgs/cmake/export_human_hand_msgs__rosidl_generator_pyExport.cmake\n'}
[6.892578] (human_hand_msgs) StdoutLine: {'line': b'-- Up-to-date: /home/duy/Documents/GitHub/Experiment/hrc_ws/install/human_hand_msgs/share/human_hand_msgs/cmake/export_human_hand_msgs__rosidl_generator_pyExport-noconfig.cmake\n'}
[6.892941] (human_hand_msgs) StdoutLine: {'line': b'-- Up-to-date: /home/duy/Documents/GitHub/Experiment/hrc_ws/install/human_hand_msgs/share/human_hand_msgs/cmake/rosidl_cmake-extras.cmake\n'}
[6.893409] (human_hand_msgs) StdoutLine: {'line': b'-- Up-to-date: /home/duy/Documents/GitHub/Experiment/hrc_ws/install/human_hand_msgs/share/human_hand_msgs/cmake/ament_cmake_export_dependencies-extras.cmake\n'}
[6.893663] (human_hand_msgs) StdoutLine: {'line': b'-- Up-to-date: /home/duy/Documents/GitHub/Experiment/hrc_ws/install/human_hand_msgs/share/human_hand_msgs/cmake/ament_cmake_export_include_directories-extras.cmake\n'}
[6.894040] (human_hand_msgs) StdoutLine: {'line': b'-- Up-to-date: /home/duy/Documents/GitHub/Experiment/hrc_ws/install/human_hand_msgs/share/human_hand_msgs/cmake/ament_cmake_export_libraries-extras.cmake\n'}
[6.894423] (human_hand_msgs) StdoutLine: {'line': b'-- Up-to-date: /home/duy/Documents/GitHub/Experiment/hrc_ws/install/human_hand_msgs/share/human_hand_msgs/cmake/ament_cmake_export_targets-extras.cmake\n'}
[6.894668] (human_hand_msgs) StdoutLine: {'line': b'-- Up-to-date: /home/duy/Documents/GitHub/Experiment/hrc_ws/install/human_hand_msgs/share/human_hand_msgs/cmake/rosidl_cmake_export_typesupport_targets-extras.cmake\n'}
[6.894931] (human_hand_msgs) StdoutLine: {'line': b'-- Up-to-date: /home/duy/Documents/GitHub/Experiment/hrc_ws/install/human_hand_msgs/share/human_hand_msgs/cmake/rosidl_cmake_export_typesupport_libraries-extras.cmake\n'}
[6.895292] (human_hand_msgs) StdoutLine: {'line': b'-- Up-to-date: /home/duy/Documents/GitHub/Experiment/hrc_ws/install/human_hand_msgs/share/human_hand_msgs/cmake/human_hand_msgsConfig.cmake\n'}
[6.895532] (human_hand_msgs) StdoutLine: {'line': b'-- Up-to-date: /home/duy/Documents/GitHub/Experiment/hrc_ws/install/human_hand_msgs/share/human_hand_msgs/cmake/human_hand_msgsConfig-version.cmake\n'}
[6.895764] (human_hand_msgs) StdoutLine: {'line': b'-- Up-to-date: /home/duy/Documents/GitHub/Experiment/hrc_ws/install/human_hand_msgs/share/human_hand_msgs/package.xml\n'}
[6.903644] (human_hand_msgs) CommandEnded: {'returncode': 0}
[6.933232] (-) TimerEvent: {}
[6.997036] (human_hand_msgs) JobEnded: {'identifier': 'human_hand_msgs', 'rc': 0}
[7.000371] (experiment_logger) JobStarted: {'identifier': 'experiment_logger'}
[7.014989] (kinect_bridge) JobStarted: {'identifier': 'kinect_bridge'}
[7.033510] (-) TimerEvent: {}
[7.035571] (predictor_ui) JobStarted: {'identifier': 'predictor_ui'}
[7.056090] (trajectory_predictor) JobStarted: {'identifier': 'trajectory_predictor'}
[7.133705] (-) TimerEvent: {}
[7.234295] (-) TimerEvent: {}
[7.334959] (-) TimerEvent: {}
[7.435590] (-) TimerEvent: {}
[7.536240] (-) TimerEvent: {}
[7.636841] (-) TimerEvent: {}
[7.737480] (-) TimerEvent: {}
[7.838097] (-) TimerEvent: {}
[7.938677] (-) TimerEvent: {}
[8.039347] (-) TimerEvent: {}
[8.140003] (-) TimerEvent: {}
[8.240683] (-) TimerEvent: {}
[8.341330] (-) TimerEvent: {}
[8.441958] (-) TimerEvent: {}
[8.542750] (-) TimerEvent: {}
[8.643414] (-) TimerEvent: {}
[8.744071] (-) TimerEvent: {}
[8.844893] (-) TimerEvent: {}
[8.945528] (-) TimerEvent: {}
[9.046138] (-) TimerEvent: {}
[9.146773] (-) TimerEvent: {}
[9.247384] (-) TimerEvent: {}
[9.348024] (-) TimerEvent: {}
[9.448679] (-) TimerEvent: {}
[9.549345] (-) TimerEvent: {}
[9.649964] (-) TimerEvent: {}
[9.750585] (-) TimerEvent: {}
[9.851262] (-) TimerEvent: {}
[9.951947] (-) TimerEvent: {}
[10.052695] (-) TimerEvent: {}
[10.153324] (-) TimerEvent: {}
[10.254087] (-) TimerEvent: {}
[10.354725] (-) TimerEvent: {}
[10.455352] (-) TimerEvent: {}
[10.556008] (-) TimerEvent: {}
[10.656630] (-) TimerEvent: {}
[10.757237] (-) TimerEvent: {}
[10.857859] (-) TimerEvent: {}
[10.958474] (-) TimerEvent: {}
[11.059061] (-) TimerEvent: {}
[11.159682] (-) TimerEvent: {}
[11.260304] (-) TimerEvent: {}
[11.361007] (-) TimerEvent: {}
[11.461602] (-) TimerEvent: {}
[11.562225] (-) TimerEvent: {}
[11.662860] (-) TimerEvent: {}
[11.763488] (-) TimerEvent: {}
[11.864066] (-) TimerEvent: {}
[11.964693] (-) TimerEvent: {}
[12.065352] (-) TimerEvent: {}
[12.166007] (-) TimerEvent: {}
[12.266588] (-) TimerEvent: {}
[12.367247] (-) TimerEvent: {}
[12.467895] (-) TimerEvent: {}
[12.505579] (kinect_bridge) Command: {'cmd': ['/usr/bin/python3', '-W', 'ignore:setup.py install is deprecated', '-W', 'ignore:easy_install command is deprecated', 'setup.py', 'develop', '--editable', '--build-directory', '/home/duy/Documents/GitHub/Experiment/hrc_ws/build/kinect_bridge/build', '--no-deps', 'symlink_data'], 'cwd': '/home/duy/Documents/GitHub/Experiment/hrc_ws/build/kinect_bridge', 'env': {'LESSOPEN': '| /usr/bin/lesspipe %s', 'LANGUAGE': 'en_US:en', 'USER': 'duy', 'LC_TIME': 'vi_VN', 'ROS_PACKAGE_PATH': '/home/duy/Documents/GitHub/Experiment/hrc_ws/install/human_hand_msgs/share', 'XDG_SESSION_TYPE': 'wayland', 'SHLVL': '1', 'LD_LIBRARY_PATH': '/home/duy/Documents/GitHub/Experiment/hrc_ws/install/human_hand_msgs/lib:/opt/ros/humble/opt/rviz_ogre_vendor/lib:/opt/ros/humble/lib/x86_64-linux-gnu:/opt/ros/humble/lib', 'HOME': '/home/duy', 'OLDPWD': '/home/duy/Documents/GitHub/Experiment/hrc_ws', 'DESKTOP_SESSION': 'ubuntu', 'ROS_PYTHON_VERSION': '3', 'GNOME_SHELL_SESSION_MODE': 'ubuntu', 'GTK_MODULES': 'gail:atk-bridge', 'LC_MONETARY': 'vi_VN', 'DBUS_STARTER_BUS_TYPE': 'session', 'SYSTEMD_EXEC_PID': '1126', 'DBUS_SESSION_BUS_ADDRESS': 'unix:path=/run/user/1000/bus,guid=d423c5066bbabf4a6816003e69d4957d', 'COLORTERM': 'truecolor', 'IM_CONFIG_PHASE': '1', 'WAYLAND_DISPLAY': 'wayland-0', 'COLCON_PREFIX_PATH': '/home/duy/Documents/GitHub/Experiment/hrc_ws/install', 'ROS_DISTRO': 'humble', 'LOGNAME': 'duy', '_': '/usr/bin/colcon', 'ROS_VERSION': '2', 'PKG_CONFIG_PATH': '/home/duy/Documents/GitHub/Experiment/hrc_ws/install/human_hand_msgs/lib/x86_64-linux-gnu/pkgconfig:/home/duy/Documents/GitHub/Experiment/hrc_ws/install/human_hand_msgs/lib/pkgconfig', 'XDG_SESSION_CLASS': 'user', 'USERNAME': 'duy', 'TERM': 'xterm-256color', 'GNOME_DESKTOP_SESSION_ID': 'this-is-deprecated', 'ROS_LOCALHOST_ONLY': '0', 'PATH': '/opt/ros/humble/bin:/home/duy/.local/bin:/usr/local/sbin:/usr/local/bin:/usr/sbin:/usr/bin:/sbin:/bin:/usr/games:/usr/local/games:/snap/bin:/snap/bin', 'SESSION_MANAGER': 'local/duy:@/tmp/.ICE-unix/1126,unix/duy:/tmp/.ICE-unix/1126', 'PAPERSIZE': 'a4', 'XDG_MENU_PREFIX': 'gnome-', 'LC_ADDRESS': 'vi_VN', 'GNOME_TERMINAL_SCREEN': '/org/gnome/Terminal/screen/8fd4f13c_10e8_4369_9076_21de48dae882', 'GNOME_SETUP_DISPLAY': ':1', 'XDG_RUNTIME_DIR': '/run/user/1000', 'DISPLAY': ':0', 'LANG': 'en_US.UTF-8', 'XDG_CURRENT_DESKTOP': 'ubuntu:GNOME', 'LC_TELEPHONE': 'vi_VN', 'XMODIFIERS': '@im=ibus', 'XDG_SESSION_DESKTOP': 'ubuntu', 'XAUTHORITY': '/run/user/1000/.mutter-Xwaylandauth.N2ZRN3', 'LS_COLORS': 'rs=0:di=01;34:ln=01;36:mh=00:pi=40;33:so=01;35:do=01;35:bd=40;33;01:cd=40;33;01:or=40;31;01:mi=00:su=37;41:sg=30;43:ca=30;41:tw=30;42:ow=34;42:st=37;44:ex=01;32:*.tar=01;31:*.tgz=01;31:*.arc=01;31:*.arj=01;31:*.taz=01;31:*.lha=01;31:*.lz4=01;31:*.lzh=01;31:*.lzma=01;31:*.tlz=01;31:*.txz=01;31:*.tzo=01;31:*.t7z=01;31:*.zip=01;31:*.z=01;31:*.dz=01;31:*.gz=01;31:*.lrz=01;31:*.lz=01;31:*.lzo=01;31:*.xz=01;31:*.zst=01;31:*.tzst=01;31:*.bz2=01;31:*.bz=01;31:*.tbz=01;31:*.tbz2=01;31:*.tz=01;31:*.deb=01;31:*.rpm=01;31:*.jar=01;31:*.war=01;31:*.ear=01;31:*.sar=01;31:*.rar=01;31:*.alz=01;31:*.ace=01;31:*.zoo=01;31:*.cpio=01;31:*.7z=01;31:*.rz=01;31:*.cab=01;31:*.wim=01;31:*.swm=01;31:*.dwm=01;31:*.esd=01;31:*.jpg=01;35:*.jpeg=01;35:*.mjpg=01;35:*.mjpeg=01;35:*.gif=01;35:*.bmp=01;35:*.pbm=01;35:*.pgm=01;35:*.ppm=01;35:*.tga=01;35:*.xbm=01;35:*.xpm=01;35:*.tif=01;35:*.tiff=01;35:*.png=01;35:*.svg=01;35:*.svgz=01;35:*.mng=01;35:*.pcx=01;35:*.mov=01;35:*.mpg=01;35:*.mpeg=01;35:*.m2v=01;35:*.mkv=01;35:*.webm=01;35:*.webp=01;35:*.ogm=01;35:*.mp4=01;35:*.m4v=01;35:*.mp4v=01;35:*.vob=01;35:*.qt=01;35:*.nuv=01;35:*.wmv=01;35:*.asf=01;35:*.rm=01;35:*.rmvb=01;35:*.flc=01;35:*.avi=01;35:*.fli=01;35:*.flv=01;35:*.gl=01;35:*.dl=01;35:*.xcf=01;35:*.xwd=01;35:*.yuv=01;35:*.cgm=01;35:*.emf=01;35:*.ogv=01;35:*.ogx=01;35:*.aac=00;36:*.au=00;36:*.flac=00;36:*.m4a=00;36:*.mid=00;36:*.midi=00;36:*.mka=00;36:*.mp3=00;36:*.mpc=00;36:*.ogg=00;36:*.ra=00;36:*.wav=00;36:*.oga=00;36:*.opus=00;36:*.spx=00;36:*.xspf=00;36:', 'GNOME_TERMINAL_SERVICE': ':1.159', 'SSH_AGENT_LAUNCHER': 'gnome-keyring', 'SSH_AUTH_SOCK': '/run/user/1000/keyring/ssh', 'AMENT_PREFIX_PATH': '/home/duy/Documents/GitHub/Experiment/hrc_ws/install/hrc_bringup:/home/duy/Documents/GitHub/Experiment/hrc_ws/install/trajectory_predictor:/home/duy/Documents/GitHub/Experiment/hrc_ws/install/predictor_ui:/home/duy/Documents/GitHub/Experiment/hrc_ws/install/kinect_bridge:/home/duy/Documents/GitHub/Experiment/hrc_ws/install/experiment_logger:/opt/ros/humble', 'SHELL': '/bin/bash', 'LC_NAME': 'vi_VN', 'QT_ACCESSIBILITY': '1', 'GDMSESSION': 'ubuntu', 'LESSCLOSE': '/usr/bin/lesspipe %s %s', 'LC_MEASUREMENT': 'vi_VN', 'LC_IDENTIFICATION': 'vi_VN', 'QT_IM_MODULE': 'ibus', 'PWD': '/home/duy/Documents/GitHub/Experiment/hrc_ws/build/kinect_bridge', 'LC_ALL': 'en_US.UTF-8', 'XDG_CONFIG_DIRS': '/etc/xdg/xdg-ubuntu:/etc/xdg', 'DBUS_STARTER_ADDRESS': 'unix:path=/run/user/1000/bus,guid=d423c5066bbabf4a6816003e69d4957d', 'XDG_DATA_DIRS': '/usr/share/ubuntu:/usr/local/share/:/usr/share/:/var/lib/snapd/desktop', 'PYTHONPATH': '/home/duy/Documents/GitHub/Experiment/hrc_ws/build/kinect_bridge/prefix_override:/usr/lib/python3/dist-packages/colcon_core/task/python/colcon_distutils_commands:/home/duy/Documents/GitHub/Experiment/hrc_ws/install/kinect_bridge/lib/python3.10/site-packages:/home/duy/Documents/GitHub/Experiment/hrc_ws/install/human_hand_msgs/local/lib/python3.10/dist-packages:/home/duy/Documents/GitHub/Experiment/hrc_ws/build/kinect_bridge:/home/duy/Documents/GitHub/Experiment/hrc_ws/install/trajectory_predictor/lib/python3.10/site-packages:/home/duy/Documents/GitHub/Experiment/hrc_ws/install/predictor_ui/lib/python3.10/site-packages:/home/duy/Documents/GitHub/Experiment/hrc_ws/install/kinect_bridge/lib/python3.10/site-packages:/home/duy/Documents/GitHub/Experiment/hrc_ws/install/experiment_logger/lib/python3.10/site-packages:/opt/ros/humble/lib/python3.10/site-packages:/opt/ros/humble/local/lib/python3.10/dist-packages', 'LC_NUMERIC': 'vi_VN', 'LC_PAPER': 'vi_VN', 'COLCON': '1', 'VTE_VERSION': '6800', 'CMAKE_PREFIX_PATH': '/home/duy/Documents/GitHub/Experiment/hrc_ws/install/human_hand_msgs:/home/duy/Documents/GitHub/Experiment/hrc_ws/install/hrc_bringup'}, 'shell': False}
[12.522766] (experiment_logger) Command: {'cmd': ['/usr/bin/python3', '-W', 'ignore:setup.py install is deprecated', '-W', 'ignore:easy_install command is deprecated', 'setup.py', 'develop', '--editable', '--build-directory', '/home/duy/Documents/GitHub/Experiment/hrc_ws/build/experiment_logger/build', '--no-deps', 'symlink_data', '--force'], 'cwd': '/home/duy/Documents/GitHub/Experiment/hrc_ws/build/experiment_logger', 'env': {'LESSOPEN': '| /usr/bin/lesspipe %s', 'LANGUAGE': 'en_US:en', 'USER': 'duy', 'LC_TIME': 'vi_VN', 'ROS_PACKAGE_PATH': '/home/duy/Documents/GitHub/Experiment/hrc_ws/install/human_hand_msgs/share', 'XDG_SESSION_TYPE': 'wayland', 'SHLVL': '1', 'LD_LIBRARY_PATH': '/home/duy/Documents/GitHub/Experiment/hrc_ws/install/human_hand_msgs/lib:/opt/ros/humble/opt/rviz_ogre_vendor/lib:/opt/ros/humble/lib/x86_64-linux-gnu:/opt/ros/humble/lib', 'HOME': '/home/duy', 'OLDPWD': '/home/duy/Documents/GitHub/Experiment/hrc_ws', 'DESKTOP_SESSION': 'ubuntu', 'ROS_PYTHON_VERSION': '3', 'GNOME_SHELL_SESSION_MODE': 'ubuntu', 'GTK_MODULES': 'gail:atk-bridge', 'LC_MONETARY': 'vi_VN', 'DBUS_STARTER_BUS_TYPE': 'session', 'SYSTEMD_EXEC_PID': '1126', 'DBUS_SESSION_BUS_ADDRESS': 'unix:path=/run/user/1000/bus,guid=d423c5066bbabf4a6816003e69d4957d', 'COLORTERM': 'truecolor', 'IM_CONFIG_PHASE': '1', 'WAYLAND_DISPLAY': 'wayland-0', 'COLCON_PREFIX_PATH': '/home/duy/Documents/GitHub/Experiment/hrc_ws/install', 'ROS_DISTRO': 'humble', 'LOGNAME': 'duy', '_': '/usr/bin/colcon', 'ROS_VERSION': '2', 'PKG_CONFIG_PATH': '/home/duy/Documents/GitHub/Experiment/hrc_ws/install/human_hand_msgs/lib/x86_64-linux-gnu/pkgconfig:/home/duy/Documents/GitHub/Experiment/hrc_ws/install/human_hand_msgs/lib/pkgconfig', 'XDG_SESSION_CLASS': 'user', 'USERNAME': 'duy', 'TERM': 'xterm-256color', 'GNOME_DESKTOP_SESSION_ID': 'this-is-deprecated', 'ROS_LOCALHOST_ONLY': '0', 'PATH': '/opt/ros/humble/bin:/home/duy/.local/bin:/usr/local/sbin:/usr/local/bin:/usr/sbin:/usr/bin:/sbin:/bin:/usr/games:/usr/local/games:/snap/bin:/snap/bin', 'SESSION_MANAGER': 'local/duy:@/tmp/.ICE-unix/1126,unix/duy:/tmp/.ICE-unix/1126', 'PAPERSIZE': 'a4', 'XDG_MENU_PREFIX': 'gnome-', 'LC_ADDRESS': 'vi_VN', 'GNOME_TERMINAL_SCREEN': '/org/gnome/Terminal/screen/8fd4f13c_10e8_4369_9076_21de48dae882', 'GNOME_SETUP_DISPLAY': ':1', 'XDG_RUNTIME_DIR': '/run/user/1000', 'DISPLAY': ':0', 'LANG': 'en_US.UTF-8', 'XDG_CURRENT_DESKTOP': 'ubuntu:GNOME', 'LC_TELEPHONE': 'vi_VN', 'XMODIFIERS': '@im=ibus', 'XDG_SESSION_DESKTOP': 'ubuntu', 'XAUTHORITY': '/run/user/1000/.mutter-Xwaylandauth.N2ZRN3', 'LS_COLORS': 'rs=0:di=01;34:ln=01;36:mh=00:pi=40;33:so=01;35:do=01;35:bd=40;33;01:cd=40;33;01:or=40;31;01:mi=00:su=37;41:sg=30;43:ca=30;41:tw=30;42:ow=34;42:st=37;44:ex=01;32:*.tar=01;31:*.tgz=01;31:*.arc=01;31:*.arj=01;31:*.taz=01;31:*.lha=01;31:*.lz4=01;31:*.lzh=01;31:*.lzma=01;31:*.tlz=01;31:*.txz=01;31:*.tzo=01;31:*.t7z=01;31:*.zip=01;31:*.z=01;31:*.dz=01;31:*.gz=01;31:*.lrz=01;31:*.lz=01;31:*.lzo=01;31:*.xz=01;31:*.zst=01;31:*.tzst=01;31:*.bz2=01;31:*.bz=01;31:*.tbz=01;31:*.tbz2=01;31:*.tz=01;31:*.deb=01;31:*.rpm=01;31:*.jar=01;31:*.war=01;31:*.ear=01;31:*.sar=01;31:*.rar=01;31:*.alz=01;31:*.ace=01;31:*.zoo=01;31:*.cpio=01;31:*.7z=01;31:*.rz=01;31:*.cab=01;31:*.wim=01;31:*.swm=01;31:*.dwm=01;31:*.esd=01;31:*.jpg=01;35:*.jpeg=01;35:*.mjpg=01;35:*.mjpeg=01;35:*.gif=01;35:*.bmp=01;35:*.pbm=01;35:*.pgm=01;35:*.ppm=01;35:*.tga=01;35:*.xbm=01;35:*.xpm=01;35:*.tif=01;35:*.tiff=01;35:*.png=01;35:*.svg=01;35:*.svgz=01;35:*.mng=01;35:*.pcx=01;35:*.mov=01;35:*.mpg=01;35:*.mpeg=01;35:*.m2v=01;35:*.mkv=01;35:*.webm=01;35:*.webp=01;35:*.ogm=01;35:*.mp4=01;35:*.m4v=01;35:*.mp4v=01;35:*.vob=01;35:*.qt=01;35:*.nuv=01;35:*.wmv=01;35:*.asf=01;35:*.rm=01;35:*.rmvb=01;35:*.flc=01;35:*.avi=01;35:*.fli=01;35:*.flv=01;35:*.gl=01;35:*.dl=01;35:*.xcf=01;35:*.xwd=01;35:*.yuv=01;35:*.cgm=01;35:*.emf=01;35:*.ogv=01;35:*.ogx=01;35:*.aac=00;36:*.au=00;36:*.flac=00;36:*.m4a=00;36:*.mid=00;36:*.midi=00;36:*.mka=00;36:*.mp3=00;36:*.mpc=00;36:*.ogg=00;36:*.ra=00;36:*.wav=00;36:*.oga=00;36:*.opus=00;36:*.spx=00;36:*.xspf=00;36:', 'GNOME_TERMINAL_SERVICE': ':1.159', 'SSH_AGENT_LAUNCHER': 'gnome-keyring', 'SSH_AUTH_SOCK': '/run/user/1000/keyring/ssh', 'AMENT_PREFIX_PATH': '/home/duy/Documents/GitHub/Experiment/hrc_ws/install/hrc_bringup:/home/duy/Documents/GitHub/Experiment/hrc_ws/install/trajectory_predictor:/home/duy/Documents/GitHub/Experiment/hrc_ws/install/predictor_ui:/home/duy/Documents/GitHub/Experiment/hrc_ws/install/kinect_bridge:/home/duy/Documents/GitHub/Experiment/hrc_ws/install/experiment_logger:/opt/ros/humble', 'SHELL': '/bin/bash', 'LC_NAME': 'vi_VN', 'QT_ACCESSIBILITY': '1', 'GDMSESSION': 'ubuntu', 'LESSCLOSE': '/usr/bin/lesspipe %s %s', 'LC_MEASUREMENT': 'vi_VN', 'LC_IDENTIFICATION': 'vi_VN', 'QT_IM_MODULE': 'ibus', 'PWD': '/home/duy/Documents/GitHub/Experiment/hrc_ws/build/experiment_logger', 'LC_ALL': 'en_US.UTF-8', 'XDG_CONFIG_DIRS': '/etc/xdg/xdg-ubuntu:/etc/xdg', 'DBUS_STARTER_ADDRESS': 'unix:path=/run/user/1000/bus,guid=d423c5066bbabf4a6816003e69d4957d', 'XDG_DATA_DIRS': '/usr/share/ubuntu:/usr/local/share/:/usr/share/:/var/lib/snapd/desktop', 'PYTHONPATH': '/home/duy/Documents/GitHub/Experiment/hrc_ws/build/experiment_logger/prefix_override:/usr/lib/python3/dist-packages/colcon_core/task/python/colcon_distutils_commands:/home/duy/Documents/GitHub/Experiment/hrc_ws/install/experiment_logger/lib/python3.10/site-packages:/home/duy/Documents/GitHub/Experiment/hrc_ws/install/human_hand_msgs/local/lib/python3.10/dist-packages:/home/duy/Documents/GitHub/Experiment/hrc_ws/build/kinect_bridge:/home/duy/Documents/GitHub/Experiment/hrc_ws/install/trajectory_predictor/lib/python3.10/site-packages:/home/duy/Documents/GitHub/Experiment/hrc_ws/install/predictor_ui/lib/python3.10/site-packages:/home/duy/Documents/GitHub/Experiment/hrc_ws/install/kinect_bridge/lib/python3.10/site-packages:/home/duy/Documents/GitHub/Experiment/hrc_ws/install/experiment_logger/lib/python3.10/site-packages:/opt/ros/humble/lib/python3.10/site-packages:/opt/ros/humble/local/lib/python3.10/dist-packages', 'LC_NUMERIC': 'vi_VN', 'LC_PAPER': 'vi_VN', 'COLCON': '1', 'VTE_VERSION': '6800', 'CMAKE_PREFIX_PATH': '/home/duy/Documents/GitHub/Experiment/hrc_ws/install/human_hand_msgs:/home/duy/Documents/GitHub/Experiment/hrc_ws/install/hrc_bringup'}, 'shell': False}
[12.546573] (trajectory_predictor) Command: {'cmd': ['/usr/bin/python3', '-W', 'ignore:setup.py install is deprecated', '-W', 'ignore:easy_install command is deprecated', 'setup.py', 'develop', '--editable', '--build-directory', '/home/duy/Documents/GitHub/Experiment/hrc_ws/build/trajectory_predictor/build', '--no-deps', 'symlink_data', '--force'], 'cwd': '/home/duy/Documents/GitHub/Experiment/hrc_ws/build/trajectory_predictor', 'env': {'LESSOPEN': '| /usr/bin/lesspipe %s', 'LANGUAGE': 'en_US:en', 'USER': 'duy', 'LC_TIME': 'vi_VN', 'ROS_PACKAGE_PATH': '/home/duy/Documents/GitHub/Experiment/hrc_ws/install/human_hand_msgs/share', 'XDG_SESSION_TYPE': 'wayland', 'SHLVL': '1', 'LD_LIBRARY_PATH': '/home/duy/Documents/GitHub/Experiment/hrc_ws/install/human_hand_msgs/lib:/opt/ros/humble/opt/rviz_ogre_vendor/lib:/opt/ros/humble/lib/x86_64-linux-gnu:/opt/ros/humble/lib', 'HOME': '/home/duy', 'OLDPWD': '/home/duy/Documents/GitHub/Experiment/hrc_ws', 'DESKTOP_SESSION': 'ubuntu', 'ROS_PYTHON_VERSION': '3', 'GNOME_SHELL_SESSION_MODE': 'ubuntu', 'GTK_MODULES': 'gail:atk-bridge', 'LC_MONETARY': 'vi_VN', 'DBUS_STARTER_BUS_TYPE': 'session', 'SYSTEMD_EXEC_PID': '1126', 'DBUS_SESSION_BUS_ADDRESS': 'unix:path=/run/user/1000/bus,guid=d423c5066bbabf4a6816003e69d4957d', 'COLORTERM': 'truecolor', 'IM_CONFIG_PHASE': '1', 'WAYLAND_DISPLAY': 'wayland-0', 'COLCON_PREFIX_PATH': '/home/duy/Documents/GitHub/Experiment/hrc_ws/install', 'ROS_DISTRO': 'humble', 'LOGNAME': 'duy', '_': '/usr/bin/colcon', 'ROS_VERSION': '2', 'PKG_CONFIG_PATH': '/home/duy/Documents/GitHub/Experiment/hrc_ws/install/human_hand_msgs/lib/x86_64-linux-gnu/pkgconfig:/home/duy/Documents/GitHub/Experiment/hrc_ws/install/human_hand_msgs/lib/pkgconfig', 'XDG_SESSION_CLASS': 'user', 'USERNAME': 'duy', 'TERM': 'xterm-256color', 'GNOME_DESKTOP_SESSION_ID': 'this-is-deprecated', 'ROS_LOCALHOST_ONLY': '0', 'PATH': '/opt/ros/humble/bin:/home/duy/.local/bin:/usr/local/sbin:/usr/local/bin:/usr/sbin:/usr/bin:/sbin:/bin:/usr/games:/usr/local/games:/snap/bin:/snap/bin', 'SESSION_MANAGER': 'local/duy:@/tmp/.ICE-unix/1126,unix/duy:/tmp/.ICE-unix/1126', 'PAPERSIZE': 'a4', 'XDG_MENU_PREFIX': 'gnome-', 'LC_ADDRESS': 'vi_VN', 'GNOME_TERMINAL_SCREEN': '/org/gnome/Terminal/screen/8fd4f13c_10e8_4369_9076_21de48dae882', 'GNOME_SETUP_DISPLAY': ':1', 'XDG_RUNTIME_DIR': '/run/user/1000', 'DISPLAY': ':0', 'LANG': 'en_US.UTF-8', 'XDG_CURRENT_DESKTOP': 'ubuntu:GNOME', 'LC_TELEPHONE': 'vi_VN', 'XMODIFIERS': '@im=ibus', 'XDG_SESSION_DESKTOP': 'ubuntu', 'XAUTHORITY': '/run/user/1000/.mutter-Xwaylandauth.N2ZRN3', 'LS_COLORS': 'rs=0:di=01;34:ln=01;36:mh=00:pi=40;33:so=01;35:do=01;35:bd=40;33;01:cd=40;33;01:or=40;31;01:mi=00:su=37;41:sg=30;43:ca=30;41:tw=30;42:ow=34;42:st=37;44:ex=01;32:*.tar=01;31:*.tgz=01;31:*.arc=01;31:*.arj=01;31:*.taz=01;31:*.lha=01;31:*.lz4=01;31:*.lzh=01;31:*.lzma=01;31:*.tlz=01;31:*.txz=01;31:*.tzo=01;31:*.t7z=01;31:*.zip=01;31:*.z=01;31:*.dz=01;31:*.gz=01;31:*.lrz=01;31:*.lz=01;31:*.lzo=01;31:*.xz=01;31:*.zst=01;31:*.tzst=01;31:*.bz2=01;31:*.bz=01;31:*.tbz=01;31:*.tbz2=01;31:*.tz=01;31:*.deb=01;31:*.rpm=01;31:*.jar=01;31:*.war=01;31:*.ear=01;31:*.sar=01;31:*.rar=01;31:*.alz=01;31:*.ace=01;31:*.zoo=01;31:*.cpio=01;31:*.7z=01;31:*.rz=01;31:*.cab=01;31:*.wim=01;31:*.swm=01;31:*.dwm=01;31:*.esd=01;31:*.jpg=01;35:*.jpeg=01;35:*.mjpg=01;35:*.mjpeg=01;35:*.gif=01;35:*.bmp=01;35:*.pbm=01;35:*.pgm=01;35:*.ppm=01;35:*.tga=01;35:*.xbm=01;35:*.xpm=01;35:*.tif=01;35:*.tiff=01;35:*.png=01;35:*.svg=01;35:*.svgz=01;35:*.mng=01;35:*.pcx=01;35:*.mov=01;35:*.mpg=01;35:*.mpeg=01;35:*.m2v=01;35:*.mkv=01;35:*.webm=01;35:*.webp=01;35:*.ogm=01;35:*.mp4=01;35:*.m4v=01;35:*.mp4v=01;35:*.vob=01;35:*.qt=01;35:*.nuv=01;35:*.wmv=01;35:*.asf=01;35:*.rm=01;35:*.rmvb=01;35:*.flc=01;35:*.avi=01;35:*.fli=01;35:*.flv=01;35:*.gl=01;35:*.dl=01;35:*.xcf=01;35:*.xwd=01;35:*.yuv=01;35:*.cgm=01;35:*.emf=01;35:*.ogv=01;35:*.ogx=01;35:*.aac=00;36:*.au=00;36:*.flac=00;36:*.m4a=00;36:*.mid=00;36:*.midi=00;36:*.mka=00;36:*.mp3=00;36:*.mpc=00;36:*.ogg=00;36:*.ra=00;36:*.wav=00;36:*.oga=00;36:*.opus=00;36:*.spx=00;36:*.xspf=00;36:', 'GNOME_TERMINAL_SERVICE': ':1.159', 'SSH_AGENT_LAUNCHER': 'gnome-keyring', 'SSH_AUTH_SOCK': '/run/user/1000/keyring/ssh', 'AMENT_PREFIX_PATH': '/home/duy/Documents/GitHub/Experiment/hrc_ws/install/hrc_bringup:/home/duy/Documents/GitHub/Experiment/hrc_ws/install/trajectory_predictor:/home/duy/Documents/GitHub/Experiment/hrc_ws/install/predictor_ui:/home/duy/Documents/GitHub/Experiment/hrc_ws/install/kinect_bridge:/home/duy/Documents/GitHub/Experiment/hrc_ws/install/experiment_logger:/opt/ros/humble', 'SHELL': '/bin/bash', 'LC_NAME': 'vi_VN', 'QT_ACCESSIBILITY': '1', 'GDMSESSION': 'ubuntu', 'LESSCLOSE': '/usr/bin/lesspipe %s %s', 'LC_MEASUREMENT': 'vi_VN', 'LC_IDENTIFICATION': 'vi_VN', 'QT_IM_MODULE': 'ibus', 'PWD': '/home/duy/Documents/GitHub/Experiment/hrc_ws/build/trajectory_predictor', 'LC_ALL': 'en_US.UTF-8', 'XDG_CONFIG_DIRS': '/etc/xdg/xdg-ubuntu:/etc/xdg', 'DBUS_STARTER_ADDRESS': 'unix:path=/run/user/1000/bus,guid=d423c5066bbabf4a6816003e69d4957d', 'XDG_DATA_DIRS': '/usr/share/ubuntu:/usr/local/share/:/usr/share/:/var/lib/snapd/desktop', 'PYTHONPATH': '/home/duy/Documents/GitHub/Experiment/hrc_ws/build/trajectory_predictor/prefix_override:/usr/lib/python3/dist-packages/colcon_core/task/python/colcon_distutils_commands:/home/duy/Documents/GitHub/Experiment/hrc_ws/install/trajectory_predictor/lib/python3.10/site-packages:/home/duy/Documents/GitHub/Experiment/hrc_ws/install/human_hand_msgs/local/lib/python3.10/dist-packages:/home/duy/Documents/GitHub/Experiment/hrc_ws/build/kinect_bridge:/home/duy/Documents/GitHub/Experiment/hrc_ws/install/trajectory_predictor/lib/python3.10/site-packages:/home/duy/Documents/GitHub/Experiment/hrc_ws/install/predictor_ui/lib/python3.10/site-packages:/home/duy/Documents/GitHub/Experiment/hrc_ws/install/kinect_bridge/lib/python3.10/site-packages:/home/duy/Documents/GitHub/Experiment/hrc_ws/install/experiment_logger/lib/python3.10/site-packages:/opt/ros/humble/lib/python3.10/site-packages:/opt/ros/humble/local/lib/python3.10/dist-packages', 'LC_NUMERIC': 'vi_VN', 'LC_PAPER': 'vi_VN', 'COLCON': '1', 'VTE_VERSION': '6800', 'CMAKE_PREFIX_PATH': '/home/duy/Documents/GitHub/Experiment/hrc_ws/install/human_hand_msgs:/home/duy/Documents/GitHub/Experiment/hrc_ws/install/hrc_bringup'}, 'shell': False}
[12.561549] (predictor_ui) Command: {'cmd': ['/usr/bin/python3', '-W', 'ignore:setup.py install is deprecated', '-W', 'ignore:easy_install command is deprecated', 'setup.py', 'develop', '--editable', '--build-directory', '/home/duy/Documents/GitHub/Experiment/hrc_ws/build/predictor_ui/build', '--no-deps', 'symlink_data', '--force'], 'cwd': '/home/duy/Documents/GitHub/Experiment/hrc_ws/build/predictor_ui', 'env': {'LESSOPEN': '| /usr/bin/lesspipe %s', 'LANGUAGE': 'en_US:en', 'USER': 'duy', 'LC_TIME': 'vi_VN', 'ROS_PACKAGE_PATH': '/home/duy/Documents/GitHub/Experiment/hrc_ws/install/human_hand_msgs/share', 'XDG_SESSION_TYPE': 'wayland', 'SHLVL': '1', 'LD_LIBRARY_PATH': '/home/duy/Documents/GitHub/Experiment/hrc_ws/install/human_hand_msgs/lib:/opt/ros/humble/opt/rviz_ogre_vendor/lib:/opt/ros/humble/lib/x86_64-linux-gnu:/opt/ros/humble/lib', 'HOME': '/home/duy', 'OLDPWD': '/home/duy/Documents/GitHub/Experiment/hrc_ws', 'DESKTOP_SESSION': 'ubuntu', 'ROS_PYTHON_VERSION': '3', 'GNOME_SHELL_SESSION_MODE': 'ubuntu', 'GTK_MODULES': 'gail:atk-bridge', 'LC_MONETARY': 'vi_VN', 'DBUS_STARTER_BUS_TYPE': 'session', 'SYSTEMD_EXEC_PID': '1126', 'DBUS_SESSION_BUS_ADDRESS': 'unix:path=/run/user/1000/bus,guid=d423c5066bbabf4a6816003e69d4957d', 'COLORTERM': 'truecolor', 'IM_CONFIG_PHASE': '1', 'WAYLAND_DISPLAY': 'wayland-0', 'COLCON_PREFIX_PATH': '/home/duy/Documents/GitHub/Experiment/hrc_ws/install', 'ROS_DISTRO': 'humble', 'LOGNAME': 'duy', '_': '/usr/bin/colcon', 'ROS_VERSION': '2', 'PKG_CONFIG_PATH': '/home/duy/Documents/GitHub/Experiment/hrc_ws/install/human_hand_msgs/lib/x86_64-linux-gnu/pkgconfig:/home/duy/Documents/GitHub/Experiment/hrc_ws/install/human_hand_msgs/lib/pkgconfig', 'XDG_SESSION_CLASS': 'user', 'USERNAME': 'duy', 'TERM': 'xterm-256color', 'GNOME_DESKTOP_SESSION_ID': 'this-is-deprecated', 'ROS_LOCALHOST_ONLY': '0', 'PATH': '/opt/ros/humble/bin:/home/duy/.local/bin:/usr/local/sbin:/usr/local/bin:/usr/sbin:/usr/bin:/sbin:/bin:/usr/games:/usr/local/games:/snap/bin:/snap/bin', 'SESSION_MANAGER': 'local/duy:@/tmp/.ICE-unix/1126,unix/duy:/tmp/.ICE-unix/1126', 'PAPERSIZE': 'a4', 'XDG_MENU_PREFIX': 'gnome-', 'LC_ADDRESS': 'vi_VN', 'GNOME_TERMINAL_SCREEN': '/org/gnome/Terminal/screen/8fd4f13c_10e8_4369_9076_21de48dae882', 'GNOME_SETUP_DISPLAY': ':1', 'XDG_RUNTIME_DIR': '/run/user/1000', 'DISPLAY': ':0', 'LANG': 'en_US.UTF-8', 'XDG_CURRENT_DESKTOP': 'ubuntu:GNOME', 'LC_TELEPHONE': 'vi_VN', 'XMODIFIERS': '@im=ibus', 'XDG_SESSION_DESKTOP': 'ubuntu', 'XAUTHORITY': '/run/user/1000/.mutter-Xwaylandauth.N2ZRN3', 'LS_COLORS': 'rs=0:di=01;34:ln=01;36:mh=00:pi=40;33:so=01;35:do=01;35:bd=40;33;01:cd=40;33;01:or=40;31;01:mi=00:su=37;41:sg=30;43:ca=30;41:tw=30;42:ow=34;42:st=37;44:ex=01;32:*.tar=01;31:*.tgz=01;31:*.arc=01;31:*.arj=01;31:*.taz=01;31:*.lha=01;31:*.lz4=01;31:*.lzh=01;31:*.lzma=01;31:*.tlz=01;31:*.txz=01;31:*.tzo=01;31:*.t7z=01;31:*.zip=01;31:*.z=01;31:*.dz=01;31:*.gz=01;31:*.lrz=01;31:*.lz=01;31:*.lzo=01;31:*.xz=01;31:*.zst=01;31:*.tzst=01;31:*.bz2=01;31:*.bz=01;31:*.tbz=01;31:*.tbz2=01;31:*.tz=01;31:*.deb=01;31:*.rpm=01;31:*.jar=01;31:*.war=01;31:*.ear=01;31:*.sar=01;31:*.rar=01;31:*.alz=01;31:*.ace=01;31:*.zoo=01;31:*.cpio=01;31:*.7z=01;31:*.rz=01;31:*.cab=01;31:*.wim=01;31:*.swm=01;31:*.dwm=01;31:*.esd=01;31:*.jpg=01;35:*.jpeg=01;35:*.mjpg=01;35:*.mjpeg=01;35:*.gif=01;35:*.bmp=01;35:*.pbm=01;35:*.pgm=01;35:*.ppm=01;35:*.tga=01;35:*.xbm=01;35:*.xpm=01;35:*.tif=01;35:*.tiff=01;35:*.png=01;35:*.svg=01;35:*.svgz=01;35:*.mng=01;35:*.pcx=01;35:*.mov=01;35:*.mpg=01;35:*.mpeg=01;35:*.m2v=01;35:*.mkv=01;35:*.webm=01;35:*.webp=01;35:*.ogm=01;35:*.mp4=01;35:*.m4v=01;35:*.mp4v=01;35:*.vob=01;35:*.qt=01;35:*.nuv=01;35:*.wmv=01;35:*.asf=01;35:*.rm=01;35:*.rmvb=01;35:*.flc=01;35:*.avi=01;35:*.fli=01;35:*.flv=01;35:*.gl=01;35:*.dl=01;35:*.xcf=01;35:*.xwd=01;35:*.yuv=01;35:*.cgm=01;35:*.emf=01;35:*.ogv=01;35:*.ogx=01;35:*.aac=00;36:*.au=00;36:*.flac=00;36:*.m4a=00;36:*.mid=00;36:*.midi=00;36:*.mka=00;36:*.mp3=00;36:*.mpc=00;36:*.ogg=00;36:*.ra=00;36:*.wav=00;36:*.oga=00;36:*.opus=00;36:*.spx=00;36:*.xspf=00;36:', 'GNOME_TERMINAL_SERVICE': ':1.159', 'SSH_AGENT_LAUNCHER': 'gnome-keyring', 'SSH_AUTH_SOCK': '/run/user/1000/keyring/ssh', 'AMENT_PREFIX_PATH': '/home/duy/Documents/GitHub/Experiment/hrc_ws/install/hrc_bringup:/home/duy/Documents/GitHub/Experiment/hrc_ws/install/trajectory_predictor:/home/duy/Documents/GitHub/Experiment/hrc_ws/install/predictor_ui:/home/duy/Documents/GitHub/Experiment/hrc_ws/install/kinect_bridge:/home/duy/Documents/GitHub/Experiment/hrc_ws/install/experiment_logger:/opt/ros/humble', 'SHELL': '/bin/bash', 'LC_NAME': 'vi_VN', 'QT_ACCESSIBILITY': '1', 'GDMSESSION': 'ubuntu', 'LESSCLOSE': '/usr/bin/lesspipe %s %s', 'LC_MEASUREMENT': 'vi_VN', 'LC_IDENTIFICATION': 'vi_VN', 'QT_IM_MODULE': 'ibus', 'PWD': '/home/duy/Documents/GitHub/Experiment/hrc_ws/build/predictor_ui', 'LC_ALL': 'en_US.UTF-8', 'XDG_CONFIG_DIRS': '/etc/xdg/xdg-ubuntu:/etc/xdg', 'DBUS_STARTER_ADDRESS': 'unix:path=/run/user/1000/bus,guid=d423c5066bbabf4a6816003e69d4957d', 'XDG_DATA_DIRS': '/usr/share/ubuntu:/usr/local/share/:/usr/share/:/var/lib/snapd/desktop', 'PYTHONPATH': '/home/duy/Documents/GitHub/Experiment/hrc_ws/build/predictor_ui/prefix_override:/usr/lib/python3/dist-packages/colcon_core/task/python/colcon_distutils_commands:/home/duy/Documents/GitHub/Experiment/hrc_ws/install/predictor_ui/lib/python3.10/site-packages:/home/duy/Documents/GitHub/Experiment/hrc_ws/install/human_hand_msgs/local/lib/python3.10/dist-packages:/home/duy/Documents/GitHub/Experiment/hrc_ws/build/kinect_bridge:/home/duy/Documents/GitHub/Experiment/hrc_ws/install/trajectory_predictor/lib/python3.10/site-packages:/home/duy/Documents/GitHub/Experiment/hrc_ws/install/predictor_ui/lib/python3.10/site-packages:/home/duy/Documents/GitHub/Experiment/hrc_ws/install/kinect_bridge/lib/python3.10/site-packages:/home/duy/Documents/GitHub/Experiment/hrc_ws/install/experiment_logger/lib/python3.10/site-packages:/opt/ros/humble/lib/python3.10/site-packages:/opt/ros/humble/local/lib/python3.10/dist-packages', 'LC_NUMERIC': 'vi_VN', 'LC_PAPER': 'vi_VN', 'COLCON': '1', 'VTE_VERSION': '6800', 'CMAKE_PREFIX_PATH': '/home/duy/Documents/GitHub/Experiment/hrc_ws/install/human_hand_msgs:/home/duy/Documents/GitHub/Experiment/hrc_ws/install/hrc_bringup'}, 'shell': False}
[12.567996] (-) TimerEvent: {}
[12.668695] (-) TimerEvent: {}
[12.769504] (-) TimerEvent: {}
[12.870316] (-) TimerEvent: {}
[12.971090] (-) TimerEvent: {}
[13.073056] (-) TimerEvent: {}
[13.175019] (-) TimerEvent: {}
[13.276057] (-) TimerEvent: {}
[13.378302] (-) TimerEvent: {}
[13.483053] (-) TimerEvent: {}
[13.583964] (-) TimerEvent: {}
[13.686050] (-) TimerEvent: {}
[13.787003] (-) TimerEvent: {}
[13.888051] (-) TimerEvent: {}
[13.903216] (kinect_bridge) StdoutLine: {'line': b'running develop\n'}
[13.968200] (experiment_logger) StdoutLine: {'line': b'running develop\n'}
[13.989051] (-) TimerEvent: {}
[14.024566] (predictor_ui) StdoutLine: {'line': b'running develop\n'}
[14.047452] (trajectory_predictor) StdoutLine: {'line': b'running develop\n'}
[14.089242] (-) TimerEvent: {}
[14.190434] (-) TimerEvent: {}
[14.293629] (-) TimerEvent: {}
[14.396049] (-) TimerEvent: {}
[14.497128] (-) TimerEvent: {}
[14.599058] (-) TimerEvent: {}
[14.699984] (-) TimerEvent: {}
[14.801652] (-) TimerEvent: {}
[14.905056] (-) TimerEvent: {}
[15.005961] (-) TimerEvent: {}
[15.021397] (kinect_bridge) StdoutLine: {'line': b'running egg_info\n'}
[15.022400] (kinect_bridge) StdoutLine: {'line': b'writing kinect_bridge.egg-info/PKG-INFO\n'}
[15.023497] (kinect_bridge) StdoutLine: {'line': b'writing dependency_links to kinect_bridge.egg-info/dependency_links.txt\n'}
[15.024348] (kinect_bridge) StdoutLine: {'line': b'writing entry points to kinect_bridge.egg-info/entry_points.txt\n'}
[15.025156] (kinect_bridge) StdoutLine: {'line': b'writing requirements to kinect_bridge.egg-info/requires.txt\n'}
[15.026015] (kinect_bridge) StdoutLine: {'line': b'writing top-level names to kinect_bridge.egg-info/top_level.txt\n'}
[15.035558] (kinect_bridge) StdoutLine: {'line': b"reading manifest file 'kinect_bridge.egg-info/SOURCES.txt'\n"}
[15.040754] (kinect_bridge) StdoutLine: {'line': b"writing manifest file 'kinect_bridge.egg-info/SOURCES.txt'\n"}
[15.048847] (kinect_bridge) StdoutLine: {'line': b'running build_ext\n'}
[15.050104] (kinect_bridge) StdoutLine: {'line': b'Creating /home/duy/Documents/GitHub/Experiment/hrc_ws/install/kinect_bridge/lib/python3.10/site-packages/kinect-bridge.egg-link (link to .)\n'}
[15.055072] (kinect_bridge) StdoutLine: {'line': b'Installing bridge_node script to /home/duy/Documents/GitHub/Experiment/hrc_ws/install/kinect_bridge/lib/kinect_bridge\n'}
[15.056375] (kinect_bridge) StdoutLine: {'line': b'\n'}
[15.056978] (kinect_bridge) StdoutLine: {'line': b'Installed /home/duy/Documents/GitHub/Experiment/hrc_ws/build/kinect_bridge\n'}
[15.060314] (kinect_bridge) StdoutLine: {'line': b'running symlink_data\n'}
[15.084187] (experiment_logger) StdoutLine: {'line': b'running egg_info\n'}
[15.085154] (experiment_logger) StdoutLine: {'line': b'writing experiment_logger.egg-info/PKG-INFO\n'}
[15.086265] (experiment_logger) StdoutLine: {'line': b'writing dependency_links to experiment_logger.egg-info/dependency_links.txt\n'}
[15.087215] (experiment_logger) StdoutLine: {'line': b'writing entry points to experiment_logger.egg-info/entry_points.txt\n'}
[15.087961] (experiment_logger) StdoutLine: {'line': b'writing requirements to experiment_logger.egg-info/requires.txt\n'}
[15.090009] (experiment_logger) StdoutLine: {'line': b'writing top-level names to experiment_logger.egg-info/top_level.txt\n'}
[15.098656] (experiment_logger) StdoutLine: {'line': b"reading manifest file 'experiment_logger.egg-info/SOURCES.txt'\n"}
[15.103523] (experiment_logger) StdoutLine: {'line': b"writing manifest file 'experiment_logger.egg-info/SOURCES.txt'\n"}
[15.106095] (-) TimerEvent: {}
[15.112045] (experiment_logger) StdoutLine: {'line': b'running build_ext\n'}
[15.113367] (experiment_logger) StdoutLine: {'line': b'Creating /home/duy/Documents/GitHub/Experiment/hrc_ws/install/experiment_logger/lib/python3.10/site-packages/experiment-logger.egg-link (link to .)\n'}
[15.118180] (experiment_logger) StdoutLine: {'line': b'Installing logger_node script to /home/duy/Documents/GitHub/Experiment/hrc_ws/install/experiment_logger/lib/experiment_logger\n'}
[15.119518] (experiment_logger) StdoutLine: {'line': b'\n'}
[15.120653] (experiment_logger) StdoutLine: {'line': b'Installed /home/duy/Documents/GitHub/Experiment/hrc_ws/build/experiment_logger\n'}
[15.121566] (experiment_logger) StdoutLine: {'line': b'running symlink_data\n'}
[15.122134] (experiment_logger) StdoutLine: {'line': b'symbolically linking /home/duy/Documents/GitHub/Experiment/hrc_ws/build/experiment_logger/resource/experiment_logger -> /home/duy/Documents/GitHub/Experiment/hrc_ws/install/experiment_logger/share/ament_index/resource_index/packages\n'}
[15.123428] (experiment_logger) StdoutLine: {'line': b'symbolically linking /home/duy/Documents/GitHub/Experiment/hrc_ws/build/experiment_logger/package.xml -> /home/duy/Documents/GitHub/Experiment/hrc_ws/install/experiment_logger/share/experiment_logger\n'}
[15.156601] (predictor_ui) StdoutLine: {'line': b'running egg_info\n'}
[15.157600] (predictor_ui) StdoutLine: {'line': b'writing predictor_ui.egg-info/PKG-INFO\n'}
[15.158740] (predictor_ui) StdoutLine: {'line': b'writing dependency_links to predictor_ui.egg-info/dependency_links.txt\n'}
[15.159658] (predictor_ui) StdoutLine: {'line': b'writing entry points to predictor_ui.egg-info/entry_points.txt\n'}
[15.160396] (predictor_ui) StdoutLine: {'line': b'writing requirements to predictor_ui.egg-info/requires.txt\n'}
[15.161102] (predictor_ui) StdoutLine: {'line': b'writing top-level names to predictor_ui.egg-info/top_level.txt\n'}
[15.171322] (predictor_ui) StdoutLine: {'line': b"reading manifest file 'predictor_ui.egg-info/SOURCES.txt'\n"}
[15.176439] (predictor_ui) StdoutLine: {'line': b"writing manifest file 'predictor_ui.egg-info/SOURCES.txt'\n"}
[15.180383] (kinect_bridge) CommandEnded: {'returncode': 0}
[15.184699] (predictor_ui) StdoutLine: {'line': b'running build_ext\n'}
[15.188093] (predictor_ui) StdoutLine: {'line': b'Creating /home/duy/Documents/GitHub/Experiment/hrc_ws/install/predictor_ui/lib/python3.10/site-packages/predictor-ui.egg-link (link to .)\n'}
[15.190343] (predictor_ui) StdoutLine: {'line': b'Installing ui_node script to /home/duy/Documents/GitHub/Experiment/hrc_ws/install/predictor_ui/lib/predictor_ui\n'}
[15.192799] (predictor_ui) StdoutLine: {'line': b'\n'}
[15.193515] (predictor_ui) StdoutLine: {'line': b'Installed /home/duy/Documents/GitHub/Experiment/hrc_ws/build/predictor_ui\n'}
[15.196369] (predictor_ui) StdoutLine: {'line': b'running symlink_data\n'}
[15.198704] (predictor_ui) StdoutLine: {'line': b'symbolically linking /home/duy/Documents/GitHub/Experiment/hrc_ws/build/predictor_ui/resource/predictor_ui -> /home/duy/Documents/GitHub/Experiment/hrc_ws/install/predictor_ui/share/ament_index/resource_index/packages\n'}
[15.203852] (predictor_ui) StdoutLine: {'line': b'symbolically linking /home/duy/Documents/GitHub/Experiment/hrc_ws/build/predictor_ui/package.xml -> /home/duy/Documents/GitHub/Experiment/hrc_ws/install/predictor_ui/share/predictor_ui\n'}
[15.204489] (trajectory_predictor) StdoutLine: {'line': b'running egg_info\n'}
[15.205063] (trajectory_predictor) StdoutLine: {'line': b'writing trajectory_predictor.egg-info/PKG-INFO\n'}
[15.205544] (trajectory_predictor) StdoutLine: {'line': b'writing dependency_links to trajectory_predictor.egg-info/dependency_links.txt\n'}
[15.206000] (trajectory_predictor) StdoutLine: {'line': b'writing entry points to trajectory_predictor.egg-info/entry_points.txt\n'}
[15.206426] (-) TimerEvent: {}
[15.210351] (trajectory_predictor) StdoutLine: {'line': b'writing requirements to trajectory_predictor.egg-info/requires.txt\n'}
[15.210988] (trajectory_predictor) StdoutLine: {'line': b'writing top-level names to trajectory_predictor.egg-info/top_level.txt\n'}
[15.211487] (trajectory_predictor) StdoutLine: {'line': b"reading manifest file 'trajectory_predictor.egg-info/SOURCES.txt'\n"}
[15.215723] (trajectory_predictor) StdoutLine: {'line': b"writing manifest file 'trajectory_predictor.egg-info/SOURCES.txt'\n"}
[15.224611] (trajectory_predictor) StdoutLine: {'line': b'running build_ext\n'}
[15.225454] (trajectory_predictor) StdoutLine: {'line': b'Creating /home/duy/Documents/GitHub/Experiment/hrc_ws/install/trajectory_predictor/lib/python3.10/site-packages/trajectory-predictor.egg-link (link to .)\n'}
[15.229798] (trajectory_predictor) StdoutLine: {'line': b'Installing predictor_node script to /home/duy/Documents/GitHub/Experiment/hrc_ws/install/trajectory_predictor/lib/trajectory_predictor\n'}
[15.233722] (trajectory_predictor) StdoutLine: {'line': b'\n'}
[15.234407] (trajectory_predictor) StdoutLine: {'line': b'Installed /home/duy/Documents/GitHub/Experiment/hrc_ws/build/trajectory_predictor\n'}
[15.234939] (trajectory_predictor) StdoutLine: {'line': b'running symlink_data\n'}
[15.235422] (trajectory_predictor) StdoutLine: {'line': b'symbolically linking /home/duy/Documents/GitHub/Experiment/hrc_ws/build/trajectory_predictor/resource/trajectory_predictor -> /home/duy/Documents/GitHub/Experiment/hrc_ws/install/trajectory_predictor/share/ament_index/resource_index/packages\n'}
[15.235857] (trajectory_predictor) StdoutLine: {'line': b'symbolically linking /home/duy/Documents/GitHub/Experiment/hrc_ws/build/trajectory_predictor/package.xml -> /home/duy/Documents/GitHub/Experiment/hrc_ws/install/trajectory_predictor/share/trajectory_predictor\n'}
[15.236330] (trajectory_predictor) StdoutLine: {'line': b'symbolically linking /home/duy/Documents/GitHub/Experiment/hrc_ws/build/trajectory_predictor/config/predictor_params.yaml -> /home/duy/Documents/GitHub/Experiment/hrc_ws/install/trajectory_predictor/share/trajectory_predictor/config\n'}
[15.252088] (kinect_bridge) JobEnded: {'identifier': 'kinect_bridge', 'rc': 0}
[15.259335] (experiment_logger) CommandEnded: {'returncode': 0}
[15.307919] (-) TimerEvent: {}
[15.333656] (experiment_logger) JobEnded: {'identifier': 'experiment_logger', 'rc': 0}
[15.342005] (predictor_ui) CommandEnded: {'returncode': 0}
[15.397807] (predictor_ui) JobEnded: {'identifier': 'predictor_ui', 'rc': 0}
[15.404433] (trajectory_predictor) CommandEnded: {'returncode': 0}
[15.408044] (-) TimerEvent: {}
[15.452495] (trajectory_predictor) JobEnded: {'identifier': 'trajectory_predictor', 'rc': 0}
[15.454222] (hrc_bringup) JobStarted: {'identifier': 'hrc_bringup'}
[15.512067] (-) TimerEvent: {}
[15.517362] (hrc_bringup) JobProgress: {'identifier': 'hrc_bringup', 'progress': 'cmake'}
[15.522381] (hrc_bringup) Command: {'cmd': ['/usr/bin/cmake', '/home/duy/Documents/GitHub/Experiment/hrc_ws/src/hrc_bringup', '-DAMENT_CMAKE_SYMLINK_INSTALL=1', '-DCMAKE_INSTALL_PREFIX=/home/duy/Documents/GitHub/Experiment/hrc_ws/install/hrc_bringup'], 'cwd': '/home/duy/Documents/GitHub/Experiment/hrc_ws/build/hrc_bringup', 'env': OrderedDict([('LESSOPEN', '| /usr/bin/lesspipe %s'), ('LANGUAGE', 'en_US:en'), ('USER', 'duy'), ('LC_TIME', 'vi_VN'), ('ROS_PACKAGE_PATH', '/home/duy/Documents/GitHub/Experiment/hrc_ws/install/human_hand_msgs/share'), ('XDG_SESSION_TYPE', 'wayland'), ('SHLVL', '1'), ('LD_LIBRARY_PATH', '/home/duy/Documents/GitHub/Experiment/hrc_ws/install/human_hand_msgs/lib:/opt/ros/humble/opt/rviz_ogre_vendor/lib:/opt/ros/humble/lib/x86_64-linux-gnu:/opt/ros/humble/lib'), ('HOME', '/home/duy'), ('OLDPWD', '/home/duy/Documents/GitHub/Experiment/hrc_ws'), ('DESKTOP_SESSION', 'ubuntu'), ('ROS_PYTHON_VERSION', '3'), ('GNOME_SHELL_SESSION_MODE', 'ubuntu'), ('GTK_MODULES', 'gail:atk-bridge'), ('LC_MONETARY', 'vi_VN'), ('DBUS_STARTER_BUS_TYPE', 'session'), ('SYSTEMD_EXEC_PID', '1126'), ('DBUS_SESSION_BUS_ADDRESS', 'unix:path=/run/user/1000/bus,guid=d423c5066bbabf4a6816003e69d4957d'), ('COLORTERM', 'truecolor'), ('IM_CONFIG_PHASE', '1'), ('WAYLAND_DISPLAY', 'wayland-0'), ('COLCON_PREFIX_PATH', '/home/duy/Documents/GitHub/Experiment/hrc_ws/install'), ('ROS_DISTRO', 'humble'), ('LOGNAME', 'duy'), ('_', '/usr/bin/colcon'), ('ROS_VERSION', '2'), ('PKG_CONFIG_PATH', '/home/duy/Documents/GitHub/Experiment/hrc_ws/install/human_hand_msgs/lib/x86_64-linux-gnu/pkgconfig:/home/duy/Documents/GitHub/Experiment/hrc_ws/install/human_hand_msgs/lib/pkgconfig'), ('XDG_SESSION_CLASS', 'user'), ('USERNAME', 'duy'), ('TERM', 'xterm-256color'), ('GNOME_DESKTOP_SESSION_ID', 'this-is-deprecated'), ('ROS_LOCALHOST_ONLY', '0'), ('PATH', '/opt/ros/humble/bin:/home/duy/.local/bin:/usr/local/sbin:/usr/local/bin:/usr/sbin:/usr/bin:/sbin:/bin:/usr/games:/usr/local/games:/snap/bin:/snap/bin'), ('SESSION_MANAGER', 'local/duy:@/tmp/.ICE-unix/1126,unix/duy:/tmp/.ICE-unix/1126'), ('PAPERSIZE', 'a4'), ('XDG_MENU_PREFIX', 'gnome-'), ('LC_ADDRESS', 'vi_VN'), ('GNOME_TERMINAL_SCREEN', '/org/gnome/Terminal/screen/8fd4f13c_10e8_4369_9076_21de48dae882'), ('GNOME_SETUP_DISPLAY', ':1'), ('XDG_RUNTIME_DIR', '/run/user/1000'), ('DISPLAY', ':0'), ('LANG', 'en_US.UTF-8'), ('XDG_CURRENT_DESKTOP', 'ubuntu:GNOME'), ('LC_TELEPHONE', 'vi_VN'), ('XMODIFIERS', '@im=ibus'), ('XDG_SESSION_DESKTOP', 'ubuntu'), ('XAUTHORITY', '/run/user/1000/.mutter-Xwaylandauth.N2ZRN3'), ('LS_COLORS', 'rs=0:di=01;34:ln=01;36:mh=00:pi=40;33:so=01;35:do=01;35:bd=40;33;01:cd=40;33;01:or=40;31;01:mi=00:su=37;41:sg=30;43:ca=30;41:tw=30;42:ow=34;42:st=37;44:ex=01;32:*.tar=01;31:*.tgz=01;31:*.arc=01;31:*.arj=01;31:*.taz=01;31:*.lha=01;31:*.lz4=01;31:*.lzh=01;31:*.lzma=01;31:*.tlz=01;31:*.txz=01;31:*.tzo=01;31:*.t7z=01;31:*.zip=01;31:*.z=01;31:*.dz=01;31:*.gz=01;31:*.lrz=01;31:*.lz=01;31:*.lzo=01;31:*.xz=01;31:*.zst=01;31:*.tzst=01;31:*.bz2=01;31:*.bz=01;31:*.tbz=01;31:*.tbz2=01;31:*.tz=01;31:*.deb=01;31:*.rpm=01;31:*.jar=01;31:*.war=01;31:*.ear=01;31:*.sar=01;31:*.rar=01;31:*.alz=01;31:*.ace=01;31:*.zoo=01;31:*.cpio=01;31:*.7z=01;31:*.rz=01;31:*.cab=01;31:*.wim=01;31:*.swm=01;31:*.dwm=01;31:*.esd=01;31:*.jpg=01;35:*.jpeg=01;35:*.mjpg=01;35:*.mjpeg=01;35:*.gif=01;35:*.bmp=01;35:*.pbm=01;35:*.pgm=01;35:*.ppm=01;35:*.tga=01;35:*.xbm=01;35:*.xpm=01;35:*.tif=01;35:*.tiff=01;35:*.png=01;35:*.svg=01;35:*.svgz=01;35:*.mng=01;35:*.pcx=01;35:*.mov=01;35:*.mpg=01;35:*.mpeg=01;35:*.m2v=01;35:*.mkv=01;35:*.webm=01;35:*.webp=01;35:*.ogm=01;35:*.mp4=01;35:*.m4v=01;35:*.mp4v=01;35:*.vob=01;35:*.qt=01;35:*.nuv=01;35:*.wmv=01;35:*.asf=01;35:*.rm=01;35:*.rmvb=01;35:*.flc=01;35:*.avi=01;35:*.fli=01;35:*.flv=01;35:*.gl=01;35:*.dl=01;35:*.xcf=01;35:*.xwd=01;35:*.yuv=01;35:*.cgm=01;35:*.emf=01;35:*.ogv=01;35:*.ogx=01;35:*.aac=00;36:*.au=00;36:*.flac=00;36:*.m4a=00;36:*.mid=00;36:*.midi=00;36:*.mka=00;36:*.mp3=00;36:*.mpc=00;36:*.ogg=00;36:*.ra=00;36:*.wav=00;36:*.oga=00;36:*.opus=00;36:*.spx=00;36:*.xspf=00;36:'), ('GNOME_TERMINAL_SERVICE', ':1.159'), ('SSH_AGENT_LAUNCHER', 'gnome-keyring'), ('SSH_AUTH_SOCK', '/run/user/1000/keyring/ssh'), ('AMENT_PREFIX_PATH', '/home/duy/Documents/GitHub/Experiment/hrc_ws/install/trajectory_predictor:/home/duy/Documents/GitHub/Experiment/hrc_ws/install/predictor_ui:/home/duy/Documents/GitHub/Experiment/hrc_ws/install/kinect_bridge:/home/duy/Documents/GitHub/Experiment/hrc_ws/install/experiment_logger:/home/duy/Documents/GitHub/Experiment/hrc_ws/install/hrc_bringup:/opt/ros/humble'), ('SHELL', '/bin/bash'), ('LC_NAME', 'vi_VN'), ('QT_ACCESSIBILITY', '1'), ('GDMSESSION', 'ubuntu'), ('LESSCLOSE', '/usr/bin/lesspipe %s %s'), ('LC_MEASUREMENT', 'vi_VN'), ('LC_IDENTIFICATION', 'vi_VN'), ('QT_IM_MODULE', 'ibus'), ('PWD', '/home/duy/Documents/GitHub/Experiment/hrc_ws/build/hrc_bringup'), ('LC_ALL', 'en_US.UTF-8'), ('XDG_CONFIG_DIRS', '/etc/xdg/xdg-ubuntu:/etc/xdg'), ('DBUS_STARTER_ADDRESS', 'unix:path=/run/user/1000/bus,guid=d423c5066bbabf4a6816003e69d4957d'), ('XDG_DATA_DIRS', '/usr/share/ubuntu:/usr/local/share/:/usr/share/:/var/lib/snapd/desktop'), ('PYTHONPATH', '/home/duy/Documents/GitHub/Experiment/hrc_ws/build/trajectory_predictor:/home/duy/Documents/GitHub/Experiment/hrc_ws/install/trajectory_predictor/lib/python3.10/site-packages:/home/duy/Documents/GitHub/Experiment/hrc_ws/build/predictor_ui:/home/duy/Documents/GitHub/Experiment/hrc_ws/install/predictor_ui/lib/python3.10/site-packages:/home/duy/Documents/GitHub/Experiment/hrc_ws/build/kinect_bridge:/home/duy/Documents/GitHub/Experiment/hrc_ws/install/kinect_bridge/lib/python3.10/site-packages:/home/duy/Documents/GitHub/Experiment/hrc_ws/build/experiment_logger:/home/duy/Documents/GitHub/Experiment/hrc_ws/install/experiment_logger/lib/python3.10/site-packages:/home/duy/Documents/GitHub/Experiment/hrc_ws/install/human_hand_msgs/local/lib/python3.10/dist-packages:/opt/ros/humble/lib/python3.10/site-packages:/opt/ros/humble/local/lib/python3.10/dist-packages'), ('LC_NUMERIC', 'vi_VN'), ('LC_PAPER', 'vi_VN'), ('COLCON', '1'), ('VTE_VERSION', '6800'), ('CMAKE_PREFIX_PATH', '/home/duy/Documents/GitHub/Experiment/hrc_ws/install/trajectory_predictor:/home/duy/Documents/GitHub/Experiment/hrc_ws/install/predictor_ui:/home/duy/Documents/GitHub/Experiment/hrc_ws/install/kinect_bridge:/home/duy/Documents/GitHub/Experiment/hrc_ws/install/experiment_logger:/opt/ros/humble:/home/duy/Documents/GitHub/Experiment/hrc_ws/install/human_hand_msgs:/home/duy/Documents/GitHub/Experiment/hrc_ws/install/hrc_bringup')]), 'shell': False}
[15.604511] (hrc_bringup) StdoutLine: {'line': b'-- Found ament_cmake: 1.3.14 (/opt/ros/humble/share/ament_cmake/cmake)\n'}
[15.612229] (-) TimerEvent: {}
[15.713181] (-) TimerEvent: {}
[15.814759] (-) TimerEvent: {}
[15.915874] (-) TimerEvent: {}
[16.018054] (-) TimerEvent: {}
[16.118932] (-) TimerEvent: {}
[16.219792] (-) TimerEvent: {}
[16.320641] (-) TimerEvent: {}
[16.387856] (hrc_bringup) StdoutLine: {'line': b'-- Override CMake install command with custom implementation using symlinks instead of copying resources\n'}
[16.420829] (-) TimerEvent: {}
[16.521547] (-) TimerEvent: {}
[16.622103] (-) TimerEvent: {}
[16.714649] (hrc_bringup) StdoutLine: {'line': b'-- Configuring done\n'}
[16.722260] (-) TimerEvent: {}
[16.723937] (hrc_bringup) StdoutLine: {'line': b'-- Generating done\n'}
[16.730416] (hrc_bringup) StdoutLine: {'line': b'-- Build files have been written to: /home/duy/Documents/GitHub/Experiment/hrc_ws/build/hrc_bringup\n'}
[16.737598] (hrc_bringup) CommandEnded: {'returncode': 0}
[16.739596] (hrc_bringup) JobProgress: {'identifier': 'hrc_bringup', 'progress': 'build'}
[16.740880] (hrc_bringup) Command: {'cmd': ['/usr/bin/cmake', '--build', '/home/duy/Documents/GitHub/Experiment/hrc_ws/build/hrc_bringup', '--', '-j12', '-l12'], 'cwd': '/home/duy/Documents/GitHub/Experiment/hrc_ws/build/hrc_bringup', 'env': OrderedDict([('LESSOPEN', '| /usr/bin/lesspipe %s'), ('LANGUAGE', 'en_US:en'), ('USER', 'duy'), ('LC_TIME', 'vi_VN'), ('ROS_PACKAGE_PATH', '/home/duy/Documents/GitHub/Experiment/hrc_ws/install/human_hand_msgs/share'), ('XDG_SESSION_TYPE', 'wayland'), ('SHLVL', '1'), ('LD_LIBRARY_PATH', '/home/duy/Documents/GitHub/Experiment/hrc_ws/install/human_hand_msgs/lib:/opt/ros/humble/opt/rviz_ogre_vendor/lib:/opt/ros/humble/lib/x86_64-linux-gnu:/opt/ros/humble/lib'), ('HOME', '/home/duy'), ('OLDPWD', '/home/duy/Documents/GitHub/Experiment/hrc_ws'), ('DESKTOP_SESSION', 'ubuntu'), ('ROS_PYTHON_VERSION', '3'), ('GNOME_SHELL_SESSION_MODE', 'ubuntu'), ('GTK_MODULES', 'gail:atk-bridge'), ('LC_MONETARY', 'vi_VN'), ('DBUS_STARTER_BUS_TYPE', 'session'), ('SYSTEMD_EXEC_PID', '1126'), ('DBUS_SESSION_BUS_ADDRESS', 'unix:path=/run/user/1000/bus,guid=d423c5066bbabf4a6816003e69d4957d'), ('COLORTERM', 'truecolor'), ('IM_CONFIG_PHASE', '1'), ('WAYLAND_DISPLAY', 'wayland-0'), ('COLCON_PREFIX_PATH', '/home/duy/Documents/GitHub/Experiment/hrc_ws/install'), ('ROS_DISTRO', 'humble'), ('LOGNAME', 'duy'), ('_', '/usr/bin/colcon'), ('ROS_VERSION', '2'), ('PKG_CONFIG_PATH', '/home/duy/Documents/GitHub/Experiment/hrc_ws/install/human_hand_msgs/lib/x86_64-linux-gnu/pkgconfig:/home/duy/Documents/GitHub/Experiment/hrc_ws/install/human_hand_msgs/lib/pkgconfig'), ('XDG_SESSION_CLASS', 'user'), ('USERNAME', 'duy'), ('TERM', 'xterm-256color'), ('GNOME_DESKTOP_SESSION_ID', 'this-is-deprecated'), ('ROS_LOCALHOST_ONLY', '0'), ('PATH', '/opt/ros/humble/bin:/home/duy/.local/bin:/usr/local/sbin:/usr/local/bin:/usr/sbin:/usr/bin:/sbin:/bin:/usr/games:/usr/local/games:/snap/bin:/snap/bin'), ('SESSION_MANAGER', 'local/duy:@/tmp/.ICE-unix/1126,unix/duy:/tmp/.ICE-unix/1126'), ('PAPERSIZE', 'a4'), ('XDG_MENU_PREFIX', 'gnome-'), ('LC_ADDRESS', 'vi_VN'), ('GNOME_TERMINAL_SCREEN', '/org/gnome/Terminal/screen/8fd4f13c_10e8_4369_9076_21de48dae882'), ('GNOME_SETUP_DISPLAY', ':1'), ('XDG_RUNTIME_DIR', '/run/user/1000'), ('DISPLAY', ':0'), ('LANG', 'en_US.UTF-8'), ('XDG_CURRENT_DESKTOP', 'ubuntu:GNOME'), ('LC_TELEPHONE', 'vi_VN'), ('XMODIFIERS', '@im=ibus'), ('XDG_SESSION_DESKTOP', 'ubuntu'), ('XAUTHORITY', '/run/user/1000/.mutter-Xwaylandauth.N2ZRN3'), ('LS_COLORS', 'rs=0:di=01;34:ln=01;36:mh=00:pi=40;33:so=01;35:do=01;35:bd=40;33;01:cd=40;33;01:or=40;31;01:mi=00:su=37;41:sg=30;43:ca=30;41:tw=30;42:ow=34;42:st=37;44:ex=01;32:*.tar=01;31:*.tgz=01;31:*.arc=01;31:*.arj=01;31:*.taz=01;31:*.lha=01;31:*.lz4=01;31:*.lzh=01;31:*.lzma=01;31:*.tlz=01;31:*.txz=01;31:*.tzo=01;31:*.t7z=01;31:*.zip=01;31:*.z=01;31:*.dz=01;31:*.gz=01;31:*.lrz=01;31:*.lz=01;31:*.lzo=01;31:*.xz=01;31:*.zst=01;31:*.tzst=01;31:*.bz2=01;31:*.bz=01;31:*.tbz=01;31:*.tbz2=01;31:*.tz=01;31:*.deb=01;31:*.rpm=01;31:*.jar=01;31:*.war=01;31:*.ear=01;31:*.sar=01;31:*.rar=01;31:*.alz=01;31:*.ace=01;31:*.zoo=01;31:*.cpio=01;31:*.7z=01;31:*.rz=01;31:*.cab=01;31:*.wim=01;31:*.swm=01;31:*.dwm=01;31:*.esd=01;31:*.jpg=01;35:*.jpeg=01;35:*.mjpg=01;35:*.mjpeg=01;35:*.gif=01;35:*.bmp=01;35:*.pbm=01;35:*.pgm=01;35:*.ppm=01;35:*.tga=01;35:*.xbm=01;35:*.xpm=01;35:*.tif=01;35:*.tiff=01;35:*.png=01;35:*.svg=01;35:*.svgz=01;35:*.mng=01;35:*.pcx=01;35:*.mov=01;35:*.mpg=01;35:*.mpeg=01;35:*.m2v=01;35:*.mkv=01;35:*.webm=01;35:*.webp=01;35:*.ogm=01;35:*.mp4=01;35:*.m4v=01;35:*.mp4v=01;35:*.vob=01;35:*.qt=01;35:*.nuv=01;35:*.wmv=01;35:*.asf=01;35:*.rm=01;35:*.rmvb=01;35:*.flc=01;35:*.avi=01;35:*.fli=01;35:*.flv=01;35:*.gl=01;35:*.dl=01;35:*.xcf=01;35:*.xwd=01;35:*.yuv=01;35:*.cgm=01;35:*.emf=01;35:*.ogv=01;35:*.ogx=01;35:*.aac=00;36:*.au=00;36:*.flac=00;36:*.m4a=00;36:*.mid=00;36:*.midi=00;36:*.mka=00;36:*.mp3=00;36:*.mpc=00;36:*.ogg=00;36:*.ra=00;36:*.wav=00;36:*.oga=00;36:*.opus=00;36:*.spx=00;36:*.xspf=00;36:'), ('GNOME_TERMINAL_SERVICE', ':1.159'), ('SSH_AGENT_LAUNCHER', 'gnome-keyring'), ('SSH_AUTH_SOCK', '/run/user/1000/keyring/ssh'), ('AMENT_PREFIX_PATH', '/home/duy/Documents/GitHub/Experiment/hrc_ws/install/trajectory_predictor:/home/duy/Documents/GitHub/Experiment/hrc_ws/install/predictor_ui:/home/duy/Documents/GitHub/Experiment/hrc_ws/install/kinect_bridge:/home/duy/Documents/GitHub/Experiment/hrc_ws/install/experiment_logger:/home/duy/Documents/GitHub/Experiment/hrc_ws/install/hrc_bringup:/opt/ros/humble'), ('SHELL', '/bin/bash'), ('LC_NAME', 'vi_VN'), ('QT_ACCESSIBILITY', '1'), ('GDMSESSION', 'ubuntu'), ('LESSCLOSE', '/usr/bin/lesspipe %s %s'), ('LC_MEASUREMENT', 'vi_VN'), ('LC_IDENTIFICATION', 'vi_VN'), ('QT_IM_MODULE', 'ibus'), ('PWD', '/home/duy/Documents/GitHub/Experiment/hrc_ws/build/hrc_bringup'), ('LC_ALL', 'en_US.UTF-8'), ('XDG_CONFIG_DIRS', '/etc/xdg/xdg-ubuntu:/etc/xdg'), ('DBUS_STARTER_ADDRESS', 'unix:path=/run/user/1000/bus,guid=d423c5066bbabf4a6816003e69d4957d'), ('XDG_DATA_DIRS', '/usr/share/ubuntu:/usr/local/share/:/usr/share/:/var/lib/snapd/desktop'), ('PYTHONPATH', '/home/duy/Documents/GitHub/Experiment/hrc_ws/build/trajectory_predictor:/home/duy/Documents/GitHub/Experiment/hrc_ws/install/trajectory_predictor/lib/python3.10/site-packages:/home/duy/Documents/GitHub/Experiment/hrc_ws/build/predictor_ui:/home/duy/Documents/GitHub/Experiment/hrc_ws/install/predictor_ui/lib/python3.10/site-packages:/home/duy/Documents/GitHub/Experiment/hrc_ws/build/kinect_bridge:/home/duy/Documents/GitHub/Experiment/hrc_ws/install/kinect_bridge/lib/python3.10/site-packages:/home/duy/Documents/GitHub/Experiment/hrc_ws/build/experiment_logger:/home/duy/Documents/GitHub/Experiment/hrc_ws/install/experiment_logger/lib/python3.10/site-packages:/home/duy/Documents/GitHub/Experiment/hrc_ws/install/human_hand_msgs/local/lib/python3.10/dist-packages:/opt/ros/humble/lib/python3.10/site-packages:/opt/ros/humble/local/lib/python3.10/dist-packages'), ('LC_NUMERIC', 'vi_VN'), ('LC_PAPER', 'vi_VN'), ('COLCON', '1'), ('VTE_VERSION', '6800'), ('CMAKE_PREFIX_PATH', '/home/duy/Documents/GitHub/Experiment/hrc_ws/install/trajectory_predictor:/home/duy/Documents/GitHub/Experiment/hrc_ws/install/predictor_ui:/home/duy/Documents/GitHub/Experiment/hrc_ws/install/kinect_bridge:/home/duy/Documents/GitHub/Experiment/hrc_ws/install/experiment_logger:/opt/ros/humble:/home/duy/Documents/GitHub/Experiment/hrc_ws/install/human_hand_msgs:/home/duy/Documents/GitHub/Experiment/hrc_ws/install/hrc_bringup')]), 'shell': False}
[16.822478] (-) TimerEvent: {}
[16.858676] (hrc_bringup) CommandEnded: {'returncode': 0}
[16.861892] (hrc_bringup) JobProgress: {'identifier': 'hrc_bringup', 'progress': 'install'}
[16.862723] (hrc_bringup) Command: {'cmd': ['/usr/bin/cmake', '--install', '/home/duy/Documents/GitHub/Experiment/hrc_ws/build/hrc_bringup'], 'cwd': '/home/duy/Documents/GitHub/Experiment/hrc_ws/build/hrc_bringup', 'env': OrderedDict([('LESSOPEN', '| /usr/bin/lesspipe %s'), ('LANGUAGE', 'en_US:en'), ('USER', 'duy'), ('LC_TIME', 'vi_VN'), ('ROS_PACKAGE_PATH', '/home/duy/Documents/GitHub/Experiment/hrc_ws/install/human_hand_msgs/share'), ('XDG_SESSION_TYPE', 'wayland'), ('SHLVL', '1'), ('LD_LIBRARY_PATH', '/home/duy/Documents/GitHub/Experiment/hrc_ws/install/human_hand_msgs/lib:/opt/ros/humble/opt/rviz_ogre_vendor/lib:/opt/ros/humble/lib/x86_64-linux-gnu:/opt/ros/humble/lib'), ('HOME', '/home/duy'), ('OLDPWD', '/home/duy/Documents/GitHub/Experiment/hrc_ws'), ('DESKTOP_SESSION', 'ubuntu'), ('ROS_PYTHON_VERSION', '3'), ('GNOME_SHELL_SESSION_MODE', 'ubuntu'), ('GTK_MODULES', 'gail:atk-bridge'), ('LC_MONETARY', 'vi_VN'), ('DBUS_STARTER_BUS_TYPE', 'session'), ('SYSTEMD_EXEC_PID', '1126'), ('DBUS_SESSION_BUS_ADDRESS', 'unix:path=/run/user/1000/bus,guid=d423c5066bbabf4a6816003e69d4957d'), ('COLORTERM', 'truecolor'), ('IM_CONFIG_PHASE', '1'), ('WAYLAND_DISPLAY', 'wayland-0'), ('COLCON_PREFIX_PATH', '/home/duy/Documents/GitHub/Experiment/hrc_ws/install'), ('ROS_DISTRO', 'humble'), ('LOGNAME', 'duy'), ('_', '/usr/bin/colcon'), ('ROS_VERSION', '2'), ('PKG_CONFIG_PATH', '/home/duy/Documents/GitHub/Experiment/hrc_ws/install/human_hand_msgs/lib/x86_64-linux-gnu/pkgconfig:/home/duy/Documents/GitHub/Experiment/hrc_ws/install/human_hand_msgs/lib/pkgconfig'), ('XDG_SESSION_CLASS', 'user'), ('USERNAME', 'duy'), ('TERM', 'xterm-256color'), ('GNOME_DESKTOP_SESSION_ID', 'this-is-deprecated'), ('ROS_LOCALHOST_ONLY', '0'), ('PATH', '/opt/ros/humble/bin:/home/duy/.local/bin:/usr/local/sbin:/usr/local/bin:/usr/sbin:/usr/bin:/sbin:/bin:/usr/games:/usr/local/games:/snap/bin:/snap/bin'), ('SESSION_MANAGER', 'local/duy:@/tmp/.ICE-unix/1126,unix/duy:/tmp/.ICE-unix/1126'), ('PAPERSIZE', 'a4'), ('XDG_MENU_PREFIX', 'gnome-'), ('LC_ADDRESS', 'vi_VN'), ('GNOME_TERMINAL_SCREEN', '/org/gnome/Terminal/screen/8fd4f13c_10e8_4369_9076_21de48dae882'), ('GNOME_SETUP_DISPLAY', ':1'), ('XDG_RUNTIME_DIR', '/run/user/1000'), ('DISPLAY', ':0'), ('LANG', 'en_US.UTF-8'), ('XDG_CURRENT_DESKTOP', 'ubuntu:GNOME'), ('LC_TELEPHONE', 'vi_VN'), ('XMODIFIERS', '@im=ibus'), ('XDG_SESSION_DESKTOP', 'ubuntu'), ('XAUTHORITY', '/run/user/1000/.mutter-Xwaylandauth.N2ZRN3'), ('LS_COLORS', 'rs=0:di=01;34:ln=01;36:mh=00:pi=40;33:so=01;35:do=01;35:bd=40;33;01:cd=40;33;01:or=40;31;01:mi=00:su=37;41:sg=30;43:ca=30;41:tw=30;42:ow=34;42:st=37;44:ex=01;32:*.tar=01;31:*.tgz=01;31:*.arc=01;31:*.arj=01;31:*.taz=01;31:*.lha=01;31:*.lz4=01;31:*.lzh=01;31:*.lzma=01;31:*.tlz=01;31:*.txz=01;31:*.tzo=01;31:*.t7z=01;31:*.zip=01;31:*.z=01;31:*.dz=01;31:*.gz=01;31:*.lrz=01;31:*.lz=01;31:*.lzo=01;31:*.xz=01;31:*.zst=01;31:*.tzst=01;31:*.bz2=01;31:*.bz=01;31:*.tbz=01;31:*.tbz2=01;31:*.tz=01;31:*.deb=01;31:*.rpm=01;31:*.jar=01;31:*.war=01;31:*.ear=01;31:*.sar=01;31:*.rar=01;31:*.alz=01;31:*.ace=01;31:*.zoo=01;31:*.cpio=01;31:*.7z=01;31:*.rz=01;31:*.cab=01;31:*.wim=01;31:*.swm=01;31:*.dwm=01;31:*.esd=01;31:*.jpg=01;35:*.jpeg=01;35:*.mjpg=01;35:*.mjpeg=01;35:*.gif=01;35:*.bmp=01;35:*.pbm=01;35:*.pgm=01;35:*.ppm=01;35:*.tga=01;35:*.xbm=01;35:*.xpm=01;35:*.tif=01;35:*.tiff=01;35:*.png=01;35:*.svg=01;35:*.svgz=01;35:*.mng=01;35:*.pcx=01;35:*.mov=01;35:*.mpg=01;35:*.mpeg=01;35:*.m2v=01;35:*.mkv=01;35:*.webm=01;35:*.webp=01;35:*.ogm=01;35:*.mp4=01;35:*.m4v=01;35:*.mp4v=01;35:*.vob=01;35:*.qt=01;35:*.nuv=01;35:*.wmv=01;35:*.asf=01;35:*.rm=01;35:*.rmvb=01;35:*.flc=01;35:*.avi=01;35:*.fli=01;35:*.flv=01;35:*.gl=01;35:*.dl=01;35:*.xcf=01;35:*.xwd=01;35:*.yuv=01;35:*.cgm=01;35:*.emf=01;35:*.ogv=01;35:*.ogx=01;35:*.aac=00;36:*.au=00;36:*.flac=00;36:*.m4a=00;36:*.mid=00;36:*.midi=00;36:*.mka=00;36:*.mp3=00;36:*.mpc=00;36:*.ogg=00;36:*.ra=00;36:*.wav=00;36:*.oga=00;36:*.opus=00;36:*.spx=00;36:*.xspf=00;36:'), ('GNOME_TERMINAL_SERVICE', ':1.159'), ('SSH_AGENT_LAUNCHER', 'gnome-keyring'), ('SSH_AUTH_SOCK', '/run/user/1000/keyring/ssh'), ('AMENT_PREFIX_PATH', '/home/duy/Documents/GitHub/Experiment/hrc_ws/install/trajectory_predictor:/home/duy/Documents/GitHub/Experiment/hrc_ws/install/predictor_ui:/home/duy/Documents/GitHub/Experiment/hrc_ws/install/kinect_bridge:/home/duy/Documents/GitHub/Experiment/hrc_ws/install/experiment_logger:/home/duy/Documents/GitHub/Experiment/hrc_ws/install/hrc_bringup:/opt/ros/humble'), ('SHELL', '/bin/bash'), ('LC_NAME', 'vi_VN'), ('QT_ACCESSIBILITY', '1'), ('GDMSESSION', 'ubuntu'), ('LESSCLOSE', '/usr/bin/lesspipe %s %s'), ('LC_MEASUREMENT', 'vi_VN'), ('LC_IDENTIFICATION', 'vi_VN'), ('QT_IM_MODULE', 'ibus'), ('PWD', '/home/duy/Documents/GitHub/Experiment/hrc_ws/build/hrc_bringup'), ('LC_ALL', 'en_US.UTF-8'), ('XDG_CONFIG_DIRS', '/etc/xdg/xdg-ubuntu:/etc/xdg'), ('DBUS_STARTER_ADDRESS', 'unix:path=/run/user/1000/bus,guid=d423c5066bbabf4a6816003e69d4957d'), ('XDG_DATA_DIRS', '/usr/share/ubuntu:/usr/local/share/:/usr/share/:/var/lib/snapd/desktop'), ('PYTHONPATH', '/home/duy/Documents/GitHub/Experiment/hrc_ws/build/trajectory_predictor:/home/duy/Documents/GitHub/Experiment/hrc_ws/install/trajectory_predictor/lib/python3.10/site-packages:/home/duy/Documents/GitHub/Experiment/hrc_ws/build/predictor_ui:/home/duy/Documents/GitHub/Experiment/hrc_ws/install/predictor_ui/lib/python3.10/site-packages:/home/duy/Documents/GitHub/Experiment/hrc_ws/build/kinect_bridge:/home/duy/Documents/GitHub/Experiment/hrc_ws/install/kinect_bridge/lib/python3.10/site-packages:/home/duy/Documents/GitHub/Experiment/hrc_ws/build/experiment_logger:/home/duy/Documents/GitHub/Experiment/hrc_ws/install/experiment_logger/lib/python3.10/site-packages:/home/duy/Documents/GitHub/Experiment/hrc_ws/install/human_hand_msgs/local/lib/python3.10/dist-packages:/opt/ros/humble/lib/python3.10/site-packages:/opt/ros/humble/local/lib/python3.10/dist-packages'), ('LC_NUMERIC', 'vi_VN'), ('LC_PAPER', 'vi_VN'), ('COLCON', '1'), ('VTE_VERSION', '6800'), ('CMAKE_PREFIX_PATH', '/home/duy/Documents/GitHub/Experiment/hrc_ws/install/trajectory_predictor:/home/duy/Documents/GitHub/Experiment/hrc_ws/install/predictor_ui:/home/duy/Documents/GitHub/Experiment/hrc_ws/install/kinect_bridge:/home/duy/Documents/GitHub/Experiment/hrc_ws/install/experiment_logger:/opt/ros/humble:/home/duy/Documents/GitHub/Experiment/hrc_ws/install/human_hand_msgs:/home/duy/Documents/GitHub/Experiment/hrc_ws/install/hrc_bringup')]), 'shell': False}
[16.888059] (hrc_bringup) StdoutLine: {'line': b'-- Install configuration: ""\n'}
[16.889763] (hrc_bringup) StdoutLine: {'line': b'-- Execute custom install script\n'}
[16.890986] (hrc_bringup) StdoutLine: {'line': b'-- Symlinking: /home/duy/Documents/GitHub/Experiment/hrc_ws/install/hrc_bringup/share/hrc_bringup/launch/full_pipeline.launch.py\n'}
[16.918602] (hrc_bringup) StdoutLine: {'line': b'-- Symlinking: /home/duy/Documents/GitHub/Experiment/hrc_ws/install/hrc_bringup/share/hrc_bringup/config/all_params.yaml\n'}
[16.922612] (-) TimerEvent: {}
[16.945510] (hrc_bringup) StdoutLine: {'line': b'-- Symlinking: /home/duy/Documents/GitHub/Experiment/hrc_ws/install/hrc_bringup/share/ament_index/resource_index/package_run_dependencies/hrc_bringup\n'}
[16.972618] (hrc_bringup) StdoutLine: {'line': b'-- Symlinking: /home/duy/Documents/GitHub/Experiment/hrc_ws/install/hrc_bringup/share/ament_index/resource_index/parent_prefix_path/hrc_bringup\n'}
[16.999747] (hrc_bringup) StdoutLine: {'line': b'-- Symlinking: /home/duy/Documents/GitHub/Experiment/hrc_ws/install/hrc_bringup/share/hrc_bringup/environment/ament_prefix_path.sh\n'}
[17.022789] (-) TimerEvent: {}
[17.026990] (hrc_bringup) StdoutLine: {'line': b'-- Symlinking: /home/duy/Documents/GitHub/Experiment/hrc_ws/install/hrc_bringup/share/hrc_bringup/environment/ament_prefix_path.dsv\n'}
[17.054606] (hrc_bringup) StdoutLine: {'line': b'-- Symlinking: /home/duy/Documents/GitHub/Experiment/hrc_ws/install/hrc_bringup/share/hrc_bringup/environment/path.sh\n'}
[17.081985] (hrc_bringup) StdoutLine: {'line': b'-- Symlinking: /home/duy/Documents/GitHub/Experiment/hrc_ws/install/hrc_bringup/share/hrc_bringup/environment/path.dsv\n'}
[17.109514] (hrc_bringup) StdoutLine: {'line': b'-- Symlinking: /home/duy/Documents/GitHub/Experiment/hrc_ws/install/hrc_bringup/share/hrc_bringup/local_setup.bash\n'}
[17.122979] (-) TimerEvent: {}
[17.136473] (hrc_bringup) StdoutLine: {'line': b'-- Symlinking: /home/duy/Documents/GitHub/Experiment/hrc_ws/install/hrc_bringup/share/hrc_bringup/local_setup.sh\n'}
[17.167326] (hrc_bringup) StdoutLine: {'line': b'-- Symlinking: /home/duy/Documents/GitHub/Experiment/hrc_ws/install/hrc_bringup/share/hrc_bringup/local_setup.zsh\n'}
[17.210965] (hrc_bringup) StdoutLine: {'line': b'-- Symlinking: /home/duy/Documents/GitHub/Experiment/hrc_ws/install/hrc_bringup/share/hrc_bringup/local_setup.dsv\n'}
[17.223166] (-) TimerEvent: {}
[17.250735] (hrc_bringup) StdoutLine: {'line': b'-- Symlinking: /home/duy/Documents/GitHub/Experiment/hrc_ws/install/hrc_bringup/share/hrc_bringup/package.dsv\n'}
[17.299032] (hrc_bringup) StdoutLine: {'line': b'-- Symlinking: /home/duy/Documents/GitHub/Experiment/hrc_ws/install/hrc_bringup/share/ament_index/resource_index/packages/hrc_bringup\n'}
[17.323359] (-) TimerEvent: {}
[17.337816] (hrc_bringup) StdoutLine: {'line': b'-- Symlinking: /home/duy/Documents/GitHub/Experiment/hrc_ws/install/hrc_bringup/share/hrc_bringup/cmake/hrc_bringupConfig.cmake\n'}
[17.379757] (hrc_bringup) StdoutLine: {'line': b'-- Symlinking: /home/duy/Documents/GitHub/Experiment/hrc_ws/install/hrc_bringup/share/hrc_bringup/cmake/hrc_bringupConfig-version.cmake\n'}
[17.413511] (hrc_bringup) StdoutLine: {'line': b'-- Symlinking: /home/duy/Documents/GitHub/Experiment/hrc_ws/install/hrc_bringup/share/hrc_bringup/package.xml\n'}
[17.423552] (-) TimerEvent: {}
[17.448202] (hrc_bringup) CommandEnded: {'returncode': 0}
[17.502510] (hrc_bringup) JobEnded: {'identifier': 'hrc_bringup', 'rc': 0}
[17.505684] (-) EventReactorShutdown: {}
