timestamp,actual_x,actual_y,actual_z,predicted_x,predicted_y,predicted_z,inference_ms,model_name,abs_err_x,abs_err_y,abs_err_z
2026-04-01T19:57:04.1547338Z,0.000232,0.001036,-0.000653,0.000232,0.001036,-0.000653,704.53,gru,0.000000,0.000000,0.000000
2026-04-01T19:57:04.2092839Z,0.000035,0.000587,-0.000424,0.014382,0.001898,0.000949,15.27,gru,0.014347,0.001311,0.001373
2026-04-01T19:57:04.2382988Z,0.000453,0.000718,-0.001077,0.027147,0.002650,0.002277,11.21,gru,0.026694,0.001933,0.003355
2026-04-01T19:57:04.2659654Z,-0.000026,0.001260,-0.000951,0.038641,0.003382,0.003502,6.12,gru,0.038667,0.002122,0.004453
2026-04-01T19:57:04.3031026Z,-0.000077,0.000678,-0.000805,0.048957,0.003985,0.004664,6.10,gru,0.049034,0.003307,0.005469
2026-04-01T19:57:04.3206210Z,0.000208,0.000517,-0.000844,0.072175,0.005305,0.007192,7.01,gru,0.071967,0.004788,0.008035
2026-04-01T19:57:04.3503612Z,0.000004,0.001255,-0.001274,0.089685,0.006491,0.008893,4.38,gru,0.089680,0.005237,0.010167
2026-04-01T19:57:04.3869556Z,-0.000056,0.001336,-0.000858,0.102751,0.007387,0.010396,7.03,gru,0.102806,0.006051,0.011254
2026-04-01T19:57:04.4174236Z,0.000299,0.000384,-0.000511,0.112455,0.007800,0.011668,8.00,gru,0.112156,0.007416,0.012180
2026-04-01T19:57:04.4494507Z,-0.000312,0.001268,-0.000297,0.119795,0.008357,0.012555,3.93,gru,0.120107,0.007089,0.012852
2026-04-01T19:57:04.4986801Z,-0.000483,0.001601,-0.000812,0.125376,0.008854,0.013018,7.62,gru,0.125859,0.007253,0.013829
2026-04-01T19:57:04.5275354Z,0.000292,0.000076,-0.001393,0.129519,0.008804,0.013267,5.53,gru,0.129227,0.008728,0.014661
2026-04-01T19:57:04.5629663Z,0.000264,-0.000673,-0.001036,0.132594,0.008699,0.013697,9.02,gru,0.132330,0.009372,0.014732
2026-04-01T19:57:04.5872972Z,-0.000036,0.001532,-0.000989,0.135026,0.009269,0.013924,8.69,gru,0.135062,0.007737,0.014914
2026-04-01T19:57:04.6286907Z,0.000159,0.001026,-0.001158,0.136814,0.009469,0.014031,8.65,gru,0.136656,0.008443,0.015190
2026-04-01T19:57:04.6682341Z,0.000055,0.001028,-0.000711,0.138052,0.009456,0.014312,7.25,gru,0.137997,0.008428,0.015022
2026-04-01T19:57:04.6911259Z,-0.000139,0.000365,-0.000867,0.139021,0.009356,0.014432,7.21,gru,0.139160,0.008992,0.015300
2026-04-01T19:57:04.7626744Z,0.000125,0.000358,-0.001538,0.139847,0.009343,0.014262,9.50,gru,0.139721,0.008985,0.015800
2026-04-01T19:57:04.8664294Z,0.000059,0.001258,-0.001067,0.140448,0.009587,0.014387,7.56,gru,0.140390,0.008329,0.015454
2026-04-01T19:57:04.9118007Z,0.000218,0.000850,-0.001159,0.140858,0.009592,0.014473,7.96,gru,0.140640,0.008742,0.015633
2026-04-01T19:57:04.9480019Z,0.000390,0.000869,-0.001290,0.141195,0.009538,0.014406,7.07,gru,0.140805,0.008668,0.015696
2026-04-01T19:57:04.9820258Z,0.000403,0.002909,-0.001940,0.141493,0.009649,0.014313,7.11,gru,0.141090,0.006740,0.016253
2026-04-01T19:57:05.0418688Z,0.000938,0.001621,-0.001856,0.141678,0.009621,0.014246,8.56,gru,0.140740,0.007999,0.016102
2026-04-01T19:57:05.0564775Z,0.001749,0.001974,-0.001699,0.141796,0.009613,0.014202,5.00,gru,0.140047,0.007639,0.015902
2026-04-01T19:57:05.0906422Z,0.003015,0.002669,-0.001315,0.141915,0.009842,0.014169,6.02,gru,0.138901,0.007173,0.015484
2026-04-01T19:57:05.1373126Z,0.005221,-0.000538,-0.000963,0.141806,0.009334,0.014300,4.53,gru,0.136585,0.009872,0.015263
2026-04-01T19:57:05.1551155Z,0.012174,-0.008152,-0.003673,0.141604,0.007542,0.013389,6.53,gru,0.129429,0.015693,0.017062
2026-04-01T19:57:05.1948285Z,0.015270,-0.012798,-0.002408,0.141373,0.006005,0.013237,7.12,gru,0.126103,0.018803,0.015645
2026-04-01T19:57:05.2268177Z,0.018774,-0.014762,-0.000920,0.141143,0.005452,0.013675,6.62,gru,0.122369,0.020214,0.014595
2026-04-01T19:57:05.2607831Z,0.023241,-0.019407,0.000804,0.140647,0.004369,0.014135,4.52,gru,0.117406,0.023776,0.013332
2026-04-01T19:57:05.2870422Z,0.027397,-0.021657,0.005568,0.139729,0.003371,0.015752,6.66,gru,0.112332,0.025028,0.010183
2026-04-01T19:57:05.3237920Z,0.032131,-0.020993,0.010307,0.138680,0.003180,0.017801,7.58,gru,0.106549,0.024173,0.007495
2026-04-01T19:57:05.3575577Z,0.033995,-0.020314,0.011610,0.137617,0.003243,0.018905,7.42,gru,0.103622,0.023557,0.007295
2026-04-01T19:57:05.3874969Z,0.034443,-0.019670,0.013379,0.136256,0.003243,0.020076,4.16,gru,0.101813,0.022912,0.006697
2026-04-01T19:57:05.4160232Z,0.032877,-0.018776,0.014550,0.134623,0.003381,0.021336,4.13,gru,0.101746,0.022157,0.006786
2026-04-01T19:57:05.4577859Z,0.031275,-0.019753,0.015307,0.132816,0.003186,0.022322,9.06,gru,0.101541,0.022939,0.007014
2026-04-01T19:57:05.5009532Z,0.031311,-0.019614,0.016493,0.130999,0.003079,0.023299,11.18,gru,0.099688,0.022692,0.006806
2026-04-01T19:57:05.5412881Z,0.030875,-0.019287,0.017363,0.129194,0.003151,0.024053,8.31,gru,0.098319,0.022438,0.006690
2026-04-01T19:57:05.5810275Z,0.030675,-0.018470,0.021063,0.127081,0.003461,0.025840,8.25,gru,0.096406,0.021931,0.004776
2026-04-01T19:57:05.6264815Z,0.030286,-0.011968,0.027811,0.124624,0.005590,0.029271,5.19,gru,0.094338,0.017559,0.001461
2026-04-01T19:57:05.6707207Z,0.028431,-0.005427,0.036442,0.121475,0.008436,0.033936,8.20,gru,0.093044,0.013863,0.002506
2026-04-01T19:57:05.6869079Z,0.028109,-0.001051,0.041573,0.118110,0.010278,0.037531,5.52,gru,0.090001,0.011329,0.004042
2026-04-01T19:57:05.7196092Z,0.027721,0.002952,0.047729,0.114402,0.011925,0.041340,4.61,gru,0.086681,0.008973,0.006389
2026-04-01T19:57:05.7443575Z,0.026840,0.007068,0.052507,0.110339,0.014179,0.045358,5.40,gru,0.083499,0.007111,0.007149
2026-04-01T19:57:05.7815661Z,0.026456,0.011525,0.056733,0.106209,0.016727,0.048966,3.56,gru,0.079753,0.005202,0.007767
2026-04-01T19:57:05.8160179Z,0.026488,0.015855,0.060662,0.101902,0.019118,0.052392,6.52,gru,0.075413,0.003263,0.008270
2026-04-01T19:57:05.8504635Z,0.026617,0.019817,0.065275,0.097400,0.021372,0.056026,6.42,gru,0.070783,0.001555,0.009249
2026-04-01T19:57:05.8867098Z,0.026543,0.024837,0.068260,0.092840,0.024128,0.059042,6.55,gru,0.066297,0.000710,0.009218
2026-04-01T19:57:05.9166142Z,0.026755,0.029314,0.071783,0.088334,0.026829,0.062070,6.41,gru,0.061579,0.002485,0.009714
2026-04-01T19:57:05.9483117Z,0.026724,0.033287,0.075409,0.083737,0.029324,0.065353,6.03,gru,0.057013,0.003963,0.010055
2026-04-01T19:57:05.9908547Z,0.026632,0.037485,0.078427,0.079081,0.032116,0.068219,8.01,gru,0.052449,0.005369,0.010208
2026-04-01T19:57:06.0183389Z,0.026495,0.040655,0.081448,0.074686,0.034669,0.071025,5.12,gru,0.048191,0.005986,0.010423
2026-04-01T19:57:06.0507990Z,0.026304,0.043415,0.085017,0.070542,0.036988,0.074162,6.07,gru,0.044238,0.006427,0.010855
2026-04-01T19:57:06.0827853Z,0.026212,0.046224,0.088626,0.066821,0.039229,0.077361,4.01,gru,0.040609,0.006995,0.011264
2026-04-01T19:57:06.1161269Z,0.026078,0.049997,0.091288,0.063465,0.041770,0.080023,5.02,gru,0.037386,0.008227,0.011265
2026-04-01T19:57:06.1616834Z,0.025896,0.052921,0.094491,0.060379,0.043966,0.082906,8.53,gru,0.034483,0.008955,0.011584
2026-04-01T19:57:06.1981610Z,0.025861,0.056104,0.097573,0.057655,0.045869,0.085922,11.18,gru,0.031794,0.010235,0.011652
2026-04-01T19:57:06.2424764Z,0.025357,0.057097,0.101175,0.055043,0.046808,0.089153,7.22,gru,0.029686,0.010289,0.012023
2026-04-01T19:57:06.2663618Z,0.025457,0.059575,0.104200,0.052729,0.048158,0.092180,9.80,gru,0.027272,0.011417,0.012020
2026-04-01T19:57:06.3170021Z,0.025267,0.062680,0.107502,0.050543,0.050343,0.095320,5.58,gru,0.025277,0.012336,0.012181
2026-04-01T19:57:06.3584554Z,0.024454,0.066958,0.118899,0.048008,0.053408,0.103426,8.40,gru,0.023553,0.013549,0.015472
2026-04-01T19:57:06.3832706Z,0.023559,0.071377,0.125631,0.045684,0.056260,0.109646,5.89,gru,0.022124,0.015117,0.015985
2026-04-01T19:57:06.4144601Z,0.024394,0.074381,0.132423,0.044424,0.058414,0.114741,5.17,gru,0.020030,0.015967,0.017682
2026-04-01T19:57:06.4523933Z,0.025264,0.078386,0.139603,0.043311,0.061523,0.121399,6.04,gru,0.018047,0.016862,0.018204
2026-04-01T19:57:06.4834056Z,0.027297,0.082989,0.146606,0.042805,0.065318,0.128371,4.15,gru,0.015508,0.017670,0.018235
2026-04-01T19:57:06.5180765Z,0.029609,0.086877,0.154298,0.042972,0.068834,0.135599,5.48,gru,0.013363,0.018043,0.018699
2026-04-01T19:57:06.5460384Z,0.030198,0.094373,0.163469,0.042378,0.074278,0.143661,4.50,gru,0.012180,0.020095,0.019808
2026-04-01T19:57:06.5816634Z,0.025598,0.111520,0.174609,0.039126,0.086005,0.153413,5.44,gru,0.013528,0.025514,0.021196
2026-04-01T19:57:06.6117515Z,0.027181,0.116627,0.182178,0.039212,0.092064,0.161160,4.21,gru,0.012031,0.024562,0.021017
2026-04-01T19:57:06.6570432Z,0.028880,0.121023,0.189738,0.040045,0.096344,0.168396,7.61,gru,0.011165,0.024679,0.021342
2026-04-01T19:57:06.6840704Z,0.033352,0.123606,0.194706,0.040742,0.101918,0.175012,5.52,gru,0.007390,0.021688,0.019695
2026-04-01T19:57:06.7169796Z,0.035198,0.127697,0.199133,0.041096,0.108256,0.181236,5.18,gru,0.005898,0.019441,0.017897
2026-04-01T19:57:06.7592676Z,0.037457,0.130717,0.202727,0.041850,0.113217,0.186736,7.49,gru,0.004394,0.017500,0.015991
2026-04-01T19:57:06.7903212Z,0.036245,0.138877,0.206976,0.041289,0.119665,0.191970,7.52,gru,0.005045,0.019213,0.015006
2026-04-01T19:57:06.8119587Z,0.037600,0.141144,0.207797,0.041937,0.123684,0.195151,4.19,gru,0.004337,0.017460,0.012646
2026-04-01T19:57:06.8535920Z,0.039968,0.143135,0.208131,0.043645,0.126783,0.197469,8.03,gru,0.003677,0.016352,0.010662
2026-04-01T19:57:06.8801245Z,0.039852,0.145402,0.208997,0.043387,0.131680,0.200328,3.57,gru,0.003535,0.013723,0.008669
2026-04-01T19:57:06.9133486Z,0.040735,0.148398,0.208856,0.043589,0.136126,0.202098,3.51,gru,0.002854,0.012272,0.006758
2026-04-01T19:57:06.9441684Z,0.041482,0.150850,0.210179,0.044447,0.139330,0.203971,3.15,gru,0.002965,0.011520,0.006208
2026-04-01T19:57:06.9862806Z,0.043589,0.155030,0.212426,0.045591,0.143611,0.206438,6.65,gru,0.002002,0.011419,0.005987
2026-04-01T19:57:07.0174877Z,0.046712,0.160043,0.215862,0.047425,0.148594,0.209415,6.19,gru,0.000713,0.011449,0.006447
2026-04-01T19:57:07.0519869Z,0.051179,0.164850,0.220388,0.050251,0.153297,0.213014,7.62,gru,0.000928,0.011553,0.007375
2026-04-01T19:57:07.0822214Z,0.055941,0.174192,0.225735,0.053501,0.160006,0.217131,5.03,gru,0.002440,0.014186,0.008604
2026-04-01T19:57:07.1244052Z,0.063099,0.184944,0.230565,0.058366,0.167977,0.221161,4.00,gru,0.004733,0.016968,0.009404
2026-04-01T19:57:07.1526681Z,0.070119,0.199338,0.236901,0.063697,0.178012,0.226316,6.51,gru,0.006423,0.021326,0.010585
2026-04-01T19:57:07.1914702Z,0.078281,0.212753,0.243105,0.069667,0.188594,0.231741,5.11,gru,0.008614,0.024159,0.011364
2026-04-01T19:57:07.2183059Z,0.089158,0.225848,0.248529,0.077850,0.199578,0.236474,4.22,gru,0.011308,0.026270,0.012055
2026-04-01T19:57:07.2498773Z,0.101927,0.241245,0.253504,0.087517,0.212994,0.241201,5.59,gru,0.014409,0.028251,0.012302
2026-04-01T19:57:07.2828949Z,0.109521,0.263067,0.259778,0.094270,0.231874,0.247178,5.07,gru,0.015251,0.031193,0.012600
2026-04-01T19:57:07.3283386Z,0.137921,0.260076,0.256069,0.114191,0.235825,0.247890,5.44,gru,0.023730,0.024251,0.008179
2026-04-01T19:57:07.3586009Z,0.151167,0.275999,0.259678,0.126761,0.248561,0.251163,7.02,gru,0.024406,0.027438,0.008515
2026-04-01T19:57:07.3832056Z,0.161422,0.292776,0.264240,0.134656,0.270453,0.257785,5.11,gru,0.026765,0.022323,0.006455
2026-04-01T19:57:07.4167983Z,0.172432,0.306189,0.268049,0.148665,0.283048,0.261223,6.56,gru,0.023767,0.023140,0.006826
2026-04-01T19:57:07.4494441Z,0.181372,0.321623,0.271055,0.159729,0.294680,0.263092,5.19,gru,0.021642,0.026942,0.007963
2026-04-01T19:57:07.4841283Z,0.188636,0.334236,0.273997,0.167564,0.308505,0.266198,7.22,gru,0.021073,0.025732,0.007799
2026-04-01T19:57:07.5176654Z,0.194665,0.345488,0.275521,0.175297,0.322629,0.269144,6.17,gru,0.019368,0.022858,0.006377
2026-04-01T19:57:07.5462681Z,0.199412,0.355183,0.276742,0.182703,0.334617,0.271028,4.02,gru,0.016709,0.020566,0.005713
2026-04-01T19:57:07.5830175Z,0.203850,0.363014,0.277960,0.189186,0.343733,0.272400,4.05,gru,0.014664,0.019281,0.005561
2026-04-01T19:57:07.6303301Z,0.207374,0.370937,0.280211,0.194169,0.353982,0.274885,9.56,gru,0.013205,0.016954,0.005327
2026-04-01T19:57:07.6748376Z,0.212821,0.374955,0.282590,0.200266,0.361818,0.277503,5.67,gru,0.012555,0.013137,0.005087
2026-04-01T19:57:07.6993224Z,0.219399,0.381162,0.282757,0.207103,0.368581,0.278202,5.63,gru,0.012296,0.012581,0.004555
2026-04-01T19:57:07.7223039Z,0.219354,0.392738,0.286547,0.208767,0.379615,0.281173,7.28,gru,0.010587,0.013123,0.005374
2026-04-01T19:57:07.7625076Z,0.223114,0.397394,0.287415,0.212796,0.385356,0.282973,3.64,gru,0.010319,0.012039,0.004441
2026-04-01T19:57:07.7948832Z,0.226624,0.402950,0.289395,0.217948,0.389581,0.284440,4.57,gru,0.008676,0.013369,0.004955
2026-04-01T19:57:07.8268506Z,0.228849,0.408271,0.292353,0.220225,0.396974,0.287201,4.52,gru,0.008624,0.011296,0.005152
2026-04-01T19:57:07.8708952Z,0.224745,0.421902,0.299967,0.218352,0.408969,0.293007,4.61,gru,0.006394,0.012933,0.006960
2026-04-01T19:57:07.9135371Z,0.228538,0.442814,0.305353,0.222760,0.424030,0.297294,7.15,gru,0.005778,0.018784,0.008059
2026-04-01T19:57:07.9518977Z,0.229343,0.457443,0.310477,0.225674,0.436014,0.300338,7.01,gru,0.003669,0.021429,0.010139
2026-04-01T19:57:07.9842647Z,0.230396,0.472431,0.316571,0.224946,0.448190,0.305751,6.73,gru,0.005450,0.024242,0.010820
2026-04-01T19:57:08.0161212Z,0.231268,0.488325,0.323016,0.225879,0.464072,0.311773,4.30,gru,0.005388,0.024253,0.011244
2026-04-01T19:57:08.0540816Z,0.209876,0.525573,0.342273,0.211966,0.493917,0.325083,9.21,gru,0.002089,0.031656,0.017190
2026-04-01T19:57:08.0852747Z,0.211429,0.544246,0.347666,0.215929,0.511047,0.331651,6.12,gru,0.004499,0.033200,0.016014
2026-04-01T19:57:08.1144193Z,0.213830,0.559816,0.352516,0.221492,0.521777,0.335198,4.01,gru,0.007662,0.038040,0.017318
2026-04-01T19:57:08.1667512Z,0.214123,0.578017,0.358191,0.216727,0.546216,0.344003,7.01,gru,0.002604,0.031801,0.014188
2026-04-01T19:57:08.1926828Z,0.213402,0.597389,0.363439,0.213643,0.568842,0.350246,6.46,gru,0.000240,0.028547,0.013194
2026-04-01T19:57:08.2183772Z,0.237687,0.601457,0.358073,0.232566,0.576621,0.350821,4.77,gru,0.005120,0.024836,0.007253
2026-04-01T19:57:08.2493535Z,0.211751,0.635340,0.372281,0.216077,0.602746,0.363267,5.22,gru,0.004326,0.032594,0.009013
2026-04-01T19:57:08.2784043Z,0.214599,0.652449,0.375051,0.211031,0.624108,0.368166,5.52,gru,0.003568,0.028341,0.006885
2026-04-01T19:57:08.3118045Z,0.213541,0.671705,0.379065,0.222269,0.638120,0.371252,7.05,gru,0.008728,0.033584,0.007813
2026-04-01T19:57:08.3484459Z,0.211368,0.689822,0.383509,0.216366,0.657098,0.376330,5.18,gru,0.004998,0.032724,0.007179
2026-04-01T19:57:08.3946537Z,0.204823,0.711108,0.387811,0.206563,0.677158,0.380762,7.44,gru,0.001740,0.033950,0.007049
2026-04-01T19:57:08.4206154Z,0.205701,0.725994,0.390670,0.207597,0.693887,0.383967,4.51,gru,0.001896,0.032107,0.006703
2026-04-01T19:57:08.4490314Z,0.205093,0.742069,0.391893,0.209572,0.709163,0.385084,5.51,gru,0.004478,0.032906,0.006809
2026-04-01T19:57:08.4804515Z,0.204861,0.756072,0.393035,0.206392,0.724086,0.387106,4.92,gru,0.001531,0.031986,0.005929
2026-04-01T19:57:08.5196143Z,0.202687,0.769652,0.394627,0.201387,0.739285,0.389054,7.79,gru,0.001300,0.030367,0.005572
2026-04-01T19:57:08.5559859Z,0.204926,0.782551,0.393319,0.204380,0.752142,0.388965,7.52,gru,0.000547,0.030409,0.004355
2026-04-01T19:57:08.5892416Z,0.201275,0.795706,0.393663,0.202814,0.765590,0.389003,7.84,gru,0.001539,0.030116,0.004660
2026-04-01T19:57:08.6217118Z,0.197680,0.809762,0.393119,0.197758,0.779323,0.389225,4.52,gru,0.000077,0.030439,0.003893
2026-04-01T19:57:08.6677073Z,0.198425,0.818564,0.391080,0.198938,0.787848,0.388066,7.07,gru,0.000513,0.030716,0.003014
2026-04-01T19:57:08.6805137Z,0.190636,0.832965,0.389721,0.194375,0.801283,0.387129,4.55,gru,0.003738,0.031682,0.002592
2026-04-01T19:57:08.7195112Z,0.182763,0.845066,0.387090,0.187287,0.814080,0.385709,6.11,gru,0.004524,0.030987,0.001381
2026-04-01T19:57:08.7513176Z,0.180445,0.855697,0.382606,0.186861,0.823662,0.382890,5.20,gru,0.006416,0.032035,0.000284
2026-04-01T19:57:08.7840247Z,0.174362,0.867255,0.379094,0.181971,0.836117,0.380382,4.32,gru,0.007609,0.031137,0.001289
2026-04-01T19:57:08.8195271Z,0.170559,0.878951,0.372844,0.176223,0.848708,0.375985,7.04,gru,0.005664,0.030243,0.003141
2026-04-01T19:57:08.8547187Z,0.171268,0.887204,0.366033,0.176752,0.856559,0.370961,6.25,gru,0.005484,0.030645,0.004928
2026-04-01T19:57:08.8959552Z,0.166727,0.897701,0.359158,0.172471,0.867216,0.365872,5.80,gru,0.005745,0.030485,0.006714
2026-04-01T19:57:08.9324933Z,0.161730,0.906579,0.351762,0.166607,0.877094,0.360090,6.75,gru,0.004877,0.029485,0.008328
2026-04-01T19:57:08.9443079Z,0.149076,0.919174,0.345440,0.156876,0.888475,0.354420,4.10,gru,0.007800,0.030699,0.008981
2026-04-01T19:57:08.9783618Z,0.148679,0.924227,0.336720,0.157209,0.895422,0.347650,3.50,gru,0.008530,0.028805,0.010930
2026-04-01T19:57:09.0115625Z,0.144855,0.933697,0.328427,0.154491,0.904608,0.340487,4.52,gru,0.009637,0.029090,0.012060
2026-04-01T19:57:09.0534693Z,0.127883,0.943685,0.323828,0.137184,0.916922,0.335936,4.28,gru,0.009301,0.026764,0.012108
2026-04-01T19:57:09.0899872Z,0.117543,0.954550,0.317344,0.128776,0.926639,0.330034,3.59,gru,0.011234,0.027911,0.012690
2026-04-01T19:57:09.1197918Z,0.112880,0.962441,0.308647,0.129327,0.934700,0.322521,5.20,gru,0.016447,0.027741,0.013874
2026-04-01T19:57:09.1562816Z,0.108281,0.970277,0.300517,0.121738,0.945093,0.315220,5.00,gru,0.013456,0.025184,0.014703
2026-04-01T19:57:09.1880320Z,0.104175,0.979674,0.290399,0.112312,0.955677,0.306415,6.96,gru,0.008137,0.023997,0.016016
2026-04-01T19:57:09.2142197Z,0.098067,0.987269,0.280915,0.106819,0.964599,0.297662,4.59,gru,0.008752,0.022669,0.016747
2026-04-01T19:57:09.2509637Z,0.090995,0.995884,0.269892,0.102344,0.973574,0.288251,6.11,gru,0.011349,0.022310,0.018359
2026-04-01T19:57:09.2817858Z,0.079090,1.005570,0.259948,0.091654,0.983892,0.278699,4.01,gru,0.012564,0.021678,0.018750
2026-04-01T19:57:09.3172249Z,0.067995,1.013931,0.249066,0.080915,0.993145,0.268584,5.61,gru,0.012920,0.020786,0.019518
2026-04-01T19:57:09.3482491Z,0.054941,1.022224,0.240875,0.071692,1.002050,0.259864,6.61,gru,0.016751,0.020175,0.018990
2026-04-01T19:57:09.3766243Z,0.045278,1.031902,0.229912,0.063406,1.011981,0.250031,3.67,gru,0.018128,0.019921,0.020119
2026-04-01T19:57:09.4187797Z,0.030993,1.044271,0.220998,0.050043,1.023884,0.240349,5.76,gru,0.019050,0.020387,0.019350
2026-04-01T19:57:09.4500554Z,0.018910,1.052358,0.213078,0.038071,1.033014,0.232107,5.90,gru,0.019161,0.019344,0.019029
2026-04-01T19:57:09.4765347Z,0.006406,1.059085,0.204911,0.028111,1.040495,0.223627,3.51,gru,0.021704,0.018590,0.018717
2026-04-01T19:57:09.5207846Z,-0.006665,1.068181,0.197220,0.015784,1.051150,0.215114,3.52,gru,0.022450,0.017031,0.017894
2026-04-01T19:57:09.5516892Z,-0.020425,1.077306,0.189574,0.002749,1.060936,0.206920,7.04,gru,0.023175,0.016370,0.017346
2026-04-01T19:57:09.5884709Z,-0.032515,1.082547,0.180699,-0.008310,1.067551,0.198199,4.70,gru,0.024205,0.014996,0.017500
2026-04-01T19:57:09.6226592Z,-0.046959,1.087596,0.173353,-0.021056,1.074003,0.190211,7.99,gru,0.025903,0.013593,0.016858
2026-04-01T19:57:09.6560234Z,-0.060312,1.093793,0.165208,-0.034267,1.081924,0.181891,4.71,gru,0.026045,0.011869,0.016683
2026-04-01T19:57:09.6829158Z,-0.074807,1.098857,0.156173,-0.047416,1.088332,0.172874,5.25,gru,0.027391,0.010525,0.016700
2026-04-01T19:57:09.7124919Z,-0.088404,1.104305,0.146369,-0.060293,1.093896,0.163664,4.69,gru,0.028111,0.010409,0.017295
2026-04-01T19:57:09.7532106Z,-0.105052,1.106562,0.138494,-0.075050,1.097724,0.155543,7.22,gru,0.030002,0.008838,0.017050
2026-04-01T19:57:09.7855771Z,-0.120012,1.109407,0.130165,-0.089405,1.101345,0.147244,6.54,gru,0.030607,0.008062,0.017079
2026-04-01T19:57:09.8160370Z,-0.139680,1.114355,0.125253,-0.105887,1.106451,0.140473,4.49,gru,0.033794,0.007904,0.015220
2026-04-01T19:57:09.8582635Z,-0.153810,1.114180,0.117750,-0.119188,1.107813,0.132943,6.16,gru,0.034622,0.006367,0.015193
2026-04-01T19:57:09.8903422Z,-0.170481,1.117212,0.110939,-0.133719,1.109883,0.125153,5.86,gru,0.036763,0.007328,0.014214
2026-04-01T19:57:09.9228820Z,-0.185379,1.117086,0.104773,-0.148929,1.111442,0.118641,6.06,gru,0.036450,0.005644,0.013867
2026-04-01T19:57:09.9627260Z,-0.199826,1.118173,0.098624,-0.162720,1.111723,0.112049,4.06,gru,0.037106,0.006449,0.013425
2026-04-01T19:57:09.9888826Z,-0.211708,1.119077,0.092739,-0.175353,1.112465,0.105692,4.54,gru,0.036355,0.006612,0.012953
2026-04-01T19:57:10.0190379Z,-0.222133,1.117621,0.087510,-0.186870,1.111590,0.099738,7.53,gru,0.035263,0.006031,0.012228
2026-04-01T19:57:10.0444067Z,-0.232975,1.115302,0.085224,-0.198845,1.110096,0.095643,4.15,gru,0.034129,0.005205,0.010420
2026-04-01T19:57:10.1120263Z,-0.238387,1.114790,0.081194,-0.207623,1.109086,0.091017,5.46,gru,0.030764,0.005704,0.009823
2026-04-01T19:57:10.2119415Z,-0.246023,1.107220,0.077102,-0.216145,1.104999,0.086000,4.14,gru,0.029878,0.002221,0.008899
2026-04-01T19:57:10.2538641Z,-0.244868,1.103979,0.081101,-0.221247,1.101382,0.086332,8.00,gru,0.023621,0.002596,0.005231
2026-04-01T19:57:10.2768875Z,-0.245293,1.101830,0.086210,-0.225271,1.099600,0.088242,3.65,gru,0.020022,0.002231,0.002032
2026-04-01T19:57:10.3228405Z,-0.238111,1.099505,0.087407,-0.225037,1.097742,0.087486,10.06,gru,0.013074,0.001762,0.000079
2026-04-01T19:57:10.3638643Z,-0.227160,1.097154,0.089953,-0.220966,1.094895,0.087929,6.05,gru,0.006194,0.002259,0.002025
2026-04-01T19:57:10.4044366Z,-0.215459,1.094067,0.093480,-0.216379,1.093074,0.090524,4.00,gru,0.000920,0.000993,0.002956
2026-04-01T19:57:10.4136615Z,-0.200330,1.090979,0.096300,-0.208322,1.090535,0.092612,3.01,gru,0.007992,0.000444,0.003688
2026-04-01T19:57:10.4590577Z,-0.173729,1.083333,0.093251,-0.191567,1.085103,0.091548,4.03,gru,0.017838,0.001770,0.001703
2026-04-01T19:57:10.4871776Z,-0.156464,1.078277,0.094610,-0.179165,1.082140,0.092519,4.01,gru,0.022700,0.003863,0.002090
2026-04-01T19:57:10.5180491Z,-0.136510,1.074691,0.094656,-0.165658,1.079849,0.093964,6.12,gru,0.029148,0.005159,0.000691
2026-04-01T19:57:10.5526936Z,-0.107906,1.068386,0.091953,-0.142897,1.073834,0.092539,6.58,gru,0.034991,0.005448,0.000586
2026-04-01T19:57:10.5841115Z,-0.095166,1.064540,0.098611,-0.128914,1.071325,0.097003,5.06,gru,0.033749,0.006785,0.001608
2026-04-01T19:57:10.6126181Z,-0.074880,1.060477,0.103198,-0.112306,1.067888,0.100642,3.51,gru,0.037426,0.007411,0.002556
2026-04-01T19:57:10.6458983Z,-0.054569,1.055297,0.107140,-0.090806,1.062243,0.102677,4.00,gru,0.036237,0.006945,0.004463
2026-04-01T19:57:10.6822673Z,-0.034847,1.050538,0.110023,-0.071775,1.058960,0.105229,5.69,gru,0.036929,0.008422,0.004793
2026-04-01T19:57:10.7184292Z,-0.014041,1.049502,0.113493,-0.052319,1.056870,0.108345,6.97,gru,0.038277,0.007367,0.005148
2026-04-01T19:57:10.7583463Z,-0.001277,1.042962,0.122910,-0.036914,1.052280,0.115575,7.51,gru,0.035637,0.009317,0.007335
2026-04-01T19:57:10.8001059Z,0.010410,1.038257,0.130236,-0.021897,1.046855,0.121603,8.85,gru,0.032308,0.008598,0.008633
2026-04-01T19:57:10.8264986Z,0.027639,1.033725,0.134849,-0.002457,1.042134,0.125229,6.37,gru,0.030096,0.008409,0.009620
2026-04-01T19:57:10.8600989Z,0.040996,1.026622,0.141021,0.013080,1.036748,0.130813,3.89,gru,0.027916,0.010127,0.010208
2026-04-01T19:57:10.8922464Z,0.050524,1.021902,0.146688,0.023939,1.031652,0.136889,4.54,gru,0.026585,0.009750,0.009798
2026-04-01T19:57:10.9233124Z,0.064121,1.017431,0.151057,0.038833,1.026233,0.141632,4.04,gru,0.025289,0.008802,0.009425
2026-04-01T19:57:10.9600370Z,0.074359,1.013409,0.155192,0.052281,1.021861,0.146043,7.02,gru,0.022078,0.008452,0.009149
2026-04-01T19:57:11.0161789Z,0.091817,1.004734,0.157100,0.067712,1.014998,0.149365,6.27,gru,0.024105,0.010264,0.007735
2026-04-01T19:57:11.0444085Z,0.108501,0.996446,0.159302,0.082782,1.007919,0.152638,4.01,gru,0.025719,0.011474,0.006664
2026-04-01T19:57:11.0795319Z,0.120322,0.983783,0.177542,0.093947,1.000853,0.166689,4.03,gru,0.026375,0.017070,0.010853
2026-04-01T19:57:11.1214889Z,0.124513,0.973898,0.188967,0.101241,0.991405,0.176026,4.00,gru,0.023272,0.017507,0.012942
2026-04-01T19:57:11.1615977Z,0.129460,0.965628,0.199454,0.110019,0.983052,0.182346,7.31,gru,0.019441,0.017423,0.017107
2026-04-01T19:57:11.1976674Z,0.139551,0.953667,0.207908,0.122520,0.973294,0.190481,6.08,gru,0.017031,0.019628,0.017427
2026-04-01T19:57:11.2444292Z,0.148920,0.942579,0.216956,0.132085,0.963720,0.199707,4.03,gru,0.016835,0.021141,0.017249
2026-04-01T19:57:11.2693475Z,0.155380,0.933371,0.226980,0.137613,0.955262,0.209469,4.01,gru,0.017768,0.021891,0.017511
2026-04-01T19:57:11.2763638Z,0.204668,0.913249,0.225934,0.170068,0.938380,0.213702,5.51,gru,0.034600,0.025131,0.012232
2026-04-01T19:57:11.3145617Z,0.220814,0.893687,0.238033,0.185536,0.925213,0.224050,6.70,gru,0.035278,0.031526,0.013983
2026-04-01T19:57:11.3460064Z,0.188717,0.879400,0.262433,0.167525,0.912123,0.249344,4.00,gru,0.021192,0.032722,0.013090
2026-04-01T19:57:11.3884919Z,0.191408,0.863889,0.276871,0.178061,0.892005,0.263891,5.72,gru,0.013347,0.028116,0.012979
2026-04-01T19:57:11.4191350Z,0.197157,0.845386,0.288618,0.199382,0.874470,0.272815,7.90,gru,0.002226,0.029083,0.015803
2026-04-01T19:57:11.4434601Z,0.202150,0.828197,0.300554,0.196525,0.863487,0.286325,4.58,gru,0.005625,0.035290,0.014229
2026-04-01T19:57:11.4859341Z,0.206806,0.808837,0.315036,0.191725,0.847493,0.299922,11.46,gru,0.015082,0.038655,0.015114
2026-04-01T19:57:11.5155468Z,0.211208,0.792865,0.325742,0.199794,0.830051,0.309959,4.82,gru,0.011414,0.037186,0.015782
2026-04-01T19:57:11.5535270Z,0.224286,0.771193,0.339511,0.215780,0.811816,0.319773,6.51,gru,0.008506,0.040623,0.019738
2026-04-01T19:57:11.5794795Z,0.221967,0.756763,0.349743,0.211626,0.797463,0.330729,4.27,gru,0.010341,0.040700,0.019014
2026-04-01T19:57:11.6233194Z,0.228723,0.736408,0.363506,0.211498,0.779584,0.341922,7.46,gru,0.017226,0.043176,0.021584
2026-04-01T19:57:11.6675424Z,0.217469,0.727317,0.373697,0.212004,0.764400,0.350898,12.97,gru,0.005465,0.037083,0.022799
2026-04-01T19:57:11.6985389Z,0.221633,0.706852,0.386110,0.218693,0.747585,0.360529,6.46,gru,0.002940,0.040733,0.025581
2026-04-01T19:57:11.7184763Z,0.219788,0.693241,0.398238,0.218438,0.732874,0.371554,4.42,gru,0.001350,0.039633,0.026684
2026-04-01T19:57:11.7535471Z,0.224847,0.671395,0.409697,0.217803,0.715503,0.380885,4.01,gru,0.007044,0.044108,0.028813
2026-04-01T19:57:11.7926896Z,0.223108,0.656062,0.420855,0.219237,0.698272,0.390160,6.02,gru,0.003871,0.042210,0.030695
2026-04-01T19:57:11.8271243Z,0.221367,0.638323,0.431844,0.218913,0.681387,0.400370,5.51,gru,0.002454,0.043064,0.031474
2026-04-01T19:57:11.8745344Z,0.210871,0.629832,0.439607,0.210744,0.669367,0.408634,10.46,gru,0.000127,0.039535,0.030973
2026-04-01T19:57:11.8867921Z,0.208535,0.611106,0.449269,0.208715,0.653086,0.417947,7.24,gru,0.000180,0.041979,0.031322
2026-04-01T19:57:11.9248621Z,0.202769,0.597874,0.455737,0.206587,0.638123,0.425181,6.43,gru,0.003818,0.040249,0.030555
2026-04-01T19:57:11.9636084Z,0.201416,0.577149,0.462847,0.204489,0.621171,0.432260,5.57,gru,0.003074,0.044022,0.030587
2026-04-01T19:57:11.9894994Z,0.196461,0.560239,0.466812,0.199710,0.605276,0.437759,5.81,gru,0.003250,0.045037,0.029053
2026-04-01T19:57:12.0391299Z,0.193955,0.541825,0.469901,0.196219,0.588680,0.442476,5.28,gru,0.002264,0.046855,0.027425
2026-04-01T19:57:12.1018492Z,0.213263,0.485327,0.474640,0.207049,0.558332,0.447327,7.58,gru,0.006213,0.073005,0.027313
2026-04-01T19:57:12.1318319Z,0.214515,0.462459,0.474421,0.203139,0.542625,0.447648,5.23,gru,0.011377,0.080167,0.026773
2026-04-01T19:57:12.1526293Z,0.210900,0.445602,0.471116,0.194240,0.535931,0.445062,7.02,gru,0.016660,0.090329,0.026054
2026-04-01T19:57:12.1885711Z,0.205918,0.429447,0.467511,0.197205,0.512510,0.445468,4.54,gru,0.008713,0.083063,0.022043
2026-04-01T19:57:12.2323199Z,0.201451,0.412796,0.462807,0.198202,0.484460,0.445739,5.53,gru,0.003249,0.071663,0.017068
2026-04-01T19:57:12.2491241Z,0.196767,0.400025,0.457114,0.192031,0.468776,0.442821,5.06,gru,0.004736,0.068752,0.014293
2026-04-01T19:57:12.2804416Z,0.192172,0.384813,0.451322,0.187495,0.453597,0.439630,4.82,gru,0.004676,0.068784,0.011692
2026-04-01T19:57:12.3135924Z,0.188196,0.369918,0.445525,0.187459,0.434010,0.437224,5.03,gru,0.000737,0.064092,0.008300
2026-04-01T19:57:12.3483228Z,0.182829,0.358177,0.438572,0.185315,0.413437,0.434196,5.34,gru,0.002486,0.055260,0.004376
2026-04-01T19:57:12.3932132Z,0.178785,0.345937,0.431291,0.180249,0.400284,0.429081,6.64,gru,0.001464,0.054347,0.002210
2026-04-01T19:57:12.4248340Z,0.174051,0.332575,0.424113,0.176328,0.386528,0.423967,5.51,gru,0.002277,0.053953,0.000146
2026-04-01T19:57:12.4546013Z,0.171004,0.318923,0.416250,0.175826,0.368179,0.419468,3.71,gru,0.004822,0.049256,0.003218
2026-04-01T19:57:12.4865145Z,0.162489,0.311635,0.407986,0.170670,0.354284,0.414116,4.01,gru,0.008182,0.042649,0.006130
2026-04-01T19:57:12.5208127Z,0.156440,0.303677,0.399148,0.165837,0.343776,0.407939,5.41,gru,0.009398,0.040099,0.008790
2026-04-01T19:57:12.5621764Z,0.151951,0.294101,0.388777,0.163884,0.331186,0.400361,5.51,gru,0.011934,0.037085,0.011583
2026-04-01T19:57:12.5893678Z,0.145808,0.286716,0.378823,0.158590,0.321839,0.393074,3.29,gru,0.012782,0.035123,0.014251
2026-04-01T19:57:12.6233916Z,0.151833,0.260119,0.365250,0.161484,0.302486,0.383637,4.51,gru,0.009651,0.042367,0.018388
2026-04-01T19:57:12.6534361Z,0.145706,0.255468,0.353685,0.155938,0.297216,0.374011,5.79,gru,0.010232,0.041747,0.020326
2026-04-01T19:57:12.6834209Z,0.140501,0.248333,0.342411,0.149078,0.293403,0.364976,5.14,gru,0.008576,0.045070,0.022565
2026-04-01T19:57:12.7173205Z,0.136375,0.236316,0.329897,0.148653,0.276127,0.355269,7.36,gru,0.012278,0.039810,0.025372
2026-04-01T19:57:12.7463292Z,0.131116,0.229957,0.317984,0.144298,0.261726,0.344552,3.67,gru,0.013182,0.031769,0.026568
2026-04-01T19:57:12.7820469Z,0.124519,0.223169,0.307025,0.137502,0.253446,0.335057,3.76,gru,0.012983,0.030276,0.028033
2026-04-01T19:57:12.8173735Z,0.118726,0.215487,0.296070,0.132428,0.242808,0.325266,5.51,gru,0.013702,0.027321,0.029196
2026-04-01T19:57:12.8461175Z,0.112837,0.206726,0.284357,0.128082,0.229639,0.314223,5.06,gru,0.015245,0.022913,0.029866
2026-04-01T19:57:12.8903645Z,0.107267,0.198203,0.272365,0.122307,0.218449,0.302840,6.71,gru,0.015039,0.020246,0.030475
2026-04-01T19:57:12.9206682Z,0.100747,0.189773,0.260478,0.115300,0.210378,0.291800,8.21,gru,0.014552,0.020605,0.031322
2026-04-01T19:57:12.9547137Z,0.092764,0.181354,0.249835,0.108020,0.201534,0.281169,5.32,gru,0.015256,0.020179,0.031334
2026-04-01T19:57:12.9914925Z,0.084849,0.172540,0.238762,0.101240,0.190936,0.269992,4.01,gru,0.016391,0.018396,0.031230
2026-04-01T19:57:13.0196178Z,0.077486,0.162803,0.227441,0.094159,0.180245,0.258468,5.02,gru,0.016673,0.017442,0.031027
2026-04-01T19:57:13.0486537Z,0.069707,0.157375,0.218752,0.086077,0.173572,0.248851,5.51,gru,0.016370,0.016198,0.030099
2026-04-01T19:57:13.0783452Z,0.061746,0.151917,0.209088,0.078096,0.166558,0.238726,2.50,gru,0.016350,0.014641,0.029638
2026-04-01T19:57:13.1128631Z,0.053355,0.144910,0.198409,0.070451,0.158697,0.227603,3.54,gru,0.017096,0.013787,0.029194
2026-04-01T19:57:13.1467718Z,0.045518,0.137758,0.188624,0.062496,0.151206,0.217109,6.14,gru,0.016978,0.013447,0.028485
2026-04-01T19:57:13.1843489Z,0.038425,0.132621,0.181211,0.054458,0.146501,0.208492,6.02,gru,0.016033,0.013880,0.027281
2026-04-01T19:57:13.2250635Z,0.031921,0.128019,0.175405,0.046868,0.142625,0.200694,7.44,gru,0.014947,0.014606,0.025289
2026-04-01T19:57:13.2562442Z,0.025321,0.121788,0.169822,0.039920,0.135845,0.192783,9.06,gru,0.014599,0.014057,0.022961
2026-04-01T19:57:13.2981799Z,0.020011,0.115521,0.165014,0.033455,0.129455,0.185536,7.55,gru,0.013444,0.013934,0.020522
2026-04-01T19:57:13.3321984Z,0.016229,0.111718,0.160354,0.027734,0.125247,0.179070,5.55,gru,0.011505,0.013529,0.018717
2026-04-01T19:57:13.3564185Z,0.014891,0.107382,0.158380,0.023766,0.120952,0.174335,11.66,gru,0.008875,0.013570,0.015955
2026-04-01T19:57:13.3987827Z,0.015669,0.104196,0.156596,0.021595,0.116646,0.170079,5.50,gru,0.005926,0.012450,0.013483
2026-04-01T19:57:13.4151085Z,0.018790,0.102625,0.154909,0.021111,0.113419,0.165914,4.59,gru,0.002321,0.010793,0.011005
2026-04-01T19:57:13.4489780Z,0.025827,0.102880,0.152598,0.023353,0.111472,0.162035,7.02,gru,0.002474,0.008591,0.009437
2026-04-01T19:57:13.5018281Z,0.035706,0.106110,0.150863,0.028303,0.111391,0.158875,13.47,gru,0.007402,0.005280,0.008011
2026-04-01T19:57:13.5383476Z,0.047771,0.110748,0.149154,0.035662,0.112451,0.156052,8.33,gru,0.012108,0.001702,0.006898
2026-04-01T19:57:13.5952430Z,0.062355,0.117846,0.147749,0.045592,0.114927,0.153392,7.90,gru,0.016763,0.002919,0.005643
2026-04-01T19:57:13.6225128Z,0.093093,0.134909,0.146144,0.064448,0.122789,0.150938,7.02,gru,0.028645,0.012120,0.004794
2026-04-01T19:57:13.6516997Z,0.108540,0.147489,0.147137,0.079714,0.132250,0.150209,6.03,gru,0.028827,0.015239,0.003073
2026-04-01T19:57:13.6912388Z,0.124566,0.158502,0.145958,0.093413,0.139664,0.148515,7.03,gru,0.031153,0.018838,0.002557
2026-04-01T19:57:13.7217098Z,0.141175,0.173421,0.144963,0.109859,0.148963,0.146399,6.60,gru,0.031316,0.024458,0.001436
2026-04-01T19:57:13.7560143Z,0.156173,0.190474,0.145883,0.126018,0.163028,0.146183,7.21,gru,0.030155,0.027446,0.000300
2026-04-01T19:57:13.7999796Z,0.170929,0.208532,0.146317,0.141576,0.177634,0.145876,6.67,gru,0.029353,0.030898,0.000441
2026-04-01T19:57:13.8295269Z,0.184872,0.226868,0.146621,0.156359,0.192168,0.145108,4.33,gru,0.028513,0.034700,0.001513
2026-04-01T19:57:13.8761921Z,0.197681,0.247849,0.146909,0.170136,0.209681,0.144598,7.43,gru,0.027545,0.038168,0.002311
2026-04-01T19:57:13.9098915Z,0.210646,0.267633,0.145242,0.184041,0.228295,0.143360,6.88,gru,0.026604,0.039339,0.001883
2026-04-01T19:57:13.9208714Z,0.220371,0.288084,0.144646,0.195892,0.247740,0.142809,5.96,gru,0.024479,0.040344,0.001836
2026-04-01T19:57:13.9484093Z,0.229609,0.308851,0.142460,0.206630,0.267923,0.141591,5.03,gru,0.022979,0.040928,0.000870
2026-04-01T19:57:13.9836020Z,0.237066,0.330322,0.141534,0.216398,0.289078,0.140636,7.24,gru,0.020668,0.041244,0.000899
2026-04-01T19:57:14.0251073Z,0.241741,0.351912,0.140004,0.223867,0.310960,0.139754,9.28,gru,0.017874,0.040952,0.000251
2026-04-01T19:57:14.0511823Z,0.233706,0.386711,0.151886,0.223013,0.341605,0.147694,6.27,gru,0.010693,0.045106,0.004192
2026-04-01T19:57:14.0963301Z,0.237149,0.404504,0.146378,0.228767,0.362140,0.146366,3.51,gru,0.008382,0.042364,0.000012
2026-04-01T19:57:14.1580260Z,0.236422,0.427775,0.143967,0.232228,0.381907,0.142852,6.74,gru,0.004194,0.045868,0.001115
2026-04-01T19:57:14.1884144Z,0.209771,0.490021,0.156934,0.218337,0.440580,0.156062,7.74,gru,0.008566,0.049441,0.000872
2026-04-01T19:57:14.2146911Z,0.209234,0.506527,0.149964,0.219662,0.464561,0.155133,4.03,gru,0.010429,0.041966,0.005168
2026-04-01T19:57:14.2463888Z,0.232756,0.500018,0.119781,0.234373,0.469715,0.145452,5.21,gru,0.001617,0.030303,0.025671
2026-04-01T19:57:14.2820056Z,0.231577,0.514687,0.113582,0.235242,0.491647,0.142998,3.63,gru,0.003664,0.023040,0.029416
2026-04-01T19:57:14.3121037Z,0.227708,0.528090,0.108529,0.228479,0.519244,0.143044,4.89,gru,0.000770,0.008847,0.034516
2026-04-01T19:57:14.3445194Z,0.222875,0.541565,0.104667,0.230729,0.533920,0.137189,4.45,gru,0.007854,0.007645,0.032522
2026-04-01T19:57:14.3787955Z,0.218311,0.555083,0.102247,0.228201,0.542049,0.127897,2.75,gru,0.009890,0.013034,0.025649
2026-04-01T19:57:14.4123096Z,0.213852,0.567938,0.100555,0.222338,0.554849,0.122411,4.55,gru,0.008486,0.013089,0.021856
2026-04-01T19:57:14.4497734Z,0.210766,0.580933,0.100037,0.217472,0.570688,0.119788,5.53,gru,0.006706,0.010245,0.019751
2026-04-01T19:57:14.4766792Z,0.184044,0.611635,0.126831,0.199519,0.592902,0.133766,4.06,gru,0.015475,0.018733,0.006935
2026-04-01T19:57:14.5136274Z,0.185746,0.621077,0.124668,0.199525,0.604547,0.133887,4.82,gru,0.013779,0.016530,0.009219
2026-04-01T19:57:14.5546012Z,0.194308,0.626898,0.121643,0.204457,0.607930,0.129014,9.02,gru,0.010149,0.018968,0.007372
2026-04-01T19:57:14.5815978Z,0.205230,0.629794,0.116846,0.205965,0.617931,0.129570,5.55,gru,0.000735,0.011863,0.012723
2026-04-01T19:57:14.6117606Z,0.181725,0.660823,0.144631,0.190691,0.642471,0.149726,5.56,gru,0.008965,0.018352,0.005095
2026-04-01T19:57:14.6544380Z,0.187088,0.669780,0.149281,0.194695,0.653457,0.156239,5.43,gru,0.007607,0.016323,0.006958
2026-04-01T19:57:14.6859469Z,0.193448,0.679625,0.155188,0.204379,0.657004,0.157590,6.60,gru,0.010931,0.022621,0.002402
2026-04-01T19:57:14.7284231Z,0.197160,0.690388,0.164373,0.202048,0.673411,0.167641,3.52,gru,0.004888,0.016976,0.003267
2026-04-01T19:57:14.7561507Z,0.198361,0.705448,0.176705,0.198465,0.688100,0.177882,4.51,gru,0.000104,0.017348,0.001177
2026-04-01T19:57:14.7804580Z,0.201215,0.717063,0.188241,0.202333,0.697562,0.185730,5.55,gru,0.001118,0.019501,0.002511
2026-04-01T19:57:14.8165919Z,0.201559,0.728437,0.200965,0.202772,0.708217,0.192624,6.02,gru,0.001213,0.020220,0.008341
2026-04-01T19:57:14.8484637Z,0.207226,0.740201,0.211501,0.204169,0.720768,0.201540,5.03,gru,0.003056,0.019433,0.009962
2026-04-01T19:57:14.8822590Z,0.213641,0.748503,0.221352,0.208055,0.731278,0.210169,5.24,gru,0.005586,0.017224,0.011183
2026-04-01T19:57:14.9200502Z,0.202747,0.764995,0.238630,0.199982,0.745493,0.223210,8.20,gru,0.002765,0.019503,0.015420
2026-04-01T19:57:14.9446296Z,0.235954,0.766610,0.237289,0.222426,0.747841,0.228262,4.00,gru,0.013528,0.018769,0.009027
2026-04-01T19:57:14.9853523Z,0.221812,0.781963,0.255413,0.216846,0.759591,0.241767,6.36,gru,0.004967,0.022372,0.013646
2026-04-01T19:57:15.0185352Z,0.222845,0.793086,0.264912,0.209373,0.774399,0.253669,6.03,gru,0.013472,0.018687,0.011244
2026-04-01T19:57:15.0519867Z,0.219661,0.803526,0.276797,0.218364,0.782326,0.263775,5.99,gru,0.001297,0.021199,0.013022
2026-04-01T19:57:15.0845022Z,0.232620,0.814381,0.281598,0.228812,0.794677,0.270448,4.71,gru,0.003808,0.019703,0.011150
2026-04-01T19:57:15.1218361Z,0.216094,0.827442,0.292328,0.214803,0.807316,0.280483,8.07,gru,0.001291,0.020126,0.011845
2026-04-01T19:57:15.1703438Z,0.264152,0.831831,0.285172,0.242174,0.812430,0.282322,9.13,gru,0.021978,0.019402,0.002849
2026-04-01T19:57:15.2166742Z,0.191532,0.858874,0.303129,0.206027,0.832274,0.296793,6.86,gru,0.014495,0.026599,0.006335
2026-04-01T19:57:15.2696218Z,0.191735,0.864414,0.299122,0.196250,0.844284,0.299465,6.58,gru,0.004515,0.020130,0.000343
2026-04-01T19:57:15.2971084Z,0.188168,0.871450,0.293377,0.211402,0.842414,0.298952,4.50,gru,0.023233,0.029036,0.005574
2026-04-01T19:57:15.3283317Z,0.182375,0.879965,0.284869,0.198695,0.859230,0.296145,7.48,gru,0.016320,0.020735,0.011276
2026-04-01T19:57:15.3563493Z,0.176685,0.884889,0.275500,0.184419,0.867083,0.290091,6.26,gru,0.007734,0.017806,0.014590
2026-04-01T19:57:15.3890775Z,0.171041,0.891404,0.264650,0.181484,0.871889,0.282666,5.04,gru,0.010443,0.019514,0.018016
2026-04-01T19:57:15.4206690Z,0.163426,0.900827,0.252237,0.178754,0.881480,0.271758,7.43,gru,0.015328,0.019347,0.019520
2026-04-01T19:57:15.4621952Z,0.157849,0.909442,0.239788,0.170758,0.891732,0.260613,7.08,gru,0.012909,0.017710,0.020825
2026-04-01T19:57:15.4946679Z,0.148059,0.917458,0.227998,0.158259,0.899470,0.249962,4.45,gru,0.010199,0.017988,0.021964
2026-04-01T19:57:15.5267992Z,0.145291,0.928586,0.211350,0.156405,0.906485,0.236772,4.51,gru,0.011114,0.022101,0.025422
2026-04-01T19:57:15.5536085Z,0.136704,0.940211,0.197400,0.152166,0.917092,0.223302,6.27,gru,0.015462,0.023120,0.025902
2026-04-01T19:57:15.5818481Z,0.127291,0.952290,0.182050,0.140397,0.928800,0.209721,5.03,gru,0.013105,0.023490,0.027671
2026-04-01T19:57:15.6204433Z,0.110197,0.966124,0.168926,0.126819,0.939157,0.196354,7.03,gru,0.016622,0.026967,0.027428
2026-04-01T19:57:15.6512638Z,0.098352,0.977513,0.154466,0.118726,0.948585,0.182961,6.15,gru,0.020374,0.028928,0.028495
2026-04-01T19:57:15.7019826Z,0.081149,0.986629,0.144166,0.106742,0.958904,0.170981,7.16,gru,0.025593,0.027725,0.026815
2026-04-01T19:57:15.7447218Z,0.047234,1.006868,0.127007,0.080265,0.977885,0.154735,4.08,gru,0.033031,0.028983,0.027727
2026-04-01T19:57:15.7997527Z,0.028273,1.016792,0.120795,0.063397,0.986744,0.144822,6.01,gru,0.035124,0.030047,0.024027
2026-04-01T19:57:15.8248496Z,0.009649,1.025888,0.115083,0.050126,0.995470,0.137190,4.39,gru,0.040476,0.030418,0.022107
2026-04-01T19:57:15.8496907Z,-0.008625,1.034804,0.110386,0.030884,1.008021,0.127933,5.02,gru,0.039509,0.026783,0.017548
2026-04-01T19:57:15.8882433Z,-0.026355,1.044031,0.105396,0.011148,1.020014,0.120236,7.41,gru,0.037503,0.024018,0.014840
2026-04-01T19:57:15.9202448Z,-0.044419,1.048485,0.104712,-0.005766,1.027714,0.116073,7.96,gru,0.038652,0.020771,0.011360
2026-04-01T19:57:15.9534201Z,-0.063798,1.056155,0.103316,-0.023534,1.036853,0.112750,5.01,gru,0.040264,0.019302,0.009434
2026-04-01T19:57:15.9863568Z,-0.079034,1.064128,0.096786,-0.040254,1.047353,0.106005,4.60,gru,0.038780,0.016774,0.009219
2026-04-01T19:57:16.0193754Z,-0.093943,1.070612,0.092490,-0.056237,1.054871,0.100804,6.65,gru,0.037706,0.015740,0.008314
2026-04-01T19:57:16.0445943Z,-0.109627,1.074919,0.090068,-0.072379,1.060352,0.098273,3.51,gru,0.037248,0.014567,0.008205
2026-04-01T19:57:16.0846671Z,-0.122623,1.080551,0.084416,-0.086841,1.066599,0.093289,7.04,gru,0.035781,0.013952,0.008873
2026-04-01T19:57:16.1241388Z,-0.137356,1.083912,0.082155,-0.101907,1.071878,0.089601,5.59,gru,0.035449,0.012034,0.007446
2026-04-01T19:57:16.1529843Z,-0.149030,1.087018,0.077595,-0.115541,1.075343,0.085692,6.02,gru,0.033488,0.011675,0.008097
2026-04-01T19:57:16.1794826Z,-0.159584,1.091200,0.072656,-0.127640,1.079240,0.080932,4.52,gru,0.031944,0.011960,0.008276
2026-04-01T19:57:16.2306247Z,-0.171610,1.094196,0.067067,-0.140750,1.083300,0.076256,4.70,gru,0.030860,0.010895,0.009190
2026-04-01T19:57:16.2710165Z,-0.192954,1.095073,0.059063,-0.151786,1.084541,0.072489,6.45,gru,0.041168,0.010531,0.013426
2026-04-01T19:57:16.3134270Z,-0.222883,1.078539,0.084287,-0.176033,1.080175,0.086125,7.20,gru,0.046850,0.001637,0.001838
2026-04-01T19:57:16.3461819Z,-0.217209,1.090044,0.057091,-0.184311,1.087524,0.077690,4.42,gru,0.032898,0.002520,0.020599
2026-04-01T19:57:16.3771934Z,-0.225168,1.091511,0.054155,-0.191670,1.091579,0.067565,4.88,gru,0.033498,0.000068,0.013410
2026-04-01T19:57:16.4137537Z,-0.228576,1.092914,0.047251,-0.202522,1.092499,0.069439,4.52,gru,0.026054,0.000415,0.022188
2026-04-01T19:57:16.4558219Z,-0.232191,1.091326,0.045036,-0.207426,1.088013,0.064360,8.88,gru,0.024765,0.003313,0.019324
2026-04-01T19:57:16.4844337Z,-0.207588,0.998915,0.110007,-0.203713,1.079632,0.085087,5.06,gru,0.003875,0.080717,0.024920
2026-04-01T19:57:16.5201209Z,-0.232674,1.087764,0.045331,-0.237675,1.159454,0.055408,7.45,gru,0.005001,0.071689,0.010077
2026-04-01T19:57:16.5617444Z,-0.226972,1.085518,0.045771,-0.238171,1.160355,0.042448,4.51,gru,0.011198,0.074836,0.003323
2026-04-01T19:57:16.5911843Z,-0.218166,1.082760,0.045455,-0.242270,1.169451,0.037747,5.92,gru,0.024104,0.086691,0.007709
2026-04-01T19:57:16.6265890Z,-0.200427,1.085931,0.038301,-0.232824,1.161742,0.031259,7.17,gru,0.032396,0.075812,0.007042
2026-04-01T19:57:16.6532502Z,-0.185825,1.084470,0.040642,-0.222946,1.152190,0.031807,4.18,gru,0.037121,0.067720,0.008835
2026-04-01T19:57:16.6904512Z,-0.175651,1.078268,0.048940,-0.212024,1.138125,0.035699,5.10,gru,0.036373,0.059858,0.013241
2026-04-01T19:57:16.7381092Z,-0.154616,1.078756,0.050419,-0.193588,1.123116,0.037071,9.15,gru,0.038972,0.044360,0.013348
2026-04-01T19:57:16.7746754Z,-0.136840,1.073180,0.058673,-0.174642,1.109742,0.043068,10.17,gru,0.037802,0.036562,0.015605
2026-04-01T19:57:16.8286633Z,-0.099139,1.062624,0.073258,-0.148493,1.096266,0.053831,5.04,gru,0.049355,0.033642,0.019427
2026-04-01T19:57:16.8723548Z,-0.087047,1.055363,0.085251,-0.133185,1.084977,0.063768,9.74,gru,0.046137,0.029614,0.021483
2026-04-01T19:57:16.8881517Z,-0.075101,1.044762,0.098521,-0.120162,1.074870,0.074279,6.53,gru,0.045061,0.030108,0.024242
2026-04-01T19:57:16.9226349Z,-0.047196,1.043916,0.095831,-0.093484,1.064631,0.078548,6.31,gru,0.046288,0.020715,0.017284
2026-04-01T19:57:16.9728495Z,-0.017175,1.040785,0.091872,-0.064255,1.059741,0.079618,12.01,gru,0.047080,0.018956,0.012254
2026-04-01T19:57:17.0091098Z,-0.002195,1.031523,0.097595,-0.048933,1.050408,0.090610,13.33,gru,0.046738,0.018884,0.006985
2026-04-01T19:57:17.0290035Z,0.012811,1.022660,0.102152,-0.033001,1.040334,0.096543,8.54,gru,0.045813,0.017675,0.005608
2026-04-01T19:57:17.0581044Z,0.025088,1.015887,0.105321,-0.013438,1.032537,0.099437,6.02,gru,0.038526,0.016649,0.005884
2026-04-01T19:57:17.0889526Z,0.036331,1.005999,0.110871,0.003349,1.026181,0.103839,3.03,gru,0.032982,0.020181,0.007032
2026-04-01T19:57:17.1142734Z,0.050710,0.997423,0.113785,0.019308,1.016834,0.107337,4.52,gru,0.031402,0.019412,0.006448
2026-04-01T19:57:17.1459761Z,0.062553,0.989325,0.117133,0.033963,1.006295,0.111926,4.95,gru,0.028590,0.016970,0.005207
2026-04-01T19:57:17.1848156Z,0.067784,0.978837,0.122744,0.044099,0.997160,0.116986,6.02,gru,0.023684,0.018323,0.005758
2026-04-01T19:57:17.2120288Z,0.089556,0.975016,0.119784,0.063737,0.989798,0.117249,3.51,gru,0.025819,0.014782,0.002535
2026-04-01T19:57:17.2498844Z,0.096057,0.968244,0.121002,0.074742,0.983561,0.118592,5.54,gru,0.021315,0.015317,0.002410
2026-04-01T19:57:17.2971973Z,0.101550,0.961020,0.122713,0.080356,0.976587,0.121888,6.02,gru,0.021193,0.015567,0.000825
2026-04-01T19:57:17.3306384Z,0.106705,0.954600,0.123623,0.089482,0.968252,0.122781,4.05,gru,0.017223,0.013653,0.000842
2026-04-01T19:57:17.3760866Z,0.110474,0.941179,0.127831,0.097675,0.961834,0.123394,4.03,gru,0.012800,0.020655,0.004437
2026-04-01T19:57:17.4146279Z,0.115267,0.932364,0.128799,0.102874,0.953142,0.124614,4.08,gru,0.012393,0.020778,0.004184
2026-04-01T19:57:17.4534582Z,0.115427,0.926414,0.130336,0.106645,0.945718,0.125747,6.52,gru,0.008782,0.019304,0.004589
2026-04-01T19:57:17.4820567Z,0.119874,0.920083,0.130325,0.111053,0.938900,0.126606,4.56,gru,0.008821,0.018817,0.003719
2026-04-01T19:57:17.5196570Z,0.124655,0.910230,0.130855,0.116006,0.929748,0.127725,8.72,gru,0.008649,0.019518,0.003131
2026-04-01T19:57:17.5576199Z,0.127784,0.904041,0.132971,0.118783,0.923311,0.129727,5.50,gru,0.009001,0.019271,0.003243
2026-04-01T19:57:17.5891203Z,0.132094,0.895003,0.137019,0.123032,0.915696,0.132437,6.76,gru,0.009062,0.020693,0.004582
2026-04-01T19:57:17.6200824Z,0.136792,0.886129,0.141204,0.128238,0.907135,0.135234,4.56,gru,0.008554,0.021006,0.005970
2026-04-01T19:57:17.6545043Z,0.142036,0.877772,0.146548,0.133067,0.899185,0.138777,4.90,gru,0.008969,0.021413,0.007771
2026-04-01T19:57:17.6893011Z,0.145446,0.867054,0.155421,0.136727,0.890428,0.145062,6.93,gru,0.008719,0.023374,0.010360
2026-04-01T19:57:17.7194151Z,0.150962,0.858006,0.164943,0.141659,0.881622,0.152108,5.02,gru,0.009304,0.023616,0.012835
2026-04-01T19:57:17.7493282Z,0.155446,0.848994,0.176723,0.146561,0.872953,0.160450,4.54,gru,0.008885,0.023959,0.016273
2026-04-01T19:57:17.7822338Z,0.166540,0.840391,0.186618,0.155026,0.863812,0.168634,4.87,gru,0.011514,0.023421,0.017984
2026-04-01T19:57:17.8207846Z,0.175915,0.827281,0.199532,0.162581,0.853319,0.178955,5.59,gru,0.013333,0.026038,0.020577
2026-04-01T19:57:17.8515818Z,0.188760,0.814887,0.213251,0.171476,0.842629,0.190801,5.57,gru,0.017284,0.027742,0.022450
2026-04-01T19:57:17.8912498Z,0.194772,0.804497,0.228165,0.177657,0.833001,0.202997,8.14,gru,0.017115,0.028504,0.025168
2026-04-01T19:57:17.9296675Z,0.255484,0.782245,0.237799,0.212943,0.816104,0.212537,6.10,gru,0.042542,0.033859,0.025261
2026-04-01T19:57:17.9665238Z,0.221962,0.774419,0.261538,0.200343,0.805134,0.234964,7.67,gru,0.021619,0.030715,0.026574
2026-04-01T19:57:17.9984438Z,0.239661,0.759203,0.277267,0.203741,0.793130,0.249825,6.52,gru,0.035920,0.033926,0.027442
2026-04-01T19:57:18.0147730Z,0.240823,0.747361,0.295576,0.224257,0.775656,0.264999,4.54,gru,0.016566,0.028295,0.030577
2026-04-01T19:57:18.0524224Z,0.227713,0.738234,0.316278,0.216641,0.769032,0.284868,6.21,gru,0.011072,0.030798,0.031410
2026-04-01T19:57:18.0860410Z,0.222807,0.728247,0.331157,0.211860,0.757006,0.299699,5.04,gru,0.010947,0.028759,0.031457
2026-04-01T19:57:18.1145048Z,0.222413,0.718328,0.347455,0.217968,0.744807,0.314632,3.52,gru,0.004445,0.026479,0.032824
2026-04-01T19:57:18.1484351Z,0.226094,0.704767,0.361464,0.224260,0.734570,0.328782,4.51,gru,0.001833,0.029803,0.032683
2026-04-01T19:57:18.1856201Z,0.223886,0.695251,0.373316,0.220127,0.725632,0.341370,7.75,gru,0.003758,0.030381,0.031946
2026-04-01T19:57:18.2201808Z,0.224428,0.682923,0.384337,0.217090,0.715198,0.353132,5.67,gru,0.007338,0.032275,0.031205
2026-04-01T19:57:18.2536150Z,0.253563,0.662850,0.395228,0.239062,0.698097,0.363900,3.19,gru,0.014501,0.035247,0.031328
2026-04-01T19:57:18.2798592Z,0.231914,0.654359,0.402503,0.225686,0.689722,0.372719,5.15,gru,0.006228,0.035363,0.029784
2026-04-01T19:57:18.3289334Z,0.224476,0.647134,0.403535,0.213019,0.681500,0.376106,4.22,gru,0.011457,0.034367,0.027430
2026-04-01T19:57:18.3841185Z,0.221149,0.636749,0.405554,0.222251,0.664079,0.381141,5.17,gru,0.001101,0.027329,0.024413
2026-04-01T19:57:18.4135510Z,0.215001,0.613508,0.405740,0.221792,0.654728,0.385908,7.53,gru,0.006791,0.041220,0.019832
2026-04-01T19:57:18.4468746Z,0.214103,0.603663,0.402895,0.216317,0.641075,0.385542,7.13,gru,0.002214,0.037413,0.017352
2026-04-01T19:57:18.4824082Z,0.213194,0.591817,0.397935,0.217128,0.628032,0.384573,5.03,gru,0.003934,0.036215,0.013362
2026-04-01T19:57:18.5171395Z,0.211801,0.582673,0.391541,0.215181,0.617533,0.383000,4.36,gru,0.003380,0.034860,0.008541
2026-04-01T19:57:18.5512622Z,0.212137,0.572722,0.383781,0.211588,0.607158,0.378837,5.53,gru,0.000550,0.034435,0.004944
2026-04-01T19:57:18.5819378Z,0.212432,0.562995,0.376656,0.211155,0.597136,0.374246,4.51,gru,0.001277,0.034140,0.002410
2026-04-01T19:57:18.6255604Z,0.211770,0.553042,0.367515,0.213030,0.585647,0.368975,7.38,gru,0.001259,0.032605,0.001460
2026-04-01T19:57:18.6482590Z,0.211041,0.544256,0.357667,0.212239,0.574897,0.362742,7.07,gru,0.001198,0.030641,0.005075
2026-04-01T19:57:18.6784368Z,0.209249,0.539218,0.346401,0.209742,0.567256,0.354914,3.82,gru,0.000493,0.028038,0.008513
2026-04-01T19:57:18.7120791Z,0.207922,0.532623,0.334299,0.209245,0.558528,0.346043,4.51,gru,0.001323,0.025905,0.011744
2026-04-01T19:57:18.7506901Z,0.203039,0.528208,0.322115,0.206283,0.551613,0.336990,6.02,gru,0.003244,0.023405,0.014874
2026-04-01T19:57:18.7788992Z,0.202809,0.522551,0.308797,0.206114,0.543646,0.326905,2.86,gru,0.003305,0.021095,0.018108
2026-04-01T19:57:18.8361614Z,0.198139,0.518045,0.295304,0.202871,0.537761,0.315953,9.16,gru,0.004732,0.019716,0.020648
2026-04-01T19:57:18.8738927Z,0.192860,0.515508,0.280776,0.197769,0.533438,0.303930,4.10,gru,0.004909,0.017930,0.023154
2026-04-01T19:57:18.9059624Z,0.188613,0.513233,0.265421,0.195831,0.528509,0.291519,4.01,gru,0.007218,0.015277,0.026098
2026-04-01T19:57:18.9381918Z,0.184879,0.509205,0.250697,0.193780,0.523765,0.278883,5.02,gru,0.008901,0.014560,0.028187
2026-04-01T19:57:18.9523922Z,0.180159,0.505612,0.236860,0.189917,0.520622,0.266373,5.02,gru,0.009758,0.015010,0.029513
2026-04-01T19:57:18.9836222Z,0.175046,0.502378,0.223213,0.185413,0.518337,0.253495,5.53,gru,0.010368,0.015959,0.030282
2026-04-01T19:57:19.0141303Z,0.169206,0.499247,0.213444,0.181072,0.515961,0.242538,4.51,gru,0.011865,0.016714,0.029094
2026-04-01T19:57:19.0472668Z,0.162947,0.496675,0.204435,0.176403,0.513601,0.232367,5.52,gru,0.013456,0.016926,0.027931
2026-04-01T19:57:19.0807737Z,0.156459,0.491435,0.197914,0.171180,0.510230,0.223269,5.09,gru,0.014721,0.018795,0.025354
2026-04-01T19:57:19.1123855Z,0.183440,0.458826,0.171088,0.183167,0.491882,0.207873,5.03,gru,0.000273,0.033057,0.036785
2026-04-01T19:57:19.1483556Z,0.178288,0.448607,0.165454,0.182675,0.487422,0.199627,3.51,gru,0.004387,0.038816,0.034173
2026-04-01T19:57:19.1844317Z,0.173585,0.437128,0.162271,0.176338,0.485724,0.197425,7.07,gru,0.002753,0.048596,0.035154
2026-04-01T19:57:19.2150912Z,0.171611,0.418917,0.160206,0.179600,0.471048,0.192089,3.54,gru,0.007989,0.052132,0.031883
2026-04-01T19:57:19.2553671Z,0.166735,0.409428,0.162925,0.178021,0.456223,0.186112,7.84,gru,0.011286,0.046794,0.023188
2026-04-01T19:57:19.2882711Z,0.163929,0.391704,0.166442,0.173891,0.442990,0.184142,7.81,gru,0.009962,0.051286,0.017700
2026-04-01T19:57:19.3295350Z,0.164394,0.372333,0.169679,0.172212,0.426586,0.183052,7.30,gru,0.007818,0.054253,0.013373
2026-04-01T19:57:19.3532435Z,0.160513,0.359642,0.175007,0.168985,0.411545,0.182967,6.12,gru,0.008472,0.051902,0.007960
2026-04-01T19:57:19.3861448Z,0.156510,0.343846,0.178893,0.165497,0.394990,0.183213,7.48,gru,0.008987,0.051144,0.004320
2026-04-01T19:57:19.4175864Z,0.151301,0.327954,0.181860,0.161500,0.377848,0.184027,6.53,gru,0.010200,0.049893,0.002167
2026-04-01T19:57:19.4463071Z,0.146168,0.309116,0.182166,0.157198,0.359766,0.184374,4.00,gru,0.011030,0.050650,0.002208
2026-04-01T19:57:19.4918601Z,0.138434,0.290202,0.180602,0.151657,0.341916,0.183415,10.04,gru,0.013223,0.051713,0.002813
2026-04-01T19:57:19.5237946Z,0.128406,0.275654,0.179261,0.144185,0.326441,0.182929,5.01,gru,0.015779,0.050787,0.003668
2026-04-01T19:57:19.5508772Z,0.117837,0.258061,0.175636,0.136477,0.308894,0.181539,4.52,gru,0.018640,0.050833,0.005903
2026-04-01T19:57:19.5871524Z,0.105753,0.245067,0.172104,0.127463,0.292452,0.179353,6.57,gru,0.021710,0.047385,0.007249
2026-04-01T19:57:19.6359821Z,0.093708,0.230984,0.169095,0.117429,0.277175,0.177386,11.94,gru,0.023721,0.046191,0.008291
2026-04-01T19:57:19.6761372Z,0.082415,0.219583,0.165650,0.107858,0.265032,0.174913,15.18,gru,0.025443,0.045449,0.009263
2026-04-01T19:57:19.7152521Z,0.062021,0.199482,0.156616,0.097594,0.254621,0.171931,6.87,gru,0.035573,0.055139,0.015315
2026-04-01T19:57:19.7490818Z,0.055617,0.192458,0.153447,0.086795,0.241431,0.167613,5.19,gru,0.031178,0.048974,0.014166
2026-04-01T19:57:19.7867295Z,0.050307,0.187729,0.150033,0.077201,0.231335,0.163596,8.23,gru,0.026895,0.043606,0.013562
2026-04-01T19:57:19.8247277Z,0.046308,0.181507,0.147012,0.069240,0.220919,0.159382,10.28,gru,0.022932,0.039412,0.012370
2026-04-01T19:57:19.8602532Z,0.042724,0.170709,0.138233,0.063146,0.208554,0.152444,5.58,gru,0.020421,0.037844,0.014210
2026-04-01T19:57:19.9145073Z,0.043339,0.167839,0.135910,0.058236,0.201386,0.148274,8.82,gru,0.014897,0.033547,0.012364
2026-04-01T19:57:19.9564142Z,0.045999,0.159588,0.128267,0.055849,0.192829,0.142487,6.92,gru,0.009850,0.033242,0.014220
2026-04-01T19:57:19.9933383Z,0.048290,0.156568,0.124285,0.054434,0.184935,0.136930,6.10,gru,0.006143,0.028368,0.012645
2026-04-01T19:57:20.0356796Z,0.051252,0.154372,0.121749,0.053866,0.178895,0.133254,8.13,gru,0.002613,0.024523,0.011505
2026-04-01T19:57:20.0635281Z,0.054850,0.153558,0.118622,0.054831,0.173447,0.129006,4.55,gru,0.000019,0.019889,0.010384
2026-04-01T19:57:20.0963015Z,0.058305,0.153277,0.115028,0.056564,0.169192,0.124547,4.08,gru,0.001741,0.015915,0.009520
2026-04-01T19:57:20.1228287Z,0.061880,0.152490,0.112902,0.058875,0.165084,0.121159,5.03,gru,0.003004,0.012594,0.008257
2026-04-01T19:57:20.1530211Z,0.066146,0.155260,0.110681,0.061831,0.163026,0.118153,4.79,gru,0.004315,0.007766,0.007472
2026-04-01T19:57:20.1802518Z,0.071349,0.159238,0.107628,0.065778,0.162775,0.114606,5.62,gru,0.005571,0.003537,0.006978
2026-04-01T19:57:20.2175608Z,0.076920,0.161921,0.105868,0.070515,0.162157,0.111813,5.25,gru,0.006405,0.000236,0.005945
2026-04-01T19:57:20.2484142Z,0.082938,0.165175,0.102831,0.075600,0.162058,0.108650,6.00,gru,0.007338,0.003117,0.005819
2026-04-01T19:57:20.2819090Z,0.089578,0.169742,0.101542,0.081137,0.163488,0.106333,6.03,gru,0.008441,0.006254,0.004791
2026-04-01T19:57:20.3179692Z,0.096040,0.173264,0.100200,0.087043,0.165128,0.104410,7.06,gru,0.008997,0.008136,0.004210
2026-04-01T19:57:20.3702171Z,0.102938,0.177460,0.099143,0.093295,0.167051,0.102425,8.63,gru,0.009644,0.010409,0.003282
2026-04-01T19:57:20.4070547Z,0.109360,0.186296,0.100552,0.099339,0.171804,0.102178,5.78,gru,0.010021,0.014492,0.001626
2026-04-01T19:57:20.4559984Z,0.122861,0.192041,0.095959,0.109029,0.175475,0.099134,4.05,gru,0.013832,0.016566,0.003175
2026-04-01T19:57:20.4871475Z,0.129623,0.198093,0.095054,0.116772,0.180294,0.097162,6.49,gru,0.012851,0.017798,0.002108
2026-04-01T19:57:20.5173638Z,0.135736,0.204625,0.094889,0.122806,0.186743,0.097198,6.32,gru,0.012930,0.017882,0.002309
2026-04-01T19:57:20.5453665Z,0.142509,0.211743,0.093790,0.129920,0.192390,0.095898,2.99,gru,0.012589,0.019352,0.002108
2026-04-01T19:57:20.5840060Z,0.149302,0.218175,0.093364,0.137139,0.198558,0.094667,5.03,gru,0.012163,0.019617,0.001303
2026-04-01T19:57:20.6216972Z,0.155391,0.228172,0.093865,0.143504,0.206579,0.094479,4.51,gru,0.011887,0.021593,0.000613
2026-04-01T19:57:20.6441307Z,0.162241,0.238467,0.094377,0.150065,0.215436,0.094574,3.00,gru,0.012175,0.023031,0.000197
2026-04-01T19:57:20.6843499Z,0.167883,0.248857,0.096687,0.156282,0.224521,0.095608,6.00,gru,0.011601,0.024336,0.001080
2026-04-01T19:57:20.7209752Z,0.175114,0.258906,0.095481,0.162995,0.233773,0.094873,7.67,gru,0.012118,0.025133,0.000608
2026-04-01T19:57:20.7535133Z,0.181686,0.270535,0.097839,0.169491,0.244421,0.095910,6.01,gru,0.012195,0.026114,0.001929
2026-04-01T19:57:20.7885541Z,0.188823,0.278788,0.096751,0.176179,0.253757,0.096092,6.52,gru,0.012644,0.025031,0.000659
2026-04-01T19:57:20.8163364Z,0.196469,0.286869,0.095575,0.183287,0.262453,0.095211,4.93,gru,0.013182,0.024416,0.000364
2026-04-01T19:57:20.8452421Z,0.203739,0.295305,0.095500,0.190107,0.272070,0.095382,3.28,gru,0.013633,0.023235,0.000117
2026-04-01T19:57:20.8836826Z,0.210817,0.305577,0.095705,0.196954,0.282827,0.095796,5.05,gru,0.013862,0.022750,0.000091
2026-04-01T19:57:20.9306670Z,0.216589,0.316569,0.097370,0.203289,0.293801,0.096774,4.85,gru,0.013300,0.022767,0.000596
2026-04-01T19:57:20.9682811Z,0.223471,0.327812,0.097099,0.210031,0.304766,0.096605,4.75,gru,0.013440,0.023046,0.000493
2026-04-01T19:57:20.9834674Z,0.228129,0.340654,0.100088,0.215640,0.316826,0.098205,5.08,gru,0.012490,0.023829,0.001883
2026-04-01T19:57:21.0265022Z,0.233589,0.354171,0.101135,0.221216,0.329687,0.099518,4.00,gru,0.012373,0.024483,0.001617
2026-04-01T19:57:21.0518321Z,0.239097,0.366423,0.102518,0.227193,0.342199,0.100349,6.49,gru,0.011904,0.024223,0.002169
2026-04-01T19:57:21.0783473Z,0.243681,0.381499,0.105857,0.232191,0.356391,0.102764,4.43,gru,0.011490,0.025108,0.003093
2026-04-01T19:57:21.1180553Z,0.248001,0.396551,0.108471,0.236914,0.371265,0.104969,5.17,gru,0.011087,0.025286,0.003502
2026-04-01T19:57:21.1562754Z,0.254258,0.410236,0.108925,0.242917,0.384933,0.105700,4.50,gru,0.011341,0.025303,0.003225
2026-04-01T19:57:21.1864980Z,0.260815,0.424896,0.109308,0.248926,0.399112,0.106361,5.52,gru,0.011889,0.025784,0.002948
2026-04-01T19:57:21.2347193Z,0.264144,0.441647,0.112496,0.252788,0.415396,0.109342,7.77,gru,0.011356,0.026251,0.003155
2026-04-01T19:57:21.2601110Z,0.234031,0.489534,0.144634,0.238462,0.449888,0.132794,7.22,gru,0.004431,0.039646,0.011840
2026-04-01T19:57:21.2841375Z,0.235663,0.505682,0.148011,0.242326,0.469168,0.139791,6.09,gru,0.006663,0.036513,0.008220
2026-04-01T19:57:21.3176066Z,0.242066,0.517006,0.146315,0.251563,0.478181,0.140386,6.13,gru,0.009497,0.038826,0.005930
2026-04-01T19:57:21.3519123Z,0.242156,0.532238,0.149159,0.248072,0.499498,0.149083,5.88,gru,0.005916,0.032740,0.000076
2026-04-01T19:57:21.3808868Z,0.244345,0.544616,0.150820,0.245540,0.518273,0.154335,3.53,gru,0.001194,0.026343,0.003515
2026-04-01T19:57:21.4164110Z,0.250960,0.554371,0.148280,0.251251,0.530940,0.154527,6.65,gru,0.000290,0.023431,0.006248
2026-04-01T19:57:21.4525020Z,0.255037,0.567003,0.148482,0.253133,0.542198,0.152593,6.63,gru,0.001904,0.024805,0.004111
2026-04-01T19:57:21.4919436Z,0.258117,0.577683,0.148572,0.253306,0.556131,0.154024,7.16,gru,0.004811,0.021553,0.005451
2026-04-01T19:57:21.5287540Z,0.260885,0.589344,0.149984,0.255006,0.570274,0.155275,8.12,gru,0.005879,0.019070,0.005291
2026-04-01T19:57:21.5623230Z,0.263589,0.603951,0.151674,0.258002,0.584180,0.155266,7.55,gru,0.005587,0.019771,0.003592
2026-04-01T19:57:21.6001289Z,0.266796,0.614055,0.150936,0.260969,0.593757,0.153386,10.03,gru,0.005827,0.020298,0.002450
2026-04-01T19:57:21.6295719Z,0.272327,0.628264,0.149015,0.264615,0.605917,0.152090,6.06,gru,0.007712,0.022348,0.003076
2026-04-01T19:57:21.6710044Z,0.275739,0.640164,0.147104,0.267575,0.619759,0.150959,8.58,gru,0.008164,0.020405,0.003855
2026-04-01T19:57:21.6917848Z,0.277744,0.653204,0.145521,0.269965,0.632437,0.149354,11.23,gru,0.007779,0.020768,0.003833
2026-04-01T19:57:21.7234616Z,0.280142,0.666823,0.144511,0.272946,0.644145,0.147891,5.02,gru,0.007197,0.022678,0.003381
2026-04-01T19:57:21.7745206Z,0.282702,0.679603,0.142653,0.276052,0.655356,0.146177,13.68,gru,0.006651,0.024247,0.003524
2026-04-01T19:57:21.8028889Z,0.281583,0.695421,0.142955,0.276440,0.670348,0.145505,11.57,gru,0.005144,0.025073,0.002550
2026-04-01T19:57:21.8332748Z,0.278267,0.708826,0.144597,0.275503,0.682953,0.145868,8.67,gru,0.002765,0.025873,0.001271
2026-04-01T19:57:21.8834303Z,0.280111,0.720358,0.143144,0.279072,0.691566,0.144325,9.57,gru,0.001039,0.028792,0.001182
2026-04-01T19:57:21.9238153Z,0.274969,0.732667,0.143662,0.276482,0.704856,0.143806,10.67,gru,0.001513,0.027811,0.000145
2026-04-01T19:57:21.9741954Z,0.266076,0.754106,0.138580,0.269147,0.725137,0.140920,5.03,gru,0.003071,0.028968,0.002340
2026-04-01T19:57:22.0220887Z,0.251095,0.777608,0.129398,0.259961,0.745502,0.134925,5.04,gru,0.008866,0.032107,0.005527
2026-04-01T19:57:22.0525431Z,0.275915,0.784007,0.102639,0.273515,0.753056,0.123197,5.52,gru,0.002400,0.030951,0.020558
2026-04-01T19:57:22.0867565Z,0.270879,0.796009,0.094294,0.272640,0.765402,0.117308,4.03,gru,0.001761,0.030607,0.023014
2026-04-01T19:57:22.1214866Z,0.248112,0.809085,0.098833,0.255630,0.782962,0.124333,4.52,gru,0.007518,0.026123,0.025500
2026-04-01T19:57:22.1512786Z,0.240555,0.818394,0.093665,0.252093,0.793148,0.120299,5.37,gru,0.011538,0.025245,0.026633
2026-04-01T19:57:22.1875342Z,0.232083,0.828278,0.088528,0.251305,0.801820,0.111584,6.55,gru,0.019222,0.026458,0.023056
2026-04-01T19:57:22.2147317Z,0.224292,0.838547,0.081282,0.241687,0.813821,0.105130,6.02,gru,0.017395,0.024727,0.023848
2026-04-01T19:57:22.2464253Z,0.212077,0.845959,0.079266,0.228585,0.824216,0.101740,5.52,gru,0.016508,0.021743,0.022474
2026-04-01T19:57:22.2792261Z,0.203530,0.855021,0.075717,0.220018,0.833856,0.096992,4.61,gru,0.016488,0.021165,0.021275
2026-04-01T19:57:22.3163189Z,0.190339,0.863326,0.075702,0.211339,0.843059,0.091992,6.93,gru,0.021000,0.020267,0.016290
2026-04-01T19:57:22.3452227Z,0.180023,0.869793,0.073048,0.200731,0.851180,0.087584,6.23,gru,0.020708,0.018613,0.014536
2026-04-01T19:57:22.3800001Z,0.171926,0.876585,0.069363,0.191389,0.858707,0.082807,4.06,gru,0.019463,0.017878,0.013444
2026-04-01T19:57:22.4205436Z,0.161002,0.882944,0.067851,0.181359,0.866358,0.079553,6.67,gru,0.020357,0.016586,0.011701
2026-04-01T19:57:22.4441770Z,0.148545,0.891765,0.067839,0.170425,0.874982,0.077420,3.63,gru,0.021880,0.016783,0.009581
2026-04-01T19:57:22.4799716Z,0.137815,0.898525,0.066749,0.160328,0.881903,0.074769,6.34,gru,0.022513,0.016622,0.008020
2026-04-01T19:57:22.5330969Z,0.131577,0.904984,0.061922,0.152520,0.888010,0.070307,10.78,gru,0.020944,0.016974,0.008385
2026-04-01T19:57:22.5660018Z,0.119969,0.911072,0.061538,0.141898,0.895160,0.068565,6.57,gru,0.021928,0.015912,0.007027
2026-04-01T19:57:22.5965544Z,0.109496,0.917630,0.060154,0.130980,0.901803,0.067325,5.01,gru,0.021484,0.015827,0.007171
2026-04-01T19:57:22.6132470Z,0.095490,0.922162,0.063167,0.119562,0.907110,0.067440,3.52,gru,0.024072,0.015052,0.004274
2026-04-01T19:57:22.6514720Z,0.088973,0.927102,0.058255,0.110693,0.912746,0.064151,6.04,gru,0.021720,0.014356,0.005895
2026-04-01T19:57:22.6786757Z,0.075292,0.935044,0.060360,0.098690,0.921212,0.063387,3.60,gru,0.023398,0.013832,0.003027
2026-04-01T19:57:22.7125584Z,0.069093,0.939854,0.054576,0.089661,0.927169,0.060318,3.51,gru,0.020568,0.012685,0.005742
2026-04-01T19:57:22.7495982Z,0.059107,0.944329,0.051674,0.080668,0.932364,0.056912,7.15,gru,0.021561,0.011965,0.005238
2026-04-01T19:57:22.7829478Z,0.073482,0.958533,0.019194,0.080562,0.946366,0.042009,6.21,gru,0.007080,0.012166,0.022815
2026-04-01T19:57:22.8181861Z,0.062149,0.962371,0.019327,0.072550,0.954066,0.039433,7.15,gru,0.010401,0.008305,0.020106
2026-04-01T19:57:22.8542917Z,0.027241,0.958021,0.040387,0.049041,0.956488,0.059170,7.03,gru,0.021800,0.001534,0.018784
2026-04-01T19:57:22.8819564Z,0.018575,0.963750,0.034973,0.038759,0.961877,0.058032,6.08,gru,0.020184,0.001873,0.023059
2026-04-01T19:57:22.9106690Z,0.011530,0.970186,0.029008,0.032954,0.970909,0.048906,4.55,gru,0.021425,0.000723,0.019899
2026-04-01T19:57:22.9482662Z,0.001561,0.978194,0.025410,0.019203,0.977013,0.047525,5.32,gru,0.017642,0.001181,0.022115
2026-04-01T19:57:22.9933188Z,-0.028795,0.977763,0.042669,-0.004440,0.977139,0.057528,4.37,gru,0.024355,0.000624,0.014859
2026-04-01T19:57:23.0214798Z,-0.040203,0.983684,0.040568,-0.017462,0.977467,0.056978,3.09,gru,0.022741,0.006216,0.016410
2026-04-01T19:57:23.0581301Z,-0.061859,0.982896,0.052223,-0.031247,0.978581,0.057084,4.34,gru,0.030612,0.004315,0.004860
2026-04-01T19:57:23.0853842Z,-0.077557,0.982670,0.056931,-0.049071,0.979734,0.061773,5.51,gru,0.028486,0.002936,0.004842
2026-04-01T19:57:23.1195209Z,-0.083483,0.983816,0.053750,-0.059034,0.979133,0.059881,7.02,gru,0.024449,0.004683,0.006131
2026-04-01T19:57:23.1541533Z,-0.085437,0.990638,0.044205,-0.066170,0.983679,0.053863,6.85,gru,0.019267,0.006959,0.009658
2026-04-01T19:57:23.1833561Z,-0.070995,0.997415,0.019186,-0.064861,0.989288,0.039864,5.02,gru,0.006134,0.008127,0.020677
2026-04-01T19:57:23.2136442Z,-0.087500,1.001424,0.022319,-0.076007,0.994299,0.041551,3.71,gru,0.011492,0.007125,0.019232
2026-04-01T19:57:23.2469770Z,-0.080367,1.009276,0.005545,-0.078069,0.998111,0.031949,5.01,gru,0.002298,0.011164,0.026404
2026-04-01T19:57:23.2828004Z,-0.088303,1.013121,0.002746,-0.079366,1.001772,0.023411,4.53,gru,0.008937,0.011349,0.020665
2026-04-01T19:57:23.3278882Z,-0.097558,1.016151,0.002412,-0.087903,1.005828,0.023603,4.54,gru,0.009655,0.010323,0.021191
2026-04-01T19:57:23.3522021Z,-0.107227,1.020311,0.000987,-0.094137,1.009031,0.018726,5.00,gru,0.013090,0.011280,0.017739
2026-04-01T19:57:23.3767870Z,-0.120662,1.024782,0.001656,-0.102645,1.014172,0.015666,3.52,gru,0.018018,0.010610,0.014010
2026-04-01T19:57:23.4159354Z,-0.155515,1.029979,0.014052,-0.122507,1.020155,0.020668,5.81,gru,0.033008,0.009825,0.006617
2026-04-01T19:57:23.4445402Z,-0.127054,0.908445,0.084409,-0.127337,1.020529,0.040499,4.52,gru,0.000284,0.112084,0.043911
2026-04-01T19:57:23.4831320Z,-0.127922,0.907870,0.084101,-0.135266,1.015086,0.045574,5.23,gru,0.007344,0.107216,0.038527
2026-04-01T19:57:23.5361115Z,-0.128258,0.907534,0.084293,-0.154438,1.054466,0.037546,7.37,gru,0.026180,0.146932,0.046747
2026-04-01T19:57:23.5828138Z,-0.129837,0.906986,0.084133,-0.163447,1.051755,0.038595,6.14,gru,0.033610,0.144769,0.045538
2026-04-01T19:57:23.6057139Z,-0.132002,0.907550,0.083851,-0.163688,1.038146,0.042177,6.88,gru,0.031686,0.130597,0.041674
2026-04-01T19:57:23.6480014Z,-0.135107,0.905690,0.083567,-0.164918,1.022227,0.046244,6.56,gru,0.029811,0.116537,0.037323
2026-04-01T19:57:23.6838232Z,-0.136640,0.905125,0.083294,-0.163277,1.004567,0.050808,6.71,gru,0.026637,0.099442,0.032486
2026-04-01T19:57:23.7182908Z,-0.235856,1.041588,0.013041,-0.214342,1.105926,0.013662,5.03,gru,0.021514,0.064338,0.000621
2026-04-01T19:57:23.7550539Z,-0.200457,0.943440,0.071830,-0.227979,1.110117,0.014889,7.41,gru,0.027523,0.166676,0.056941
2026-04-01T19:57:23.7930106Z,-0.200811,0.942578,0.073499,-0.223294,1.102597,0.023243,4.67,gru,0.022483,0.160019,0.050256
2026-04-01T19:57:23.8347097Z,-0.200815,0.942599,0.073731,-0.238039,1.115772,0.011680,9.39,gru,0.037225,0.173174,0.062051
2026-04-01T19:57:23.8715929Z,-0.200918,0.942822,0.074023,-0.246760,1.105193,0.011453,14.65,gru,0.045842,0.162371,0.062570
2026-04-01T19:57:23.9185585Z,-0.201323,0.942440,0.076639,-0.244771,1.091417,0.014934,10.51,gru,0.043448,0.148977,0.061706
2026-04-01T19:57:23.9704034Z,-0.201589,0.944230,0.078490,-0.238522,1.082157,0.024227,6.02,gru,0.036932,0.137927,0.054263
2026-04-01T19:57:23.9839718Z,-0.200911,0.945862,0.081074,-0.230005,1.073028,0.032468,4.90,gru,0.029095,0.127166,0.048606
2026-04-01T19:57:24.0373204Z,-0.200294,0.946251,0.081980,-0.220677,1.062025,0.039549,5.60,gru,0.020383,0.115774,0.042431
2026-04-01T19:57:24.0532302Z,-0.199898,0.946639,0.082601,-0.214362,1.052952,0.045723,8.34,gru,0.014464,0.106313,0.036878
2026-04-01T19:57:24.0882280Z,-0.199494,0.946549,0.083230,-0.208846,1.038243,0.052716,7.55,gru,0.009351,0.091694,0.030514
2026-04-01T19:57:24.1223204Z,-0.192683,1.041918,0.018769,-0.214149,1.109424,0.030779,5.74,gru,0.021467,0.067506,0.012011
2026-04-01T19:57:24.1588639Z,-0.187958,1.024320,0.024063,-0.207549,1.113283,0.024639,7.53,gru,0.019591,0.088963,0.000576
2026-04-01T19:57:24.1904467Z,-0.165983,1.035263,0.026269,-0.195112,1.104846,0.030793,7.43,gru,0.029128,0.069584,0.004524
2026-04-01T19:57:24.2225690Z,-0.148613,1.031395,0.024819,-0.180307,1.103196,0.024913,5.10,gru,0.031694,0.071801,0.000094
2026-04-01T19:57:24.2519544Z,-0.127169,1.024305,0.026477,-0.162238,1.085742,0.024972,5.72,gru,0.035069,0.061437,0.001505
2026-04-01T19:57:24.2869036Z,-0.107416,1.016073,0.024172,-0.141935,1.065725,0.023835,9.07,gru,0.034519,0.049653,0.000337
2026-04-01T19:57:24.3174898Z,-0.085115,1.013998,0.012590,-0.120988,1.053908,0.017263,4.67,gru,0.035873,0.039910,0.004673
2026-04-01T19:57:24.3465068Z,-0.077656,1.005682,0.023156,-0.110076,1.045301,0.023354,6.02,gru,0.032420,0.039619,0.000197
2026-04-01T19:57:24.3798664Z,-0.072898,1.007470,0.032824,-0.100935,1.037201,0.030937,4.55,gru,0.028037,0.029731,0.001887
2026-04-01T19:57:24.4134756Z,-0.062807,0.993109,0.086116,-0.088696,1.023029,0.059327,4.41,gru,0.025889,0.029919,0.026789
2026-04-01T19:57:24.4441954Z,-0.037633,0.993950,0.073203,-0.067830,1.018589,0.064368,3.65,gru,0.030197,0.024639,0.008834
2026-04-01T19:57:24.4781546Z,-0.020177,0.985979,0.068103,-0.054160,1.013697,0.057592,5.27,gru,0.033983,0.027717,0.010511
2026-04-01T19:57:24.5223524Z,0.007635,0.994064,0.008202,-0.038622,1.014894,0.034299,8.00,gru,0.046257,0.020830,0.026097
2026-04-01T19:57:24.5548777Z,0.012245,0.982377,0.028292,-0.027470,1.009977,0.044889,6.59,gru,0.039714,0.027600,0.016597
2026-04-01T19:57:24.5837012Z,0.023481,0.978401,0.027855,-0.016123,1.002377,0.052618,4.51,gru,0.039605,0.023976,0.024764
2026-04-01T19:57:24.6178005Z,0.034897,0.973030,0.033359,-0.002069,0.999082,0.050061,4.32,gru,0.036966,0.026053,0.016702
2026-04-01T19:57:24.6508724Z,0.041757,0.966588,0.042484,0.007480,0.988208,0.053004,6.20,gru,0.034278,0.021620,0.010520
2026-04-01T19:57:24.6767455Z,0.058846,0.960862,0.046937,0.022755,0.974112,0.053703,5.10,gru,0.036091,0.013250,0.006766
2026-04-01T19:57:24.7187495Z,0.069967,0.954877,0.050600,0.037301,0.963354,0.054266,8.70,gru,0.032666,0.008477,0.003667
2026-04-01T19:57:24.7494534Z,0.081803,0.950550,0.052703,0.049320,0.955949,0.054281,7.16,gru,0.032483,0.005399,0.001578
2026-04-01T19:57:24.7786482Z,0.092392,0.947211,0.055817,0.061617,0.950657,0.054984,5.80,gru,0.030775,0.003446,0.000833
2026-04-01T19:57:24.8143727Z,0.105740,0.940951,0.056715,0.075701,0.943227,0.056206,4.83,gru,0.030039,0.002276,0.000509
2026-04-01T19:57:24.8463584Z,0.115350,0.936428,0.063783,0.087656,0.938907,0.060527,2.99,gru,0.027694,0.002479,0.003256
2026-04-01T19:57:24.8843320Z,0.112273,0.920155,0.097997,0.090597,0.931166,0.083910,4.47,gru,0.021676,0.011011,0.014087
2026-04-01T19:57:24.9113625Z,0.114442,0.912150,0.109804,0.096625,0.924025,0.093170,3.78,gru,0.017816,0.011875,0.016633
2026-04-01T19:57:24.9548089Z,0.120561,0.904015,0.117430,0.106866,0.917419,0.097698,4.70,gru,0.013695,0.013403,0.019732
2026-04-01T19:57:24.9845282Z,0.127216,0.896958,0.122192,0.114509,0.911455,0.105841,5.59,gru,0.012707,0.014497,0.016351
2026-04-01T19:57:25.0177138Z,0.143537,0.890922,0.120388,0.125760,0.904665,0.109454,7.03,gru,0.017778,0.013742,0.010934
2026-04-01T19:57:25.0491726Z,0.152360,0.882105,0.124632,0.134032,0.896976,0.115665,4.46,gru,0.018328,0.014870,0.008967
2026-04-01T19:57:25.0974266Z,0.158812,0.874195,0.129795,0.140171,0.890965,0.122337,5.13,gru,0.018641,0.016770,0.007458
2026-04-01T19:57:25.1499699Z,0.174964,0.857122,0.137367,0.154235,0.879477,0.128391,5.31,gru,0.020729,0.022355,0.008977
2026-04-01T19:57:25.1795508Z,0.211532,0.853872,0.119416,0.178811,0.874117,0.122767,4.55,gru,0.032721,0.020245,0.003352
2026-04-01T19:57:25.2253130Z,0.204716,0.840021,0.133912,0.180285,0.866950,0.134436,9.56,gru,0.024430,0.026928,0.000524
2026-04-01T19:57:25.2603374Z,0.203674,0.830350,0.140508,0.179411,0.857361,0.144128,7.70,gru,0.024262,0.027011,0.003621
2026-04-01T19:57:25.2930041Z,0.220624,0.819289,0.136976,0.196279,0.845741,0.145549,3.70,gru,0.024345,0.026453,0.008573
2026-04-01T19:57:25.3160127Z,0.223789,0.807137,0.138560,0.205383,0.835600,0.144647,6.02,gru,0.018406,0.028463,0.006086
2026-04-01T19:57:25.3460697Z,0.226287,0.792649,0.137191,0.205961,0.824109,0.146406,6.15,gru,0.020326,0.031460,0.009215
2026-04-01T19:57:25.3863040Z,0.232677,0.776395,0.134171,0.212271,0.808264,0.145385,7.04,gru,0.020406,0.031869,0.011214
2026-04-01T19:57:25.4175973Z,0.233698,0.759049,0.131861,0.218597,0.792819,0.142045,5.64,gru,0.015101,0.033770,0.010184
2026-04-01T19:57:25.4666936Z,0.231459,0.742255,0.130608,0.220128,0.779191,0.139256,8.65,gru,0.011331,0.036936,0.008648
2026-04-01T19:57:25.4892727Z,0.224916,0.723857,0.132694,0.217824,0.764229,0.139107,6.30,gru,0.007093,0.040372,0.006413
2026-04-01T19:57:25.5261674Z,0.208635,0.707714,0.141408,0.210899,0.749011,0.142785,7.01,gru,0.002264,0.041297,0.001377
2026-04-01T19:57:25.5635914Z,0.215748,0.686200,0.136504,0.215758,0.728367,0.140870,6.85,gru,0.000010,0.042168,0.004366
2026-04-01T19:57:25.5861517Z,0.223813,0.662286,0.130223,0.222371,0.706071,0.135546,6.62,gru,0.001441,0.043785,0.005323
2026-04-01T19:57:25.6225815Z,0.220307,0.643526,0.130419,0.219211,0.691386,0.138410,7.18,gru,0.001095,0.047861,0.007991
2026-04-01T19:57:25.6549985Z,0.232586,0.616194,0.120993,0.223981,0.668460,0.133665,4.08,gru,0.008605,0.052266,0.012671
2026-04-01T19:57:25.6929001Z,0.226407,0.598317,0.124185,0.224614,0.648771,0.131817,4.70,gru,0.001793,0.050454,0.007632
2026-04-01T19:57:25.7241974Z,0.225024,0.580476,0.126259,0.223369,0.630909,0.132867,6.91,gru,0.001654,0.050433,0.006608
2026-04-01T19:57:25.7694431Z,0.226335,0.560660,0.125844,0.225870,0.610478,0.131081,10.81,gru,0.000465,0.049819,0.005237
2026-04-01T19:57:25.7959446Z,0.222999,0.544671,0.128117,0.225126,0.592329,0.130860,9.05,gru,0.002127,0.047659,0.002743
2026-04-01T19:57:25.8244808Z,0.223999,0.524847,0.127963,0.225708,0.572875,0.129850,5.18,gru,0.001708,0.048028,0.001887
2026-04-01T19:57:25.8561047Z,0.221587,0.507106,0.129183,0.225134,0.554365,0.129692,5.04,gru,0.003547,0.047260,0.000509
2026-04-01T19:57:25.8856579Z,0.222331,0.488682,0.127656,0.225230,0.536321,0.128701,9.87,gru,0.002898,0.047639,0.001045
2026-04-01T19:57:25.9236029Z,0.224260,0.466013,0.123655,0.227228,0.516359,0.126015,10.93,gru,0.002968,0.050346,0.002360
2026-04-01T19:57:25.9482598Z,0.221189,0.448956,0.122641,0.226026,0.499809,0.125332,3.51,gru,0.004836,0.050853,0.002691
2026-04-01T19:57:25.9783777Z,0.216337,0.431139,0.122233,0.223015,0.483572,0.125341,4.52,gru,0.006678,0.052433,0.003108
2026-04-01T19:57:26.0125891Z,0.211872,0.413676,0.119489,0.220768,0.465983,0.123148,5.53,gru,0.008896,0.052307,0.003658
2026-04-01T19:57:26.0462142Z,0.203947,0.401798,0.120681,0.216342,0.452851,0.122714,3.51,gru,0.012395,0.051054,0.002033
2026-04-01T19:57:26.0784861Z,0.199871,0.383249,0.117042,0.213227,0.437817,0.120590,5.52,gru,0.013356,0.054568,0.003548
2026-04-01T19:57:26.1261441Z,0.193560,0.370695,0.115705,0.209161,0.423680,0.118837,7.55,gru,0.015601,0.052985,0.003132
2026-04-01T19:57:26.1625494Z,0.187392,0.357858,0.114010,0.203744,0.411197,0.118020,7.18,gru,0.016352,0.053339,0.004009
2026-04-01T19:57:26.1902458Z,0.181717,0.344692,0.111748,0.198921,0.398329,0.116156,6.14,gru,0.017204,0.053637,0.004408
2026-04-01T19:57:26.2189691Z,0.175645,0.333335,0.108919,0.193578,0.386973,0.113770,5.55,gru,0.017933,0.053638,0.004851
2026-04-01T19:57:26.2527061Z,0.170371,0.319874,0.106962,0.188287,0.375194,0.112036,5.15,gru,0.017916,0.055320,0.005073
2026-04-01T19:57:26.2805133Z,0.163939,0.308580,0.104125,0.182655,0.363141,0.109754,5.55,gru,0.018716,0.054561,0.005629
2026-04-01T19:57:26.3175927Z,0.155999,0.299916,0.102451,0.175641,0.353113,0.107842,6.70,gru,0.019642,0.053197,0.005391
2026-04-01T19:57:26.3551652Z,0.149341,0.291129,0.097970,0.169125,0.342187,0.104689,7.52,gru,0.019785,0.051058,0.006719
2026-04-01T19:57:26.3833703Z,0.141407,0.284053,0.095879,0.162067,0.331668,0.102358,4.31,gru,0.020660,0.047615,0.006479
2026-04-01T19:57:26.4187046Z,0.133226,0.276530,0.098437,0.154246,0.322110,0.103485,6.46,gru,0.021020,0.045580,0.005048
2026-04-01T19:57:26.4491293Z,0.126682,0.264352,0.098644,0.147491,0.310035,0.103118,4.53,gru,0.020810,0.045683,0.004475
2026-04-01T19:57:26.4906998Z,0.120160,0.254816,0.099358,0.140381,0.298917,0.102217,5.03,gru,0.020221,0.044101,0.002859
2026-04-01T19:57:26.5171117Z,0.113004,0.245106,0.102193,0.132781,0.288719,0.103613,5.41,gru,0.019777,0.043612,0.001420
2026-04-01T19:57:26.5481809Z,0.104817,0.238576,0.107707,0.124953,0.279407,0.106975,3.51,gru,0.020136,0.040831,0.000732
2026-04-01T19:57:26.5784113Z,0.096654,0.231223,0.112873,0.117128,0.269252,0.110121,5.61,gru,0.020474,0.038030,0.002752
2026-04-01T19:57:26.6145648Z,0.088668,0.224162,0.118090,0.109390,0.258791,0.113252,4.45,gru,0.020722,0.034628,0.004839
2026-04-01T19:57:26.6434767Z,0.081755,0.217009,0.121001,0.101911,0.248951,0.115897,4.51,gru,0.020156,0.031942,0.005104
2026-04-01T19:57:26.6829553Z,0.074462,0.207845,0.125035,0.094239,0.239047,0.119560,3.62,gru,0.019778,0.031202,0.005475
2026-04-01T19:57:26.7105037Z,0.068650,0.201746,0.130553,0.087054,0.229736,0.124409,3.51,gru,0.018404,0.027990,0.006144
2026-04-01T19:57:26.7502396Z,0.062658,0.195407,0.138831,0.080202,0.220897,0.130580,7.12,gru,0.017544,0.025490,0.008251
2026-04-01T19:57:26.7843694Z,0.058558,0.188759,0.144096,0.074480,0.211523,0.135363,5.69,gru,0.015922,0.022764,0.008733
2026-04-01T19:57:26.8171596Z,0.056444,0.182280,0.155582,0.069941,0.202816,0.143416,4.23,gru,0.013497,0.020536,0.012165
2026-04-01T19:57:26.8515981Z,0.056140,0.179125,0.163560,0.066639,0.195989,0.150942,8.99,gru,0.010499,0.016864,0.012618
2026-04-01T19:57:26.8861723Z,0.058545,0.175566,0.173082,0.065549,0.189144,0.158416,8.09,gru,0.007004,0.013578,0.014666
2026-04-01T19:57:26.9213888Z,0.063674,0.175951,0.183309,0.066558,0.184196,0.167387,7.76,gru,0.002884,0.008245,0.015922
2026-04-01T19:57:26.9541591Z,0.073072,0.178714,0.190787,0.070548,0.181299,0.174923,6.51,gru,0.002523,0.002585,0.015864
2026-04-01T19:57:26.9852900Z,0.092003,0.171668,0.181278,0.081456,0.173573,0.174700,5.62,gru,0.010546,0.001905,0.006578
2026-04-01T19:57:27.0242339Z,0.102896,0.194074,0.197089,0.089145,0.185276,0.187513,4.66,gru,0.013751,0.008799,0.009575
2026-04-01T19:57:27.0584946Z,0.120994,0.207411,0.194237,0.100630,0.194728,0.191119,5.73,gru,0.020365,0.012683,0.003118
2026-04-01T19:57:27.0924687Z,0.140326,0.226508,0.189495,0.117818,0.203255,0.189202,5.02,gru,0.022508,0.023253,0.000293
2026-04-01T19:57:27.1304495Z,0.158748,0.248117,0.182650,0.131788,0.217972,0.186596,6.70,gru,0.026960,0.030145,0.003946
2026-04-01T19:57:27.1584127Z,0.173303,0.280198,0.181244,0.144477,0.242838,0.187818,5.79,gru,0.028826,0.037360,0.006574
2026-04-01T19:57:27.2042140Z,0.189909,0.304290,0.173732,0.160520,0.263876,0.184097,5.07,gru,0.029389,0.040414,0.010366
2026-04-01T19:57:27.2511027Z,0.207651,0.325603,0.164434,0.177816,0.280859,0.176134,9.81,gru,0.029835,0.044744,0.011700
2026-04-01T19:57:27.2894996Z,0.226172,0.349055,0.154759,0.193967,0.302715,0.168623,9.06,gru,0.032205,0.046339,0.013865
2026-04-01T19:57:27.3305037Z,0.246163,0.417209,0.152630,0.210631,0.367972,0.166861,8.36,gru,0.035532,0.049237,0.014231
2026-04-01T19:57:27.3662582Z,0.242040,0.461975,0.159364,0.213897,0.407731,0.168298,5.26,gru,0.028144,0.054244,0.008934
2026-04-01T19:57:27.3854758Z,0.233036,0.507678,0.165093,0.212913,0.440719,0.167455,3.42,gru,0.020123,0.066959,0.002362
2026-04-01T19:57:27.4192196Z,0.235035,0.539470,0.162827,0.219644,0.467519,0.163312,5.40,gru,0.015391,0.071951,0.000485
2026-04-01T19:57:27.4617990Z,0.233664,0.570727,0.161071,0.224272,0.503327,0.162175,9.52,gru,0.009391,0.067400,0.001103
2026-04-01T19:57:27.4979723Z,0.221183,0.603749,0.163776,0.217032,0.540230,0.165636,7.03,gru,0.004151,0.063519,0.001860
2026-04-01T19:57:27.5200018Z,0.223914,0.627107,0.156622,0.221233,0.565461,0.162329,6.25,gru,0.002681,0.061645,0.005707
2026-04-01T19:57:27.5704166Z,0.224767,0.650628,0.147961,0.224855,0.587330,0.154969,11.43,gru,0.000088,0.063299,0.007008
2026-04-01T19:57:27.6037521Z,0.226049,0.675837,0.137153,0.224043,0.620089,0.149198,6.61,gru,0.002006,0.055748,0.012045
2026-04-01T19:57:27.6229401Z,0.230324,0.698865,0.123908,0.226637,0.648001,0.141123,7.35,gru,0.003687,0.050864,0.017215
2026-04-01T19:57:27.6589497Z,0.239662,0.719545,0.104275,0.233931,0.668492,0.128295,5.82,gru,0.005731,0.051053,0.024020
2026-04-01T19:57:27.6858757Z,0.224951,0.742508,0.099751,0.226654,0.693072,0.123127,5.51,gru,0.001703,0.049436,0.023376
2026-04-01T19:57:27.7118479Z,0.211856,0.760390,0.093496,0.217431,0.714455,0.117465,4.52,gru,0.005575,0.045935,0.023969
2026-04-01T19:57:27.7468209Z,0.206669,0.776224,0.081404,0.216961,0.732453,0.107252,4.00,gru,0.010292,0.043771,0.025848
2026-04-01T19:57:27.7803643Z,0.198877,0.793359,0.069998,0.212008,0.752171,0.095368,6.05,gru,0.013132,0.041188,0.025370
2026-04-01T19:57:27.8120144Z,0.178408,0.803403,0.072633,0.196528,0.769494,0.095498,3.55,gru,0.018119,0.033909,0.022865
2026-04-01T19:57:27.8469167Z,0.169663,0.813670,0.065973,0.187512,0.782676,0.089079,7.12,gru,0.017849,0.030994,0.023106
2026-04-01T19:57:27.8831092Z,0.158904,0.823449,0.060485,0.180120,0.795785,0.080138,7.92,gru,0.021216,0.027664,0.019653
2026-04-01T19:57:27.9177359Z,0.149758,0.832352,0.055975,0.170356,0.807006,0.074378,5.68,gru,0.020597,0.025346,0.018403
2026-04-01T19:57:27.9524649Z,0.142829,0.841178,0.049515,0.162022,0.815963,0.067704,8.52,gru,0.019193,0.025215,0.018190
2026-04-01T19:57:27.9888109Z,0.133404,0.849620,0.048810,0.152903,0.824520,0.063913,9.77,gru,0.019499,0.025100,0.015104
2026-04-01T19:57:28.0273539Z,0.128905,0.858224,0.046423,0.146356,0.833245,0.059824,10.27,gru,0.017452,0.024979,0.013401
2026-04-01T19:57:28.0506703Z,0.127809,0.867533,0.042654,0.142741,0.842057,0.054646,6.44,gru,0.014932,0.025477,0.011992
2026-04-01T19:57:28.0817380Z,0.122650,0.875244,0.050481,0.135958,0.849813,0.058140,4.55,gru,0.013308,0.025431,0.007659
2026-04-01T19:57:28.1159533Z,0.126637,0.881185,0.050158,0.134767,0.856567,0.057447,4.13,gru,0.008130,0.024618,0.007288
2026-04-01T19:57:28.1500808Z,0.132356,0.887216,0.052589,0.137145,0.864045,0.056228,5.27,gru,0.004789,0.023171,0.003639
2026-04-01T19:57:28.1965002Z,0.140601,0.890960,0.054693,0.140059,0.870258,0.057743,10.47,gru,0.000542,0.020701,0.003050
2026-04-01T19:57:28.2436299Z,0.141854,0.892844,0.072828,0.139603,0.874173,0.069098,7.67,gru,0.002251,0.018671,0.003730
2026-04-01T19:57:28.2708120Z,0.154130,0.897133,0.075811,0.146665,0.878650,0.072752,4.68,gru,0.007465,0.018483,0.003059
2026-04-01T19:57:28.2831444Z,0.172336,0.899300,0.073530,0.160136,0.883129,0.071204,3.62,gru,0.012200,0.016171,0.002326
2026-04-01T19:57:28.3267814Z,0.145778,0.889802,0.119202,0.146828,0.881366,0.106857,6.65,gru,0.001050,0.008436,0.012346
2026-04-01T19:57:28.3571041Z,0.148869,0.891315,0.127643,0.146642,0.882276,0.118515,3.51,gru,0.002226,0.009039,0.009129
2026-04-01T19:57:28.3959221Z,0.154835,0.893412,0.134058,0.158542,0.887525,0.124740,6.73,gru,0.003707,0.005887,0.009318
2026-04-01T19:57:28.4415382Z,0.184700,0.901930,0.121539,0.174912,0.894547,0.123880,5.15,gru,0.009788,0.007383,0.002341
2026-04-01T19:57:28.4723296Z,0.178424,0.910963,0.132968,0.167982,0.897846,0.136395,4.65,gru,0.010442,0.013116,0.003427
2026-04-01T19:57:28.5123628Z,0.166488,0.916288,0.137341,0.167482,0.902625,0.139393,6.10,gru,0.000994,0.013663,0.002052
2026-04-01T19:57:28.5466126Z,0.160612,0.926270,0.134442,0.164227,0.912684,0.139158,5.51,gru,0.003615,0.013585,0.004716
2026-04-01T19:57:28.5795977Z,0.151855,0.938133,0.129636,0.157493,0.921877,0.137543,4.03,gru,0.005638,0.016256,0.007907
2026-04-01T19:57:28.6216087Z,0.135408,0.949763,0.125884,0.144692,0.931374,0.136355,7.98,gru,0.009285,0.018389,0.010471
2026-04-01T19:57:28.6579361Z,0.122294,0.961237,0.119661,0.135777,0.940057,0.132094,4.53,gru,0.013482,0.021180,0.012432
2026-04-01T19:57:28.6871704Z,0.099129,0.973181,0.115360,0.120817,0.952157,0.127247,5.68,gru,0.021688,0.021024,0.011887
2026-04-01T19:57:28.7163244Z,0.077659,0.984461,0.109896,0.102837,0.964278,0.122625,5.52,gru,0.025178,0.020183,0.012730
2026-04-01T19:57:28.7462099Z,0.046615,0.996527,0.106944,0.080460,0.975639,0.118603,4.01,gru,0.033845,0.020888,0.011660
2026-04-01T19:57:28.7808812Z,0.030774,1.011637,0.097697,0.064931,0.987910,0.111743,4.75,gru,0.034157,0.023727,0.014046
2026-04-01T19:57:28.8217733Z,0.009480,1.025417,0.092067,0.047305,1.000995,0.105005,7.39,gru,0.037825,0.024422,0.012938
2026-04-01T19:57:28.8586581Z,-0.026471,1.033015,0.090740,0.017002,1.013358,0.103031,5.38,gru,0.043473,0.019657,0.012291
2026-04-01T19:57:28.8934249Z,-0.045512,1.047121,0.082688,-0.003256,1.024765,0.095929,7.71,gru,0.042257,0.022356,0.013241
2026-04-01T19:57:28.9182974Z,-0.074625,1.049062,0.080690,-0.024010,1.030554,0.090421,4.52,gru,0.050615,0.018508,0.009731
2026-04-01T19:57:28.9511178Z,-0.086393,1.062857,0.070212,-0.042642,1.042797,0.082811,7.60,gru,0.043750,0.020060,0.012599
2026-04-01T19:57:28.9867180Z,-0.105988,1.075548,0.062665,-0.062786,1.055610,0.075126,6.43,gru,0.043202,0.019939,0.012462
2026-04-01T19:57:29.0174479Z,-0.126780,1.082915,0.058059,-0.084780,1.064211,0.071252,4.12,gru,0.042001,0.018704,0.013193
2026-04-01T19:57:29.0470132Z,-0.146191,1.089818,0.052832,-0.102725,1.070120,0.065447,4.00,gru,0.043466,0.019698,0.012616
2026-04-01T19:57:29.0801960Z,-0.174508,1.090112,0.050566,-0.125719,1.075503,0.061076,5.64,gru,0.048789,0.014608,0.010509
2026-04-01T19:57:29.1107119Z,-0.167355,1.035776,0.083121,-0.133667,1.065778,0.072025,3.50,gru,0.033688,0.030001,0.011096
2026-04-01T19:57:29.1487643Z,-0.218330,1.095961,0.043760,-0.177636,1.127519,0.047173,5.44,gru,0.040694,0.031558,0.003413
2026-04-01T19:57:29.1836733Z,-0.235527,1.094467,0.041387,-0.199787,1.129661,0.038244,6.10,gru,0.035739,0.035194,0.003143
2026-04-01T19:57:29.2261045Z,-0.202342,1.033406,0.075756,-0.208946,1.129598,0.041511,6.65,gru,0.006604,0.096192,0.034245
2026-04-01T19:57:29.2710180Z,-0.206791,1.033251,0.074034,-0.215496,1.118228,0.041390,6.60,gru,0.008706,0.084977,0.032644
2026-04-01T19:57:29.3295771Z,-0.291391,1.089967,0.031265,-0.258874,1.184191,0.009916,4.08,gru,0.032517,0.094224,0.021349
2026-04-01T19:57:29.3625839Z,-0.297279,1.088396,0.032579,-0.287195,1.162305,0.002059,6.66,gru,0.010085,0.073909,0.030519
2026-04-01T19:57:29.3912978Z,-0.292978,1.095799,0.022266,-0.299175,1.133921,-0.003185,5.75,gru,0.006197,0.038122,0.025451
2026-04-01T19:57:29.4188534Z,-0.293583,1.091357,0.031367,-0.315902,1.128214,0.001062,4.19,gru,0.022319,0.036857,0.030305
2026-04-01T19:57:29.4501483Z,-0.266291,1.121623,0.041788,-0.311413,1.136538,0.009941,6.24,gru,0.045123,0.014915,0.031847
2026-04-01T19:57:29.4904335Z,-0.228648,1.056959,0.081589,-0.297210,1.132607,0.024440,5.30,gru,0.068562,0.075649,0.057148
2026-04-01T19:57:29.5268122Z,-0.258709,1.090551,0.023234,-0.309493,1.150371,-0.004188,5.56,gru,0.050784,0.059821,0.027422
2026-04-01T19:57:29.5531254Z,-0.239177,1.090150,0.023117,-0.297840,1.156946,-0.006456,5.68,gru,0.058663,0.066796,0.029573
2026-04-01T19:57:29.5839485Z,-0.217177,1.096111,0.009642,-0.286630,1.153897,-0.009007,5.33,gru,0.069453,0.057786,0.018649
2026-04-01T19:57:29.6144328Z,-0.188902,1.083030,0.028646,-0.264082,1.141296,-0.000972,4.00,gru,0.075181,0.058266,0.029618
2026-04-01T19:57:29.6483357Z,-0.161593,1.077827,0.030986,-0.240513,1.127654,0.006322,4.02,gru,0.078920,0.049827,0.024664
2026-04-01T19:57:29.6861246Z,-0.134215,1.071332,0.036179,-0.212955,1.118582,0.008223,5.96,gru,0.078740,0.047250,0.027957
2026-04-01T19:57:29.7194067Z,-0.098488,1.063137,0.032964,-0.179379,1.105564,0.011071,8.44,gru,0.080891,0.042427,0.021893
2026-04-01T19:57:29.7695996Z,-0.079315,1.052063,0.043372,-0.153020,1.090786,0.021582,5.53,gru,0.073705,0.038722,0.021790
2026-04-01T19:57:29.8102140Z,-0.066837,1.033856,0.076167,-0.133314,1.071306,0.049556,6.46,gru,0.066477,0.037450,0.026611
2026-04-01T19:57:29.8405113Z,-0.009955,1.012679,0.078548,-0.099278,1.054641,0.059193,7.96,gru,0.089322,0.041962,0.019355
2026-04-01T19:57:29.8796836Z,0.007654,0.998285,0.087668,-0.070652,1.039018,0.075038,3.51,gru,0.078306,0.040732,0.012630
2026-04-01T19:57:29.9120387Z,0.038660,0.996128,0.071633,-0.032824,1.023254,0.073894,4.04,gru,0.071484,0.027126,0.002261
2026-04-01T19:57:29.9473475Z,0.036152,0.966000,0.106963,-0.014668,1.004651,0.096187,6.31,gru,0.050819,0.038650,0.010775
2026-04-01T19:57:29.9785760Z,0.071764,0.965933,0.088971,0.014450,0.993275,0.093876,6.54,gru,0.057314,0.027341,0.004904
2026-04-01T19:57:30.0102789Z,0.084473,0.948846,0.097615,0.038736,0.977989,0.092952,4.05,gru,0.045737,0.029143,0.004663
2026-04-01T19:57:30.0462438Z,0.086996,0.931366,0.109509,0.048125,0.967690,0.112861,4.04,gru,0.038871,0.036324,0.003352
2026-04-01T19:57:30.0854254Z,0.091988,0.915599,0.119180,0.062226,0.951613,0.119383,7.03,gru,0.029762,0.036014,0.000203
2026-04-01T19:57:30.1212551Z,0.100613,0.900735,0.124359,0.077946,0.934386,0.123412,8.55,gru,0.022668,0.033651,0.000947
2026-04-01T19:57:30.1482458Z,0.103731,0.887350,0.131886,0.086273,0.920756,0.128523,4.50,gru,0.017458,0.033407,0.003363
2026-04-01T19:57:30.1786725Z,0.106869,0.872582,0.139521,0.090978,0.905844,0.135414,3.52,gru,0.015892,0.033262,0.004108
2026-04-01T19:57:30.2139186Z,0.110191,0.859857,0.145681,0.097092,0.890666,0.140734,3.51,gru,0.013099,0.030809,0.004947
2026-04-01T19:57:30.2451754Z,0.117226,0.849074,0.148605,0.105572,0.878711,0.143263,6.02,gru,0.011654,0.029636,0.005342
2026-04-01T19:57:30.2976223Z,0.175786,0.843221,0.124597,0.137025,0.867686,0.136537,4.02,gru,0.038761,0.024466,0.011940
2026-04-01T19:57:30.3415537Z,0.177823,0.829557,0.129624,0.144897,0.858198,0.142431,4.69,gru,0.032927,0.028641,0.012806
2026-04-01T19:57:30.3685607Z,0.182813,0.817174,0.132257,0.145689,0.848118,0.149795,6.84,gru,0.037124,0.030944,0.017539
2026-04-01T19:57:30.3971367Z,0.205935,0.805790,0.127776,0.164554,0.834002,0.148734,5.04,gru,0.041381,0.028212,0.020959
2026-04-01T19:57:30.4267046Z,0.209014,0.789932,0.131038,0.178649,0.820076,0.146043,4.03,gru,0.030365,0.030145,0.015005
2026-04-01T19:57:30.4560348Z,0.214529,0.772871,0.133902,0.184230,0.805764,0.147871,3.51,gru,0.030299,0.032893,0.013968
2026-04-01T19:57:30.4870497Z,0.217602,0.756331,0.136216,0.191379,0.789011,0.147729,5.02,gru,0.026224,0.032680,0.011514
2026-04-01T19:57:30.5164906Z,0.218285,0.737799,0.137777,0.198882,0.771959,0.145940,6.20,gru,0.019403,0.034160,0.008162
2026-04-01T19:57:30.5515049Z,0.219576,0.721181,0.138615,0.205266,0.755956,0.144198,6.04,gru,0.014310,0.034775,0.005583
2026-04-01T19:57:30.5861537Z,0.225430,0.699040,0.139707,0.211694,0.738207,0.144116,6.98,gru,0.013736,0.039168,0.004410
2026-04-01T19:57:30.6260034Z,0.225168,0.680222,0.140480,0.214423,0.721046,0.143526,6.75,gru,0.010745,0.040824,0.003046
2026-04-01T19:57:30.6634287Z,0.211906,0.663777,0.145968,0.209583,0.706122,0.145647,5.01,gru,0.002323,0.042345,0.000321
2026-04-01T19:57:30.7000008Z,0.207024,0.646711,0.147550,0.208923,0.687988,0.146256,4.65,gru,0.001899,0.041277,0.001294
2026-04-01T19:57:30.7219324Z,0.204466,0.627753,0.149867,0.210524,0.669530,0.146735,6.38,gru,0.006058,0.041777,0.003131
2026-04-01T19:57:30.7538298Z,0.204170,0.610010,0.150542,0.209869,0.653041,0.147221,4.01,gru,0.005700,0.043031,0.003321
2026-04-01T19:57:30.7860422Z,0.204212,0.589540,0.152551,0.208809,0.635091,0.148737,5.02,gru,0.004597,0.045552,0.003814
2026-04-01T19:57:30.8362776Z,0.207102,0.569158,0.152459,0.209742,0.613294,0.149727,15.32,gru,0.002640,0.044136,0.002732
2026-04-01T19:57:30.8713716Z,0.205478,0.552870,0.151411,0.208970,0.595897,0.149519,7.12,gru,0.003492,0.043027,0.001891
2026-04-01T19:57:30.8903306Z,0.213588,0.526016,0.149084,0.213078,0.575183,0.149155,5.28,gru,0.000510,0.049167,0.000071
2026-04-01T19:57:30.9209537Z,0.203350,0.514519,0.150990,0.208133,0.561231,0.150817,8.54,gru,0.004783,0.046712,0.000173
2026-04-01T19:57:30.9561980Z,0.204580,0.489121,0.149962,0.207088,0.540445,0.150840,6.02,gru,0.002508,0.051324,0.000878
2026-04-01T19:57:30.9893090Z,0.204220,0.467667,0.149582,0.208521,0.518552,0.150246,5.81,gru,0.004301,0.050885,0.000664
2026-04-01T19:57:31.0384142Z,0.217919,0.428579,0.144999,0.214496,0.492372,0.147816,12.46,gru,0.003423,0.063793,0.002817
2026-04-01T19:57:31.0634571Z,0.210526,0.411443,0.146041,0.211449,0.477877,0.148238,3.62,gru,0.000923,0.066434,0.002197
2026-04-01T19:57:31.0944886Z,0.205440,0.388921,0.146953,0.207072,0.460528,0.149120,4.63,gru,0.001632,0.071607,0.002167
2026-04-01T19:57:31.1194320Z,0.197964,0.369373,0.147190,0.205753,0.437772,0.149028,6.23,gru,0.007789,0.068399,0.001837
2026-04-01T19:57:31.1458933Z,0.189367,0.348082,0.148543,0.201416,0.415813,0.149247,4.59,gru,0.012049,0.067732,0.000704
2026-04-01T19:57:31.1768306Z,0.179170,0.329025,0.148805,0.194466,0.398023,0.149725,3.69,gru,0.015297,0.068998,0.000920
2026-04-01T19:57:31.2145672Z,0.168179,0.304699,0.148769,0.187487,0.378028,0.149981,4.10,gru,0.019308,0.073329,0.001212
2026-04-01T19:57:31.2441175Z,0.155624,0.286789,0.149978,0.179314,0.358925,0.150582,4.64,gru,0.023690,0.072136,0.000604
2026-04-01T19:57:31.2774854Z,0.141865,0.271623,0.149950,0.168987,0.342346,0.150622,3.72,gru,0.027122,0.070723,0.000672
2026-04-01T19:57:31.3244248Z,0.129288,0.256550,0.151063,0.158575,0.326081,0.151438,5.17,gru,0.029287,0.069531,0.000375
2026-04-01T19:57:31.3492835Z,0.116698,0.243133,0.150729,0.147881,0.310104,0.151823,4.11,gru,0.031183,0.066970,0.001093
2026-04-01T19:57:31.3799670Z,0.105566,0.231404,0.149887,0.137049,0.295890,0.151402,4.62,gru,0.031483,0.064486,0.001515
2026-04-01T19:57:31.4156160Z,0.095350,0.221815,0.149351,0.126331,0.282605,0.151587,4.59,gru,0.030981,0.060791,0.002236
2026-04-01T19:57:31.4606082Z,0.087112,0.215061,0.149718,0.116333,0.271429,0.152319,6.16,gru,0.029222,0.056367,0.002601
2026-04-01T19:57:31.4967091Z,0.079781,0.207420,0.150743,0.107122,0.259317,0.153223,5.03,gru,0.027341,0.051897,0.002480
2026-04-01T19:57:31.5175525Z,0.073561,0.201670,0.152000,0.098740,0.248800,0.153893,3.51,gru,0.025179,0.047130,0.001893
2026-04-01T19:57:31.5435981Z,0.068028,0.197881,0.153045,0.090766,0.241399,0.154553,4.06,gru,0.022738,0.043518,0.001508
2026-04-01T19:57:31.5775842Z,0.064082,0.195527,0.154090,0.083830,0.235010,0.155306,3.36,gru,0.019748,0.039483,0.001216
2026-04-01T19:57:31.6160578Z,0.058842,0.191536,0.153624,0.076876,0.227781,0.155255,5.81,gru,0.018033,0.036244,0.001631
2026-04-01T19:57:31.6559350Z,0.056202,0.189528,0.153738,0.071567,0.220575,0.155265,7.54,gru,0.015366,0.031047,0.001526
2026-04-01T19:57:31.6941633Z,0.052270,0.186766,0.153044,0.066301,0.214685,0.155030,13.09,gru,0.014030,0.027919,0.001985
2026-04-01T19:57:31.7158708Z,0.049240,0.185156,0.153741,0.061479,0.209315,0.155265,5.02,gru,0.012239,0.024159,0.001524
2026-04-01T19:57:31.7599120Z,0.045696,0.184658,0.154360,0.056986,0.204955,0.155525,12.56,gru,0.011290,0.020297,0.001165
2026-04-01T19:57:31.7913784Z,0.042768,0.183234,0.155303,0.053048,0.200704,0.155727,7.20,gru,0.010280,0.017470,0.000424
2026-04-01T19:57:31.8333770Z,0.040759,0.184102,0.155076,0.049826,0.197975,0.155399,6.14,gru,0.009067,0.013873,0.000324
2026-04-01T19:57:31.8660686Z,0.041435,0.187496,0.153762,0.048159,0.196837,0.154476,4.52,gru,0.006724,0.009342,0.000714
2026-04-01T19:57:31.8855658Z,0.044802,0.190317,0.151608,0.048600,0.195929,0.153147,6.55,gru,0.003798,0.005612,0.001539
2026-04-01T19:57:31.9164629Z,0.051624,0.195845,0.149045,0.051223,0.196762,0.151441,4.90,gru,0.000401,0.000917,0.002396
2026-04-01T19:57:31.9446612Z,0.061953,0.203621,0.145908,0.056472,0.200073,0.149272,4.04,gru,0.005481,0.003548,0.003364
2026-04-01T19:57:31.9899916Z,0.076316,0.212376,0.143378,0.065070,0.204683,0.147162,5.72,gru,0.011246,0.007694,0.003784
2026-04-01T19:57:32.0200460Z,0.093232,0.224454,0.141407,0.076372,0.211739,0.145297,5.74,gru,0.016860,0.012715,0.003890
2026-04-01T19:57:32.0502009Z,0.111925,0.237968,0.140518,0.089923,0.220732,0.143845,4.67,gru,0.022002,0.017236,0.003327
2026-04-01T19:57:32.0805443Z,0.131258,0.251432,0.140744,0.105237,0.230451,0.142972,4.74,gru,0.026020,0.020981,0.002228
2026-04-01T19:57:32.1264225Z,0.150806,0.264503,0.141752,0.121712,0.240486,0.142591,6.90,gru,0.029094,0.024017,0.000839
2026-04-01T19:57:32.1560296Z,0.169835,0.280658,0.144637,0.138748,0.253197,0.143559,4.00,gru,0.031087,0.027461,0.001078
2026-04-01T19:57:32.1882850Z,0.187242,0.297487,0.148725,0.155574,0.267526,0.145613,4.14,gru,0.031668,0.029961,0.003113
2026-04-01T19:57:32.2197889Z,0.202757,0.313240,0.152886,0.171565,0.281391,0.147774,5.65,gru,0.031192,0.031849,0.005112
2026-04-01T19:57:32.2547577Z,0.217645,0.329948,0.156576,0.187091,0.296003,0.149952,5.00,gru,0.030554,0.033945,0.006624
2026-04-01T19:57:32.2893958Z,0.227807,0.351530,0.162685,0.199908,0.315445,0.154306,5.11,gru,0.027899,0.036085,0.008379
2026-04-01T19:57:32.3344056Z,0.237616,0.367666,0.166768,0.211979,0.331901,0.157834,6.80,gru,0.025638,0.035765,0.008934
2026-04-01T19:57:32.3580963Z,0.239732,0.386565,0.172599,0.219213,0.349194,0.162049,7.03,gru,0.020519,0.037370,0.010550
2026-04-01T19:57:32.3866360Z,0.251804,0.392058,0.169313,0.230907,0.359236,0.161935,7.09,gru,0.020896,0.032823,0.007378
2026-04-01T19:57:32.4160979Z,0.240707,0.408274,0.175962,0.229688,0.376868,0.167661,4.92,gru,0.011019,0.031406,0.008301
2026-04-01T19:57:32.4613924Z,0.254368,0.403231,0.164237,0.239234,0.381990,0.164677,5.05,gru,0.015135,0.021242,0.000439
2026-04-01T19:57:32.4866889Z,0.248474,0.401521,0.159729,0.241914,0.384831,0.160859,4.58,gru,0.006561,0.016690,0.001130
2026-04-01T19:57:32.5224082Z,0.226906,0.406822,0.165476,0.231183,0.397910,0.169894,6.37,gru,0.004277,0.008912,0.004418
2026-04-01T19:57:32.5554530Z,0.220293,0.394416,0.151168,0.228689,0.396084,0.165104,8.63,gru,0.008396,0.001668,0.013936
2026-04-01T19:57:32.5802623Z,0.203752,0.390560,0.145194,0.220721,0.392569,0.156967,5.02,gru,0.016969,0.002009,0.011773
2026-04-01T19:57:32.6132863Z,0.186408,0.379488,0.131323,0.207168,0.390344,0.149389,4.61,gru,0.020761,0.010857,0.018066
2026-04-01T19:57:32.6513454Z,0.168323,0.376468,0.122638,0.192805,0.388531,0.141959,8.63,gru,0.024482,0.012063,0.019321
2026-04-01T19:57:32.6835147Z,0.151968,0.372621,0.113244,0.178905,0.385964,0.134056,8.61,gru,0.026937,0.013343,0.020812
2026-04-01T19:57:32.7191762Z,0.137670,0.372765,0.107574,0.165987,0.383473,0.126274,6.73,gru,0.028317,0.010708,0.018701
2026-04-01T19:57:32.7585948Z,0.127133,0.377862,0.109223,0.153628,0.385183,0.124116,9.02,gru,0.026495,0.007321,0.014893
2026-04-01T19:57:32.7853855Z,0.119618,0.371708,0.099119,0.144329,0.382252,0.116495,6.35,gru,0.024711,0.010544,0.017376
2026-04-01T19:57:32.8173159Z,0.116174,0.378049,0.106815,0.136203,0.383931,0.116073,6.06,gru,0.020029,0.005882,0.009258
2026-04-01T19:57:32.8471063Z,0.114242,0.370543,0.095829,0.130861,0.381409,0.109436,5.01,gru,0.016620,0.010866,0.013607
2026-04-01T19:57:32.8775669Z,0.116361,0.376086,0.101712,0.127607,0.382278,0.108331,3.50,gru,0.011246,0.006192,0.006618
2026-04-01T19:57:32.9171220Z,0.118494,0.370317,0.095732,0.125861,0.380834,0.105409,6.61,gru,0.007366,0.010517,0.009677
2026-04-01T19:57:32.9590558Z,0.122423,0.378801,0.106856,0.125277,0.383842,0.108464,6.03,gru,0.002854,0.005041,0.001608
2026-04-01T19:57:32.9829947Z,0.129144,0.373155,0.098673,0.128017,0.382220,0.105198,6.58,gru,0.001127,0.009065,0.006524
2026-04-01T19:57:33.0204044Z,0.138999,0.376316,0.101541,0.133122,0.381882,0.103630,7.04,gru,0.005878,0.005566,0.002089
2026-04-01T19:57:33.0420944Z,0.151331,0.382256,0.104620,0.139760,0.388121,0.107392,4.72,gru,0.011570,0.005865,0.002772
2026-04-01T19:57:33.0775701Z,0.167070,0.392714,0.108668,0.150562,0.393776,0.109154,4.62,gru,0.016509,0.001062,0.000486
2026-04-01T19:57:33.1225649Z,0.184635,0.405436,0.113466,0.163777,0.400813,0.111361,6.42,gru,0.020858,0.004623,0.002104
2026-04-01T19:57:33.1482181Z,0.206286,0.420686,0.118552,0.179394,0.410383,0.114214,3.12,gru,0.026892,0.010303,0.004338
2026-04-01T19:57:33.1808356Z,0.219853,0.445072,0.133555,0.192090,0.427331,0.124730,6.43,gru,0.027763,0.017740,0.008824
2026-04-01T19:57:33.2245024Z,0.235959,0.463087,0.141285,0.206394,0.441617,0.131184,10.06,gru,0.029565,0.021470,0.010101
2026-04-01T19:57:33.2568378Z,0.234067,0.492007,0.162644,0.211327,0.461260,0.144180,5.93,gru,0.022740,0.030747,0.018463
2026-04-01T19:57:33.2839464Z,0.239949,0.510080,0.173094,0.218919,0.476986,0.153999,5.52,gru,0.021030,0.033094,0.019095
2026-04-01T19:57:33.3138538Z,0.241824,0.527163,0.181828,0.227475,0.490676,0.161470,6.03,gru,0.014349,0.036487,0.020358
2026-04-01T19:57:33.3484369Z,0.241573,0.540532,0.187703,0.229664,0.505726,0.169755,3.51,gru,0.011909,0.034806,0.017949
2026-04-01T19:57:33.3796741Z,0.244370,0.547946,0.189440,0.234223,0.517101,0.175053,4.76,gru,0.010147,0.030844,0.014386
2026-04-01T19:57:33.4130565Z,0.242991,0.555798,0.189333,0.235998,0.526905,0.178398,5.02,gru,0.006993,0.028893,0.010935
2026-04-01T19:57:33.4528693Z,0.243319,0.560790,0.186587,0.237513,0.537548,0.179557,7.03,gru,0.005805,0.023242,0.007030
2026-04-01T19:57:33.4892294Z,0.242178,0.563464,0.183464,0.238514,0.544098,0.179917,6.89,gru,0.003663,0.019366,0.003548
2026-04-01T19:57:33.5183322Z,0.241965,0.566617,0.176775,0.238833,0.551287,0.177613,6.62,gru,0.003132,0.015330,0.000838
2026-04-01T19:57:33.5461378Z,0.240162,0.568929,0.170098,0.238313,0.556039,0.174035,5.53,gru,0.001849,0.012890,0.003937
2026-04-01T19:57:33.5820633Z,0.228314,0.578128,0.170432,0.231133,0.567239,0.174908,3.83,gru,0.002819,0.010889,0.004476
2026-04-01T19:57:33.6206130Z,0.223077,0.584535,0.164706,0.227721,0.573914,0.171527,6.11,gru,0.004645,0.010621,0.006821
2026-04-01T19:57:33.6579419Z,0.228862,0.588974,0.149371,0.232401,0.577131,0.162447,7.89,gru,0.003539,0.011843,0.013076
2026-04-01T19:57:33.6845118Z,0.225988,0.596714,0.143669,0.229542,0.585969,0.158087,4.49,gru,0.003554,0.010745,0.014418
2026-04-01T19:57:33.7147499Z,0.230799,0.604638,0.128771,0.228881,0.594252,0.149014,6.75,gru,0.001918,0.010387,0.020243
2026-04-01T19:57:33.7466495Z,0.228397,0.612544,0.123076,0.228509,0.600972,0.141390,6.02,gru,0.000112,0.011571,0.018315
2026-04-01T19:57:33.7786710Z,0.224382,0.622359,0.119845,0.225724,0.608772,0.136977,6.06,gru,0.001341,0.013588,0.017132
2026-04-01T19:57:33.8148128Z,0.218684,0.634008,0.117425,0.222589,0.618008,0.131564,4.62,gru,0.003904,0.016001,0.014139
2026-04-01T19:57:33.8460884Z,0.217101,0.646371,0.110487,0.221651,0.628050,0.124315,5.52,gru,0.004550,0.018321,0.013827
2026-04-01T19:57:33.8833921Z,0.205638,0.661745,0.111251,0.214231,0.641273,0.121774,7.03,gru,0.008593,0.020473,0.010523
2026-04-01T19:57:33.9312247Z,0.197405,0.676282,0.105127,0.207388,0.654043,0.116640,6.61,gru,0.009983,0.022239,0.011513
2026-04-01T19:57:33.9464633Z,0.187143,0.692326,0.099701,0.200785,0.667864,0.110542,4.51,gru,0.013642,0.024463,0.010841
2026-04-01T19:57:33.9796843Z,0.182598,0.708377,0.080071,0.195383,0.683767,0.098290,5.03,gru,0.012784,0.024610,0.018219
2026-04-01T19:57:34.0102421Z,0.170866,0.726587,0.074109,0.185967,0.701049,0.092159,4.05,gru,0.015100,0.025538,0.018050
2026-04-01T19:57:34.0493451Z,0.157066,0.744852,0.071181,0.174009,0.718643,0.090512,6.53,gru,0.016943,0.026209,0.019331
2026-04-01T19:57:34.0836819Z,0.141224,0.761698,0.071128,0.162706,0.734780,0.086387,5.55,gru,0.021482,0.026918,0.015260
2026-04-01T19:57:34.1181678Z,0.131091,0.776640,0.056167,0.153415,0.750670,0.075337,4.02,gru,0.022324,0.025970,0.019170
2026-04-01T19:57:34.1480324Z,0.115267,0.788839,0.059129,0.140042,0.764504,0.073600,6.52,gru,0.024775,0.024335,0.014471
2026-04-01T19:57:34.1807191Z,0.104535,0.802216,0.051476,0.127898,0.777424,0.069244,3.55,gru,0.023362,0.024792,0.017768
2026-04-01T19:57:34.2108499Z,0.091571,0.811795,0.052103,0.116418,0.789707,0.065068,4.51,gru,0.024847,0.022088,0.012966
2026-04-01T19:57:34.2441393Z,0.080898,0.819910,0.047896,0.104783,0.799859,0.060878,4.01,gru,0.023885,0.020051,0.012982
2026-04-01T19:57:34.2805423Z,0.073123,0.823214,0.036231,0.095307,0.806523,0.051639,7.14,gru,0.022184,0.016691,0.015408
2026-04-01T19:57:34.3296348Z,0.060041,0.831047,0.036672,0.082653,0.815252,0.050239,3.56,gru,0.022612,0.015794,0.013566
2026-04-01T19:57:34.3578827Z,0.052965,0.832908,0.032011,0.073368,0.820487,0.046360,4.51,gru,0.020403,0.012421,0.014348
2026-04-01T19:57:34.3831384Z,0.045530,0.835795,0.027588,0.065859,0.824563,0.040172,4.48,gru,0.020328,0.011231,0.012584
2026-04-01T19:57:34.4114205Z,0.041419,0.837862,0.019366,0.058730,0.828562,0.033223,6.02,gru,0.017311,0.009300,0.013857
2026-04-01T19:57:34.4452181Z,0.037405,0.840410,0.018258,0.052379,0.831862,0.030139,4.02,gru,0.014974,0.008548,0.011882
2026-04-01T19:57:34.4851966Z,0.036185,0.841589,0.026039,0.047841,0.834087,0.033432,7.99,gru,0.011656,0.007501,0.007393
2026-04-01T19:57:34.5213012Z,0.041040,0.840659,0.021430,0.047977,0.834823,0.029861,8.47,gru,0.006937,0.005836,0.008431
2026-04-01T19:57:34.5466908Z,0.046615,0.842793,0.030026,0.048940,0.836198,0.031366,3.51,gru,0.002325,0.006595,0.001340
2026-04-01T19:57:34.5903051Z,0.056962,0.841599,0.035306,0.052809,0.835998,0.035743,9.66,gru,0.004153,0.005601,0.000436
2026-04-01T19:57:34.6245284Z,0.070052,0.838831,0.047493,0.060670,0.833602,0.041720,4.09,gru,0.009382,0.005229,0.005773
2026-04-01T19:57:34.6579763Z,0.084275,0.838788,0.059729,0.070246,0.832803,0.050119,3.50,gru,0.014030,0.005985,0.009610
2026-04-01T19:57:34.6938016Z,0.106849,0.838393,0.064788,0.085479,0.832164,0.054294,5.14,gru,0.021370,0.006228,0.010494
2026-04-01T19:57:34.7484089Z,0.121246,0.835249,0.082373,0.097500,0.831268,0.066841,7.93,gru,0.023746,0.003981,0.015532
2026-04-01T19:57:34.7941029Z,0.152886,0.835449,0.107796,0.119357,0.830963,0.086080,6.03,gru,0.033529,0.004486,0.021716
2026-04-01T19:57:34.8283218Z,0.164466,0.833252,0.121053,0.132879,0.829886,0.096868,6.62,gru,0.031587,0.003366,0.024185
2026-04-01T19:57:34.8606750Z,0.173876,0.833223,0.128853,0.140802,0.830487,0.103573,4.52,gru,0.033074,0.002737,0.025281
2026-04-01T19:57:34.8916237Z,0.185865,0.833711,0.134207,0.155280,0.830595,0.112229,5.14,gru,0.030585,0.003116,0.021978
2026-04-01T19:57:34.9249827Z,0.183374,0.834168,0.144276,0.161266,0.833243,0.124948,6.75,gru,0.022108,0.000925,0.019328
2026-04-01T19:57:34.9650842Z,0.194540,0.834812,0.142794,0.172835,0.834526,0.129691,7.53,gru,0.021705,0.000286,0.013102
2026-04-01T19:57:34.9916586Z,0.197575,0.836494,0.142430,0.181125,0.836913,0.131754,7.21,gru,0.016450,0.000419,0.010676
2026-04-01T19:57:35.0239341Z,0.195576,0.836611,0.143424,0.182471,0.840617,0.137496,3.51,gru,0.013105,0.004006,0.005928
2026-04-01T19:57:35.0513201Z,0.194460,0.838666,0.139562,0.185946,0.843135,0.138544,4.51,gru,0.008514,0.004470,0.001017
2026-04-01T19:57:35.0767851Z,0.190236,0.841199,0.134342,0.187165,0.846933,0.136489,4.02,gru,0.003071,0.005734,0.002147
2026-04-01T19:57:35.1262501Z,0.180830,0.842376,0.130437,0.182908,0.850361,0.135152,6.52,gru,0.002078,0.007985,0.004715
2026-04-01T19:57:35.1526636Z,0.174141,0.847819,0.121443,0.179038,0.854992,0.130362,5.51,gru,0.004897,0.007174,0.008919
2026-04-01T19:57:35.1809493Z,0.161412,0.850880,0.116650,0.171966,0.859075,0.126531,6.02,gru,0.010554,0.008195,0.009882
2026-04-01T19:57:35.2151270Z,0.139551,0.852824,0.118765,0.157381,0.862407,0.127462,6.02,gru,0.017831,0.009583,0.008697
2026-04-01T19:57:35.2501136Z,0.130891,0.859982,0.106785,0.149156,0.867101,0.119672,4.87,gru,0.018265,0.007120,0.012887
2026-04-01T19:57:35.2798744Z,0.117843,0.864131,0.100438,0.139442,0.870979,0.111976,5.03,gru,0.021599,0.006848,0.011538
2026-04-01T19:57:35.3133268Z,0.114345,0.874625,0.079882,0.130961,0.877289,0.099375,3.67,gru,0.016615,0.002665,0.019492
2026-04-01T19:57:35.3446218Z,0.101914,0.880246,0.071015,0.119650,0.881279,0.090257,4.01,gru,0.017737,0.001032,0.019243
2026-04-01T19:57:35.3763949Z,0.091928,0.886376,0.060578,0.108636,0.884787,0.082554,4.07,gru,0.016708,0.001589,0.021976
2026-04-01T19:57:35.4114717Z,0.068551,0.890133,0.066526,0.092741,0.888556,0.081072,4.69,gru,0.024190,0.001577,0.014546
2026-04-01T19:57:35.4471244Z,0.063906,0.895930,0.047722,0.084217,0.893633,0.069527,5.51,gru,0.020311,0.002297,0.021805
2026-04-01T19:57:35.4806645Z,0.058519,0.905206,0.028213,0.077190,0.900935,0.053226,4.06,gru,0.018670,0.004271,0.025012
2026-04-01T19:57:35.5281660Z,0.050269,0.910659,0.019091,0.066918,0.906235,0.047917,5.10,gru,0.016649,0.004424,0.028826
2026-04-01T19:57:35.5511635Z,0.047551,0.928663,-0.037614,0.057352,0.922407,0.017435,6.57,gru,0.009801,0.006256,0.055049
2026-04-01T19:57:35.5806030Z,0.043008,0.928039,-0.038411,0.051567,0.924315,0.004939,3.05,gru,0.008559,0.003724,0.043350
2026-04-01T19:57:35.6158713Z,0.043222,0.934534,-0.047742,0.048123,0.926590,-0.000191,5.14,gru,0.004902,0.007944,0.047551
2026-04-01T19:57:35.6483470Z,0.038023,0.931013,-0.045793,0.043897,0.930338,-0.011798,6.54,gru,0.005874,0.000674,0.033995
2026-04-01T19:57:35.6806286Z,0.039507,0.933491,-0.049143,0.041531,0.931121,-0.020425,6.12,gru,0.002024,0.002370,0.028718
2026-04-01T19:57:35.7165213Z,0.028555,0.925853,-0.042132,0.036102,0.927748,-0.023965,8.41,gru,0.007547,0.001895,0.018167
2026-04-01T19:57:35.7548455Z,0.027895,0.926869,-0.042158,0.032870,0.926018,-0.026861,7.15,gru,0.004975,0.000851,0.015297
2026-04-01T19:57:35.7851883Z,0.027204,0.926197,-0.041840,0.031999,0.925931,-0.030883,5.19,gru,0.004795,0.000266,0.010957
2026-04-01T19:57:35.8160529Z,0.027344,0.927245,-0.041623,0.030692,0.925187,-0.032973,6.67,gru,0.003348,0.002058,0.008650
2026-04-01T19:57:35.8429790Z,0.026700,0.927880,-0.041914,0.029286,0.923782,-0.034677,3.68,gru,0.002586,0.004098,0.007237
2026-04-01T19:57:35.8808307Z,0.024783,0.926680,-0.041699,0.027521,0.922569,-0.035541,6.31,gru,0.002738,0.004110,0.006158
2026-04-01T19:57:35.9135898Z,0.020866,0.919499,-0.031602,0.025129,0.919076,-0.030601,7.16,gru,0.004263,0.000423,0.001001
2026-04-01T19:57:35.9580346Z,0.020040,0.920878,-0.032779,0.023392,0.920642,-0.031480,5.72,gru,0.003352,0.000235,0.001299
2026-04-01T19:57:35.9836134Z,0.018843,0.920077,-0.032874,0.022062,0.922449,-0.033423,5.80,gru,0.003219,0.002372,0.000549
2026-04-01T19:57:36.0100458Z,0.036554,0.933011,-0.054327,0.027316,0.930743,-0.043056,3.60,gru,0.009238,0.002268,0.011272
2026-04-01T19:57:36.0496133Z,0.015982,0.920235,-0.033935,0.019314,0.930562,-0.029794,4.71,gru,0.003332,0.010328,0.004141
2026-04-01T19:57:36.0820609Z,0.013732,0.920362,-0.034059,0.014904,0.927187,-0.025755,4.71,gru,0.001172,0.006826,0.008303
2026-04-01T19:57:36.1166634Z,0.014450,0.924814,-0.034816,0.014708,0.934944,-0.027164,5.16,gru,0.000258,0.010130,0.007652
2026-04-01T19:57:36.1437973Z,0.014376,0.930210,-0.031929,0.013542,0.938711,-0.024343,3.63,gru,0.000834,0.008501,0.007587
2026-04-01T19:57:36.1818910Z,0.015081,0.953611,-0.036905,0.012534,0.952479,-0.027618,5.72,gru,0.002547,0.001132,0.009288
2026-04-01T19:57:36.2094055Z,0.013162,0.963786,-0.031918,0.011542,0.959902,-0.026192,4.70,gru,0.001620,0.003884,0.005727
2026-04-01T19:57:36.2468497Z,-0.014895,0.955246,0.026065,-0.005733,0.960780,0.010817,5.10,gru,0.009162,0.005533,0.015248
2026-04-01T19:57:36.2803367Z,-0.020371,0.966543,0.027756,-0.012194,0.972503,0.018111,3.24,gru,0.008177,0.005960,0.009645
2026-04-01T19:57:36.3145632Z,-0.032264,0.973622,0.038358,-0.017838,0.984295,0.020997,5.69,gru,0.014425,0.010674,0.017362
2026-04-01T19:57:36.3444018Z,-0.042482,0.978224,0.044444,-0.028813,0.988073,0.035072,5.21,gru,0.013669,0.009849,0.009372
2026-04-01T19:57:36.3767606Z,-0.022705,1.001801,-0.007043,-0.027204,1.004415,0.019800,3.60,gru,0.004499,0.002614,0.026843
2026-04-01T19:57:36.4171507Z,-0.055405,0.980997,0.046943,-0.042535,1.003135,0.050677,5.78,gru,0.012869,0.022138,0.003733
2026-04-01T19:57:36.4449240Z,-0.054071,1.000036,0.017990,-0.049731,1.009112,0.042991,4.04,gru,0.004340,0.009076,0.025001
2026-04-01T19:57:36.4789448Z,-0.062586,0.998467,0.027737,-0.050515,1.016474,0.041706,5.23,gru,0.012072,0.018006,0.013969
2026-04-01T19:57:36.5103749Z,-0.061982,0.996680,0.029622,-0.055983,1.016366,0.053110,4.15,gru,0.005999,0.019686,0.023488
2026-04-01T19:57:36.5473205Z,-0.059402,0.996678,0.026005,-0.056982,1.015120,0.048404,3.54,gru,0.002420,0.018442,0.022399
2026-04-01T19:57:36.5799117Z,-0.074577,0.989520,0.056032,-0.067874,1.009679,0.066614,3.77,gru,0.006703,0.020159,0.010582
2026-04-01T19:57:36.6213353Z,-0.068522,0.985444,0.060781,-0.066664,1.002492,0.069886,6.76,gru,0.001859,0.017049,0.009105
2026-04-01T19:57:36.6473415Z,-0.059222,0.989353,0.063157,-0.059748,1.002761,0.068033,3.54,gru,0.000526,0.013408,0.004876
2026-04-01T19:57:36.6804319Z,-0.034145,0.994327,0.054070,-0.048732,1.002818,0.065456,3.14,gru,0.014587,0.008491,0.011386
2026-04-01T19:57:36.7145765Z,-0.014923,0.991144,0.047320,-0.037322,0.996447,0.061098,3.10,gru,0.022399,0.005303,0.013778
2026-04-01T19:57:36.7433737Z,0.003745,0.986498,0.047051,-0.025313,0.989934,0.061658,4.19,gru,0.029058,0.003436,0.014608
2026-04-01T19:57:36.7773977Z,0.015937,0.981653,0.056799,-0.012684,0.984702,0.065752,3.14,gru,0.028620,0.003048,0.008953
2026-04-01T19:57:36.8160579Z,0.019514,0.975717,0.085862,-0.004167,0.978644,0.081933,5.14,gru,0.023680,0.002927,0.003929
2026-04-01T19:57:36.8461435Z,0.043534,0.971913,0.088586,0.016387,0.972878,0.085336,3.61,gru,0.027147,0.000965,0.003250
2026-04-01T19:57:36.8797548Z,0.052708,0.966923,0.104816,0.028761,0.967791,0.091661,4.70,gru,0.023947,0.000868,0.013155
2026-04-01T19:57:36.9171267Z,0.070754,0.959236,0.111969,0.041366,0.963005,0.101614,6.74,gru,0.029387,0.003769,0.010355
2026-04-01T19:57:36.9487998Z,0.083372,0.954974,0.122586,0.056065,0.958397,0.109772,3.64,gru,0.027306,0.003423,0.012814
2026-04-01T19:57:36.9802699Z,0.094217,0.948890,0.133568,0.067548,0.955546,0.120046,4.27,gru,0.026670,0.006656,0.013522
2026-04-01T19:57:37.0133372Z,0.106145,0.943033,0.142196,0.081112,0.950513,0.126949,4.67,gru,0.025033,0.007480,0.015247
2026-04-01T19:57:37.0443611Z,0.115007,0.937130,0.150958,0.091558,0.946151,0.135354,4.08,gru,0.023450,0.009020,0.015604
2026-04-01T19:57:37.0761794Z,0.117475,0.928382,0.162054,0.097711,0.941619,0.145336,3.60,gru,0.019764,0.013237,0.016718
2026-04-01T19:57:37.1118982Z,0.132901,0.926726,0.162885,0.112473,0.938766,0.149392,5.71,gru,0.020428,0.012040,0.013493
2026-04-01T19:57:37.1477006Z,0.140746,0.921910,0.167661,0.123485,0.935856,0.154218,3.58,gru,0.017261,0.013945,0.013443
2026-04-01T19:57:37.1802742Z,0.146598,0.916731,0.172533,0.128981,0.931759,0.161559,3.69,gru,0.017617,0.015028,0.010973
2026-04-01T19:57:37.2127839Z,0.151910,0.909043,0.176185,0.136208,0.924200,0.166565,4.00,gru,0.015703,0.015156,0.009621
2026-04-01T19:57:37.2484576Z,0.157134,0.902127,0.178637,0.143864,0.917909,0.170298,3.59,gru,0.013270,0.015781,0.008339
2026-04-01T19:57:37.2861198Z,0.152605,0.893145,0.186148,0.143791,0.912214,0.177569,5.14,gru,0.008814,0.019069,0.008578
2026-04-01T19:57:37.3141648Z,0.152037,0.885495,0.191729,0.144991,0.905626,0.183230,4.56,gru,0.007046,0.020131,0.008498
2026-04-01T19:57:37.3532141Z,0.167217,0.878279,0.190469,0.158023,0.897667,0.184476,6.18,gru,0.009194,0.019388,0.005992
2026-04-01T19:57:37.3831539Z,0.175387,0.867194,0.194639,0.165354,0.890509,0.187752,6.41,gru,0.010033,0.023315,0.006887
2026-04-01T19:57:37.4119984Z,0.179847,0.855340,0.200824,0.166008,0.881969,0.194396,3.51,gru,0.013839,0.026630,0.006428
2026-04-01T19:57:37.4451642Z,0.187188,0.842977,0.204294,0.172828,0.870307,0.197498,4.51,gru,0.014359,0.027330,0.006796
2026-04-01T19:57:37.4785662Z,0.194890,0.831410,0.209479,0.182498,0.859771,0.200612,3.69,gru,0.012392,0.028361,0.008867
2026-04-01T19:57:37.5321252Z,0.196044,0.817660,0.217227,0.184651,0.849163,0.207308,7.06,gru,0.011394,0.031504,0.009920
2026-04-01T19:57:37.5862767Z,0.205905,0.804604,0.220643,0.191331,0.835916,0.210953,6.71,gru,0.014574,0.031312,0.009690
2026-04-01T19:57:37.6100972Z,0.208371,0.790745,0.226738,0.196509,0.823416,0.215103,4.57,gru,0.011862,0.032671,0.011634
2026-04-01T19:57:37.6316190Z,0.211355,0.777785,0.231650,0.200058,0.811955,0.220011,4.06,gru,0.011297,0.034170,0.011639
2026-04-01T19:57:37.6497415Z,0.217675,0.767718,0.232499,0.206558,0.800100,0.222083,4.84,gru,0.011117,0.032381,0.010416
2026-04-01T19:57:37.6825065Z,0.223005,0.754904,0.233166,0.212008,0.787445,0.224000,6.83,gru,0.010997,0.032541,0.009167
2026-04-01T19:57:37.7179703Z,0.232119,0.745565,0.228186,0.219108,0.775619,0.222925,5.11,gru,0.013010,0.030054,0.005261
2026-04-01T19:57:37.7499608Z,0.231456,0.737140,0.226063,0.220596,0.766520,0.222655,6.20,gru,0.010859,0.029380,0.003408
2026-04-01T19:57:37.7916032Z,0.229604,0.730439,0.222755,0.220768,0.757748,0.222048,9.58,gru,0.008836,0.027309,0.000707
2026-04-01T19:57:37.8265113Z,0.225362,0.720892,0.219316,0.221861,0.746620,0.219829,5.02,gru,0.003501,0.025727,0.000513
2026-04-01T19:57:37.8484819Z,0.222491,0.711078,0.214295,0.222098,0.735891,0.216366,4.51,gru,0.000393,0.024814,0.002072
2026-04-01T19:57:37.8841170Z,0.238818,0.694150,0.200570,0.232507,0.720453,0.208364,6.03,gru,0.006312,0.026303,0.007794
2026-04-01T19:57:37.9158793Z,0.236168,0.678070,0.196665,0.232012,0.709010,0.205373,6.65,gru,0.004156,0.030940,0.008709
2026-04-01T19:57:37.9542368Z,0.234587,0.660458,0.193017,0.228568,0.696301,0.203434,6.87,gru,0.006018,0.035843,0.010417
2026-04-01T19:57:37.9893641Z,0.234357,0.640185,0.188402,0.231453,0.678084,0.198379,8.82,gru,0.002904,0.037899,0.009977
2026-04-01T19:57:38.0231459Z,0.231646,0.620533,0.185189,0.231886,0.661257,0.193302,5.52,gru,0.000240,0.040724,0.008113
2026-04-01T19:57:38.0514446Z,0.230478,0.598444,0.183160,0.230612,0.644147,0.190649,4.94,gru,0.000134,0.045703,0.007489
2026-04-01T19:57:38.0805806Z,0.231953,0.575854,0.179398,0.231106,0.624419,0.186842,3.53,gru,0.000847,0.048565,0.007444
2026-04-01T19:57:38.1133896Z,0.220308,0.562209,0.186256,0.225071,0.610588,0.189036,4.01,gru,0.004763,0.048379,0.002780
2026-04-01T19:57:38.1502202Z,0.213477,0.546598,0.190724,0.220521,0.594554,0.190862,6.02,gru,0.007045,0.047956,0.000138
2026-04-01T19:57:38.1846355Z,0.216495,0.522567,0.184765,0.223493,0.572361,0.187697,5.63,gru,0.006998,0.049794,0.002932
2026-04-01T19:57:38.2315654Z,0.225225,0.496052,0.175183,0.227507,0.549566,0.181422,8.05,gru,0.002282,0.053514,0.006239
2026-04-01T19:57:38.2580574Z,0.218853,0.479909,0.176800,0.223485,0.538811,0.185169,4.51,gru,0.004632,0.058902,0.008369
2026-04-01T19:57:38.2838145Z,0.214208,0.460871,0.174655,0.219208,0.521473,0.184602,5.03,gru,0.005000,0.060602,0.009947
2026-04-01T19:57:38.3205456Z,0.211548,0.437798,0.170501,0.220084,0.498084,0.181213,6.04,gru,0.008536,0.060285,0.010713
2026-04-01T19:57:38.3546180Z,0.203514,0.423654,0.170885,0.215658,0.482171,0.179892,8.52,gru,0.012144,0.058516,0.009007
2026-04-01T19:57:38.3790448Z,0.195568,0.407525,0.169163,0.208992,0.468711,0.178867,5.06,gru,0.013424,0.061186,0.009704
2026-04-01T19:57:38.4172566Z,0.189789,0.388515,0.164915,0.205896,0.449516,0.175819,6.65,gru,0.016107,0.061000,0.010904
2026-04-01T19:57:38.4628554Z,0.183569,0.372040,0.159758,0.201467,0.430018,0.171217,4.14,gru,0.017898,0.057978,0.011459
2026-04-01T19:57:38.4872018Z,0.176882,0.349833,0.151748,0.195358,0.410861,0.165810,5.26,gru,0.018476,0.061029,0.014062
2026-04-01T19:57:38.5124157Z,0.168555,0.337302,0.150733,0.188040,0.398253,0.164041,4.14,gru,0.019484,0.060951,0.013307
2026-04-01T19:57:38.5463214Z,0.160868,0.322832,0.147068,0.181665,0.383863,0.160533,3.58,gru,0.020797,0.061031,0.013464
2026-04-01T19:57:38.5766163Z,0.152686,0.310769,0.145315,0.175441,0.368461,0.156539,4.15,gru,0.022755,0.057692,0.011224
2026-04-01T19:57:38.6118168Z,0.144477,0.298756,0.142423,0.167666,0.353884,0.153229,4.18,gru,0.023189,0.055128,0.010806
2026-04-01T19:57:38.6455110Z,0.136485,0.287475,0.139533,0.159564,0.341462,0.150015,5.11,gru,0.023078,0.053988,0.010482
2026-04-01T19:57:38.6909738Z,0.128089,0.279083,0.138277,0.151487,0.330789,0.147786,7.23,gru,0.023398,0.051706,0.009509
2026-04-01T19:57:38.7141926Z,0.120183,0.270616,0.137427,0.143743,0.319884,0.145672,4.51,gru,0.023560,0.049268,0.008244
2026-04-01T19:57:38.7459411Z,0.111872,0.260798,0.136726,0.135610,0.308397,0.143945,5.53,gru,0.023737,0.047599,0.007219
2026-04-01T19:57:38.7786486Z,0.103557,0.253076,0.136818,0.126723,0.299469,0.143014,4.02,gru,0.023166,0.046392,0.006197
2026-04-01T19:57:38.8152280Z,0.094871,0.246545,0.135921,0.117697,0.291079,0.141721,6.02,gru,0.022826,0.044534,0.005800
2026-04-01T19:57:38.8466154Z,0.086884,0.240164,0.136593,0.109487,0.282729,0.141082,6.03,gru,0.022603,0.042566,0.004490
2026-04-01T19:57:38.8852259Z,0.079854,0.234107,0.136637,0.101638,0.274697,0.140582,7.53,gru,0.021784,0.040590,0.003945
2026-04-01T19:57:38.9143448Z,0.072995,0.229963,0.136686,0.093664,0.267530,0.139885,4.77,gru,0.020669,0.037567,0.003199
2026-04-01T19:57:38.9467216Z,0.067468,0.225612,0.136620,0.086593,0.260311,0.139415,6.03,gru,0.019125,0.034699,0.002795
2026-04-01T19:57:38.9866127Z,0.061356,0.224560,0.136159,0.079454,0.254807,0.138842,6.65,gru,0.018098,0.030247,0.002684
2026-04-01T19:57:39.0161420Z,0.057607,0.223577,0.135198,0.073493,0.250053,0.137988,4.21,gru,0.015886,0.026476,0.002790
2026-04-01T19:57:39.0515122Z,0.053932,0.221957,0.134859,0.068279,0.245235,0.137478,6.02,gru,0.014347,0.023279,0.002619
2026-04-01T19:57:39.0881491Z,0.050563,0.223824,0.133706,0.063141,0.242890,0.136567,7.56,gru,0.012578,0.019065,0.002862
2026-04-01T19:57:39.1335769Z,0.048766,0.221877,0.133027,0.059444,0.238687,0.135704,11.60,gru,0.010678,0.016810,0.002677
2026-04-01T19:57:39.1686891Z,0.047291,0.221976,0.132468,0.056354,0.235383,0.135020,6.99,gru,0.009063,0.013406,0.002552
2026-04-01T19:57:39.1825093Z,0.046588,0.221761,0.131397,0.053813,0.232946,0.133936,4.04,gru,0.007225,0.011185,0.002539
2026-04-01T19:57:39.2144860Z,0.046361,0.220611,0.130541,0.052105,0.230204,0.132944,5.16,gru,0.005743,0.009593,0.002404
2026-04-01T19:57:39.2516965Z,0.047004,0.219333,0.129655,0.051154,0.227319,0.131985,7.97,gru,0.004150,0.007986,0.002330
2026-04-01T19:57:39.2895375Z,0.047485,0.218372,0.127089,0.050586,0.224739,0.130029,7.08,gru,0.003101,0.006367,0.002940
2026-04-01T19:57:39.3358311Z,0.048680,0.217861,0.125550,0.050577,0.222760,0.128441,7.55,gru,0.001897,0.004899,0.002891
2026-04-01T19:57:39.3599098Z,0.050306,0.215774,0.123253,0.051321,0.220106,0.126671,8.05,gru,0.001015,0.004332,0.003418
2026-04-01T19:57:39.3889360Z,0.052419,0.213949,0.119841,0.052550,0.217243,0.123913,4.63,gru,0.000131,0.003294,0.004073
2026-04-01T19:57:39.4145833Z,0.055534,0.208670,0.112971,0.054672,0.212916,0.119196,6.58,gru,0.000861,0.004246,0.006226
2026-04-01T19:57:39.4635353Z,0.058878,0.207539,0.109275,0.056870,0.210495,0.115791,8.53,gru,0.002007,0.002955,0.006516
2026-04-01T19:57:39.4947894Z,0.063489,0.203092,0.102359,0.060097,0.206835,0.111036,5.26,gru,0.003392,0.003743,0.008677
2026-04-01T19:57:39.5397272Z,0.067834,0.198405,0.097715,0.063817,0.201954,0.106317,9.58,gru,0.004016,0.003549,0.008602
2026-04-01T19:57:39.5694557Z,0.071599,0.194918,0.093693,0.067195,0.197922,0.102403,10.51,gru,0.004404,0.003004,0.008709
2026-04-01T19:57:39.6008745Z,0.074996,0.189885,0.090667,0.070649,0.193033,0.098739,8.18,gru,0.004346,0.003148,0.008071
2026-04-01T19:57:39.6327645Z,0.077534,0.184769,0.083908,0.073933,0.187528,0.093184,7.67,gru,0.003601,0.002759,0.009276
2026-04-01T19:57:39.6580681Z,0.078692,0.178845,0.081163,0.076380,0.181773,0.089303,9.31,gru,0.002312,0.002928,0.008140
2026-04-01T19:57:39.7073609Z,0.078883,0.172160,0.078438,0.078066,0.175511,0.086474,9.46,gru,0.000817,0.003351,0.008036
2026-04-01T19:57:39.7238376Z,0.078024,0.163270,0.075566,0.079067,0.167963,0.082944,4.29,gru,0.001043,0.004693,0.007379
2026-04-01T19:57:39.7624295Z,0.076401,0.156008,0.071950,0.079190,0.160629,0.079092,7.55,gru,0.002788,0.004622,0.007142
2026-04-01T19:57:39.7962867Z,0.073390,0.147613,0.071002,0.078308,0.153065,0.076912,4.01,gru,0.004918,0.005452,0.005909
2026-04-01T19:57:39.8198219Z,0.069629,0.140901,0.068002,0.076590,0.145585,0.074188,4.52,gru,0.006960,0.004683,0.006186
2026-04-01T19:57:39.8553199Z,0.064793,0.133447,0.064897,0.074039,0.137832,0.070891,7.19,gru,0.009246,0.004385,0.005994
2026-04-01T19:57:39.8869287Z,0.061484,0.130107,0.064242,0.071282,0.131793,0.069275,7.03,gru,0.009797,0.001686,0.005033
2026-04-01T19:57:39.9321155Z,0.058077,0.124469,0.062358,0.068602,0.125287,0.067370,9.34,gru,0.010525,0.000819,0.005012
2026-04-01T19:57:39.9714144Z,0.055559,0.120020,0.059039,0.066120,0.119137,0.064447,5.17,gru,0.010561,0.000882,0.005408
2026-04-01T19:57:39.9952278Z,0.053498,0.116289,0.055265,0.063755,0.114147,0.061281,7.06,gru,0.010257,0.002143,0.006016
2026-04-01T19:57:40.0346174Z,0.052874,0.113872,0.054122,0.061923,0.110239,0.059690,8.06,gru,0.009049,0.003633,0.005568
2026-04-01T19:57:40.0567136Z,0.050304,0.106810,0.046514,0.060303,0.104456,0.055069,6.68,gru,0.010000,0.002354,0.008555
2026-04-01T19:57:40.0810102Z,0.049888,0.106333,0.043698,0.058722,0.101160,0.051510,4.81,gru,0.008835,0.005173,0.007812
2026-04-01T19:57:40.1238795Z,0.049115,0.104537,0.041126,0.057486,0.098499,0.049327,9.97,gru,0.008371,0.006038,0.008201
2026-04-01T19:57:40.1560685Z,0.049196,0.104080,0.039853,0.056816,0.095649,0.047059,5.00,gru,0.007621,0.008430,0.007206
2026-04-01T19:57:40.1876953Z,0.047863,0.104120,0.038920,0.055952,0.093674,0.045168,7.22,gru,0.008089,0.010446,0.006248
2026-04-01T19:57:40.2185384Z,0.047469,0.105784,0.038167,0.055294,0.092986,0.043436,5.03,gru,0.007824,0.012798,0.005269
2026-04-01T19:57:40.2509294Z,0.049081,0.111769,0.039655,0.055627,0.094563,0.043259,5.02,gru,0.006546,0.017206,0.003603
2026-04-01T19:57:40.2806768Z,0.049526,0.112711,0.038218,0.056369,0.094921,0.042019,3.56,gru,0.006843,0.017790,0.003801
2026-04-01T19:57:40.3149029Z,0.055032,0.121472,0.042702,0.058698,0.097906,0.043385,4.52,gru,0.003666,0.023566,0.000683
2026-04-01T19:57:40.3469947Z,0.059767,0.124302,0.040097,0.062265,0.100079,0.042293,4.03,gru,0.002498,0.024223,0.002195
2026-04-01T19:57:40.3808883Z,0.069852,0.139844,0.048752,0.067914,0.107254,0.046101,3.10,gru,0.001938,0.032589,0.002651
2026-04-01T19:57:40.4104138Z,0.078600,0.146158,0.047708,0.074761,0.113032,0.046997,3.54,gru,0.003840,0.033126,0.000711
2026-04-01T19:57:40.4526936Z,0.088244,0.159428,0.053577,0.081982,0.120515,0.049248,6.17,gru,0.006261,0.038913,0.004330
2026-04-01T19:57:40.4791833Z,0.098832,0.169773,0.053460,0.090195,0.128636,0.050764,4.24,gru,0.008637,0.041137,0.002697
2026-04-01T19:57:40.5143510Z,0.109441,0.185872,0.058319,0.098790,0.139993,0.053585,3.58,gru,0.010652,0.045879,0.004734
2026-04-01T19:57:40.5443999Z,0.119400,0.194598,0.057456,0.107469,0.149445,0.054666,3.04,gru,0.011931,0.045153,0.002790
2026-04-01T19:57:40.5840230Z,0.129560,0.217897,0.066962,0.115940,0.165495,0.060332,4.14,gru,0.013620,0.052403,0.006630
2026-04-01T19:57:40.6119406Z,0.139685,0.226310,0.063728,0.124988,0.177168,0.060750,3.59,gru,0.014697,0.049142,0.002978
2026-04-01T19:57:40.6563408Z,0.149059,0.246918,0.069366,0.133363,0.193209,0.063274,6.04,gru,0.015696,0.053709,0.006093
2026-04-01T19:57:40.7005436Z,0.159764,0.259403,0.067474,0.142320,0.208030,0.064586,5.51,gru,0.017444,0.051373,0.002889
2026-04-01T19:57:40.7225486Z,0.169811,0.278397,0.069424,0.151620,0.224968,0.065776,3.55,gru,0.018191,0.053429,0.003648
2026-04-01T19:57:40.7460497Z,0.179870,0.294734,0.070139,0.160749,0.242645,0.067652,5.35,gru,0.019121,0.052089,0.002487
2026-04-01T19:57:40.7797089Z,0.189388,0.312918,0.071797,0.170040,0.260724,0.068902,5.53,gru,0.019348,0.052195,0.002895
2026-04-01T19:57:40.8193417Z,0.199028,0.330959,0.072213,0.179333,0.279709,0.069834,5.03,gru,0.019694,0.051250,0.002379
2026-04-01T19:57:40.8488868Z,0.206218,0.354066,0.079508,0.187535,0.302134,0.074767,4.01,gru,0.018682,0.051932,0.004741
2026-04-01T19:57:40.8911686Z,0.214618,0.373293,0.079523,0.196287,0.323408,0.076096,12.49,gru,0.018332,0.049885,0.003427
2026-04-01T19:57:40.9143438Z,0.222580,0.396949,0.084863,0.204919,0.346174,0.078831,5.53,gru,0.017661,0.050775,0.006032
2026-04-01T19:57:40.9453060Z,0.229332,0.417815,0.086719,0.212314,0.369558,0.081783,4.00,gru,0.017017,0.048257,0.004936
2026-04-01T19:57:40.9882516Z,0.232929,0.449584,0.097009,0.217899,0.398462,0.088748,6.93,gru,0.015030,0.051121,0.008261
2026-04-01T19:57:41.0259592Z,0.239043,0.472149,0.099590,0.224900,0.424114,0.092231,5.09,gru,0.014144,0.048035,0.007359
2026-04-01T19:57:41.0503553Z,0.246375,0.496275,0.101098,0.232780,0.447541,0.093363,3.01,gru,0.013595,0.048735,0.007735
2026-04-01T19:57:41.0821607Z,0.253271,0.522351,0.106130,0.239058,0.475272,0.098815,4.53,gru,0.014213,0.047079,0.007316
2026-04-01T19:57:41.1172883Z,0.261730,0.546381,0.108649,0.246802,0.501291,0.102556,6.02,gru,0.014928,0.045090,0.006093
2026-04-01T19:57:41.1461013Z,0.262462,0.573725,0.120536,0.249859,0.528079,0.110436,4.01,gru,0.012603,0.045646,0.010100
2026-04-01T19:57:41.1816388Z,0.272576,0.594600,0.121805,0.258097,0.549836,0.113215,6.04,gru,0.014479,0.044764,0.008589
2026-04-01T19:57:41.2207717Z,0.275025,0.622824,0.130862,0.263106,0.576846,0.118851,8.07,gru,0.011919,0.045979,0.012011
2026-04-01T19:57:41.2498819Z,0.260999,0.654015,0.153762,0.254435,0.605852,0.138636,8.40,gru,0.006564,0.048162,0.015126
2026-04-01T19:57:41.2854722Z,0.274246,0.674514,0.153316,0.266971,0.627809,0.144216,5.38,gru,0.007274,0.046704,0.009100
2026-04-01T19:57:41.3144085Z,0.277228,0.698252,0.160558,0.273498,0.649492,0.147134,6.17,gru,0.003730,0.048760,0.013423
2026-04-01T19:57:41.3445567Z,0.283312,0.718516,0.162800,0.273947,0.674012,0.155074,4.33,gru,0.009364,0.044504,0.007726
2026-04-01T19:57:41.3851818Z,0.273290,0.741150,0.176800,0.268270,0.696307,0.166436,5.55,gru,0.005021,0.044843,0.010364
2026-04-01T19:57:41.4195287Z,0.270486,0.760183,0.183518,0.267795,0.716999,0.173851,5.04,gru,0.002692,0.043184,0.009667
2026-04-01T19:57:41.4531518Z,0.269476,0.778460,0.187221,0.271679,0.734104,0.176876,9.29,gru,0.002203,0.044356,0.010345
2026-04-01T19:57:41.4893301Z,0.267026,0.795609,0.190738,0.268973,0.754076,0.182457,6.97,gru,0.001947,0.041533,0.008281
2026-04-01T19:57:41.5117918Z,0.266305,0.811080,0.191639,0.266941,0.771798,0.186243,4.14,gru,0.000636,0.039282,0.005397
2026-04-01T19:57:41.5549107Z,0.284845,0.829046,0.179931,0.280602,0.789733,0.183272,8.81,gru,0.004243,0.039313,0.003341
2026-04-01T19:57:41.5949373Z,0.284473,0.844810,0.176789,0.281114,0.806799,0.181239,5.80,gru,0.003358,0.038011,0.004451
2026-04-01T19:57:41.6346600Z,0.273790,0.858740,0.179196,0.270037,0.822239,0.186486,10.33,gru,0.003753,0.036501,0.007289
2026-04-01T19:57:41.6595877Z,0.265846,0.874060,0.177214,0.267823,0.837371,0.185544,8.41,gru,0.001977,0.036689,0.008330
2026-04-01T19:57:41.6892197Z,0.260277,0.889616,0.171485,0.268793,0.853787,0.180504,5.04,gru,0.008515,0.035830,0.009020
2026-04-01T19:57:41.7227264Z,0.248490,0.903602,0.168287,0.259524,0.868018,0.177984,3.85,gru,0.011034,0.035584,0.009697
2026-04-01T19:57:41.7610380Z,0.234662,0.917251,0.165739,0.246314,0.880548,0.176626,7.71,gru,0.011651,0.036703,0.010887
2026-04-01T19:57:41.7934647Z,0.216647,0.930058,0.164866,0.233879,0.893598,0.174749,4.42,gru,0.017232,0.036460,0.009883
2026-04-01T19:57:41.8239462Z,0.206361,0.944328,0.157675,0.227302,0.908500,0.168785,8.62,gru,0.020941,0.035827,0.011110
2026-04-01T19:57:41.8506365Z,0.187632,0.955361,0.158060,0.211942,0.922034,0.167153,4.99,gru,0.024310,0.033327,0.009093
2026-04-01T19:57:41.8819604Z,0.142828,0.965721,0.168105,0.177743,0.934619,0.175183,3.60,gru,0.034915,0.031102,0.007078
2026-04-01T19:57:41.9136176Z,0.139496,0.980676,0.155403,0.171487,0.946483,0.171901,3.56,gru,0.031991,0.034192,0.016498
2026-04-01T19:57:41.9475819Z,0.133725,0.993148,0.141397,0.169368,0.960776,0.161489,4.11,gru,0.035643,0.032372,0.020092
2026-04-01T19:57:41.9828450Z,0.117717,1.004897,0.133222,0.147736,0.973338,0.159613,4.63,gru,0.030019,0.031559,0.026390
2026-04-01T19:57:42.0228455Z,0.105657,1.019099,0.122409,0.131077,0.984530,0.151881,7.79,gru,0.025420,0.034568,0.029472
2026-04-01T19:57:42.0523091Z,0.089368,1.030585,0.114936,0.119678,0.995687,0.143237,4.51,gru,0.030310,0.034898,0.028301
2026-04-01T19:57:42.0774379Z,0.070274,1.043111,0.110090,0.103760,1.009576,0.135360,4.19,gru,0.033486,0.033535,0.025269
2026-04-01T19:57:42.1132993Z,0.051993,1.055362,0.104711,0.085198,1.022118,0.127485,4.51,gru,0.033205,0.033244,0.022773
2026-04-01T19:57:42.1440307Z,0.028745,1.066303,0.104222,0.064258,1.032844,0.123114,4.08,gru,0.035513,0.033459,0.018892
2026-04-01T19:57:42.1934686Z,0.012553,1.076882,0.096826,0.049643,1.044221,0.115484,13.20,gru,0.037089,0.032660,0.018658
2026-04-01T19:57:42.2378354Z,-0.005193,1.086659,0.091133,0.033829,1.056433,0.107303,7.54,gru,0.039022,0.030226,0.016170
2026-04-01T19:57:42.2798445Z,-0.043022,1.103778,0.084444,0.002911,1.073881,0.100841,4.09,gru,0.045933,0.029897,0.016397
2026-04-01T19:57:42.3161213Z,-0.064909,1.108176,0.083435,-0.018028,1.079970,0.097127,5.92,gru,0.046881,0.028206,0.013692
2026-04-01T19:57:42.3538270Z,-0.076158,1.116472,0.074022,-0.029406,1.086458,0.090240,8.11,gru,0.046751,0.030014,0.016218
2026-04-01T19:57:42.3928754Z,-0.089474,1.121805,0.068017,-0.047947,1.098683,0.081967,9.03,gru,0.041527,0.023122,0.013950
2026-04-01T19:57:42.4317804Z,-0.103536,1.129877,0.062266,-0.067375,1.108236,0.076505,4.57,gru,0.036161,0.021641,0.014238
2026-04-01T19:57:42.4714014Z,-0.124008,1.130532,0.065407,-0.086029,1.111566,0.075586,6.02,gru,0.037979,0.018966,0.010179
2026-04-01T19:57:42.4835125Z,-0.134430,1.135396,0.057474,-0.097857,1.117003,0.069472,5.52,gru,0.036573,0.018392,0.011998
2026-04-01T19:57:42.5145742Z,-0.148294,1.140869,0.052394,-0.111872,1.125554,0.062205,5.57,gru,0.036423,0.015315,0.009812
2026-04-01T19:57:42.5445264Z,-0.169187,1.138681,0.057607,-0.132196,1.128346,0.065487,3.93,gru,0.036990,0.010335,0.007880
2026-04-01T19:57:42.5817226Z,-0.183611,1.141225,0.055847,-0.146708,1.128725,0.063671,4.55,gru,0.036903,0.012499,0.007824
2026-04-01T19:57:42.6174366Z,-0.196862,1.142044,0.053612,-0.159103,1.131797,0.059676,6.54,gru,0.037759,0.010246,0.006064
2026-04-01T19:57:42.6462294Z,-0.210063,1.141978,0.051817,-0.173229,1.133451,0.057672,4.51,gru,0.036833,0.008527,0.005855
2026-04-01T19:57:42.6796062Z,-0.223301,1.141861,0.050573,-0.187046,1.132751,0.055792,4.09,gru,0.036255,0.009110,0.005219
2026-04-01T19:57:42.7117426Z,-0.235237,1.142262,0.048067,-0.199212,1.132104,0.053452,3.52,gru,0.036025,0.010158,0.005386
2026-04-01T19:57:42.7643223Z,-0.244528,1.143386,0.046087,-0.209328,1.132654,0.050990,4.10,gru,0.035200,0.010732,0.004903
2026-04-01T19:57:42.8038612Z,-0.254950,1.140037,0.048213,-0.219015,1.130570,0.051264,5.51,gru,0.035935,0.009467,0.003051
2026-04-01T19:57:42.8194123Z,-0.263605,1.140025,0.044995,-0.228411,1.129497,0.048990,5.90,gru,0.035194,0.010527,0.003995
2026-04-01T19:57:42.8651325Z,-0.272269,1.140305,0.044526,-0.236991,1.129594,0.047289,10.11,gru,0.035278,0.010711,0.002763
2026-04-01T19:57:42.9037243Z,-0.280035,1.136281,0.048794,-0.244466,1.126766,0.049703,4.49,gru,0.035569,0.009515,0.000909
2026-04-01T19:57:42.9467869Z,-0.290016,1.138026,0.043889,-0.252875,1.127280,0.046891,4.53,gru,0.037140,0.010745,0.003002
2026-04-01T19:57:42.9861684Z,-0.289873,1.139888,0.033270,-0.257068,1.128471,0.040492,7.72,gru,0.032805,0.011417,0.007222
2026-04-01T19:57:43.0297752Z,-0.294582,1.140102,0.034333,-0.262199,1.128242,0.040527,8.52,gru,0.032383,0.011859,0.006194
2026-04-01T19:57:43.0583386Z,-0.296445,1.138622,0.034201,-0.266529,1.127129,0.040725,6.83,gru,0.029916,0.011493,0.006524
2026-04-01T19:57:43.0791938Z,-0.294163,1.139061,0.025615,-0.266985,1.127172,0.034904,4.51,gru,0.027178,0.011888,0.009289
2026-04-01T19:57:43.1175978Z,-0.297533,1.135596,0.032085,-0.271122,1.126564,0.036609,7.02,gru,0.026411,0.009033,0.004523
2026-04-01T19:57:43.1477065Z,-0.296386,1.134744,0.033637,-0.273066,1.125278,0.037727,4.31,gru,0.023321,0.009467,0.004090
2026-04-01T19:57:43.1888095Z,-0.291746,1.134874,0.029137,-0.271341,1.125965,0.033816,6.52,gru,0.020405,0.008910,0.004679
2026-04-01T19:57:43.2217610Z,-0.292378,1.132386,0.039466,-0.273374,1.125688,0.039093,9.00,gru,0.019004,0.006698,0.000373
2026-04-01T19:57:43.2786518Z,-0.282237,1.136223,0.026806,-0.269706,1.127916,0.033684,8.02,gru,0.012531,0.008308,0.006878
2026-04-01T19:57:43.3012878Z,-0.280632,1.130573,0.042168,-0.267982,1.125682,0.038847,5.02,gru,0.012650,0.004891,0.003321
2026-04-01T19:57:43.3213197Z,-0.271948,1.130710,0.043761,-0.264046,1.124513,0.043711,4.41,gru,0.007903,0.006196,0.000050
2026-04-01T19:57:43.3617385Z,-0.266470,1.123218,0.062831,-0.258276,1.120047,0.051676,5.52,gru,0.008194,0.003171,0.011155
2026-04-01T19:57:43.3936772Z,-0.245160,1.130906,0.047841,-0.246065,1.124843,0.049146,5.75,gru,0.000905,0.006063,0.001305
2026-04-01T19:57:43.4262600Z,-0.227378,1.131263,0.052210,-0.232485,1.126000,0.048918,9.12,gru,0.005106,0.005263,0.003293
2026-04-01T19:57:43.4677334Z,-0.200804,1.132233,0.045463,-0.216099,1.125165,0.050427,8.44,gru,0.015295,0.007068,0.004964
2026-04-01T19:57:43.4990657Z,-0.176978,1.133348,0.048839,-0.197268,1.124878,0.050739,9.02,gru,0.020290,0.008470,0.001900
2026-04-01T19:57:43.5299058Z,-0.151344,1.128026,0.056869,-0.177940,1.123024,0.057360,7.02,gru,0.026596,0.005002,0.000491
2026-04-01T19:57:43.5583497Z,-0.121746,1.129514,0.059063,-0.153799,1.122453,0.058569,5.51,gru,0.032053,0.007061,0.000494
2026-04-01T19:57:43.5904354Z,-0.092941,1.126208,0.068413,-0.129486,1.121618,0.063668,6.98,gru,0.036545,0.004590,0.004745
2026-04-01T19:57:43.6223105Z,-0.076883,1.116501,0.092657,-0.113450,1.116576,0.081210,5.22,gru,0.036566,0.000075,0.011448
2026-04-01T19:57:43.6608987Z,-0.029072,1.117308,0.086208,-0.078046,1.116565,0.083423,10.48,gru,0.048974,0.000743,0.002785
2026-04-01T19:57:43.6983304Z,-0.016111,1.109030,0.107252,-0.057873,1.113108,0.094413,5.03,gru,0.041762,0.004078,0.012839
2026-04-01T19:57:43.7203540Z,0.007671,1.098563,0.122224,-0.039531,1.107131,0.111517,7.91,gru,0.047202,0.008568,0.010706
2026-04-01T19:57:43.7487881Z,0.026918,1.088884,0.136392,-0.012441,1.097369,0.122185,6.01,gru,0.039359,0.008485,0.014207
2026-04-01T19:57:43.7808999Z,0.054601,1.080031,0.145454,0.014840,1.092229,0.131029,6.02,gru,0.039762,0.012198,0.014425
2026-04-01T19:57:43.8127290Z,0.073095,1.071839,0.158306,0.035619,1.084860,0.142027,5.62,gru,0.037475,0.013021,0.016279
2026-04-01T19:57:43.8528784Z,0.092281,1.061972,0.170930,0.053918,1.076286,0.154737,5.68,gru,0.038363,0.014314,0.016192
2026-04-01T19:57:43.8810160Z,0.106812,1.052059,0.182760,0.074038,1.065950,0.165221,6.61,gru,0.032774,0.013891,0.017540
2026-04-01T19:57:43.9144394Z,0.110852,1.040345,0.199851,0.085280,1.057117,0.179408,4.78,gru,0.025572,0.016772,0.020443
2026-04-01T19:57:43.9486547Z,0.118440,1.029981,0.210011,0.097373,1.046600,0.190243,4.53,gru,0.021067,0.016619,0.019768
2026-04-01T19:57:43.9806980Z,0.125973,1.020445,0.215967,0.110232,1.036156,0.198317,6.11,gru,0.015740,0.015711,0.017650
2026-04-01T19:57:44.0200708Z,0.129616,1.010393,0.220624,0.117556,1.026633,0.206226,6.40,gru,0.012060,0.016241,0.014397
2026-04-01T19:57:44.0481122Z,0.131046,1.001535,0.223476,0.121747,1.016872,0.212766,3.52,gru,0.009299,0.015337,0.010710
2026-04-01T19:57:44.0805777Z,0.133712,0.994727,0.222659,0.127363,1.008231,0.215615,4.03,gru,0.006349,0.013504,0.007044
2026-04-01T19:57:44.1168519Z,0.133747,0.988518,0.221212,0.130516,1.001014,0.217123,6.62,gru,0.003231,0.012496,0.004089
2026-04-01T19:57:44.1578384Z,0.144471,0.985603,0.211788,0.138626,0.994856,0.213809,4.00,gru,0.005845,0.009252,0.002020
2026-04-01T19:57:44.1947756Z,0.145295,0.981028,0.207072,0.140156,0.989828,0.211401,5.60,gru,0.005138,0.008800,0.004329
2026-04-01T19:57:44.2159015Z,0.148369,0.977447,0.203240,0.141142,0.985696,0.209989,3.61,gru,0.007227,0.008250,0.006749
2026-04-01T19:57:44.2519257Z,0.148927,0.971947,0.200698,0.143886,0.979993,0.207238,7.54,gru,0.005041,0.008046,0.006540
2026-04-01T19:57:44.2779106Z,0.148523,0.969846,0.199079,0.144643,0.977819,0.204196,4.16,gru,0.003880,0.007973,0.005117
2026-04-01T19:57:44.3193385Z,0.148237,0.965326,0.198340,0.144589,0.974094,0.202207,9.12,gru,0.003648,0.008769,0.003866
2026-04-01T19:57:44.3550040Z,0.147837,0.961400,0.198570,0.144560,0.969729,0.201212,6.24,gru,0.003277,0.008329,0.002642
2026-04-01T19:57:44.3845930Z,0.148105,0.960482,0.197892,0.144881,0.967826,0.199708,6.01,gru,0.003225,0.007343,0.001816
2026-04-01T19:57:44.4234368Z,0.147266,0.957348,0.199708,0.144591,0.965298,0.199547,6.03,gru,0.002675,0.007949,0.000162
2026-04-01T19:57:44.4526600Z,0.148996,0.954603,0.199608,0.145559,0.962144,0.198906,5.09,gru,0.003437,0.007541,0.000702
2026-04-01T19:57:44.4832710Z,0.147783,0.951850,0.201936,0.145139,0.959771,0.199301,4.21,gru,0.002644,0.007922,0.002635
2026-04-01T19:57:44.5160134Z,0.149032,0.952422,0.203224,0.146107,0.959561,0.199921,5.02,gru,0.002926,0.007138,0.003303
2026-04-01T19:57:44.5491578Z,0.148902,0.949038,0.205284,0.147050,0.956935,0.200752,5.27,gru,0.001853,0.007898,0.004531
2026-04-01T19:57:44.5903339Z,0.149649,0.950267,0.206189,0.147551,0.956297,0.201436,10.48,gru,0.002099,0.006031,0.004753
2026-04-01T19:57:44.6172900Z,0.152378,0.946896,0.205769,0.149887,0.954098,0.201252,4.21,gru,0.002491,0.007202,0.004517
2026-04-01T19:57:44.6528446Z,0.152630,0.943721,0.207018,0.150477,0.951454,0.202351,5.61,gru,0.002153,0.007732,0.004667
2026-04-01T19:57:44.6851800Z,0.152410,0.942139,0.207039,0.150111,0.949889,0.203044,4.61,gru,0.002299,0.007750,0.003996
2026-04-01T19:57:44.7177459Z,0.151654,0.935706,0.207160,0.150551,0.945072,0.203345,5.78,gru,0.001103,0.009366,0.003815
2026-04-01T19:57:44.7596100Z,0.149649,0.929062,0.209168,0.149697,0.939711,0.205119,8.15,gru,0.000048,0.010649,0.004050
2026-04-01T19:57:44.7818147Z,0.137638,0.916833,0.217641,0.141768,0.932746,0.211151,4.17,gru,0.004130,0.015913,0.006490
2026-04-01T19:57:44.8203600Z,0.139983,0.904019,0.218046,0.143419,0.922143,0.212404,5.02,gru,0.003436,0.018125,0.005642
2026-04-01T19:57:44.8573165Z,0.139304,0.891272,0.219370,0.144670,0.912490,0.212439,4.15,gru,0.005366,0.021217,0.006931
2026-04-01T19:57:44.8805305Z,0.143777,0.875619,0.218512,0.144656,0.901646,0.213750,4.06,gru,0.000879,0.026028,0.004762
2026-04-01T19:57:44.9153119Z,0.147985,0.859698,0.216892,0.146271,0.887811,0.213656,5.13,gru,0.001714,0.028114,0.003236
2026-04-01T19:57:44.9515960Z,0.157934,0.842513,0.212695,0.152355,0.873288,0.211572,5.87,gru,0.005579,0.030775,0.001122
2026-04-01T19:57:44.9786872Z,0.161210,0.824397,0.212517,0.155322,0.858941,0.211435,3.05,gru,0.005888,0.034544,0.001082
2026-04-01T19:57:45.0138887Z,0.180416,0.805032,0.203453,0.166819,0.841379,0.206576,3.92,gru,0.013597,0.036347,0.003123
2026-04-01T19:57:45.0524619Z,0.183769,0.787449,0.203086,0.171381,0.826015,0.205122,6.13,gru,0.012387,0.038566,0.002036
2026-04-01T19:57:45.0828744Z,0.191116,0.768911,0.200869,0.175916,0.809896,0.204379,5.04,gru,0.015199,0.040986,0.003511
2026-04-01T19:57:45.1182144Z,0.193784,0.751519,0.200973,0.182024,0.791716,0.202714,4.57,gru,0.011760,0.040197,0.001741
2026-04-01T19:57:45.1521735Z,0.200641,0.734645,0.199333,0.188976,0.774938,0.200631,5.51,gru,0.011665,0.040293,0.001299
2026-04-01T19:57:45.1809724Z,0.200164,0.717873,0.200242,0.191082,0.758674,0.200315,4.34,gru,0.009082,0.040802,0.000073
2026-04-01T19:57:45.2191084Z,0.203565,0.700268,0.200225,0.194264,0.741250,0.200169,4.53,gru,0.009301,0.040982,0.000056
2026-04-01T19:57:45.2577731Z,0.202451,0.683290,0.201978,0.196753,0.723819,0.200443,9.01,gru,0.005699,0.040529,0.001535
2026-04-01T19:57:45.2901534Z,0.203719,0.668138,0.201771,0.199110,0.707975,0.199853,8.53,gru,0.004609,0.039837,0.001918
2026-04-01T19:57:45.3226533Z,0.202818,0.651154,0.202162,0.200382,0.691460,0.199650,5.67,gru,0.002436,0.040306,0.002512
2026-04-01T19:57:45.3521308Z,0.199200,0.637729,0.204406,0.199019,0.676751,0.201148,6.58,gru,0.000182,0.039022,0.003258
2026-04-01T19:57:45.3805489Z,0.197752,0.621786,0.204837,0.199371,0.660427,0.201421,3.53,gru,0.001619,0.038641,0.003416
2026-04-01T19:57:45.4187670Z,0.197565,0.608893,0.204582,0.200473,0.645166,0.200986,5.53,gru,0.002908,0.036273,0.003596
2026-04-01T19:57:45.4603061Z,0.196996,0.593023,0.203736,0.200027,0.630034,0.200882,10.63,gru,0.003032,0.037011,0.002854
2026-04-01T19:57:45.4974335Z,0.198592,0.576241,0.202002,0.200466,0.613515,0.200360,5.53,gru,0.001874,0.037274,0.001642
2026-04-01T19:57:45.5265561Z,0.195824,0.563127,0.201508,0.198767,0.599748,0.200231,6.07,gru,0.002943,0.036621,0.001277
2026-04-01T19:57:45.5550571Z,0.194543,0.547423,0.200427,0.197603,0.584551,0.199845,8.03,gru,0.003060,0.037128,0.000582
2026-04-01T19:57:45.5916350Z,0.192098,0.531803,0.199017,0.196351,0.568686,0.199041,6.17,gru,0.004254,0.036883,0.000024
2026-04-01T19:57:45.6391643Z,0.188998,0.517768,0.198204,0.193537,0.555007,0.198747,10.01,gru,0.004538,0.037239,0.000543
2026-04-01T19:57:45.6540913Z,0.187026,0.503272,0.197044,0.191683,0.541656,0.198054,5.40,gru,0.004658,0.038384,0.001010
2026-04-01T19:57:45.6856827Z,0.183879,0.489125,0.196354,0.189427,0.528265,0.197522,7.88,gru,0.005549,0.039141,0.001167
2026-04-01T19:57:45.7159605Z,0.211325,0.449774,0.174431,0.201781,0.502512,0.189645,5.51,gru,0.009543,0.052737,0.015214
2026-04-01T19:57:45.7470275Z,0.175945,0.469575,0.196824,0.193401,0.513333,0.206825,3.50,gru,0.017456,0.043759,0.010001
2026-04-01T19:57:45.7787366Z,0.203201,0.425821,0.174318,0.201866,0.492884,0.201671,4.02,gru,0.001335,0.067063,0.027353
2026-04-01T19:57:45.8185409Z,0.201346,0.408593,0.169347,0.207569,0.469171,0.192943,6.53,gru,0.006224,0.060578,0.023595
2026-04-01T19:57:45.8545792Z,0.201737,0.393729,0.164087,0.206910,0.464613,0.193414,7.99,gru,0.005173,0.070884,0.029327
2026-04-01T19:57:45.8882734Z,0.196865,0.383263,0.163235,0.204528,0.453052,0.190275,6.50,gru,0.007663,0.069789,0.027040
2026-04-01T19:57:45.9229422Z,0.193886,0.372167,0.160490,0.204381,0.437374,0.185331,6.34,gru,0.010495,0.065207,0.024841
2026-04-01T19:57:45.9560765Z,0.189439,0.360037,0.158560,0.201713,0.419630,0.178761,7.00,gru,0.012275,0.059593,0.020201
2026-04-01T19:57:45.9773087Z,0.184481,0.350007,0.157931,0.195983,0.409190,0.175717,4.05,gru,0.011503,0.059183,0.017786
2026-04-01T19:57:46.0119852Z,0.179758,0.338711,0.157462,0.190810,0.397995,0.173346,5.83,gru,0.011051,0.059284,0.015883
2026-04-01T19:57:46.0673034Z,0.175137,0.330403,0.158242,0.187621,0.385156,0.170891,7.24,gru,0.012484,0.054753,0.012649
2026-04-01T19:57:46.0839100Z,0.170843,0.321163,0.159184,0.183580,0.372021,0.168544,4.30,gru,0.012737,0.050858,0.009360
2026-04-01T19:57:46.1166590Z,0.166369,0.311541,0.158825,0.178690,0.359893,0.166964,6.54,gru,0.012321,0.048352,0.008140
2026-04-01T19:57:46.1493279Z,0.162408,0.301079,0.158955,0.174245,0.348484,0.165886,5.55,gru,0.011837,0.047405,0.006930
2026-04-01T19:57:46.1782387Z,0.158394,0.291334,0.159281,0.170542,0.336231,0.164984,4.51,gru,0.012147,0.044897,0.005703
2026-04-01T19:57:46.2149519Z,0.153844,0.280179,0.159324,0.166398,0.323729,0.164101,6.21,gru,0.012554,0.043550,0.004777
2026-04-01T19:57:46.2484519Z,0.149455,0.267752,0.158852,0.161932,0.310552,0.163297,5.46,gru,0.012477,0.042800,0.004445
2026-04-01T19:57:46.2818964Z,0.143753,0.253317,0.160113,0.156462,0.297612,0.163557,6.20,gru,0.012709,0.044295,0.003445
2026-04-01T19:57:46.3145150Z,0.137442,0.237630,0.158733,0.150719,0.282404,0.162660,7.03,gru,0.013277,0.044775,0.003927
2026-04-01T19:57:46.3521885Z,0.128305,0.222848,0.160845,0.144493,0.267090,0.163056,6.05,gru,0.016188,0.044241,0.002212
2026-04-01T19:57:46.3802159Z,0.118844,0.202959,0.161418,0.136459,0.252937,0.163807,3.59,gru,0.017615,0.049978,0.002389
2026-04-01T19:57:46.4135432Z,0.107070,0.185515,0.162560,0.127539,0.236897,0.163959,4.00,gru,0.020469,0.051382,0.001399
2026-04-01T19:57:46.4437321Z,0.091776,0.165568,0.163501,0.116274,0.219904,0.164631,3.58,gru,0.024498,0.054336,0.001130
2026-04-01T19:57:46.4774689Z,0.073915,0.148652,0.165044,0.103178,0.202702,0.165705,4.52,gru,0.029263,0.054050,0.000661
2026-04-01T19:57:46.5125515Z,0.053476,0.131795,0.165398,0.088282,0.185238,0.166265,4.51,gru,0.034807,0.053443,0.000868
2026-04-01T19:57:46.5500016Z,0.033361,0.117903,0.163447,0.072589,0.168191,0.165343,5.54,gru,0.039228,0.050288,0.001896
2026-04-01T19:57:46.5869091Z,0.011286,0.108581,0.161058,0.055105,0.153967,0.164198,7.09,gru,0.043819,0.045386,0.003140
2026-04-01T19:57:46.6117952Z,-0.008704,0.101051,0.155131,0.037633,0.140864,0.161284,3.90,gru,0.046337,0.039813,0.006153
2026-04-01T19:57:46.6451789Z,-0.026266,0.092564,0.146906,0.021295,0.127429,0.156477,4.03,gru,0.047561,0.034864,0.009571
2026-04-01T19:57:46.6843388Z,-0.036925,0.070943,0.127846,0.008813,0.109585,0.146404,6.62,gru,0.045739,0.038641,0.018559
2026-04-01T19:57:46.7136231Z,-0.055662,0.102014,0.142284,-0.006964,0.122167,0.155069,6.04,gru,0.048698,0.020153,0.012785
2026-04-01T19:57:46.7526302Z,-0.061317,0.107879,0.144067,-0.019888,0.124387,0.156647,7.31,gru,0.041429,0.016507,0.012580
2026-04-01T19:57:46.7884246Z,-0.060348,0.114662,0.150889,-0.024591,0.123144,0.157043,7.06,gru,0.035756,0.008483,0.006153
2026-04-01T19:57:46.8206532Z,-0.055304,0.123356,0.161701,-0.030071,0.127864,0.161742,7.04,gru,0.025233,0.004508,0.000042
2026-04-01T19:57:46.8518035Z,-0.044056,0.135332,0.174290,-0.031181,0.136948,0.169307,7.06,gru,0.012874,0.001616,0.004983
2026-04-01T19:57:46.8906189Z,-0.030531,0.150312,0.190010,-0.027675,0.147627,0.178890,6.28,gru,0.002856,0.002685,0.011120
2026-04-01T19:57:46.9303991Z,-0.012848,0.165267,0.201978,-0.019793,0.157323,0.186499,8.26,gru,0.006946,0.007944,0.015479
2026-04-01T19:57:46.9694262Z,0.004126,0.184628,0.214358,-0.010123,0.169587,0.194717,9.95,gru,0.014249,0.015041,0.019641
2026-04-01T19:57:46.9881246Z,0.019173,0.206616,0.228461,0.000219,0.186559,0.206655,6.87,gru,0.018954,0.020058,0.021807
2026-04-01T19:57:47.0173692Z,0.033833,0.232743,0.242936,0.012709,0.205450,0.218640,4.53,gru,0.021123,0.027293,0.024296
2026-04-01T19:57:47.0509524Z,0.051499,0.261368,0.253447,0.028278,0.226322,0.227717,4.38,gru,0.023221,0.035046,0.025730
2026-04-01T19:57:47.0824932Z,0.069107,0.294474,0.262970,0.044111,0.251194,0.236535,5.55,gru,0.024996,0.043281,0.026435
2026-04-01T19:57:47.1113687Z,0.084562,0.333294,0.273255,0.058148,0.282829,0.247348,4.07,gru,0.026414,0.050465,0.025907
2026-04-01T19:57:47.1445377Z,0.101220,0.368281,0.280450,0.073960,0.313322,0.255850,3.52,gru,0.027260,0.054960,0.024601
2026-04-01T19:57:47.1819735Z,0.116810,0.401390,0.284647,0.089829,0.342597,0.261788,5.41,gru,0.026981,0.058794,0.022860
2026-04-01T19:57:47.2162036Z,0.129636,0.436788,0.285515,0.103154,0.375583,0.266259,3.19,gru,0.026482,0.061205,0.019256
2026-04-01T19:57:47.2448261Z,0.138190,0.470979,0.284352,0.114057,0.409993,0.269542,4.61,gru,0.024133,0.060986,0.014810
2026-04-01T19:57:47.2805187Z,0.148435,0.505623,0.279217,0.126732,0.443123,0.270143,6.02,gru,0.021703,0.062500,0.009074
2026-04-01T19:57:47.3135449Z,0.154096,0.535937,0.273379,0.136158,0.471038,0.269046,2.50,gru,0.017938,0.064898,0.004334
2026-04-01T19:57:47.3446855Z,0.137795,0.573464,0.269382,0.129050,0.507664,0.268687,4.00,gru,0.008746,0.065799,0.000696
2026-04-01T19:57:47.3781795Z,0.136298,0.596086,0.260898,0.132151,0.533006,0.265110,4.22,gru,0.004147,0.063080,0.004213
2026-04-01T19:57:47.4157403Z,0.110912,0.622688,0.252606,0.121791,0.559049,0.259579,5.02,gru,0.010878,0.063639,0.006972
2026-04-01T19:57:47.4441287Z,0.096624,0.638776,0.245291,0.110285,0.581358,0.255260,4.18,gru,0.013661,0.057418,0.009969
2026-04-01T19:57:47.4907605Z,0.087960,0.648865,0.237845,0.106703,0.594898,0.250295,6.15,gru,0.018743,0.053967,0.012450
2026-04-01T19:57:47.5184356Z,0.084588,0.654356,0.232262,0.101521,0.608396,0.245022,4.58,gru,0.016933,0.045960,0.012760
2026-04-01T19:57:47.5548170Z,0.074898,0.658781,0.228463,0.090753,0.620507,0.240643,4.00,gru,0.015855,0.038274,0.012180
2026-04-01T19:57:47.5838014Z,0.064579,0.660555,0.226347,0.080085,0.629049,0.237158,4.01,gru,0.015506,0.031505,0.010812
2026-04-01T19:57:47.6203605Z,0.065457,0.657619,0.223803,0.079329,0.631582,0.233563,6.04,gru,0.013872,0.026036,0.009760
2026-04-01T19:57:47.6483267Z,0.055378,0.658897,0.223383,0.070883,0.638297,0.230977,5.23,gru,0.015506,0.020600,0.007594
2026-04-01T19:57:47.6808003Z,0.050581,0.658401,0.223104,0.062277,0.643304,0.229243,4.31,gru,0.011695,0.015096,0.006139
2026-04-01T19:57:47.7116342Z,0.035259,0.660666,0.222856,0.051599,0.646279,0.227638,3.66,gru,0.016339,0.014388,0.004782
2026-04-01T19:57:47.7545851Z,0.035664,0.659378,0.222659,0.049364,0.647254,0.226214,8.07,gru,0.013701,0.012125,0.003555
2026-04-01T19:57:47.7863100Z,0.031911,0.662394,0.221155,0.045499,0.651498,0.224463,6.01,gru,0.013588,0.010895,0.003308
2026-04-01T19:57:47.8259976Z,0.032945,0.662937,0.219648,0.040421,0.656058,0.222813,10.80,gru,0.007475,0.006879,0.003165
2026-04-01T19:57:47.8559487Z,0.027837,0.665507,0.218084,0.035107,0.658963,0.221386,7.42,gru,0.007270,0.006544,0.003303
2026-04-01T19:57:47.8766211Z,0.007711,0.671983,0.217743,0.021129,0.666146,0.220464,3.18,gru,0.013418,0.005837,0.002721
2026-04-01T19:57:47.9208380Z,0.013461,0.672361,0.214303,0.023797,0.665454,0.218440,7.02,gru,0.010336,0.006907,0.004138
2026-04-01T19:57:47.9567320Z,-0.010971,0.682369,0.211236,0.009765,0.673542,0.215770,7.60,gru,0.020737,0.008828,0.004533
2026-04-01T19:57:47.9788317Z,-0.026323,0.692163,0.205471,-0.006429,0.683155,0.211953,3.63,gru,0.019894,0.009008,0.006482
2026-04-01T19:57:48.0118130Z,-0.035601,0.701997,0.197161,-0.011270,0.686007,0.206676,4.04,gru,0.024331,0.015990,0.009515
2026-04-01T19:57:48.0461756Z,-0.045758,0.711943,0.187317,-0.020944,0.695738,0.199758,4.53,gru,0.024814,0.016205,0.012442
2026-04-01T19:57:48.1038198Z,-0.053355,0.721870,0.176319,-0.032472,0.706505,0.191674,9.54,gru,0.020883,0.015365,0.015355
2026-04-01T19:57:48.1226307Z,-0.057997,0.730555,0.164286,-0.040637,0.715380,0.182274,4.51,gru,0.017359,0.015175,0.017987
2026-04-01T19:57:48.1635599Z,-0.067494,0.739700,0.153334,-0.050063,0.725704,0.172746,5.77,gru,0.017431,0.013995,0.019412
2026-04-01T19:57:48.1933613Z,-0.075488,0.747773,0.143745,-0.058941,0.735607,0.163722,4.14,gru,0.016547,0.012167,0.019977
2026-04-01T19:57:48.2229200Z,-0.084320,0.755201,0.133870,-0.067610,0.744359,0.154151,8.27,gru,0.016710,0.010842,0.020280
2026-04-01T19:57:48.2512603Z,-0.087148,0.760628,0.125433,-0.073226,0.751189,0.145042,4.96,gru,0.013921,0.009439,0.019609
2026-04-01T19:57:48.2985603Z,-0.089686,0.766129,0.120692,-0.078118,0.758424,0.138266,11.86,gru,0.011568,0.007705,0.017574
2026-04-01T19:57:48.3339647Z,-0.089146,0.771466,0.119789,-0.081965,0.766131,0.134052,7.41,gru,0.007180,0.005335,0.014263
2026-04-01T19:57:48.3542119Z,-0.089985,0.776322,0.130354,-0.085586,0.772814,0.136824,6.76,gru,0.004399,0.003508,0.006470
2026-04-01T19:57:48.3872284Z,-0.073340,0.777218,0.144937,-0.078218,0.775672,0.142679,5.86,gru,0.004877,0.001547,0.002258
2026-04-01T19:57:48.4332347Z,-0.094568,0.782527,0.175145,-0.091277,0.781713,0.160033,7.58,gru,0.003291,0.000814,0.015112
2026-04-01T19:57:48.4746883Z,-0.088970,0.783091,0.203287,-0.091636,0.783995,0.177715,3.50,gru,0.002666,0.000904,0.025572
2026-04-01T19:57:48.5147399Z,-0.090800,0.786351,0.232601,-0.085630,0.784417,0.196562,5.70,gru,0.005170,0.001934,0.036039
2026-04-01T19:57:48.5385414Z,-0.091477,0.793465,0.287148,-0.089025,0.789535,0.219114,6.92,gru,0.002452,0.003930,0.068034
2026-04-01T19:57:48.5808035Z,-0.091676,0.793325,0.310197,-0.088487,0.790056,0.245821,4.52,gru,0.003189,0.003270,0.064376
2026-04-01T19:57:48.6134037Z,-0.091645,0.798413,0.328933,-0.087736,0.793000,0.269138,4.05,gru,0.003909,0.005413,0.059795
2026-04-01T19:57:48.6511227Z,-0.092512,0.798866,0.344118,-0.088523,0.794162,0.289655,6.01,gru,0.003989,0.004704,0.054463
2026-04-01T19:57:48.6904356Z,-0.097627,0.798980,0.355348,-0.092780,0.793751,0.307024,5.02,gru,0.004847,0.005229,0.048324
2026-04-01T19:57:48.7160423Z,-0.098056,0.800290,0.363317,-0.092620,0.793746,0.321383,6.69,gru,0.005436,0.006544,0.041934
2026-04-01T19:57:48.7536194Z,-0.097962,0.801480,0.370538,-0.091598,0.795385,0.334328,4.51,gru,0.006364,0.006095,0.036210
2026-04-01T19:57:48.7809204Z,-0.101899,0.801323,0.374385,-0.096189,0.796829,0.344137,3.54,gru,0.005709,0.004494,0.030249
2026-04-01T19:57:48.8143296Z,-0.102508,0.800903,0.377711,-0.097594,0.797269,0.352192,4.08,gru,0.004914,0.003634,0.025519
2026-04-01T19:57:48.8437319Z,-0.102391,0.800457,0.379831,-0.096660,0.799090,0.358838,4.02,gru,0.005730,0.001367,0.020993
2026-04-01T19:57:48.8805081Z,-0.101758,0.801615,0.380101,-0.097416,0.803234,0.362687,3.56,gru,0.004342,0.001619,0.017414
2026-04-01T19:57:48.9278967Z,-0.102036,0.804196,0.377917,-0.099009,0.807242,0.363835,4.02,gru,0.003027,0.003046,0.014082
2026-04-01T19:57:48.9625913Z,-0.101834,0.804179,0.374398,-0.098921,0.809521,0.363333,5.22,gru,0.002913,0.005341,0.011065
2026-04-01T19:57:48.9860504Z,-0.101152,0.807528,0.368269,-0.097868,0.812933,0.360726,4.68,gru,0.003284,0.005405,0.007543
2026-04-01T19:57:49.0115708Z,-0.096527,0.810762,0.360936,-0.094878,0.815624,0.356686,5.23,gru,0.001648,0.004863,0.004249
2026-04-01T19:57:49.0426674Z,-0.096343,0.816428,0.350094,-0.095529,0.818626,0.349871,3.52,gru,0.000814,0.002198,0.000223
2026-04-01T19:57:49.0846486Z,-0.096638,0.821178,0.336867,-0.096127,0.820548,0.341081,4.55,gru,0.000511,0.000630,0.004214
2026-04-01T19:57:49.1161859Z,-0.096752,0.827504,0.321770,-0.095060,0.823319,0.331098,5.18,gru,0.001692,0.004185,0.009328
2026-04-01T19:57:49.1474134Z,-0.097534,0.833787,0.305069,-0.095584,0.827830,0.319397,4.63,gru,0.001950,0.005957,0.014328
2026-04-01T19:57:49.1778819Z,-0.097964,0.838213,0.287122,-0.096606,0.831088,0.306015,4.57,gru,0.001358,0.007125,0.018893
2026-04-01T19:57:49.2127587Z,-0.098653,0.843643,0.267755,-0.097444,0.834827,0.291010,4.52,gru,0.001209,0.008816,0.023255
2026-04-01T19:57:49.2553765Z,-0.104972,0.847999,0.247108,-0.101646,0.839714,0.274422,6.43,gru,0.003326,0.008285,0.027314
2026-04-01T19:57:49.2884829Z,-0.103647,0.852042,0.225174,-0.101229,0.843304,0.256731,5.40,gru,0.002418,0.008738,0.031557
2026-04-01T19:57:49.3242860Z,-0.107345,0.855406,0.202562,-0.103211,0.847249,0.237866,8.27,gru,0.004134,0.008158,0.035304
2026-04-01T19:57:49.3533162Z,-0.108867,0.857522,0.181132,-0.105807,0.850933,0.218953,5.00,gru,0.003059,0.006589,0.037821
2026-04-01T19:57:49.3883094Z,-0.071993,0.867979,0.156348,-0.086710,0.855554,0.198859,6.84,gru,0.014717,0.012425,0.042510
2026-04-01T19:57:49.4183187Z,-0.115803,0.862921,0.137011,-0.105647,0.859936,0.179936,5.59,gru,0.010156,0.002985,0.042925
2026-04-01T19:57:49.4533141Z,-0.083956,0.869325,0.111849,-0.099074,0.858507,0.158529,7.76,gru,0.015118,0.010819,0.046680
2026-04-01T19:57:49.4819975Z,-0.121100,0.864752,0.099405,-0.106956,0.860462,0.142163,5.59,gru,0.014144,0.004290,0.042758
2026-04-01T19:57:49.5144216Z,-0.101554,0.868640,0.079340,-0.107315,0.865304,0.123575,5.52,gru,0.005760,0.003335,0.044235
2026-04-01T19:57:49.5568629Z,-0.120544,0.866778,0.070621,-0.113895,0.865281,0.108693,9.78,gru,0.006649,0.001497,0.038072
2026-04-01T19:57:49.5905072Z,-0.101034,0.868653,0.055585,-0.112417,0.866925,0.093694,4.62,gru,0.011384,0.001728,0.038110
2026-04-01T19:57:49.6385766Z,-0.102940,0.868092,0.047190,-0.111311,0.868063,0.080587,9.63,gru,0.008371,0.000029,0.033398
2026-04-01T19:57:49.6639916Z,-0.109286,0.868200,0.040517,-0.118035,0.872623,0.071865,9.80,gru,0.008749,0.004424,0.031348
2026-04-01T19:57:49.6966250Z,-0.110920,0.869444,0.036563,-0.118847,0.872216,0.063056,4.68,gru,0.007927,0.002772,0.026493
2026-04-01T19:57:49.7391492Z,-0.113957,0.872078,0.037050,-0.118792,0.874111,0.057816,6.18,gru,0.004835,0.002033,0.020766
2026-04-01T19:57:49.7591269Z,-0.109642,0.873787,0.037950,-0.116806,0.876705,0.053676,4.38,gru,0.007164,0.002918,0.015726
2026-04-01T19:57:49.7908958Z,-0.110683,0.877716,0.041775,-0.117257,0.880069,0.051947,4.57,gru,0.006575,0.002353,0.010172
2026-04-01T19:57:49.8281798Z,-0.105766,0.880094,0.044573,-0.114567,0.882568,0.050925,7.22,gru,0.008801,0.002473,0.006352
2026-04-01T19:57:49.8625218Z,-0.105763,0.884503,0.048059,-0.113040,0.885543,0.050817,5.99,gru,0.007277,0.001040,0.002758
2026-04-01T19:57:49.8946552Z,-0.097960,0.885810,0.051989,-0.108280,0.887270,0.051915,5.33,gru,0.010320,0.001460,0.000074
2026-04-01T19:57:49.9268413Z,-0.095599,0.891385,0.057293,-0.106206,0.890229,0.054622,4.31,gru,0.010607,0.001156,0.002671
2026-04-01T19:57:49.9577849Z,-0.094070,0.896032,0.063049,-0.104390,0.895262,0.058095,5.73,gru,0.010320,0.000769,0.004954
2026-04-01T19:57:49.9871085Z,-0.092102,0.899410,0.072054,-0.101942,0.898462,0.063660,5.38,gru,0.009840,0.000948,0.008394
2026-04-01T19:57:50.0254852Z,-0.137165,0.896730,0.095923,-0.124382,0.901007,0.081849,5.31,gru,0.012782,0.004277,0.014075
2026-04-01T19:57:50.0488752Z,-0.137963,0.897350,0.109909,-0.127792,0.899433,0.093309,5.85,gru,0.010171,0.002083,0.016600
2026-04-01T19:57:50.0831786Z,-0.138016,0.899103,0.123230,-0.122041,0.899314,0.103149,5.19,gru,0.015975,0.000211,0.020081
2026-04-01T19:57:50.1164025Z,-0.097642,0.904096,0.132089,-0.105886,0.907510,0.113127,4.51,gru,0.008245,0.003414,0.018963
2026-04-01T19:57:50.1437488Z,-0.093943,0.902764,0.147248,-0.107831,0.910070,0.126718,4.51,gru,0.013889,0.007306,0.020530
2026-04-01T19:57:50.1940775Z,-0.127703,0.893127,0.167753,-0.132421,0.911711,0.146368,10.37,gru,0.004718,0.018584,0.021385
2026-04-01T19:57:50.2340059Z,-0.091594,0.896073,0.180055,-0.115447,0.903723,0.159800,6.56,gru,0.023853,0.007649,0.020255
2026-04-01T19:57:50.2731541Z,-0.127972,0.884816,0.197936,-0.125615,0.904135,0.174169,8.99,gru,0.002356,0.019319,0.023767
2026-04-01T19:57:50.3046718Z,-0.123307,0.881138,0.212610,-0.134238,0.902558,0.189341,9.51,gru,0.010931,0.021420,0.023269
2026-04-01T19:57:50.3235088Z,-0.117349,0.875948,0.227536,-0.124051,0.890002,0.203771,5.02,gru,0.006702,0.014054,0.023765
2026-04-01T19:57:50.3501753Z,-0.123019,0.871265,0.240282,-0.127377,0.892101,0.216697,4.01,gru,0.004358,0.020836,0.023586
2026-04-01T19:57:50.3797712Z,-0.123319,0.866229,0.253329,-0.129244,0.888623,0.229445,3.57,gru,0.005926,0.022394,0.023884
2026-04-01T19:57:50.4285031Z,-0.126111,0.861212,0.265655,-0.128735,0.883090,0.242106,10.55,gru,0.002625,0.021879,0.023549
2026-04-01T19:57:50.4731598Z,-0.119486,0.858036,0.280106,-0.122574,0.880122,0.255551,9.05,gru,0.003089,0.022086,0.024555
2026-04-01T19:57:50.4958703Z,-0.119443,0.853104,0.293116,-0.120944,0.876212,0.268339,9.05,gru,0.001500,0.023107,0.024777
2026-04-01T19:57:50.5352607Z,-0.119281,0.848100,0.306848,-0.122286,0.871813,0.280769,8.11,gru,0.003005,0.023713,0.026079
2026-04-01T19:57:50.5603043Z,-0.119754,0.844990,0.319647,-0.119117,0.867859,0.292864,8.72,gru,0.000637,0.022869,0.026783
2026-04-01T19:57:50.5900313Z,-0.119865,0.841696,0.333568,-0.115518,0.866022,0.305730,4.73,gru,0.004348,0.024325,0.027839
2026-04-01T19:57:50.6234168Z,-0.119645,0.838192,0.346091,-0.114518,0.862265,0.317851,4.51,gru,0.005127,0.024072,0.028240
2026-04-01T19:57:50.6528043Z,-0.118414,0.836337,0.359266,-0.113818,0.857510,0.330149,7.11,gru,0.004596,0.021173,0.029117
2026-04-01T19:57:50.6991784Z,-0.124351,0.834177,0.369176,-0.117538,0.853977,0.340633,11.63,gru,0.006812,0.019800,0.028543
2026-04-01T19:57:50.7528975Z,-0.092549,0.834999,0.391663,-0.095690,0.853326,0.357495,10.37,gru,0.003141,0.018326,0.034168
2026-04-01T19:57:50.7903418Z,-0.092021,0.835256,0.400853,-0.095547,0.850345,0.368215,9.10,gru,0.003525,0.015089,0.032638
2026-04-01T19:57:50.8411210Z,-0.096900,0.839406,0.413538,-0.106141,0.850001,0.377150,4.14,gru,0.009241,0.010595,0.036388
2026-04-01T19:57:50.8508444Z,-0.098378,0.841955,0.415967,-0.099974,0.845071,0.384428,3.86,gru,0.001596,0.003116,0.031539
2026-04-01T19:57:50.8801691Z,-0.101349,0.848546,0.414998,-0.095488,0.848612,0.388126,3.55,gru,0.005860,0.000065,0.026872
2026-04-01T19:57:50.9160162Z,-0.102130,0.852908,0.411514,-0.100000,0.851179,0.391047,4.11,gru,0.002131,0.001729,0.020466
2026-04-01T19:57:50.9586811Z,-0.129046,0.855855,0.394065,-0.118821,0.850783,0.382738,10.63,gru,0.010225,0.005072,0.011328
2026-04-01T19:57:50.9991284Z,-0.129589,0.863249,0.385399,-0.118076,0.851095,0.378699,8.59,gru,0.011513,0.012154,0.006700
2026-04-01T19:57:51.0640652Z,-0.130035,0.871648,0.375206,-0.113142,0.858480,0.376086,9.52,gru,0.016893,0.013168,0.000879
2026-04-01T19:57:51.0942959Z,-0.144329,0.883517,0.344758,-0.131907,0.866308,0.353644,7.79,gru,0.012423,0.017209,0.008887
2026-04-01T19:57:51.1382735Z,-0.144922,0.891865,0.330983,-0.137447,0.867885,0.340764,6.70,gru,0.007475,0.023980,0.009781
2026-04-01T19:57:51.1784193Z,-0.157092,0.909371,0.297348,-0.141293,0.879248,0.322443,4.41,gru,0.015799,0.030123,0.025094
2026-04-01T19:57:51.2179876Z,-0.159436,0.917574,0.282395,-0.146637,0.890579,0.307760,7.24,gru,0.012799,0.026995,0.025366
2026-04-01T19:57:51.2488138Z,-0.165675,0.926861,0.265074,-0.153938,0.898655,0.294374,4.04,gru,0.011737,0.028206,0.029300
2026-04-01T19:57:51.2881555Z,-0.171814,0.934727,0.249649,-0.160689,0.908575,0.277380,6.03,gru,0.011125,0.026153,0.027730
2026-04-01T19:57:51.3359214Z,-0.170973,0.946982,0.233709,-0.160268,0.921225,0.262559,11.09,gru,0.010704,0.025757,0.028850
2026-04-01T19:57:51.3708537Z,-0.158421,0.965011,0.219933,-0.153964,0.938596,0.248763,9.61,gru,0.004457,0.026415,0.028829
2026-04-01T19:57:51.4080146Z,-0.164227,0.975028,0.202625,-0.161022,0.950403,0.232028,10.04,gru,0.003205,0.024626,0.029403
2026-04-01T19:57:51.4307422Z,-0.204364,0.967073,0.184827,-0.183341,0.954212,0.214717,10.17,gru,0.021023,0.012861,0.029890
2026-04-01T19:57:51.4594425Z,-0.211242,0.974939,0.169635,-0.189721,0.954900,0.200290,6.04,gru,0.021520,0.020039,0.030655
2026-04-01T19:57:51.4918843Z,-0.216894,0.981674,0.155561,-0.190339,0.966292,0.186489,5.73,gru,0.026555,0.015382,0.030928
2026-04-01T19:57:51.5232169Z,-0.223950,0.984395,0.142419,-0.203071,0.972946,0.171604,8.80,gru,0.020879,0.011449,0.029185
2026-04-01T19:57:51.5888601Z,-0.229966,0.989768,0.129759,-0.211591,0.974581,0.157036,8.62,gru,0.018375,0.015187,0.027277
2026-04-01T19:57:51.6387034Z,-0.234052,1.000581,0.105582,-0.215702,0.983225,0.138389,11.35,gru,0.018350,0.017356,0.032807
2026-04-01T19:57:51.7085756Z,-0.241492,1.010339,0.084153,-0.220896,0.996137,0.119977,12.86,gru,0.020596,0.014202,0.035824
2026-04-01T19:57:51.7446743Z,-0.245009,1.013357,0.075738,-0.225805,1.000265,0.110184,13.07,gru,0.019204,0.013092,0.034446
2026-04-01T19:57:51.7683417Z,-0.249801,1.013962,0.068460,-0.229477,1.001424,0.100192,5.64,gru,0.020324,0.012538,0.031732
2026-04-01T19:57:51.7888475Z,-0.256522,1.014699,0.062003,-0.233767,1.005129,0.089744,7.46,gru,0.022755,0.009570,0.027742
2026-04-01T19:57:51.8249392Z,-0.265425,1.014730,0.056791,-0.239817,1.007739,0.080947,9.04,gru,0.025608,0.006991,0.024155
2026-04-01T19:57:51.8569914Z,-0.270715,1.013797,0.054839,-0.245187,1.007650,0.074874,7.64,gru,0.025528,0.006147,0.020036
2026-04-01T19:57:51.8853345Z,-0.278607,1.014876,0.050575,-0.249599,1.009203,0.068276,6.55,gru,0.029009,0.005672,0.017701
2026-04-01T19:57:51.9304144Z,-0.281391,1.014220,0.049993,-0.251792,1.008792,0.063678,8.00,gru,0.029599,0.005428,0.013685
2026-04-01T19:57:51.9891798Z,-0.282715,1.017271,0.048792,-0.252264,1.008517,0.060496,10.88,gru,0.030451,0.008754,0.011704
2026-04-01T19:57:52.0272845Z,-0.290414,1.019252,0.047190,-0.255608,1.009821,0.057239,8.84,gru,0.034806,0.009432,0.010049
2026-04-01T19:57:52.0924005Z,-0.290303,1.022103,0.047443,-0.254873,1.010430,0.055240,12.97,gru,0.035431,0.011674,0.007797
2026-04-01T19:57:52.1231047Z,-0.288040,1.024124,0.047658,-0.254162,1.011432,0.053690,4.51,gru,0.033879,0.012692,0.006032
2026-04-01T19:57:52.1635472Z,-0.286926,1.024096,0.047289,-0.258143,1.014329,0.051863,6.55,gru,0.028783,0.009767,0.004574
2026-04-01T19:57:52.1914673Z,-0.283353,1.022332,0.047319,-0.252145,1.011841,0.051057,9.68,gru,0.031208,0.010491,0.003738
2026-04-01T19:57:52.2293594Z,-0.280581,1.020096,0.046758,-0.246878,1.009790,0.050221,7.91,gru,0.033704,0.010306,0.003464
2026-04-01T19:57:52.2480621Z,-0.276944,1.019357,0.045119,-0.243665,1.009030,0.048955,3.44,gru,0.033280,0.010327,0.003835
2026-04-01T19:57:52.2959194Z,-0.272909,1.015125,0.045739,-0.239179,1.005327,0.049117,8.14,gru,0.033730,0.009799,0.003378
2026-04-01T19:57:52.3514661Z,-0.268541,1.011993,0.045706,-0.234675,1.001607,0.049374,11.31,gru,0.033866,0.010386,0.003668
2026-04-01T19:57:52.3712796Z,-0.265707,1.009664,0.045691,-0.231993,0.999501,0.049103,10.80,gru,0.033714,0.010163,0.003412
2026-04-01T19:57:52.4101372Z,-0.259368,1.005050,0.047340,-0.228549,0.995856,0.049610,9.02,gru,0.030819,0.009194,0.002270
2026-04-01T19:57:52.4320397Z,-0.252577,1.001654,0.048384,-0.224526,0.992704,0.050055,10.34,gru,0.028051,0.008950,0.001671
2026-04-01T19:57:52.4574885Z,-0.242350,0.995573,0.050782,-0.219739,0.989013,0.051026,3.57,gru,0.022611,0.006560,0.000244
2026-04-01T19:57:52.4868605Z,-0.230428,0.993179,0.052850,-0.213243,0.986413,0.052319,4.01,gru,0.017185,0.006765,0.000532
2026-04-01T19:57:52.5232139Z,-0.220704,0.986651,0.055739,-0.206607,0.982724,0.054077,7.59,gru,0.014096,0.003927,0.001662
2026-04-01T19:57:52.5667832Z,-0.212237,0.981177,0.057742,-0.200414,0.978356,0.055775,10.64,gru,0.011822,0.002821,0.001966
2026-04-01T19:57:52.5913534Z,-0.200901,0.975538,0.060286,-0.192050,0.973398,0.057631,8.05,gru,0.008852,0.002139,0.002655
2026-04-01T19:57:52.6438721Z,-0.189193,0.968240,0.063219,-0.183237,0.967799,0.060033,14.76,gru,0.005956,0.000441,0.003186
2026-04-01T19:57:52.6886302Z,-0.179016,0.961202,0.064849,-0.175727,0.962582,0.061791,14.25,gru,0.003289,0.001381,0.003059
2026-04-01T19:57:52.7238922Z,-0.169096,0.956067,0.066483,-0.167527,0.957606,0.063474,13.11,gru,0.001569,0.001539,0.003009
2026-04-01T19:57:52.7925136Z,-0.150486,0.943920,0.067397,-0.155389,0.948651,0.064641,10.85,gru,0.004903,0.004731,0.002756
2026-04-01T19:57:52.8201810Z,-0.099511,0.935568,0.067890,-0.130180,0.939145,0.064985,5.43,gru,0.030668,0.003577,0.002905
2026-04-01T19:57:52.8795148Z,-0.091049,0.931245,0.067997,-0.121688,0.939418,0.066138,13.00,gru,0.030639,0.008174,0.001859
2026-04-01T19:57:52.9321296Z,-0.084461,0.917196,0.068570,-0.117124,0.932830,0.067342,6.21,gru,0.032663,0.015634,0.001228
2026-04-01T19:57:52.9548135Z,-0.083814,0.911852,0.069279,-0.109328,0.922581,0.068013,6.68,gru,0.025514,0.010729,0.001266
2026-04-01T19:57:53.0183833Z,-0.063571,0.909593,0.065658,-0.093886,0.919076,0.066564,10.44,gru,0.030315,0.009483,0.000906
2026-04-01T19:57:53.1010608Z,-0.048271,0.896594,0.066724,-0.080169,0.911324,0.066928,15.29,gru,0.031898,0.014730,0.000204
2026-04-01T19:57:53.1518477Z,-0.032718,0.885014,0.069046,-0.069576,0.902751,0.069192,17.48,gru,0.036858,0.017738,0.000146
2026-04-01T19:57:53.1772985Z,-0.026201,0.876553,0.070062,-0.060194,0.896088,0.069344,9.04,gru,0.033993,0.019535,0.000718
2026-04-01T19:57:53.1993987Z,-0.023662,0.870428,0.072390,-0.051647,0.890887,0.070499,5.81,gru,0.027985,0.020459,0.001891
2026-04-01T19:57:53.2203939Z,-0.017306,0.864817,0.075230,-0.041509,0.884608,0.072466,5.43,gru,0.024203,0.019792,0.002764
2026-04-01T19:57:53.2683877Z,-0.012821,0.858565,0.078741,-0.033635,0.878671,0.074762,10.55,gru,0.020813,0.020105,0.003979
2026-04-01T19:57:53.2988305Z,-0.017471,0.850637,0.083300,-0.032246,0.873484,0.077961,6.76,gru,0.014775,0.022846,0.005339
2026-04-01T19:57:53.3184522Z,-0.006231,0.844321,0.086910,-0.023270,0.866747,0.080564,8.03,gru,0.017039,0.022426,0.006346
2026-04-01T19:57:53.3459947Z,-0.002363,0.839312,0.091140,-0.015752,0.862813,0.083690,3.51,gru,0.013390,0.023501,0.007451
2026-04-01T19:57:53.3844256Z,-0.002574,0.831223,0.096328,-0.015026,0.858879,0.088102,8.12,gru,0.012452,0.027656,0.008226
2026-04-01T19:57:53.4100584Z,0.002185,0.826980,0.100231,-0.010557,0.853209,0.091559,3.52,gru,0.012743,0.026229,0.008672
2026-04-01T19:57:53.4445770Z,0.006355,0.822008,0.104539,-0.005186,0.848629,0.095131,3.68,gru,0.011541,0.026621,0.009408
2026-04-01T19:57:53.4934207Z,0.033272,0.821543,0.107463,0.011545,0.845289,0.098401,8.72,gru,0.021727,0.023746,0.009062
2026-04-01T19:57:53.5447466Z,0.036906,0.817381,0.110466,0.016286,0.844092,0.101778,6.72,gru,0.020621,0.026711,0.008688
2026-04-01T19:57:53.5715731Z,0.029599,0.810035,0.112700,0.012450,0.840156,0.104897,7.09,gru,0.017149,0.030121,0.007803
2026-04-01T19:57:53.6076966Z,0.030106,0.806560,0.115624,0.016548,0.832740,0.107788,8.53,gru,0.013557,0.026180,0.007836
2026-04-01T19:57:53.6382931Z,0.028240,0.803880,0.117856,0.021112,0.829824,0.110431,6.18,gru,0.007128,0.025944,0.007425
2026-04-01T19:57:53.6805113Z,0.029490,0.799352,0.120888,0.022016,0.826837,0.113423,5.75,gru,0.007473,0.027484,0.007466
2026-04-01T19:57:53.7181650Z,0.033518,0.799958,0.121897,0.024359,0.824550,0.115102,5.02,gru,0.009159,0.024591,0.006796
2026-04-01T19:57:53.7524110Z,0.033952,0.798976,0.123003,0.025775,0.823442,0.116455,5.73,gru,0.008178,0.024467,0.006548
2026-04-01T19:57:53.7961319Z,0.034019,0.798631,0.124379,0.027402,0.821873,0.118482,5.98,gru,0.006618,0.023242,0.005898
2026-04-01T19:57:53.8236385Z,0.034300,0.798464,0.124850,0.029127,0.820515,0.119728,5.19,gru,0.005173,0.022050,0.005122
2026-04-01T19:57:53.8560408Z,0.029027,0.798871,0.124926,0.026975,0.820578,0.120336,4.00,gru,0.002053,0.021707,0.004590
2026-04-01T19:57:53.9070205Z,0.034902,0.799879,0.126071,0.030698,0.819583,0.121499,10.04,gru,0.004204,0.019704,0.004571
2026-04-01T19:57:53.9369825Z,0.034683,0.801977,0.127026,0.032430,0.820395,0.122695,12.70,gru,0.002253,0.018418,0.004331
2026-04-01T19:57:53.9932222Z,0.034508,0.802895,0.127964,0.031413,0.821939,0.123540,11.23,gru,0.003095,0.019044,0.004424
2026-04-01T19:57:54.0400416Z,0.029970,0.802393,0.129045,0.029688,0.820986,0.124520,12.47,gru,0.000282,0.018592,0.004525
2026-04-01T19:57:54.0598159Z,0.028990,0.802553,0.130246,0.029294,0.820261,0.125608,4.52,gru,0.000304,0.017708,0.004638
2026-04-01T19:57:54.0951204Z,0.029757,0.804329,0.131834,0.030174,0.820042,0.127087,8.00,gru,0.000418,0.015714,0.004748
2026-04-01T19:57:54.1202759Z,0.029885,0.801910,0.133774,0.029595,0.818246,0.128840,7.59,gru,0.000290,0.016336,0.004935
2026-04-01T19:57:54.1692394Z,0.029560,0.802784,0.134898,0.028397,0.818149,0.129920,10.14,gru,0.001163,0.015365,0.004978
2026-04-01T19:57:54.2038578Z,0.028904,0.801352,0.135918,0.027997,0.816695,0.131026,13.14,gru,0.000908,0.015343,0.004892
2026-04-01T19:57:54.2352785Z,0.029266,0.800680,0.137891,0.028407,0.815013,0.132920,10.26,gru,0.000858,0.014333,0.004971
2026-04-01T19:57:54.2603179Z,0.032328,0.801322,0.139814,0.030103,0.814413,0.134793,5.87,gru,0.002226,0.013091,0.005021
2026-04-01T19:57:54.2884607Z,0.031811,0.799755,0.141150,0.029713,0.812750,0.136156,6.04,gru,0.002098,0.012995,0.004994
2026-04-01T19:57:54.3294901Z,0.031412,0.799084,0.142462,0.029058,0.811195,0.137565,9.52,gru,0.002354,0.012111,0.004897
2026-04-01T19:57:54.3607642Z,0.031102,0.799694,0.143909,0.029432,0.810774,0.139225,6.09,gru,0.001670,0.011080,0.004684
2026-04-01T19:57:54.3914636Z,0.031284,0.798182,0.145262,0.030010,0.809460,0.140826,7.16,gru,0.001274,0.011279,0.004436
2026-04-01T19:57:54.4301509Z,0.030912,0.795856,0.146515,0.029775,0.807381,0.142227,8.36,gru,0.001136,0.011525,0.004288
2026-04-01T19:57:54.4705418Z,0.030985,0.796795,0.146916,0.029410,0.807078,0.143078,9.49,gru,0.001575,0.010284,0.003838
2026-04-01T19:57:54.4908402Z,0.026919,0.795572,0.147352,0.027167,0.806177,0.143955,5.45,gru,0.000248,0.010604,0.003397
2026-04-01T19:57:54.5266939Z,0.026638,0.795172,0.147727,0.026888,0.804865,0.144823,7.39,gru,0.000249,0.009693,0.002904
2026-04-01T19:57:54.5602042Z,0.025785,0.794943,0.148050,0.026714,0.804203,0.145443,6.23,gru,0.000929,0.009260,0.002606
2026-04-01T19:57:54.5906971Z,0.025993,0.793474,0.148539,0.026080,0.803449,0.146058,4.58,gru,0.000087,0.009974,0.002481
2026-04-01T19:57:54.6251115Z,0.021768,0.795467,0.148395,0.023048,0.804219,0.146271,4.18,gru,0.001280,0.008752,0.002124
2026-04-01T19:57:54.6590225Z,0.020914,0.795906,0.148444,0.022040,0.804250,0.146489,5.43,gru,0.001126,0.008344,0.001955
2026-04-01T19:57:54.7134701Z,0.020789,0.796352,0.147705,0.022429,0.803928,0.146301,3.79,gru,0.001640,0.007576,0.001403
2026-04-01T19:57:54.7423810Z,0.020545,0.798181,0.146760,0.021297,0.805648,0.145792,3.88,gru,0.000753,0.007467,0.000967
2026-04-01T19:57:54.7942116Z,0.020485,0.799712,0.143200,0.020319,0.806859,0.143779,7.04,gru,0.000167,0.007147,0.000579
2026-04-01T19:57:54.8169175Z,0.016414,0.799038,0.142419,0.017683,0.806788,0.143066,6.67,gru,0.001269,0.007749,0.000647
2026-04-01T19:57:54.8506864Z,0.015376,0.797286,0.141650,0.016616,0.805720,0.142703,5.09,gru,0.001240,0.008434,0.001054
2026-04-01T19:57:54.8810035Z,0.015268,0.797477,0.140570,0.016486,0.806049,0.141385,5.92,gru,0.001218,0.008572,0.000815
2026-04-01T19:57:54.9227375Z,0.014951,0.795665,0.140501,0.015355,0.805696,0.140790,5.86,gru,0.000403,0.010031,0.000289
2026-04-01T19:57:54.9478687Z,0.015431,0.794813,0.140376,0.014811,0.804507,0.140418,4.01,gru,0.000620,0.009695,0.000043
2026-04-01T19:57:54.9769174Z,0.015733,0.792651,0.141595,0.014706,0.803146,0.140718,3.69,gru,0.001027,0.010495,0.000878
2026-04-01T19:57:55.0118770Z,0.010081,0.792587,0.142976,0.011094,0.803343,0.141356,4.12,gru,0.001013,0.010756,0.001620
2026-04-01T19:57:55.0466551Z,0.004644,0.793999,0.143655,0.007340,0.803841,0.141517,4.87,gru,0.002696,0.009842,0.002138
2026-04-01T19:57:55.0782766Z,0.004630,0.794509,0.144980,0.007642,0.802707,0.142277,4.06,gru,0.003012,0.008198,0.002703
2026-04-01T19:57:55.1223117Z,0.004187,0.795117,0.146791,0.006966,0.802920,0.143670,5.04,gru,0.002779,0.007803,0.003121
2026-04-01T19:57:55.1508980Z,0.005906,0.796566,0.147798,0.006082,0.804296,0.144482,3.53,gru,0.000175,0.007730,0.003316
2026-04-01T19:57:55.1785192Z,-0.000517,0.797196,0.149739,0.001557,0.805307,0.145819,4.52,gru,0.002074,0.008111,0.003920
2026-04-01T19:57:55.2236080Z,-0.000224,0.800424,0.150144,0.000897,0.806422,0.146604,4.52,gru,0.001120,0.005998,0.003541
2026-04-01T19:57:55.2562695Z,0.000534,0.803143,0.150659,0.002181,0.807851,0.147256,7.02,gru,0.001647,0.004708,0.003402
2026-04-01T19:57:55.2836258Z,0.000608,0.806296,0.150709,0.000690,0.810720,0.147952,5.27,gru,0.000082,0.004424,0.002757
2026-04-01T19:57:55.3166176Z,0.000612,0.807430,0.151102,-0.000432,0.811665,0.148604,4.15,gru,0.001044,0.004235,0.002498
2026-04-01T19:57:55.3527602Z,-0.004945,0.811935,0.150721,-0.003819,0.814908,0.148785,6.52,gru,0.001126,0.002973,0.001936
2026-04-01T19:57:55.3875363Z,-0.005552,0.815318,0.149774,-0.004396,0.818012,0.148421,5.53,gru,0.001156,0.002694,0.001353
2026-04-01T19:57:55.4432666Z,-0.010863,0.818428,0.149313,-0.007196,0.820739,0.148353,10.14,gru,0.003667,0.002311,0.000960
2026-04-01T19:57:55.4702953Z,-0.011054,0.821454,0.148366,-0.009045,0.823634,0.147933,10.02,gru,0.002009,0.002180,0.000434
2026-04-01T19:57:55.4920317Z,-0.012258,0.826706,0.147171,-0.010232,0.827817,0.147050,8.64,gru,0.002026,0.001111,0.000121
2026-04-01T19:57:55.5448509Z,-0.042714,0.828762,0.147538,-0.028681,0.833114,0.147349,8.18,gru,0.014033,0.004352,0.000189
2026-04-01T19:57:55.5669206Z,-0.042466,0.834872,0.145587,-0.031739,0.834050,0.146320,6.65,gru,0.010727,0.000822,0.000733
2026-04-01T19:57:55.5902932Z,-0.037460,0.838762,0.143536,-0.026360,0.836145,0.144700,7.62,gru,0.011100,0.002616,0.001165
2026-04-01T19:57:55.6283939Z,-0.038197,0.844466,0.141338,-0.033105,0.843814,0.143510,7.22,gru,0.005091,0.000652,0.002172
2026-04-01T19:57:55.6652548Z,-0.041604,0.848579,0.139575,-0.039778,0.847700,0.141908,4.29,gru,0.001826,0.000880,0.002333
2026-04-01T19:57:55.6863595Z,-0.068347,0.854371,0.137201,-0.054750,0.853012,0.139857,6.73,gru,0.013597,0.001359,0.002655
2026-04-01T19:57:55.7406049Z,-0.075443,0.862617,0.135005,-0.060040,0.857818,0.137852,10.66,gru,0.015403,0.004799,0.002847
2026-04-01T19:57:55.7699554Z,-0.070304,0.869873,0.133334,-0.056589,0.862485,0.136144,12.70,gru,0.013714,0.007387,0.002809
2026-04-01T19:57:55.8228040Z,-0.105436,0.890846,0.124257,-0.081463,0.880776,0.128849,7.00,gru,0.023973,0.010071,0.004593
2026-04-01T19:57:55.8495825Z,-0.113647,0.899294,0.121510,-0.093730,0.885919,0.125481,4.72,gru,0.019917,0.013374,0.003971
2026-04-01T19:57:55.8818282Z,-0.133034,0.911285,0.116319,-0.102587,0.890935,0.122205,3.63,gru,0.030448,0.020351,0.005886
2026-04-01T19:57:55.9122238Z,-0.139564,0.919267,0.113369,-0.114122,0.904037,0.118445,4.59,gru,0.025443,0.015230,0.005077
2026-04-01T19:57:55.9585586Z,-0.154996,0.928016,0.107287,-0.128483,0.913323,0.113515,6.51,gru,0.026513,0.014693,0.006228
2026-04-01T19:57:55.9866662Z,-0.164275,0.934874,0.103590,-0.140666,0.921173,0.109235,5.18,gru,0.023609,0.013701,0.005645
2026-04-01T19:57:56.0136661Z,-0.175388,0.943426,0.099062,-0.150187,0.928922,0.105366,5.01,gru,0.025201,0.014503,0.006304
2026-04-01T19:57:56.0483687Z,-0.188402,0.948354,0.095935,-0.161741,0.936902,0.101855,4.65,gru,0.026661,0.011452,0.005920
2026-04-01T19:57:56.0829711Z,-0.192611,0.954367,0.093499,-0.168920,0.942843,0.098795,3.51,gru,0.023691,0.011524,0.005297
2026-04-01T19:57:56.1158957Z,-0.199405,0.959640,0.092054,-0.175978,0.948986,0.096312,5.72,gru,0.023427,0.010654,0.004258
2026-04-01T19:57:56.1445128Z,-0.207583,0.963180,0.090030,-0.184985,0.954394,0.093903,3.57,gru,0.022598,0.008786,0.003872
2026-04-01T19:57:56.1781274Z,-0.217964,0.967444,0.086243,-0.193902,0.958843,0.090477,4.07,gru,0.024062,0.008601,0.004233
2026-04-01T19:57:56.2147446Z,-0.219351,0.969079,0.084118,-0.198401,0.960842,0.088029,6.58,gru,0.020950,0.008238,0.003911
2026-04-01T19:57:56.2487395Z,-0.225661,0.972923,0.080242,-0.204436,0.965418,0.085050,5.01,gru,0.021225,0.007505,0.004808
2026-04-01T19:57:56.2914182Z,-0.226094,0.976364,0.075495,-0.208824,0.970240,0.080896,8.33,gru,0.017271,0.006124,0.005401
2026-04-01T19:57:56.3288175Z,-0.226971,0.979095,0.072124,-0.210285,0.971214,0.077772,7.18,gru,0.016686,0.007880,0.005648
2026-04-01T19:57:56.3593323Z,-0.227740,0.978494,0.070558,-0.213022,0.972382,0.075812,5.54,gru,0.014718,0.006112,0.005253
2026-04-01T19:57:56.3903459Z,-0.225272,0.978534,0.068544,-0.213163,0.972629,0.073550,6.05,gru,0.012109,0.005905,0.005006
2026-04-01T19:57:56.4170638Z,-0.221172,0.976458,0.066904,-0.211262,0.971668,0.071327,6.53,gru,0.009909,0.004789,0.004424
2026-04-01T19:57:56.4523270Z,-0.218040,0.973380,0.065329,-0.210169,0.970702,0.069309,6.17,gru,0.007871,0.002678,0.003980
2026-04-01T19:57:56.4859145Z,-0.210726,0.970739,0.063898,-0.206703,0.968870,0.067446,5.06,gru,0.004023,0.001869,0.003548
2026-04-01T19:57:56.5171844Z,-0.202989,0.964171,0.064042,-0.202187,0.965408,0.066502,3.73,gru,0.000802,0.001236,0.002461
2026-04-01T19:57:56.5551416Z,-0.198177,0.958635,0.062643,-0.198847,0.962084,0.065078,7.25,gru,0.000671,0.003449,0.002436
2026-04-01T19:57:56.5819871Z,-0.189821,0.948916,0.062314,-0.193367,0.955824,0.063924,5.23,gru,0.003546,0.006908,0.001610
2026-04-01T19:57:56.6162724Z,-0.182342,0.940168,0.062397,-0.187342,0.949015,0.063543,6.10,gru,0.005000,0.008846,0.001146
2026-04-01T19:57:56.6512426Z,-0.169859,0.930466,0.062462,-0.179203,0.941729,0.063051,6.55,gru,0.009344,0.011264,0.000588
2026-04-01T19:57:56.6918098Z,-0.154172,0.921981,0.063056,-0.168596,0.934293,0.062900,7.81,gru,0.014424,0.012312,0.000156
2026-04-01T19:57:56.7250599Z,-0.139119,0.914037,0.063219,-0.157658,0.927822,0.062787,5.51,gru,0.018539,0.013785,0.000431
2026-04-01T19:57:56.7627705Z,-0.125514,0.904368,0.064182,-0.146866,0.920163,0.063143,3.51,gru,0.021352,0.015795,0.001039
2026-04-01T19:57:56.7861928Z,-0.093257,0.898800,0.064589,-0.126567,0.912404,0.063253,3.51,gru,0.033311,0.013605,0.001336
2026-04-01T19:57:56.8295212Z,-0.090564,0.889453,0.067311,-0.118193,0.907127,0.065268,4.78,gru,0.027630,0.017674,0.002044
2026-04-01T19:57:56.8574060Z,-0.087460,0.881993,0.068426,-0.113258,0.900967,0.066554,3.57,gru,0.025798,0.018974,0.001872
2026-04-01T19:57:56.8790746Z,-0.078266,0.876206,0.066799,-0.102398,0.891989,0.065929,3.52,gru,0.024131,0.015783,0.000870
2026-04-01T19:57:56.9102182Z,-0.073347,0.870012,0.066777,-0.093374,0.887081,0.066025,4.06,gru,0.020027,0.017069,0.000752
2026-04-01T19:57:56.9479634Z,-0.069469,0.863197,0.069938,-0.088254,0.882181,0.068591,6.05,gru,0.018785,0.018984,0.001347
2026-04-01T19:57:56.9888965Z,-0.037552,0.863835,0.064075,-0.070212,0.878127,0.066257,6.86,gru,0.032660,0.014292,0.002182
2026-04-01T19:57:57.0146686Z,-0.060069,0.849587,0.075253,-0.075223,0.874016,0.073418,4.24,gru,0.015154,0.024429,0.001836
2026-04-01T19:57:57.0464255Z,-0.047541,0.845588,0.075568,-0.069835,0.867879,0.075090,6.04,gru,0.022294,0.022291,0.000477
2026-04-01T19:57:57.0782478Z,-0.041368,0.837306,0.076419,-0.059639,0.860391,0.075112,3.50,gru,0.018271,0.023085,0.001307
2026-04-01T19:57:57.1118012Z,-0.029798,0.832740,0.076005,-0.052312,0.858361,0.075840,5.35,gru,0.022514,0.025621,0.000165
2026-04-01T19:57:57.1450479Z,-0.030003,0.826231,0.078076,-0.049882,0.854088,0.077187,4.90,gru,0.019879,0.027857,0.000889
2026-04-01T19:57:57.1828769Z,-0.020336,0.819994,0.077408,-0.042901,0.847873,0.077089,5.56,gru,0.022566,0.027880,0.000319
2026-04-01T19:57:57.2151262Z,-0.011145,0.814214,0.075562,-0.032892,0.842354,0.075509,4.01,gru,0.021746,0.028140,0.000053
2026-04-01T19:57:57.2576569Z,0.021460,0.813176,0.068995,-0.013454,0.840148,0.071768,9.86,gru,0.034914,0.026972,0.002773
2026-04-01T19:57:57.3125934Z,0.008875,0.803799,0.075860,-0.015352,0.836524,0.077319,7.99,gru,0.024227,0.032725,0.001459
2026-04-01T19:57:57.3403497Z,0.006024,0.796485,0.079983,-0.016516,0.829990,0.080756,4.13,gru,0.022540,0.033505,0.000773
2026-04-01T19:57:57.3804526Z,0.007172,0.779568,0.091564,-0.009911,0.816383,0.085802,4.55,gru,0.017084,0.036815,0.005762
2026-04-01T19:57:57.4271443Z,0.006941,0.771231,0.099659,-0.006493,0.810667,0.090948,5.19,gru,0.013433,0.039436,0.008711
2026-04-01T19:57:57.4617919Z,0.010617,0.761684,0.110923,-0.003620,0.803097,0.097703,6.32,gru,0.014237,0.041413,0.013219
2026-04-01T19:57:57.4884887Z,0.015677,0.750315,0.123723,0.001063,0.792238,0.107280,5.90,gru,0.014615,0.041923,0.016443
2026-04-01T19:57:57.5194048Z,0.020319,0.737452,0.138196,0.006132,0.781208,0.117861,5.11,gru,0.014187,0.043755,0.020335
2026-04-01T19:57:57.5473772Z,0.020169,0.724590,0.152498,0.008633,0.770372,0.129154,3.09,gru,0.011536,0.045782,0.023344
2026-04-01T19:57:57.5889328Z,0.022562,0.710145,0.166316,0.011836,0.758879,0.140827,8.64,gru,0.010726,0.048734,0.025490
2026-04-01T19:57:57.6202880Z,0.025973,0.695632,0.178731,0.016529,0.746597,0.152319,10.32,gru,0.009444,0.050964,0.026412
2026-04-01T19:57:57.6484204Z,0.025464,0.684010,0.188206,0.018604,0.734648,0.162413,4.53,gru,0.006859,0.050638,0.025793
2026-04-01T19:57:57.6776405Z,0.029641,0.668994,0.196014,0.022552,0.721689,0.171782,4.01,gru,0.007089,0.052695,0.024231
2026-04-01T19:57:57.7172499Z,0.025841,0.657742,0.203563,0.022678,0.710274,0.181232,5.53,gru,0.003163,0.052531,0.022331
2026-04-01T19:57:57.7494308Z,0.019640,0.646309,0.208862,0.019594,0.699210,0.189199,3.61,gru,0.000046,0.052901,0.019663
2026-04-01T19:57:57.7836141Z,0.019856,0.636168,0.212051,0.021098,0.686397,0.195439,5.52,gru,0.001242,0.050229,0.016612
2026-04-01T19:57:57.8143486Z,0.022557,0.625132,0.214724,0.023654,0.674438,0.201038,5.06,gru,0.001097,0.049306,0.013686
2026-04-01T19:57:57.8506534Z,0.018872,0.618656,0.215910,0.020103,0.667599,0.205364,3.59,gru,0.001231,0.048942,0.010545
2026-04-01T19:57:57.8796279Z,0.018873,0.612297,0.217157,0.018583,0.660801,0.208733,5.04,gru,0.000290,0.048504,0.008424
2026-04-01T19:57:57.9148242Z,0.019596,0.606951,0.218409,0.020325,0.652415,0.211818,5.02,gru,0.000730,0.045464,0.006592
2026-04-01T19:57:57.9497862Z,0.019006,0.602189,0.219681,0.019624,0.647263,0.214220,3.51,gru,0.000618,0.045074,0.005461
2026-04-01T19:57:57.9772610Z,0.019392,0.597470,0.221531,0.018680,0.642121,0.216498,3.24,gru,0.000712,0.044651,0.005033
2026-04-01T19:57:58.0124177Z,0.015613,0.596328,0.224072,0.016276,0.637921,0.218844,3.56,gru,0.000662,0.041593,0.005228
2026-04-01T19:57:58.0472661Z,0.015366,0.592476,0.225801,0.016161,0.632223,0.220381,4.52,gru,0.000795,0.039747,0.005420
2026-04-01T19:57:58.0781286Z,0.011230,0.590255,0.229426,0.013915,0.627105,0.222848,4.51,gru,0.002685,0.036850,0.006579
2026-04-01T19:57:58.1195010Z,0.007831,0.586790,0.233403,0.010402,0.621918,0.225865,7.53,gru,0.002571,0.035128,0.007538
2026-04-01T19:57:58.1496869Z,0.004519,0.584460,0.236705,0.007921,0.616023,0.228253,4.03,gru,0.003402,0.031563,0.008453
2026-04-01T19:57:58.1969763Z,-0.019088,0.589866,0.241830,-0.006815,0.616929,0.232026,9.45,gru,0.012273,0.027063,0.009804
2026-04-01T19:57:58.2229075Z,-0.026866,0.588125,0.245051,-0.013122,0.611968,0.235353,4.50,gru,0.013744,0.023843,0.009697
2026-04-01T19:57:58.2659575Z,-0.034107,0.584321,0.248274,-0.015832,0.605685,0.238497,5.53,gru,0.018275,0.021364,0.009777
2026-04-01T19:57:58.2884861Z,-0.033326,0.566191,0.256708,-0.019792,0.597653,0.245030,5.20,gru,0.013534,0.031462,0.011678
2026-04-01T19:57:58.3245642Z,-0.046414,0.560938,0.260693,-0.031718,0.593353,0.248789,9.99,gru,0.014695,0.032415,0.011904
2026-04-01T19:57:58.3547510Z,-0.062423,0.557919,0.265215,-0.044704,0.590606,0.252009,6.59,gru,0.017719,0.032687,0.013206
2026-04-01T19:57:58.3960546Z,-0.076549,0.558425,0.267926,-0.052793,0.584784,0.255706,5.53,gru,0.023756,0.026359,0.012220
2026-04-01T19:57:58.4354747Z,-0.088083,0.555186,0.271928,-0.061999,0.579676,0.260204,7.55,gru,0.026084,0.024490,0.011724
2026-04-01T19:57:58.4559644Z,-0.097708,0.554980,0.275859,-0.073257,0.577349,0.264757,6.29,gru,0.024451,0.022370,0.011103
2026-04-01T19:57:58.4890412Z,-0.104315,0.554486,0.279183,-0.082099,0.575836,0.268232,6.01,gru,0.022216,0.021350,0.010952
2026-04-01T19:57:58.5200372Z,-0.109643,0.557288,0.281649,-0.089016,0.575584,0.271397,4.45,gru,0.020627,0.018296,0.010252
2026-04-01T19:57:58.5497082Z,-0.112105,0.557313,0.285134,-0.094584,0.574555,0.275375,4.21,gru,0.017521,0.017242,0.009759
2026-04-01T19:57:58.5849745Z,-0.114235,0.561212,0.287285,-0.100200,0.575585,0.278498,5.95,gru,0.014034,0.014373,0.008786
2026-04-01T19:57:58.6212839Z,-0.113796,0.562139,0.290976,-0.103658,0.576605,0.281788,6.75,gru,0.010137,0.014466,0.009189
2026-04-01T19:57:58.6549656Z,-0.113725,0.564037,0.293514,-0.105969,0.578002,0.284681,6.97,gru,0.007756,0.013964,0.008834
2026-04-01T19:57:58.6853732Z,-0.112119,0.565934,0.296204,-0.107082,0.579057,0.287564,5.09,gru,0.005036,0.013123,0.008640
2026-04-01T19:57:58.7117371Z,-0.110937,0.569160,0.298069,-0.107933,0.580010,0.290062,4.04,gru,0.003004,0.010850,0.008008
2026-04-01T19:57:58.7453194Z,-0.110796,0.569001,0.300515,-0.109144,0.579480,0.292576,3.52,gru,0.001652,0.010479,0.007939
2026-04-01T19:57:58.7807234Z,-0.110441,0.572215,0.300980,-0.109463,0.581329,0.294043,5.89,gru,0.000978,0.009114,0.006937
2026-04-01T19:57:58.8207796Z,-0.110631,0.571332,0.301165,-0.109601,0.583203,0.294848,7.57,gru,0.001029,0.011871,0.006317
2026-04-01T19:57:58.8459620Z,-0.111606,0.572582,0.302278,-0.110452,0.585756,0.296345,5.49,gru,0.001154,0.013174,0.005932
2026-04-01T19:57:58.8823527Z,-0.112085,0.573575,0.303343,-0.111160,0.587136,0.297622,7.05,gru,0.000925,0.013561,0.005721
2026-04-01T19:57:58.9139723Z,-0.110927,0.574136,0.303641,-0.110172,0.586629,0.298348,5.52,gru,0.000755,0.012494,0.005293
2026-04-01T19:57:58.9616446Z,-0.109109,0.573303,0.305066,-0.108960,0.586120,0.299671,7.28,gru,0.000149,0.012818,0.005396
2026-04-01T19:57:58.9891668Z,-0.105745,0.574959,0.305377,-0.107107,0.587283,0.300588,4.69,gru,0.001361,0.012324,0.004789
2026-04-01T19:57:59.0357524Z,-0.100575,0.575939,0.305863,-0.103659,0.588474,0.301231,11.93,gru,0.003084,0.012535,0.004632
2026-04-01T19:57:59.0627649Z,-0.092561,0.579722,0.305512,-0.098237,0.590775,0.301566,5.08,gru,0.005677,0.011052,0.003946
2026-04-01T19:57:59.0901858Z,-0.083576,0.586666,0.304284,-0.092192,0.595319,0.301265,8.34,gru,0.008616,0.008653,0.003020
2026-04-01T19:57:59.1253808Z,-0.074348,0.598983,0.300260,-0.085793,0.603227,0.299312,5.94,gru,0.011445,0.004244,0.000948
2026-04-01T19:57:59.1548678Z,-0.060160,0.610705,0.295442,-0.075303,0.610942,0.296516,5.69,gru,0.015144,0.000237,0.001074
2026-04-01T19:57:59.1806773Z,-0.045140,0.622621,0.289146,-0.063602,0.619260,0.292838,5.78,gru,0.018462,0.003361,0.003691
2026-04-01T19:57:59.2278042Z,-0.058245,0.650473,0.275500,-0.069834,0.641288,0.283049,12.11,gru,0.011589,0.009184,0.007549
2026-04-01T19:57:59.2764978Z,-0.050221,0.664378,0.268032,-0.062670,0.651679,0.276527,11.96,gru,0.012449,0.012699,0.008496
2026-04-01T19:57:59.2980488Z,-0.045687,0.676403,0.260434,-0.051750,0.659868,0.270902,7.92,gru,0.006063,0.016535,0.010467
2026-04-01T19:57:59.3390642Z,-0.037858,0.686929,0.253654,-0.048422,0.673491,0.264119,6.52,gru,0.010564,0.013438,0.010465
2026-04-01T19:57:59.3524127Z,-0.032836,0.700874,0.246264,-0.045389,0.687354,0.256758,4.19,gru,0.012553,0.013519,0.010494
2026-04-01T19:57:59.3824150Z,-0.001666,0.707753,0.242369,-0.024083,0.694120,0.251077,4.02,gru,0.022418,0.013633,0.008708
2026-04-01T19:57:59.4195602Z,-0.011162,0.719181,0.234808,-0.026362,0.705350,0.244688,5.17,gru,0.015199,0.013831,0.009880
2026-04-01T19:57:59.4570064Z,-0.003489,0.728905,0.229446,-0.024146,0.716229,0.238463,7.90,gru,0.020657,0.012676,0.009018
2026-04-01T19:57:59.4978076Z,0.001899,0.738289,0.224395,-0.012683,0.722168,0.233170,7.68,gru,0.014582,0.016121,0.008775
2026-04-01T19:57:59.5204076Z,0.001513,0.746181,0.221066,-0.010422,0.732717,0.229152,7.94,gru,0.011936,0.013463,0.008085
2026-04-01T19:57:59.5567124Z,0.002236,0.752809,0.218045,-0.009257,0.740199,0.225343,8.14,gru,0.011494,0.012609,0.007298
2026-04-01T19:57:59.5885732Z,-0.002085,0.758065,0.215956,-0.009316,0.746345,0.221836,5.76,gru,0.007230,0.011720,0.005880
2026-04-01T19:57:59.6172085Z,-0.045778,0.762175,0.212777,-0.031941,0.755302,0.218066,4.35,gru,0.013837,0.006873,0.005290
2026-04-01T19:57:59.6511744Z,-0.012212,0.768780,0.214021,-0.016116,0.753476,0.216613,5.53,gru,0.003903,0.015303,0.002593
2026-04-01T19:57:59.6943773Z,-0.012513,0.775253,0.212819,-0.009722,0.762690,0.215186,13.35,gru,0.002791,0.012563,0.002367
2026-04-01T19:57:59.7329484Z,-0.013119,0.782345,0.211601,-0.021713,0.772045,0.212759,7.07,gru,0.008594,0.010300,0.001158
2026-04-01T19:57:59.7513955Z,-0.012399,0.787420,0.209475,-0.021001,0.770008,0.210516,5.10,gru,0.008602,0.017412,0.001041
2026-04-01T19:57:59.7914219Z,-0.013109,0.797132,0.204356,-0.016863,0.777309,0.207346,4.64,gru,0.003754,0.019823,0.002991
2026-04-01T19:57:59.8231155Z,-0.012273,0.805351,0.199234,-0.016149,0.787222,0.204223,5.70,gru,0.003875,0.018129,0.004989
2026-04-01T19:57:59.8559856Z,-0.013287,0.814332,0.192788,-0.018439,0.794561,0.199670,5.31,gru,0.005153,0.019771,0.006882
2026-04-01T19:57:59.9013505Z,-0.070007,0.820660,0.186244,-0.047960,0.805562,0.194278,11.02,gru,0.022047,0.015098,0.008034
2026-04-01T19:57:59.9210547Z,-0.032681,0.840386,0.176916,-0.036597,0.807423,0.189433,8.14,gru,0.003916,0.032963,0.012518
2026-04-01T19:57:59.9540919Z,-0.037396,0.853194,0.167685,-0.031030,0.823645,0.182488,4.51,gru,0.006366,0.029549,0.014803
2026-04-01T19:57:59.9922821Z,-0.046871,0.867331,0.157921,-0.049590,0.836240,0.174980,4.42,gru,0.002719,0.031091,0.017059
2026-04-01T19:58:00.0299343Z,-0.071501,0.880879,0.148199,-0.064347,0.841687,0.166706,6.29,gru,0.007154,0.039191,0.018507
2026-04-01T19:58:00.0479673Z,-0.084675,0.894951,0.137800,-0.070455,0.852650,0.158190,4.50,gru,0.014221,0.042301,0.020390
2026-04-01T19:58:00.0822483Z,-0.086967,0.914350,0.124532,-0.072974,0.873009,0.147613,7.12,gru,0.013992,0.041341,0.023080
2026-04-01T19:58:00.1185006Z,-0.101310,0.926843,0.116639,-0.087845,0.887203,0.139585,5.41,gru,0.013464,0.039640,0.022946
2026-04-01T19:58:00.1484734Z,-0.114455,0.938419,0.108816,-0.100151,0.897229,0.131361,4.41,gru,0.014304,0.041190,0.022545
2026-04-01T19:58:00.1876815Z,-0.149240,0.941707,0.101236,-0.118161,0.906486,0.122453,4.60,gru,0.031079,0.035221,0.021217
2026-04-01T19:58:00.2115527Z,-0.171954,0.945437,0.096352,-0.135158,0.915439,0.115672,5.29,gru,0.036796,0.029998,0.019320
2026-04-01T19:58:00.2468155Z,-0.173589,0.957218,0.088494,-0.141815,0.925026,0.107833,5.07,gru,0.031774,0.032193,0.019339
2026-04-01T19:58:00.2821597Z,-0.177637,0.966545,0.081654,-0.150317,0.938151,0.099591,4.03,gru,0.027319,0.028394,0.017937
2026-04-01T19:58:00.3137520Z,-0.189699,0.969172,0.076799,-0.164363,0.946522,0.093512,4.52,gru,0.025335,0.022649,0.016713
2026-04-01T19:58:00.3541677Z,-0.199918,0.971091,0.071477,-0.174867,0.950499,0.087073,6.61,gru,0.025051,0.020593,0.015596
2026-04-01T19:58:00.3860623Z,-0.207249,0.969875,0.069478,-0.181541,0.952382,0.082906,5.52,gru,0.025708,0.017494,0.013428
2026-04-01T19:58:00.4143069Z,-0.216307,0.970636,0.065159,-0.189427,0.957142,0.077776,4.11,gru,0.026880,0.013494,0.012617
2026-04-01T19:58:00.4464835Z,-0.218682,0.971219,0.062824,-0.195827,0.959908,0.073232,4.51,gru,0.022855,0.011311,0.010409
2026-04-01T19:58:00.4803097Z,-0.223155,0.970892,0.060806,-0.201817,0.960156,0.069956,4.12,gru,0.021339,0.010735,0.009150
2026-04-01T19:58:00.5152154Z,-0.225041,0.971849,0.058728,-0.206618,0.962771,0.066653,3.77,gru,0.018423,0.009078,0.007926
2026-04-01T19:58:00.5444328Z,-0.227044,0.969504,0.057534,-0.209903,0.962821,0.064207,4.33,gru,0.017141,0.006683,0.006674
2026-04-01T19:58:00.5763437Z,-0.228574,0.968527,0.056571,-0.212891,0.962745,0.062219,3.66,gru,0.015683,0.005782,0.005648
2026-04-01T19:58:00.6184408Z,-0.230029,0.965686,0.055142,-0.214996,0.960930,0.060216,5.06,gru,0.015033,0.004756,0.005074
2026-04-01T19:58:00.6485082Z,-0.231885,0.968270,0.052754,-0.217997,0.962380,0.057884,4.01,gru,0.013888,0.005890,0.005130
2026-04-01T19:58:00.6933319Z,-0.232010,0.965399,0.052484,-0.219263,0.961467,0.056681,5.15,gru,0.012746,0.003932,0.004197
2026-04-01T19:58:00.7200698Z,-0.231749,0.964156,0.052486,-0.218730,0.960093,0.055934,5.45,gru,0.013019,0.004063,0.003448
2026-04-01T19:58:00.7560087Z,-0.232224,0.965664,0.051353,-0.218539,0.962171,0.054333,8.53,gru,0.013685,0.003493,0.002980
2026-04-01T19:58:00.7915512Z,-0.233052,0.964619,0.051393,-0.217511,0.961443,0.053539,8.37,gru,0.015542,0.003176,0.002145
2026-04-01T19:58:00.8198190Z,-0.233903,0.965723,0.050587,-0.218170,0.961206,0.052686,5.04,gru,0.015733,0.004517,0.002099
2026-04-01T19:58:00.8513727Z,-0.236189,0.965479,0.048498,-0.219352,0.961757,0.051013,4.65,gru,0.016837,0.003722,0.002514
2026-04-01T19:58:00.8840294Z,-0.237487,0.969967,0.044623,-0.220372,0.964662,0.048380,6.48,gru,0.017115,0.005305,0.003757
2026-04-01T19:58:00.9140063Z,-0.242297,0.972662,0.038520,-0.222409,0.967731,0.044344,6.01,gru,0.019889,0.004931,0.005825
2026-04-01T19:58:00.9493296Z,-0.246845,0.977924,0.031272,-0.224427,0.971087,0.039449,7.03,gru,0.022418,0.006838,0.008177
2026-04-01T19:58:00.9889646Z,-0.251321,0.986466,0.023156,-0.226339,0.976511,0.033847,10.19,gru,0.024982,0.009955,0.010691
2026-04-01T19:58:01.0283651Z,-0.257335,0.994770,0.015435,-0.228619,0.982548,0.028036,4.17,gru,0.028716,0.012222,0.012601
2026-04-01T19:58:01.0535772Z,-0.266355,1.006995,0.006805,-0.231774,0.990601,0.021570,4.52,gru,0.034581,0.016394,0.014765
2026-04-01T19:58:01.0818173Z,-0.276846,1.013466,0.000395,-0.235869,0.996215,0.015619,4.59,gru,0.040977,0.017251,0.015224
2026-04-01T19:58:01.1159886Z,-0.291592,1.020843,-0.010563,-0.241318,1.002063,0.007737,3.09,gru,0.050275,0.018780,0.018300
2026-04-01T19:58:01.1531507Z,-0.295838,1.029355,-0.011027,-0.246007,1.007221,0.003820,7.01,gru,0.049831,0.022134,0.014847
2026-04-01T19:58:01.1804258Z,-0.304321,1.032128,-0.012316,-0.250790,1.011082,0.001262,5.03,gru,0.053531,0.021046,0.013578
2026-04-01T19:58:01.2169460Z,-0.307118,1.036845,-0.011011,-0.254772,1.015447,-0.001185,4.23,gru,0.052346,0.021398,0.009826
2026-04-01T19:58:01.2510122Z,-0.294246,1.055118,-0.007131,-0.253413,1.024997,-0.001060,5.00,gru,0.040832,0.030122,0.006071
2026-04-01T19:58:01.2831363Z,-0.294853,1.053022,-0.007326,-0.253099,1.030484,-0.002261,3.51,gru,0.041754,0.022538,0.005066
2026-04-01T19:58:01.3147695Z,-0.292336,1.060625,-0.014690,-0.252170,1.036155,-0.006834,5.01,gru,0.040166,0.024470,0.007857
2026-04-01T19:58:01.3482848Z,-0.287737,1.068598,-0.015614,-0.249906,1.041646,-0.008371,3.97,gru,0.037831,0.026952,0.007243
2026-04-01T19:58:01.3825523Z,-0.282338,1.076273,-0.019834,-0.246358,1.047758,-0.010365,4.53,gru,0.035980,0.028515,0.009469
2026-04-01T19:58:01.4206168Z,-0.309337,1.039624,-0.016256,-0.250792,1.044259,-0.008820,5.55,gru,0.058545,0.004634,0.007436
2026-04-01T19:58:01.4661918Z,-0.286161,1.069559,-0.015008,-0.248782,1.051845,-0.007733,5.02,gru,0.037379,0.017714,0.007275
2026-04-01T19:58:01.4841860Z,-0.286641,1.068753,-0.014308,-0.245446,1.056848,-0.008233,4.52,gru,0.041196,0.011905,0.006075
2026-04-01T19:58:01.5177313Z,-0.284932,1.068537,-0.014429,-0.246075,1.059094,-0.008032,5.59,gru,0.038857,0.009443,0.006396
2026-04-01T19:58:01.5539542Z,-0.283817,1.067351,-0.014780,-0.245317,1.054236,-0.008906,6.36,gru,0.038500,0.013115,0.005874
2026-04-01T19:58:01.5801104Z,-0.298446,1.044976,-0.018603,-0.247305,1.044662,-0.010624,3.89,gru,0.051140,0.000314,0.007979
2026-04-01T19:58:01.6147553Z,-0.273927,1.072981,-0.019201,-0.243193,1.056643,-0.010770,4.20,gru,0.030735,0.016338,0.008431
2026-04-01T19:58:01.6623877Z,-0.269736,1.070186,-0.020113,-0.238499,1.059147,-0.011712,7.55,gru,0.031237,0.011039,0.008400
2026-04-01T19:58:01.6962586Z,-0.261207,1.084915,-0.021828,-0.235997,1.064986,-0.013749,4.60,gru,0.025211,0.019929,0.008079
2026-04-01T19:58:01.7342599Z,-0.261701,1.081192,-0.021321,-0.233220,1.064106,-0.014616,6.24,gru,0.028481,0.017087,0.006705
2026-04-01T19:58:01.7641603Z,-0.256803,1.085773,-0.027137,-0.228843,1.065242,-0.017801,8.03,gru,0.027960,0.020531,0.009337
2026-04-01T19:58:01.7911514Z,-0.257317,1.086669,-0.026276,-0.225680,1.066458,-0.018390,4.72,gru,0.031636,0.020211,0.007886
2026-04-01T19:58:01.8213646Z,-0.255760,1.086856,-0.026996,-0.221344,1.065534,-0.018300,5.52,gru,0.034416,0.021322,0.008696
2026-04-01T19:58:01.8498459Z,-0.256425,1.089191,-0.027221,-0.216578,1.065493,-0.019284,3.82,gru,0.039847,0.023698,0.007938
2026-04-01T19:58:01.8884243Z,-0.306702,1.027254,-0.024793,-0.226282,1.057185,-0.015927,10.09,gru,0.080420,0.029931,0.008866
2026-04-01T19:58:01.9266727Z,-0.255832,1.085343,-0.027492,-0.225830,1.079636,-0.014743,4.21,gru,0.030002,0.005706,0.012750
2026-04-01T19:58:01.9738028Z,-0.257841,1.085305,-0.026268,-0.222568,1.088477,-0.016122,4.81,gru,0.035273,0.003172,0.010146
2026-04-01T19:58:01.9989760Z,-0.283253,1.054121,-0.022535,-0.237112,1.096992,-0.012073,4.05,gru,0.046141,0.042871,0.010461
2026-04-01T19:58:02.0126863Z,-0.266963,1.079681,-0.022282,-0.243157,1.087921,-0.012591,4.70,gru,0.023806,0.008241,0.009691
2026-04-01T19:58:02.0449486Z,-0.265673,1.080141,-0.021931,-0.236754,1.085835,-0.013060,3.43,gru,0.028919,0.005694,0.008871
2026-04-01T19:58:02.0907328Z,-0.260054,1.084040,-0.025580,-0.235371,1.084877,-0.015383,4.52,gru,0.024682,0.000838,0.010197
2026-04-01T19:58:02.1166481Z,-0.257729,1.080630,-0.026015,-0.233821,1.077523,-0.017716,5.22,gru,0.023908,0.003107,0.008299
2026-04-01T19:58:02.1469309Z,-0.314584,1.012560,-0.025901,-0.244686,1.061434,-0.015380,3.51,gru,0.069897,0.048874,0.010521
2026-04-01T19:58:02.1844306Z,-0.347885,0.972828,-0.028342,-0.258434,1.028890,-0.015895,5.04,gru,0.089452,0.056062,0.012447
2026-04-01T19:58:02.2133327Z,-0.344536,0.967139,-0.026416,-0.265580,1.015370,-0.014143,5.54,gru,0.078956,0.048230,0.012273
2026-04-01T19:58:02.2469880Z,-0.337342,0.988442,-0.033583,-0.271622,1.017470,-0.017746,5.52,gru,0.065721,0.029028,0.015838
2026-04-01T19:58:02.2815604Z,-0.340145,0.973074,-0.032997,-0.276176,1.007905,-0.019802,4.12,gru,0.063969,0.034831,0.013195
2026-04-01T19:58:02.3283174Z,-0.340473,0.962454,-0.035740,-0.280095,0.988518,-0.022336,10.84,gru,0.060378,0.026064,0.013404
2026-04-01T19:58:02.3580902Z,-0.339181,0.949094,-0.042368,-0.281817,0.972282,-0.027146,7.61,gru,0.057365,0.023188,0.015222
2026-04-01T19:58:02.3951949Z,-0.339176,0.941114,-0.045760,-0.283901,0.961790,-0.030139,6.73,gru,0.055275,0.020677,0.015620
2026-04-01T19:58:02.4471078Z,-0.328394,0.857404,-0.006287,-0.290739,0.945356,-0.017878,4.55,gru,0.037654,0.087951,0.011591
2026-04-01T19:58:02.4799884Z,-0.327434,0.829195,-0.003114,-0.297347,0.915085,-0.012152,5.05,gru,0.030086,0.085891,0.009038
2026-04-01T19:58:02.5076730Z,-0.306348,0.814924,-0.006062,-0.299590,0.908641,-0.013599,4.77,gru,0.006758,0.093717,0.007537
2026-04-01T19:58:02.5499288Z,-0.289962,0.781583,-0.008344,-0.292636,0.882462,-0.012373,4.21,gru,0.002674,0.100879,0.004029
2026-04-01T19:58:02.5815809Z,-0.287440,0.778031,-0.009294,-0.291397,0.860346,-0.010684,5.04,gru,0.003957,0.082316,0.001391
2026-04-01T19:58:02.6145100Z,-0.273865,0.777628,-0.009443,-0.285170,0.840036,-0.009303,4.21,gru,0.011305,0.062408,0.000140
2026-04-01T19:58:02.6484129Z,-0.264735,0.782738,-0.013411,-0.270527,0.819986,-0.009725,6.60,gru,0.005792,0.037248,0.003686
2026-04-01T19:58:02.6892917Z,-0.267347,0.786990,-0.012353,-0.256661,0.804480,-0.009620,9.54,gru,0.010686,0.017490,0.002732
2026-04-01T19:58:02.7173530Z,-0.266531,0.785157,-0.011785,-0.244154,0.796696,-0.008956,3.74,gru,0.022376,0.011538,0.002829
2026-04-01T19:58:02.7665907Z,-0.264037,0.785030,-0.012814,-0.240167,0.799434,-0.009550,5.43,gru,0.023870,0.014404,0.003263
2026-04-01T19:58:02.8047370Z,-0.265280,0.775839,-0.009974,-0.239204,0.800784,-0.008621,7.51,gru,0.026076,0.024945,0.001353
2026-04-01T19:58:02.8162957Z,-0.265762,0.780153,-0.011522,-0.233788,0.801593,-0.008904,3.58,gru,0.031974,0.021440,0.002618
2026-04-01T19:58:02.8539658Z,-0.269302,0.781066,-0.010487,-0.223165,0.799806,-0.008091,6.61,gru,0.046137,0.018740,0.002395
2026-04-01T19:58:02.8890377Z,-0.267878,0.780768,-0.012489,-0.213839,0.798497,-0.007632,5.03,gru,0.054040,0.017729,0.004856
2026-04-01T19:58:02.9193242Z,-0.269315,0.780027,-0.011712,-0.211504,0.801845,-0.008217,4.53,gru,0.057811,0.021818,0.003496
2026-04-01T19:58:02.9486620Z,-0.268459,0.785178,-0.014180,-0.208095,0.808844,-0.008956,8.03,gru,0.060364,0.023667,0.005224
2026-04-01T19:58:02.9979096Z,-0.269266,0.788075,-0.014526,-0.206534,0.817181,-0.009461,8.82,gru,0.062732,0.029106,0.005065
2026-04-01T19:58:03.0307790Z,-0.268386,0.788788,-0.015035,-0.208358,0.824662,-0.009927,5.09,gru,0.060027,0.035873,0.005108
2026-04-01T19:58:03.0552878Z,-0.269068,0.790960,-0.015033,-0.210712,0.831701,-0.010426,6.02,gru,0.058356,0.040740,0.004608
2026-04-01T19:58:03.0961443Z,-0.268254,0.787262,-0.014020,-0.216061,0.834095,-0.010298,8.14,gru,0.052193,0.046833,0.003723
2026-04-01T19:58:03.1268015Z,-0.269030,0.789200,-0.014251,-0.230584,0.840865,-0.011774,6.42,gru,0.038446,0.051665,0.002477
2026-04-01T19:58:03.1551199Z,-0.269080,0.786934,-0.013320,-0.244837,0.845495,-0.012762,5.85,gru,0.024244,0.058561,0.000558
2026-04-01T19:58:03.1827870Z,-0.269385,0.788328,-0.013562,-0.260538,0.849590,-0.013922,4.52,gru,0.008847,0.061262,0.000360
2026-04-01T19:58:03.2101469Z,-0.267204,0.785263,-0.013834,-0.272006,0.851721,-0.015209,4.33,gru,0.004802,0.066457,0.001374
2026-04-01T19:58:03.2468941Z,-0.268793,0.784711,-0.012296,-0.280335,0.852909,-0.014766,4.08,gru,0.011542,0.068198,0.002470
2026-04-01T19:58:03.2839772Z,-0.268275,0.781274,-0.011784,-0.284431,0.851726,-0.014461,3.51,gru,0.016157,0.070452,0.002677
2026-04-01T19:58:03.3123490Z,-0.266470,0.779090,-0.012220,-0.286808,0.849977,-0.014960,4.03,gru,0.020338,0.070886,0.002740
2026-04-01T19:58:03.3459031Z,-0.266953,0.779750,-0.012011,-0.289730,0.850724,-0.014842,4.00,gru,0.022777,0.070974,0.002831
2026-04-01T19:58:03.3765200Z,-0.266540,0.779066,-0.012372,-0.291212,0.850273,-0.014879,4.15,gru,0.024672,0.071207,0.002507
2026-04-01T19:58:03.4225850Z,-0.268615,0.780422,-0.011261,-0.294784,0.850589,-0.014427,10.05,gru,0.026170,0.070167,0.003166
2026-04-01T19:58:03.4507170Z,-0.266217,0.782271,-0.014135,-0.295854,0.851394,-0.015809,6.02,gru,0.029636,0.069123,0.001673
2026-04-01T19:58:03.5051788Z,-0.266665,0.777741,-0.011521,-0.296760,0.849564,-0.015045,6.54,gru,0.030096,0.071823,0.003524
2026-04-01T19:58:03.5448538Z,-0.268230,0.779702,-0.011452,-0.298310,0.850321,-0.014194,3.05,gru,0.030079,0.070619,0.002742
2026-04-01T19:58:03.5681313Z,-0.267643,0.778416,-0.011253,-0.298566,0.849919,-0.014526,6.15,gru,0.030923,0.071503,0.003273
2026-04-01T19:58:03.5787519Z,-0.267879,0.778515,-0.011253,-0.297459,0.849183,-0.014248,4.57,gru,0.029580,0.070668,0.002995
2026-04-01T19:58:03.6158808Z,-0.266869,0.777563,-0.011339,-0.295737,0.848458,-0.014203,4.87,gru,0.028868,0.070894,0.002865
2026-04-01T19:58:03.6480996Z,-0.266611,0.778541,-0.012122,-0.294362,0.848617,-0.014441,3.51,gru,0.027751,0.070077,0.002319
2026-04-01T19:58:03.6781481Z,-0.266037,0.778813,-0.012054,-0.292619,0.848684,-0.014341,4.02,gru,0.026581,0.069871,0.002287
2026-04-01T19:58:03.7123810Z,-0.267516,0.780982,-0.012043,-0.292678,0.849919,-0.014243,4.53,gru,0.025163,0.068937,0.002200
2026-04-01T19:58:03.7465449Z,-0.266085,0.779070,-0.012597,-0.291453,0.849039,-0.014646,3.50,gru,0.025368,0.069969,0.002049
2026-04-01T19:58:03.7902273Z,-0.266128,0.779108,-0.012382,-0.291422,0.849082,-0.014687,4.81,gru,0.025294,0.069973,0.002305
2026-04-01T19:58:03.8178125Z,-0.268768,0.780901,-0.011090,-0.292776,0.851226,-0.013859,5.13,gru,0.024008,0.070325,0.002769
2026-04-01T19:58:03.8451769Z,-0.267798,0.780848,-0.011622,-0.293510,0.851320,-0.014170,4.51,gru,0.025712,0.070472,0.002548
2026-04-01T19:58:03.8780132Z,-0.266279,0.781164,-0.012954,-0.294027,0.851640,-0.015250,3.52,gru,0.027748,0.070475,0.002296
2026-04-01T19:58:03.9228890Z,-0.268035,0.781627,-0.011477,-0.296431,0.853231,-0.014476,8.45,gru,0.028396,0.071604,0.002999
2026-04-01T19:58:03.9692131Z,-0.266629,0.781795,-0.012717,-0.297588,0.853656,-0.015005,12.96,gru,0.030959,0.071861,0.002289
2026-04-01T19:58:03.9930424Z,-0.265070,0.777180,-0.011553,-0.297537,0.851365,-0.014988,5.00,gru,0.032468,0.074185,0.003435
2026-04-01T19:58:04.0549913Z,-0.266170,0.782964,-0.012986,-0.298771,0.854680,-0.015354,7.02,gru,0.032601,0.071715,0.002367
2026-04-01T19:58:04.0824350Z,-0.264848,0.779849,-0.012903,-0.298778,0.854423,-0.015833,5.11,gru,0.033930,0.074574,0.002931
2026-04-01T19:58:04.1140974Z,-0.265319,0.781778,-0.012918,-0.298074,0.853936,-0.015586,5.04,gru,0.032755,0.072158,0.002668
2026-04-01T19:58:04.1475429Z,-0.266618,0.781680,-0.012119,-0.299448,0.854904,-0.015380,4.75,gru,0.032830,0.073224,0.003261
2026-04-01T19:58:04.1833694Z,-0.265048,0.779768,-0.012429,-0.299321,0.853508,-0.015579,5.60,gru,0.034272,0.073740,0.003150
2026-04-01T19:58:04.2158663Z,-0.265584,0.780455,-0.012111,-0.300009,0.853833,-0.015570,5.06,gru,0.034424,0.073378,0.003459
2026-04-01T19:58:04.2577619Z,-0.266276,0.782174,-0.012199,-0.300890,0.855241,-0.015436,7.83,gru,0.034614,0.073067,0.003238
2026-04-01T19:58:04.2862325Z,-0.266261,0.785470,-0.012382,-0.301229,0.856771,-0.015614,4.62,gru,0.034968,0.071300,0.003232
2026-04-01T19:58:04.3225386Z,-0.266666,0.788490,-0.013406,-0.301227,0.858737,-0.016138,6.55,gru,0.034561,0.070247,0.002732
2026-04-01T19:58:04.3510529Z,-0.265564,0.786455,-0.013905,-0.300517,0.858200,-0.016619,5.19,gru,0.034953,0.071745,0.002714
2026-04-01T19:58:04.3867429Z,-0.268523,0.786091,-0.012413,-0.301161,0.858541,-0.015696,4.25,gru,0.032638,0.072450,0.003284
2026-04-01T19:58:04.4160367Z,-0.267215,0.786396,-0.013709,-0.301127,0.858890,-0.016236,4.94,gru,0.033912,0.072494,0.002528
2026-04-01T19:58:04.4603804Z,-0.267965,0.786156,-0.013563,-0.301061,0.858639,-0.016568,9.77,gru,0.033096,0.072483,0.003005
2026-04-01T19:58:04.5049097Z,-0.267829,0.786263,-0.013966,-0.301042,0.858873,-0.016597,12.91,gru,0.033213,0.072609,0.002631
2026-04-01T19:58:04.5410288Z,-0.268620,0.785802,-0.013192,-0.301280,0.858537,-0.016426,4.98,gru,0.032660,0.072734,0.003234
2026-04-01T19:58:04.5599372Z,-0.267384,0.786452,-0.014414,-0.300811,0.858353,-0.016931,4.30,gru,0.033427,0.071902,0.002517
2026-04-01T19:58:04.6146837Z,-0.268466,0.787906,-0.014001,-0.301216,0.859422,-0.017023,4.57,gru,0.032750,0.071516,0.003023
2026-04-01T19:58:04.6537707Z,-0.267657,0.789515,-0.014523,-0.300914,0.860119,-0.017087,5.95,gru,0.033257,0.070604,0.002563
2026-04-01T19:58:04.6880393Z,-0.269251,0.785153,-0.012080,-0.301660,0.858121,-0.016099,9.33,gru,0.032409,0.072968,0.004019
2026-04-01T19:58:04.7160584Z,-0.279865,0.795034,-0.007100,-0.305736,0.863589,-0.012557,3.67,gru,0.025871,0.068555,0.005456
2026-04-01T19:58:04.7461199Z,-0.280593,0.801861,-0.007876,-0.307571,0.867847,-0.012446,3.29,gru,0.026978,0.065986,0.004570
2026-04-01T19:58:04.7783658Z,-0.279583,0.802427,-0.007118,-0.307222,0.867840,-0.012520,3.35,gru,0.027639,0.065413,0.005402
