timestamp,actual_x,actual_y,actual_z,predicted_x,predicted_y,predicted_z,inference_ms,model_name,abs_err_x,abs_err_y,abs_err_z
2026-04-03T21:33:10.0673833Z,-0.031884,-0.011715,-0.006862,-0.031884,-0.011715,-0.006862,492.61,gru,0.000000,0.000000,0.000000
2026-04-03T21:33:10.1079491Z,-0.031922,-0.012029,-0.006106,-0.031922,-0.012029,-0.006106,3.52,gru,0.000000,0.000000,0.000000
2026-04-03T21:33:10.1444486Z,-0.032010,-0.011680,-0.004767,-0.032010,-0.011680,-0.004767,5.04,gru,0.000000,0.000000,0.000000
2026-04-03T21:33:10.1854049Z,-0.031191,-0.010933,-0.003512,0.047990,0.017359,0.018371,6.12,gru,0.079181,0.028292,0.021883
2026-04-03T21:33:10.2266431Z,-0.030372,-0.010782,-0.002374,0.127990,0.016997,0.019037,7.63,gru,0.158362,0.027779,0.021411
2026-04-03T21:33:10.2509851Z,-0.028061,-0.012041,0.000589,0.150202,0.016008,0.022152,7.17,gru,0.178263,0.028049,0.021563
2026-04-03T21:33:10.2713674Z,-0.026879,-0.011035,0.003470,0.149496,0.016708,0.024303,3.56,gru,0.176375,0.027743,0.020834
2026-04-03T21:33:10.3076347Z,-0.025171,-0.010887,0.005810,0.148745,0.016727,0.025398,4.03,gru,0.173917,0.027614,0.019589
2026-04-03T21:33:10.3428641Z,-0.024988,-0.011709,0.006609,0.148297,0.015615,0.025439,6.07,gru,0.173285,0.027324,0.018829
2026-04-03T21:33:10.3752303Z,-0.024712,-0.011542,0.006698,0.148101,0.015339,0.024752,4.04,gru,0.172813,0.026881,0.018054
2026-04-03T21:33:10.4104478Z,-0.025505,-0.011470,0.008569,0.146651,0.015647,0.027387,5.59,gru,0.172156,0.027117,0.018818
2026-04-03T21:33:10.4411707Z,-0.025863,-0.011487,0.008924,0.146036,0.015197,0.027143,7.13,gru,0.171899,0.026683,0.018220
2026-04-03T21:33:10.4716508Z,-0.025749,-0.011907,0.010839,0.144616,0.014526,0.028612,3.03,gru,0.170364,0.026433,0.017772
2026-04-03T21:33:10.5083110Z,-0.025200,-0.011837,0.011924,0.143713,0.014122,0.029206,3.53,gru,0.168913,0.025960,0.017282
2026-04-03T21:33:10.5490867Z,-0.024300,-0.013604,0.014421,0.142052,0.012810,0.031489,7.14,gru,0.166351,0.026414,0.017068
2026-04-03T21:33:10.5808844Z,-0.023677,-0.013944,0.017202,0.140585,0.012755,0.033995,6.60,gru,0.164261,0.026699,0.016793
2026-04-03T21:33:10.6107544Z,-0.022684,-0.014335,0.020009,0.139281,0.012675,0.035597,6.06,gru,0.161965,0.027009,0.015588
2026-04-03T21:33:10.6529867Z,-0.021431,-0.015432,0.022803,0.137443,0.011668,0.037646,8.11,gru,0.158874,0.027099,0.014843
2026-04-03T21:33:10.6722014Z,-0.019647,-0.016212,0.026704,0.135110,0.011139,0.040992,4.03,gru,0.154756,0.027351,0.014288
2026-04-03T21:33:10.7091653Z,-0.018904,-0.016023,0.033343,0.131797,0.012194,0.047948,4.07,gru,0.150701,0.028217,0.014605
2026-04-03T21:33:10.7469670Z,-0.017381,-0.015976,0.038863,0.128896,0.012048,0.051505,6.03,gru,0.146277,0.028024,0.012641
2026-04-03T21:33:10.7737390Z,-0.016441,-0.014550,0.044056,0.126093,0.012484,0.054266,4.63,gru,0.142535,0.027035,0.010211
2026-04-03T21:33:10.8094038Z,-0.015896,-0.012765,0.051592,0.121514,0.013659,0.061996,6.07,gru,0.137409,0.026424,0.010405
2026-04-03T21:33:10.8402415Z,-0.015605,-0.011527,0.059485,0.116579,0.013829,0.069157,5.58,gru,0.132184,0.025355,0.009672
2026-04-03T21:33:10.8735465Z,-0.014718,-0.008781,0.064907,0.112864,0.014400,0.070812,5.68,gru,0.127582,0.023181,0.005906
2026-04-03T21:33:10.9079837Z,-0.014154,-0.007267,0.070131,0.108092,0.013877,0.074046,5.12,gru,0.122247,0.021144,0.003915
2026-04-03T21:33:10.9474325Z,-0.014301,-0.005532,0.074835,0.102529,0.013917,0.078148,4.11,gru,0.116830,0.019449,0.003314
2026-04-03T21:33:10.9848762Z,-0.014419,-0.003975,0.078901,0.097160,0.014090,0.080738,5.18,gru,0.111579,0.018065,0.001837
2026-04-03T21:33:11.0251715Z,-0.014621,-0.002975,0.083683,0.091254,0.013659,0.084857,8.05,gru,0.105875,0.016634,0.001174
2026-04-03T21:33:11.0546499Z,-0.015397,-0.000702,0.088612,0.085080,0.015286,0.088831,6.16,gru,0.100477,0.015988,0.000218
2026-04-03T21:33:11.0878199Z,-0.015846,0.001048,0.093030,0.079399,0.015252,0.091531,8.48,gru,0.095245,0.014204,0.001499
2026-04-03T21:33:11.1159348Z,-0.016419,0.002039,0.097581,0.073518,0.014144,0.095172,3.04,gru,0.089937,0.012105,0.002408
2026-04-03T21:33:11.1597772Z,-0.016760,0.003615,0.101408,0.068177,0.014828,0.097550,7.11,gru,0.084937,0.011213,0.003859
2026-04-03T21:33:11.1911858Z,-0.016813,0.004801,0.105520,0.063149,0.015140,0.100959,9.17,gru,0.079962,0.010339,0.004561
2026-04-03T21:33:11.2176065Z,-0.017740,0.007367,0.109785,0.057265,0.017785,0.105181,7.11,gru,0.075006,0.010418,0.004605
2026-04-03T21:33:11.2444800Z,-0.018052,0.009474,0.114105,0.052523,0.018151,0.108601,4.04,gru,0.070574,0.008677,0.005505
2026-04-03T21:33:11.2760527Z,-0.017997,0.011740,0.118710,0.048577,0.018370,0.112633,4.54,gru,0.066573,0.006630,0.006077
2026-04-03T21:33:11.3061399Z,-0.017813,0.013640,0.123354,0.044218,0.019374,0.116886,3.04,gru,0.062031,0.005734,0.006468
2026-04-03T21:33:11.3486524Z,-0.017646,0.015669,0.128713,0.039500,0.021078,0.122687,8.35,gru,0.057146,0.005409,0.006027
2026-04-03T21:33:11.3849836Z,-0.016783,0.017895,0.133664,0.036029,0.022504,0.126938,5.56,gru,0.052813,0.004609,0.006726
2026-04-03T21:33:11.4327892Z,-0.016055,0.019407,0.139038,0.032481,0.022937,0.132125,8.06,gru,0.048536,0.003529,0.006913
2026-04-03T21:33:11.4548277Z,-0.015887,0.021434,0.144354,0.027662,0.025321,0.137769,7.43,gru,0.043549,0.003887,0.006586
2026-04-03T21:33:11.5076086Z,-0.016200,0.023398,0.147879,0.023317,0.026902,0.139225,9.01,gru,0.039517,0.003504,0.008655
2026-04-03T21:33:11.5442565Z,-0.017418,0.027609,0.155217,0.017518,0.033516,0.151426,7.28,gru,0.034936,0.005907,0.003791
2026-04-03T21:33:11.5881473Z,-0.017171,0.027831,0.159150,0.016705,0.029051,0.152367,9.31,gru,0.033877,0.001220,0.006784
2026-04-03T21:33:11.6246032Z,-0.017163,0.028253,0.163524,0.014324,0.028339,0.154823,7.86,gru,0.031487,0.000086,0.008701
2026-04-03T21:33:11.6551096Z,-0.017490,0.029268,0.167983,0.009837,0.033398,0.162092,6.68,gru,0.027327,0.004131,0.005891
2026-04-03T21:33:11.6904873Z,-0.017147,0.030303,0.173526,0.008658,0.034278,0.169244,5.83,gru,0.025805,0.003975,0.004282
2026-04-03T21:33:11.7183055Z,-0.016766,0.033593,0.178610,0.007372,0.038518,0.173725,3.68,gru,0.024138,0.004925,0.004885
2026-04-03T21:33:11.7465950Z,-0.016034,0.035906,0.183154,0.006578,0.039780,0.176723,4.79,gru,0.022612,0.003874,0.006431
2026-04-03T21:33:11.7773980Z,-0.015553,0.038770,0.187164,0.005068,0.042643,0.181062,4.14,gru,0.020621,0.003873,0.006102
2026-04-03T21:33:11.8078448Z,-0.014401,0.043048,0.190274,0.004812,0.048702,0.184238,5.26,gru,0.019213,0.005653,0.006036
2026-04-03T21:33:11.8765949Z,-0.013817,0.046590,0.194047,0.003870,0.051881,0.189384,8.18,gru,0.017688,0.005291,0.004663
2026-04-03T21:33:11.9043236Z,-0.011762,0.049620,0.198514,0.005773,0.053486,0.195002,3.54,gru,0.017535,0.003865,0.003512
2026-04-03T21:33:11.9427204Z,-0.007843,0.056903,0.206183,0.009905,0.065172,0.206855,4.62,gru,0.017748,0.008269,0.000671
2026-04-03T21:33:11.9775728Z,-0.005635,0.061084,0.210198,0.009687,0.067676,0.206234,5.18,gru,0.015322,0.006591,0.003963
2026-04-03T21:33:12.0109456Z,-0.003715,0.067507,0.214459,0.009241,0.073472,0.208854,5.69,gru,0.012956,0.005965,0.005605
2026-04-03T21:33:12.0567615Z,-0.001406,0.071288,0.219010,0.011707,0.076279,0.216827,10.49,gru,0.013114,0.004991,0.002183
2026-04-03T21:33:12.1024844Z,0.000451,0.076582,0.223885,0.012621,0.082817,0.222697,10.55,gru,0.012170,0.006235,0.001188
2026-04-03T21:33:12.1229852Z,0.001592,0.081035,0.228527,0.011839,0.088324,0.226467,7.94,gru,0.010247,0.007290,0.002060
2026-04-03T21:33:12.1535870Z,0.002358,0.085735,0.233176,0.011678,0.092108,0.230795,5.06,gru,0.009319,0.006373,0.002381
2026-04-03T21:33:12.1843563Z,0.003891,0.091109,0.237263,0.013681,0.097683,0.234927,4.12,gru,0.009791,0.006574,0.002336
2026-04-03T21:33:12.2183731Z,0.003988,0.097508,0.241655,0.011619,0.107506,0.240476,5.22,gru,0.007630,0.009998,0.001178
2026-04-03T21:33:12.2551042Z,0.005224,0.102186,0.245358,0.013534,0.109678,0.243580,7.94,gru,0.008310,0.007492,0.001778
2026-04-03T21:33:12.2823630Z,0.005719,0.108266,0.248124,0.013245,0.115987,0.245044,4.06,gru,0.007527,0.007722,0.003080
2026-04-03T21:33:12.3193911Z,0.006732,0.112124,0.250883,0.013678,0.119289,0.248776,6.25,gru,0.006945,0.007165,0.002107
2026-04-03T21:33:12.3524660Z,0.007610,0.117740,0.252145,0.014306,0.125724,0.249245,4.53,gru,0.006696,0.007984,0.002900
2026-04-03T21:33:12.3855813Z,0.009056,0.120997,0.253592,0.015947,0.127732,0.250844,6.53,gru,0.006891,0.006735,0.002749
2026-04-03T21:33:12.4209097Z,0.008555,0.125625,0.254159,0.012676,0.133064,0.251353,5.18,gru,0.004120,0.007439,0.002806
2026-04-03T21:33:12.4414546Z,0.008618,0.129110,0.254501,0.012743,0.136190,0.251351,3.51,gru,0.004125,0.007080,0.003150
2026-04-03T21:33:12.4792092Z,0.008507,0.131520,0.254485,0.013702,0.136937,0.251593,4.74,gru,0.005195,0.005417,0.002892
2026-04-03T21:33:12.5200247Z,0.008262,0.134696,0.253941,0.012152,0.141173,0.250572,7.89,gru,0.003891,0.006477,0.003369
2026-04-03T21:33:12.5467283Z,0.008132,0.137801,0.253744,0.011901,0.144338,0.251186,6.16,gru,0.003769,0.006537,0.002557
2026-04-03T21:33:12.5783745Z,0.008382,0.141605,0.252732,0.012752,0.148904,0.249528,6.67,gru,0.004369,0.007299,0.003203
2026-04-03T21:33:12.6081228Z,0.009454,0.145266,0.251476,0.014626,0.151985,0.247655,5.12,gru,0.005172,0.006718,0.003821
2026-04-03T21:33:12.6483491Z,0.011963,0.147174,0.251101,0.018525,0.152388,0.248951,5.03,gru,0.006561,0.005214,0.002150
2026-04-03T21:33:12.6880797Z,0.013481,0.152216,0.250074,0.017593,0.161588,0.247570,9.30,gru,0.004112,0.009373,0.002505
2026-04-03T21:33:12.7100017Z,0.015185,0.156351,0.250492,0.019154,0.165836,0.249182,5.01,gru,0.003969,0.009485,0.001310
2026-04-03T21:33:12.7458901Z,0.017008,0.160723,0.251689,0.022365,0.167696,0.251719,4.23,gru,0.005357,0.006972,0.000030
2026-04-03T21:33:12.7814477Z,0.019448,0.167028,0.253007,0.024805,0.175744,0.252371,9.14,gru,0.005358,0.008716,0.000636
2026-04-03T21:33:12.8087536Z,0.020853,0.173826,0.256017,0.024593,0.184740,0.257487,4.56,gru,0.003740,0.010915,0.001471
2026-04-03T21:33:12.8444525Z,0.022148,0.179755,0.258774,0.025809,0.188533,0.259888,5.29,gru,0.003661,0.008778,0.001114
2026-04-03T21:33:12.8848090Z,0.024352,0.187010,0.261020,0.029672,0.195152,0.260296,6.22,gru,0.005320,0.008142,0.000724
2026-04-03T21:33:12.9211090Z,0.026361,0.194449,0.263111,0.031043,0.204750,0.262610,8.03,gru,0.004682,0.010301,0.000501
2026-04-03T21:33:12.9503594Z,0.027194,0.201714,0.265191,0.029549,0.212411,0.265522,7.72,gru,0.002355,0.010697,0.000331
2026-04-03T21:33:12.9802601Z,0.028472,0.208324,0.267718,0.031801,0.217109,0.268515,7.34,gru,0.003329,0.008785,0.000797
2026-04-03T21:33:13.0107962Z,0.029745,0.215728,0.270758,0.033822,0.225220,0.271915,6.70,gru,0.004077,0.009492,0.001156
2026-04-03T21:33:13.0606652Z,0.028843,0.223807,0.274013,0.029330,0.236533,0.275187,8.10,gru,0.000487,0.012726,0.001174
2026-04-03T21:33:13.0943616Z,0.029442,0.230297,0.277198,0.032355,0.239543,0.278133,5.59,gru,0.002913,0.009246,0.000934
2026-04-03T21:33:13.1228801Z,0.031067,0.237120,0.279824,0.036709,0.244773,0.279996,5.56,gru,0.005643,0.007653,0.000173
2026-04-03T21:33:13.1505963Z,0.030359,0.243922,0.282256,0.030692,0.255343,0.282378,5.10,gru,0.000334,0.011421,0.000122
2026-04-03T21:33:13.1792506Z,0.030460,0.252000,0.284417,0.031355,0.264370,0.284828,4.04,gru,0.000895,0.012370,0.000411
2026-04-03T21:33:13.2184632Z,0.031509,0.256995,0.286499,0.036615,0.264359,0.286660,8.15,gru,0.005105,0.007363,0.000161
2026-04-03T21:33:13.2456969Z,0.033764,0.262309,0.287895,0.039060,0.269226,0.287062,6.34,gru,0.005296,0.006917,0.000833
2026-04-03T21:33:13.2751692Z,0.033645,0.267933,0.289134,0.033582,0.279043,0.288425,3.52,gru,0.000063,0.011110,0.000710
2026-04-03T21:33:13.3182485Z,0.034687,0.271552,0.290471,0.036734,0.279244,0.290434,6.06,gru,0.002046,0.007691,0.000038
2026-04-03T21:33:13.3507952Z,0.034423,0.277980,0.290812,0.036822,0.286269,0.289301,6.43,gru,0.002399,0.008289,0.001511
2026-04-03T21:33:13.3950863Z,0.035557,0.281842,0.292312,0.038861,0.288747,0.292197,5.57,gru,0.003303,0.006905,0.000115
2026-04-03T21:33:13.4180414Z,0.035454,0.287176,0.293671,0.037224,0.294752,0.294329,5.72,gru,0.001770,0.007576,0.000657
2026-04-03T21:33:13.4730612Z,0.032037,0.296219,0.294668,0.027701,0.310915,0.293850,6.46,gru,0.004336,0.014695,0.000818
2026-04-03T21:33:13.4916002Z,0.032545,0.300803,0.296932,0.037096,0.306679,0.297726,6.09,gru,0.004551,0.005876,0.000793
2026-04-03T21:33:13.5173028Z,0.032287,0.306636,0.298085,0.037232,0.311735,0.297867,6.24,gru,0.004945,0.005100,0.000217
2026-04-03T21:33:13.5547174Z,0.033375,0.311643,0.299142,0.034914,0.320939,0.298049,6.23,gru,0.001539,0.009296,0.001093
2026-04-03T21:33:13.5769982Z,0.033963,0.317818,0.299732,0.035843,0.327784,0.298822,5.89,gru,0.001880,0.009966,0.000910
2026-04-03T21:33:13.6094154Z,0.033698,0.325570,0.300239,0.034405,0.336889,0.299220,4.66,gru,0.000707,0.011320,0.001019
2026-04-03T21:33:13.6519365Z,0.030342,0.334838,0.301013,0.027245,0.346987,0.300556,7.11,gru,0.003096,0.012149,0.000456
2026-04-03T21:33:13.6883530Z,0.029343,0.341117,0.302120,0.030982,0.348353,0.301891,6.49,gru,0.001639,0.007236,0.000229
2026-04-03T21:33:13.7203840Z,0.031731,0.347099,0.303342,0.039788,0.352774,0.303064,5.96,gru,0.008057,0.005675,0.000277
2026-04-03T21:33:13.7468731Z,0.032882,0.353294,0.304805,0.034990,0.364334,0.304742,5.35,gru,0.002108,0.011040,0.000063
2026-04-03T21:33:13.7861395Z,0.033540,0.360334,0.305951,0.032344,0.372145,0.305273,6.78,gru,0.001196,0.011811,0.000678
2026-04-03T21:33:13.8218068Z,0.029769,0.369789,0.307434,0.024829,0.383653,0.306888,5.09,gru,0.004940,0.013864,0.000546
2026-04-03T21:33:13.8535106Z,0.007891,0.388202,0.307093,-0.021173,0.418500,0.303356,10.11,gru,0.029064,0.030299,0.003737
2026-04-03T21:33:13.9111157Z,0.015426,0.393405,0.309794,0.038384,0.392214,0.309649,12.40,gru,0.022958,0.001191,0.000145
2026-04-03T21:33:13.9527614Z,0.017390,0.405724,0.314374,0.038061,0.416171,0.319061,5.70,gru,0.020670,0.010447,0.004687
2026-04-03T21:33:13.9881586Z,0.020664,0.412404,0.316034,0.010573,0.433276,0.312904,5.22,gru,0.010091,0.020872,0.003130
2026-04-03T21:33:14.0142328Z,0.011413,0.423621,0.317511,-0.005971,0.439143,0.312572,4.07,gru,0.017384,0.015523,0.004939
2026-04-03T21:33:14.0400023Z,0.008352,0.433100,0.318525,0.009437,0.442675,0.316471,3.78,gru,0.001084,0.009575,0.002054
2026-04-03T21:33:14.0734486Z,0.005480,0.441559,0.319780,0.015700,0.449109,0.318798,4.78,gru,0.010220,0.007549,0.000982
2026-04-03T21:33:14.1117104Z,0.003286,0.449015,0.320972,-0.001295,0.464269,0.319333,7.19,gru,0.004581,0.015254,0.001639
2026-04-03T21:33:14.1414085Z,0.002695,0.457720,0.322126,0.000344,0.471169,0.319453,7.83,gru,0.002351,0.013449,0.002673
2026-04-03T21:33:14.1847558Z,0.001103,0.463717,0.323326,0.003626,0.472671,0.320857,5.69,gru,0.002523,0.008953,0.002470
2026-04-03T21:33:14.2150491Z,-0.002046,0.473847,0.324145,-0.003980,0.488816,0.322223,4.62,gru,0.001934,0.014969,0.001922
2026-04-03T21:33:14.2476379Z,-0.003017,0.480506,0.325190,-0.002033,0.490741,0.324042,7.73,gru,0.000983,0.010235,0.001148
2026-04-03T21:33:14.2872016Z,-0.002950,0.486856,0.325961,0.000883,0.494142,0.324063,7.18,gru,0.003833,0.007286,0.001898
2026-04-03T21:33:14.3365588Z,-0.005669,0.495725,0.326558,-0.008878,0.510720,0.324196,8.16,gru,0.003208,0.014995,0.002362
2026-04-03T21:33:14.3534469Z,-0.006685,0.502119,0.327282,-0.006733,0.514571,0.325400,6.14,gru,0.000049,0.012453,0.001882
2026-04-03T21:33:14.3889099Z,-0.005973,0.508535,0.327252,0.000539,0.516077,0.325106,7.72,gru,0.006512,0.007542,0.002146
2026-04-03T21:33:14.4330493Z,0.004066,0.510388,0.329849,0.021739,0.514495,0.330323,9.20,gru,0.017674,0.004106,0.000474
2026-04-03T21:33:14.4628129Z,0.002937,0.518542,0.329339,-0.002567,0.531725,0.326355,11.46,gru,0.005504,0.013183,0.002983
2026-04-03T21:33:14.4904189Z,-0.008957,0.527544,0.327654,-0.034045,0.543610,0.320403,7.36,gru,0.025088,0.016066,0.007251
2026-04-03T21:33:14.5390462Z,-0.008316,0.531411,0.328365,0.004122,0.527484,0.326260,11.61,gru,0.012438,0.003927,0.002105
2026-04-03T21:33:14.5625996Z,-0.005895,0.538530,0.328174,0.013228,0.541776,0.327697,8.68,gru,0.019122,0.003246,0.000477
2026-04-03T21:33:14.5874622Z,-0.000828,0.542943,0.328413,-0.001558,0.555039,0.325631,9.20,gru,0.000730,0.012096,0.002782
2026-04-03T21:33:14.6254526Z,-0.000466,0.547325,0.328448,-0.007327,0.551482,0.325687,6.23,gru,0.006862,0.004157,0.002761
2026-04-03T21:33:14.6500251Z,-0.000911,0.553867,0.327956,-0.001883,0.558334,0.324988,5.40,gru,0.000972,0.004467,0.002968
2026-04-03T21:33:14.6804147Z,0.001090,0.559791,0.327882,0.010933,0.564243,0.326794,6.25,gru,0.009842,0.004452,0.001087
2026-04-03T21:33:14.7047201Z,-0.000883,0.566626,0.327305,-0.005042,0.575307,0.325593,3.23,gru,0.004159,0.008682,0.001712
2026-04-03T21:33:14.7536139Z,-0.001095,0.572128,0.327286,-0.005469,0.576482,0.325508,7.00,gru,0.004374,0.004354,0.001778
2026-04-03T21:33:14.7842581Z,-0.000258,0.580351,0.327764,0.005563,0.584968,0.327490,7.64,gru,0.005821,0.004616,0.000274
2026-04-03T21:33:14.8157552Z,-0.000995,0.585961,0.328206,0.000424,0.592240,0.327958,6.56,gru,0.001419,0.006279,0.000248
2026-04-03T21:33:14.8439109Z,-0.002049,0.595324,0.328011,-0.005728,0.603504,0.326368,4.03,gru,0.003680,0.008180,0.001643
2026-04-03T21:33:14.8742479Z,-0.003565,0.602972,0.328316,-0.005302,0.608724,0.327421,4.56,gru,0.001737,0.005752,0.000895
2026-04-03T21:33:14.9228289Z,-0.003946,0.609856,0.328553,-0.001418,0.614118,0.328098,3.55,gru,0.002528,0.004262,0.000455
2026-04-03T21:33:14.9666753Z,-0.006187,0.618725,0.328703,-0.008344,0.629370,0.327769,4.57,gru,0.002157,0.010645,0.000934
2026-04-03T21:33:14.9982984Z,-0.028659,0.637457,0.324259,-0.010641,0.636608,0.326313,5.59,gru,0.018017,0.000849,0.002055
2026-04-03T21:33:15.0426112Z,-0.052554,0.647744,0.318619,-0.081421,0.655756,0.310020,3.04,gru,0.028867,0.008013,0.008598
2026-04-03T21:33:15.0847558Z,-0.052054,0.655974,0.319333,-0.023881,0.648549,0.321020,5.28,gru,0.028173,0.007426,0.001687
2026-04-03T21:33:15.1246658Z,-0.056531,0.663565,0.318954,-0.050958,0.676334,0.320306,5.18,gru,0.005573,0.012769,0.001351
2026-04-03T21:33:15.1472683Z,-0.020312,0.667473,0.328488,0.023128,0.672759,0.335348,5.31,gru,0.043440,0.005285,0.006860
2026-04-03T21:33:15.1893628Z,-0.020854,0.677705,0.327839,-0.034795,0.689809,0.319867,6.09,gru,0.013941,0.012104,0.007972
2026-04-03T21:33:15.2136702Z,-0.023500,0.683398,0.328390,-0.059425,0.695738,0.315629,5.61,gru,0.035925,0.012341,0.012761
2026-04-03T21:33:15.2420596Z,-0.051340,0.695998,0.321334,-0.079125,0.698331,0.308909,5.25,gru,0.027784,0.002333,0.012425
2026-04-03T21:33:15.2747485Z,-0.056458,0.703777,0.321176,-0.046889,0.706969,0.316754,6.41,gru,0.009569,0.003191,0.004422
2026-04-03T21:33:15.3060842Z,-0.070984,0.712718,0.317780,-0.075744,0.719436,0.313150,3.52,gru,0.004760,0.006718,0.004630
2026-04-03T21:33:15.3371396Z,-0.072967,0.721743,0.317135,-0.084560,0.733048,0.308212,4.04,gru,0.011594,0.011305,0.008922
2026-04-03T21:33:15.3746485Z,-0.077822,0.730701,0.316071,-0.077166,0.734701,0.309884,4.66,gru,0.000656,0.004000,0.006187
2026-04-03T21:33:15.4070747Z,-0.083805,0.739139,0.314777,-0.088165,0.750108,0.308692,3.52,gru,0.004360,0.010969,0.006085
2026-04-03T21:33:15.4405540Z,-0.087424,0.747495,0.314260,-0.089546,0.757356,0.310222,4.23,gru,0.002121,0.009861,0.004038
2026-04-03T21:33:15.4727193Z,-0.089625,0.757718,0.313252,-0.088763,0.768574,0.307958,4.08,gru,0.000862,0.010856,0.005294
2026-04-03T21:33:15.5078263Z,-0.097975,0.765116,0.311102,-0.106512,0.775301,0.304093,3.01,gru,0.008537,0.010185,0.007009
2026-04-03T21:33:15.5411596Z,-0.097894,0.776113,0.310838,-0.089768,0.782315,0.309044,5.07,gru,0.008126,0.006202,0.001795
2026-04-03T21:33:15.5723843Z,-0.102894,0.785597,0.309446,-0.101316,0.791141,0.307323,3.52,gru,0.001578,0.005544,0.002123
2026-04-03T21:33:15.6417522Z,-0.107941,0.793746,0.307850,-0.113643,0.797363,0.304040,5.64,gru,0.005702,0.003617,0.003810
2026-04-03T21:33:15.6678159Z,-0.113631,0.804258,0.306218,-0.116351,0.810296,0.302425,3.57,gru,0.002720,0.006039,0.003793
2026-04-03T21:33:15.6777756Z,-0.115394,0.814406,0.305342,-0.110087,0.827719,0.302461,3.06,gru,0.005306,0.013312,0.002881
2026-04-03T21:33:15.7135113Z,-0.121759,0.825977,0.303043,-0.127575,0.839696,0.297830,6.38,gru,0.005816,0.013718,0.005213
2026-04-03T21:33:15.7410140Z,-0.124551,0.836393,0.302094,-0.128798,0.839925,0.298222,4.61,gru,0.004247,0.003532,0.003872
2026-04-03T21:33:15.7852655Z,-0.131111,0.846276,0.299049,-0.133248,0.848035,0.293913,6.98,gru,0.002137,0.001759,0.005136
2026-04-03T21:33:15.8106031Z,-0.131508,0.857868,0.298709,-0.124996,0.865141,0.297346,4.13,gru,0.006512,0.007273,0.001362
2026-04-03T21:33:15.8400694Z,-0.131542,0.869854,0.297907,-0.123383,0.878476,0.297813,3.66,gru,0.008159,0.008621,0.000095
2026-04-03T21:33:15.8771930Z,-0.138160,0.882141,0.294755,-0.149440,0.890527,0.287005,5.99,gru,0.011280,0.008386,0.007750
2026-04-03T21:33:15.9175966Z,-0.144219,0.891906,0.291185,-0.148885,0.894739,0.284322,4.70,gru,0.004666,0.002833,0.006862
2026-04-03T21:33:15.9458612Z,-0.151299,0.901074,0.288272,-0.150632,0.903192,0.284539,6.57,gru,0.000667,0.002118,0.003732
2026-04-03T21:33:15.9802273Z,-0.152900,0.912435,0.285836,-0.148374,0.922358,0.283027,4.07,gru,0.004526,0.009922,0.002809
2026-04-03T21:33:16.0154508Z,-0.155540,0.923598,0.283246,-0.155363,0.931413,0.278308,5.06,gru,0.000177,0.007815,0.004939
2026-04-03T21:33:16.0471052Z,-0.160424,0.934521,0.278544,-0.167157,0.940231,0.269711,6.74,gru,0.006732,0.005710,0.008833
2026-04-03T21:33:16.1030937Z,-0.165615,0.942874,0.274647,-0.167050,0.945256,0.267975,9.68,gru,0.001435,0.002382,0.006673
2026-04-03T21:33:16.1342751Z,-0.168364,0.954864,0.270179,-0.164309,0.964713,0.265170,4.07,gru,0.004055,0.009849,0.005009
2026-04-03T21:33:16.1535662Z,-0.173912,0.962404,0.266244,-0.177981,0.968607,0.259900,5.05,gru,0.004069,0.006203,0.006344
2026-04-03T21:33:16.1744769Z,-0.179847,0.973948,0.260481,-0.185235,0.980564,0.251766,5.62,gru,0.005387,0.006616,0.008715
2026-04-03T21:33:16.2069676Z,-0.180833,0.983957,0.257024,-0.172389,0.990114,0.251944,3.80,gru,0.008444,0.006157,0.005080
2026-04-03T21:33:16.2428433Z,-0.187779,0.992912,0.251076,-0.190850,0.999624,0.243850,3.53,gru,0.003071,0.006712,0.007226
2026-04-03T21:33:16.2745766Z,-0.189106,1.004543,0.246949,-0.189036,1.013997,0.240247,6.15,gru,0.000070,0.009454,0.006702
2026-04-03T21:33:16.3089843Z,-0.196882,1.012223,0.241739,-0.199427,1.016579,0.235209,3.54,gru,0.002544,0.004356,0.006531
2026-04-03T21:33:16.3499910Z,-0.202715,1.018813,0.236394,-0.204827,1.022182,0.228215,5.06,gru,0.002111,0.003369,0.008179
2026-04-03T21:33:16.3879529Z,-0.207773,1.027921,0.230607,-0.204492,1.034685,0.223401,7.66,gru,0.003281,0.006764,0.007206
2026-04-03T21:33:16.4177856Z,-0.210767,1.035901,0.226427,-0.207461,1.044200,0.221107,3.58,gru,0.003306,0.008299,0.005319
2026-04-03T21:33:16.4511906Z,-0.215779,1.042746,0.220850,-0.216139,1.047293,0.213577,5.99,gru,0.000360,0.004546,0.007273
2026-04-03T21:33:16.4812726Z,-0.219918,1.050008,0.214257,-0.218430,1.055376,0.204377,6.98,gru,0.001488,0.005368,0.009880
2026-04-03T21:33:16.5097463Z,-0.222078,1.058594,0.208575,-0.215373,1.067357,0.201382,6.24,gru,0.006704,0.008763,0.007193
2026-04-03T21:33:16.5413460Z,-0.228276,1.065706,0.201262,-0.228908,1.074738,0.192046,5.55,gru,0.000632,0.009031,0.009216
2026-04-03T21:33:16.5750043Z,-0.231812,1.072178,0.193841,-0.229209,1.077588,0.183601,4.49,gru,0.002602,0.005410,0.010240
2026-04-03T21:33:16.6117040Z,-0.236976,1.077951,0.185970,-0.232537,1.083363,0.176101,4.54,gru,0.004439,0.005413,0.009869
2026-04-03T21:33:16.6519729Z,-0.241388,1.085091,0.178545,-0.238474,1.095633,0.169340,4.53,gru,0.002913,0.010542,0.009204
2026-04-03T21:33:16.6763372Z,-0.247545,1.089246,0.170176,-0.245298,1.095390,0.159616,4.08,gru,0.002246,0.006145,0.010559
2026-04-03T21:33:16.7090330Z,-0.255377,1.093871,0.162076,-0.254851,1.099564,0.151264,5.56,gru,0.000526,0.005693,0.010812
2026-04-03T21:33:16.7458758Z,-0.260250,1.096061,0.153965,-0.252988,1.098821,0.143997,5.11,gru,0.007262,0.002760,0.009969
2026-04-03T21:33:16.7752566Z,-0.268346,1.100206,0.143718,-0.264971,1.107790,0.130816,4.23,gru,0.003375,0.007584,0.012902
2026-04-03T21:33:16.8094529Z,-0.271122,1.105302,0.136150,-0.262871,1.113705,0.126879,4.07,gru,0.008251,0.008403,0.009271
2026-04-03T21:33:16.8415235Z,-0.272005,1.111478,0.125862,-0.256687,1.117736,0.115063,6.07,gru,0.015318,0.006258,0.010799
2026-04-03T21:33:16.8746929Z,-0.274775,1.115951,0.117150,-0.265424,1.124931,0.105721,5.30,gru,0.009351,0.008981,0.011430
2026-04-03T21:33:16.9079328Z,-0.278834,1.119144,0.108656,-0.270293,1.123614,0.099983,3.53,gru,0.008541,0.004470,0.008672
2026-04-03T21:33:16.9454848Z,-0.281943,1.122916,0.099117,-0.267754,1.127243,0.088134,7.19,gru,0.014189,0.004327,0.010983
2026-04-03T21:33:16.9772835Z,-0.284377,1.124090,0.089989,-0.266730,1.126516,0.079968,5.09,gru,0.017647,0.002426,0.010022
2026-04-03T21:33:17.0135624Z,-0.287217,1.126603,0.082338,-0.270341,1.130064,0.074898,4.16,gru,0.016876,0.003461,0.007440
2026-04-03T21:33:17.0499964Z,-0.290672,1.128444,0.072590,-0.272461,1.130286,0.062542,3.56,gru,0.018211,0.001842,0.010048
2026-04-03T21:33:17.0838906Z,-0.291280,1.129505,0.066247,-0.266691,1.126578,0.059700,5.21,gru,0.024589,0.002927,0.006547
2026-04-03T21:33:17.1158630Z,-0.290164,1.133224,0.060917,-0.261503,1.133149,0.057956,8.77,gru,0.028661,0.000075,0.002961
2026-04-03T21:33:17.1511893Z,-0.287141,1.133770,0.056724,-0.255968,1.130678,0.052949,6.83,gru,0.031173,0.003091,0.003775
2026-04-03T21:33:17.1741592Z,-0.284600,1.133333,0.052790,-0.252201,1.125960,0.049462,6.10,gru,0.032399,0.007373,0.003328
2026-04-03T21:33:17.2159851Z,-0.280653,1.134874,0.050964,-0.246061,1.129390,0.050267,4.56,gru,0.034591,0.005485,0.000697
2026-04-03T21:33:17.2573675Z,-0.267446,1.140256,0.049769,-0.222508,1.136906,0.050305,3.56,gru,0.044938,0.003350,0.000536
2026-04-03T21:33:17.3026753Z,-0.264469,1.136888,0.048868,-0.229046,1.129139,0.048822,6.06,gru,0.035423,0.007749,0.000047
2026-04-03T21:33:17.3532428Z,-0.250565,1.137123,0.048625,-0.209896,1.125257,0.048701,5.04,gru,0.040669,0.011866,0.000076
2026-04-03T21:33:17.3639102Z,-0.241211,1.136215,0.048878,-0.198697,1.126655,0.050069,3.52,gru,0.042514,0.009560,0.001191
2026-04-03T21:33:17.3943517Z,-0.227840,1.134577,0.049664,-0.186058,1.124327,0.052251,5.57,gru,0.041782,0.010250,0.002587
2026-04-03T21:33:17.4065245Z,-0.214733,1.130548,0.050461,-0.171920,1.113424,0.052142,4.04,gru,0.042813,0.017123,0.001682
2026-04-03T21:33:17.4383705Z,-0.203646,1.127392,0.051292,-0.167982,1.115851,0.053041,4.06,gru,0.035664,0.011541,0.001749
2026-04-03T21:33:17.4739715Z,-0.185360,1.124954,0.052288,-0.144276,1.112709,0.054136,6.07,gru,0.041084,0.012245,0.001848
2026-04-03T21:33:17.5078811Z,-0.164287,1.125086,0.052671,-0.122122,1.118271,0.054094,3.62,gru,0.042165,0.006815,0.001423
2026-04-03T21:33:17.5402358Z,-0.150854,1.121306,0.052358,-0.126686,1.115402,0.052860,3.57,gru,0.024168,0.005904,0.000502
2026-04-03T21:33:17.5729759Z,-0.137245,1.116392,0.052812,-0.116064,1.106413,0.054091,3.04,gru,0.021180,0.009979,0.001279
2026-04-03T21:33:17.6108005Z,-0.115128,1.115795,0.052633,-0.080916,1.110512,0.053668,6.60,gru,0.034212,0.005284,0.001036
2026-04-03T21:33:17.6411480Z,-0.103698,1.109689,0.052564,-0.084208,1.105945,0.053703,6.23,gru,0.019490,0.003744,0.001139
2026-04-03T21:33:17.6741326Z,-0.088270,1.104366,0.052130,-0.071897,1.096380,0.052793,5.59,gru,0.016372,0.007986,0.000664
2026-04-03T21:33:17.7145905Z,-0.073453,1.098897,0.051891,-0.051044,1.089489,0.052253,6.70,gru,0.022409,0.009408,0.000362
2026-04-03T21:33:17.7557515Z,-0.053800,1.094840,0.050225,-0.026526,1.091658,0.049451,5.27,gru,0.027274,0.003182,0.000774
2026-04-03T21:33:17.7919548Z,-0.042787,1.089402,0.049414,-0.029254,1.083880,0.049925,7.83,gru,0.013533,0.005522,0.000511
2026-04-03T21:33:17.8126702Z,-0.031613,1.081248,0.048330,-0.020806,1.070566,0.049082,4.05,gru,0.010807,0.010682,0.000752
2026-04-03T21:33:17.8498923Z,-0.026670,1.068833,0.048844,-0.015833,1.052851,0.050866,7.60,gru,0.010837,0.015981,0.002022
2026-04-03T21:33:17.8828141Z,0.004572,1.073756,0.046017,0.041232,1.082561,0.044929,4.65,gru,0.036660,0.008804,0.001087
2026-04-03T21:33:17.9209115Z,0.016045,1.066855,0.046309,0.031069,1.064919,0.047850,5.33,gru,0.015024,0.001935,0.001540
2026-04-03T21:33:17.9457996Z,-0.002663,1.046638,0.049398,-0.040265,1.033974,0.062999,4.25,gru,0.037602,0.012664,0.013600
2026-04-03T21:33:17.9789228Z,0.045266,1.058727,0.044149,0.039735,1.055466,0.047271,4.54,gru,0.005531,0.003261,0.003122
2026-04-03T21:33:18.0134686Z,0.059334,1.051140,0.043061,0.093172,1.055536,0.041494,3.68,gru,0.033838,0.004396,0.001567
2026-04-03T21:33:18.0505997Z,0.061847,1.043784,0.041786,0.021198,1.024320,0.052573,5.12,gru,0.040649,0.019464,0.010786
2026-04-03T21:33:18.0754449Z,0.065869,1.036930,0.041230,0.044461,1.007026,0.045426,4.05,gru,0.021408,0.029903,0.004196
2026-04-03T21:33:18.1103326Z,0.080320,1.034266,0.038890,0.086586,1.020750,0.039722,4.38,gru,0.006266,0.013516,0.000832
2026-04-03T21:33:18.1394706Z,0.069042,1.020527,0.040431,0.044803,0.999969,0.045979,5.24,gru,0.024238,0.020558,0.005549
2026-04-03T21:33:18.1872765Z,0.073992,1.013003,0.040667,0.057796,0.990340,0.044393,4.10,gru,0.016196,0.022664,0.003726
2026-04-03T21:33:18.2120156Z,0.112638,1.021953,0.035320,0.133545,1.024476,0.033883,4.54,gru,0.020907,0.002522,0.001437
2026-04-03T21:33:18.2370259Z,0.118075,1.017938,0.034040,0.115352,1.014601,0.036088,3.71,gru,0.002724,0.003337,0.002048
2026-04-03T21:33:18.2764769Z,0.123812,1.011451,0.033341,0.098789,0.993449,0.041711,5.56,gru,0.025022,0.018003,0.008369
2026-04-03T21:33:18.3094972Z,0.129073,1.006704,0.031530,0.121067,0.985158,0.033104,3.54,gru,0.008006,0.021546,0.001574
2026-04-03T21:33:18.3620541Z,0.134466,1.001800,0.030235,0.140618,0.995371,0.028966,3.55,gru,0.006152,0.006430,0.001269
2026-04-03T21:33:18.3918737Z,0.138813,0.993909,0.029198,0.140338,0.980806,0.030237,3.16,gru,0.001525,0.013103,0.001039
2026-04-03T21:33:18.4262316Z,0.140194,0.989529,0.026921,0.132420,0.974477,0.025520,6.06,gru,0.007774,0.015051,0.001402
2026-04-03T21:33:18.4491297Z,0.145965,0.982618,0.024414,0.147070,0.968401,0.022000,7.61,gru,0.001105,0.014217,0.002414
2026-04-03T21:33:18.4786143Z,0.130486,0.971269,0.026351,0.115011,0.961243,0.032002,5.07,gru,0.015474,0.010026,0.005651
2026-04-03T21:33:18.5065842Z,0.129247,0.964623,0.025275,0.124827,0.954510,0.025012,3.57,gru,0.004421,0.010113,0.000263
2026-04-03T21:33:18.5398180Z,0.132717,0.959124,0.024727,0.141538,0.946451,0.022963,3.55,gru,0.008822,0.012673,0.001763
2026-04-03T21:33:18.5755873Z,0.132442,0.952750,0.025707,0.128211,0.948717,0.028501,4.04,gru,0.004231,0.004033,0.002795
2026-04-03T21:33:18.6070407Z,0.137840,0.950448,0.026290,0.138388,0.946905,0.027077,4.57,gru,0.000548,0.003543,0.000787
2026-04-03T21:33:18.6414412Z,0.137796,0.945884,0.029772,0.139246,0.941851,0.033227,3.02,gru,0.001450,0.004033,0.003455
2026-04-03T21:33:18.6736652Z,0.138412,0.941655,0.032969,0.140220,0.940343,0.035624,5.53,gru,0.001808,0.001312,0.002654
2026-04-03T21:33:18.7090782Z,0.136211,0.937499,0.037408,0.136654,0.936980,0.039982,6.12,gru,0.000442,0.000519,0.002573
2026-04-03T21:33:18.7424567Z,0.142006,0.933946,0.042120,0.150102,0.927460,0.046246,4.34,gru,0.008096,0.006486,0.004127
2026-04-03T21:33:18.7727509Z,0.137328,0.930553,0.048086,0.132788,0.926836,0.053946,4.54,gru,0.004540,0.003717,0.005859
2026-04-03T21:33:18.8075719Z,0.153833,0.930111,0.054518,0.169866,0.929409,0.060110,4.06,gru,0.016034,0.000702,0.005591
2026-04-03T21:33:18.8428175Z,0.152252,0.925888,0.062449,0.153671,0.925014,0.069428,5.55,gru,0.001419,0.000874,0.006979
2026-04-03T21:33:18.8812821Z,0.148010,0.918260,0.071492,0.130315,0.914739,0.080792,5.09,gru,0.017695,0.003521,0.009299
2026-04-03T21:33:18.9159016Z,0.148505,0.911034,0.082462,0.150979,0.900925,0.092440,8.15,gru,0.002474,0.010109,0.009978
2026-04-03T21:33:18.9408029Z,0.143698,0.904730,0.091187,0.142821,0.904074,0.097143,3.61,gru,0.000877,0.000656,0.005956
2026-04-03T21:33:18.9776807Z,0.142850,0.896678,0.102657,0.140755,0.893849,0.111953,4.03,gru,0.002095,0.002829,0.009296
2026-04-03T21:33:19.0121955Z,0.091561,0.877755,0.110040,0.060755,0.877776,0.119980,4.57,gru,0.030806,0.000020,0.009940
2026-04-03T21:33:19.0509048Z,0.138714,0.880640,0.126739,0.140755,0.865744,0.137322,4.02,gru,0.002041,0.014896,0.010583
2026-04-03T21:33:19.0768023Z,0.139765,0.872243,0.141664,0.170996,0.876396,0.156002,4.05,gru,0.031232,0.004153,0.014337
2026-04-03T21:33:19.1060383Z,0.138049,0.863635,0.155229,0.090996,0.850357,0.164690,4.60,gru,0.047053,0.013279,0.009462
2026-04-03T21:33:19.1403942Z,0.133805,0.853257,0.169705,0.106602,0.818969,0.181210,4.71,gru,0.027203,0.034288,0.011505
2026-04-03T21:33:19.1731289Z,0.108509,0.838354,0.181455,0.083940,0.826825,0.189042,7.16,gru,0.024568,0.011528,0.007587
2026-04-03T21:33:19.2050473Z,0.113867,0.829748,0.197852,0.134656,0.828272,0.212334,3.53,gru,0.020789,0.001476,0.014482
2026-04-03T21:33:19.2401212Z,0.113330,0.819521,0.212524,0.120349,0.815051,0.227714,4.32,gru,0.007019,0.004470,0.015190
2026-04-03T21:33:19.2747531Z,0.111063,0.806950,0.227813,0.087030,0.800186,0.237956,6.41,gru,0.024033,0.006764,0.010143
2026-04-03T21:33:19.3092593Z,0.102472,0.792217,0.241624,0.091847,0.779443,0.252476,3.56,gru,0.010625,0.012774,0.010852
2026-04-03T21:33:19.3536419Z,0.101915,0.780092,0.254778,0.111986,0.778835,0.264006,6.17,gru,0.010071,0.001257,0.009229
2026-04-03T21:33:19.3935803Z,0.099706,0.765910,0.267674,0.102850,0.768389,0.278267,7.23,gru,0.003144,0.002479,0.010594
2026-04-03T21:33:19.4266141Z,0.097727,0.753122,0.279189,0.088093,0.751644,0.287865,6.73,gru,0.009633,0.001479,0.008675
2026-04-03T21:33:19.4531445Z,0.088936,0.735835,0.289277,0.073815,0.727770,0.294632,7.56,gru,0.015121,0.008065,0.005355
2026-04-03T21:33:19.4807811Z,0.087808,0.723774,0.299515,0.093714,0.726467,0.304412,4.57,gru,0.005906,0.002694,0.004897
2026-04-03T21:33:19.5102988Z,0.087911,0.707343,0.310720,0.100335,0.716277,0.319155,6.60,gru,0.012425,0.008933,0.008435
2026-04-03T21:33:19.5460175Z,0.083705,0.693765,0.318378,0.072837,0.698169,0.320471,4.04,gru,0.010868,0.004405,0.002093
2026-04-03T21:33:19.6027762Z,0.082415,0.678250,0.326433,0.078250,0.673620,0.327814,8.45,gru,0.004166,0.004630,0.001380
2026-04-03T21:33:19.6601545Z,0.074853,0.649620,0.337788,0.072089,0.637666,0.346233,9.10,gru,0.002763,0.011954,0.008445
2026-04-03T21:33:19.6929431Z,0.073282,0.635188,0.342815,0.069456,0.647623,0.338311,7.69,gru,0.003825,0.012435,0.004504
2026-04-03T21:33:19.7281395Z,0.069335,0.620154,0.346683,0.064972,0.633137,0.337367,11.87,gru,0.004363,0.012983,0.009316
2026-04-03T21:33:19.7730342Z,0.073546,0.593223,0.356067,0.083383,0.591359,0.360951,4.58,gru,0.009837,0.001864,0.004884
2026-04-03T21:33:19.8107507Z,0.050416,0.579451,0.351741,0.013506,0.580423,0.332902,4.06,gru,0.036910,0.000973,0.018839
2026-04-03T21:33:19.8441448Z,0.023672,0.567954,0.346420,-0.018787,0.579938,0.320610,4.05,gru,0.042458,0.011984,0.025809
2026-04-03T21:33:19.8793903Z,0.022094,0.556093,0.347717,0.046369,0.544125,0.341059,5.50,gru,0.024274,0.011968,0.006658
2026-04-03T21:33:19.9160023Z,0.021637,0.543448,0.349718,0.038680,0.541584,0.350419,5.70,gru,0.017043,0.001865,0.000701
2026-04-03T21:33:19.9450724Z,0.017224,0.533978,0.350773,-0.010913,0.536717,0.338098,4.02,gru,0.028137,0.002739,0.012674
2026-04-03T21:33:19.9829357Z,0.018666,0.520597,0.353754,0.012261,0.511026,0.343905,4.47,gru,0.006405,0.009571,0.009849
2026-04-03T21:33:20.0348021Z,0.015100,0.510795,0.354809,0.021268,0.513111,0.348953,5.56,gru,0.006168,0.002316,0.005855
2026-04-03T21:33:20.0506029Z,0.014735,0.499961,0.356280,0.013667,0.508367,0.352415,4.78,gru,0.001068,0.008406,0.003865
2026-04-03T21:33:20.0826389Z,0.014360,0.489803,0.357443,0.008384,0.493138,0.352335,4.26,gru,0.005976,0.003335,0.005108
2026-04-03T21:33:20.1105997Z,0.010290,0.480779,0.357281,0.002133,0.484959,0.349355,5.11,gru,0.008156,0.004180,0.007926
2026-04-03T21:33:20.1404189Z,0.008773,0.471238,0.357943,0.012318,0.476333,0.354630,5.91,gru,0.003545,0.005095,0.003312
2026-04-03T21:33:20.1776973Z,0.008521,0.461254,0.358860,0.012867,0.466626,0.358222,6.20,gru,0.004346,0.005373,0.000638
2026-04-03T21:33:20.2071417Z,0.008152,0.453059,0.359386,0.005575,0.459350,0.356338,4.09,gru,0.002576,0.006291,0.003048
2026-04-03T21:33:20.2474124Z,0.005077,0.444740,0.359354,0.000188,0.450117,0.355102,4.73,gru,0.004889,0.005377,0.004252
2026-04-03T21:33:20.2804837Z,0.004371,0.435905,0.359819,0.007030,0.439683,0.358144,3.52,gru,0.002659,0.003779,0.001675
2026-04-03T21:33:20.3129363Z,0.006893,0.426656,0.360803,0.015938,0.429244,0.361244,6.01,gru,0.009044,0.002589,0.000441
2026-04-03T21:33:20.3445899Z,0.003744,0.419602,0.359533,-0.002433,0.426839,0.355953,6.18,gru,0.006177,0.007237,0.003581
2026-04-03T21:33:20.3741934Z,0.002479,0.409703,0.358705,-0.001794,0.408978,0.356241,4.02,gru,0.004273,0.000725,0.002464
2026-04-03T21:33:20.4098721Z,0.030241,0.393899,0.366305,0.075739,0.383922,0.373963,4.56,gru,0.045498,0.009977,0.007657
2026-04-03T21:33:20.4445431Z,0.029612,0.384420,0.364363,0.021266,0.392695,0.359226,6.06,gru,0.008346,0.008275,0.005137
2026-04-03T21:33:20.4756028Z,0.001715,0.384130,0.353385,-0.056764,0.413499,0.319044,4.07,gru,0.058479,0.029368,0.034341
2026-04-03T21:33:20.5095205Z,-0.001611,0.377896,0.350096,0.002186,0.355621,0.337047,4.06,gru,0.003797,0.022274,0.013049
2026-04-03T21:33:20.5408368Z,-0.006420,0.371279,0.346631,0.021717,0.362283,0.345483,3.16,gru,0.028137,0.008996,0.001148
2026-04-03T21:33:20.5723047Z,-0.007328,0.362537,0.343893,-0.022322,0.369799,0.334850,4.33,gru,0.014994,0.007262,0.009043
2026-04-03T21:33:20.6114554Z,0.009230,0.347919,0.346121,0.018351,0.339082,0.341591,4.59,gru,0.009121,0.008837,0.004531
2026-04-03T21:33:20.6505465Z,0.014292,0.336591,0.345081,0.020098,0.336274,0.339776,6.18,gru,0.005807,0.000317,0.005305
2026-04-03T21:33:20.6805039Z,0.019002,0.325045,0.343549,0.015303,0.330528,0.337946,3.54,gru,0.003699,0.005484,0.005603
2026-04-03T21:33:20.7117001Z,0.026155,0.311088,0.342833,0.033017,0.307872,0.341484,5.31,gru,0.006862,0.003216,0.001349
2026-04-03T21:33:20.7546692Z,0.028376,0.301521,0.340876,0.028064,0.303781,0.337791,6.08,gru,0.000312,0.002260,0.003085
2026-04-03T21:33:20.7829346Z,0.032890,0.289552,0.338812,0.036132,0.289168,0.336173,3.95,gru,0.003242,0.000384,0.002639
2026-04-03T21:33:20.8265407Z,0.032111,0.278536,0.335504,0.030755,0.276774,0.333303,7.98,gru,0.001356,0.001761,0.002200
2026-04-03T21:33:20.8477389Z,0.032989,0.267749,0.332857,0.032152,0.266269,0.332340,5.76,gru,0.000838,0.001480,0.000517
2026-04-03T21:33:20.8770134Z,0.029875,0.259274,0.328982,0.027451,0.259282,0.327840,4.11,gru,0.002424,0.000007,0.001142
2026-04-03T21:33:20.9165084Z,0.029522,0.249481,0.325182,0.027822,0.248330,0.323492,7.41,gru,0.001700,0.001151,0.001690
2026-04-03T21:33:20.9491508Z,0.033281,0.238400,0.322056,0.040578,0.233338,0.322859,6.67,gru,0.007297,0.005062,0.000803
2026-04-03T21:33:20.9851838Z,0.031121,0.229407,0.318351,0.026046,0.232389,0.318982,6.60,gru,0.005074,0.002983,0.000631
2026-04-03T21:33:21.0070761Z,0.028539,0.221005,0.314055,0.019980,0.221030,0.312831,4.55,gru,0.008559,0.000024,0.001224
2026-04-03T21:33:21.0393086Z,0.009094,0.220143,0.307967,-0.013819,0.228087,0.305802,3.60,gru,0.022913,0.007945,0.002165
2026-04-03T21:33:21.0765455Z,0.012365,0.208963,0.304290,0.024123,0.192304,0.306468,3.57,gru,0.011758,0.016659,0.002178
2026-04-03T21:33:21.1257212Z,0.030795,0.191006,0.301831,0.062426,0.169240,0.304257,12.75,gru,0.031630,0.021767,0.002425
2026-04-03T21:33:21.1572573Z,0.029809,0.182366,0.297927,0.014184,0.198023,0.296286,6.06,gru,0.015626,0.015657,0.001641
2026-04-03T21:33:21.1835488Z,0.028434,0.172586,0.294598,0.006641,0.183458,0.292758,4.67,gru,0.021793,0.010872,0.001840
2026-04-03T21:33:21.2171858Z,0.025631,0.166744,0.289739,0.025375,0.159605,0.286728,5.16,gru,0.000256,0.007139,0.003011
2026-04-03T21:33:21.2547854Z,0.022903,0.159022,0.284991,0.023183,0.153637,0.281919,6.08,gru,0.000280,0.005385,0.003072
2026-04-03T21:33:21.2832897Z,0.022182,0.150856,0.278835,0.016615,0.150928,0.275624,5.19,gru,0.005567,0.000072,0.003211
2026-04-03T21:33:21.3157222Z,0.020112,0.142941,0.273872,0.012252,0.146521,0.271896,4.05,gru,0.007861,0.003581,0.001977
2026-04-03T21:33:21.3441759Z,0.018576,0.133312,0.268143,0.015719,0.131863,0.265372,5.55,gru,0.002857,0.001449,0.002770
2026-04-03T21:33:21.3767239Z,0.017832,0.124464,0.261398,0.017182,0.122568,0.256193,3.03,gru,0.000651,0.001896,0.005206
2026-04-03T21:33:21.4094504Z,0.016537,0.114457,0.255953,0.012988,0.117580,0.253791,5.08,gru,0.003549,0.003122,0.002163
2026-04-03T21:33:21.4431410Z,0.012738,0.105680,0.251576,0.005872,0.112226,0.251575,5.16,gru,0.006866,0.006546,0.000001
2026-04-03T21:33:21.4843719Z,0.010264,0.097607,0.245569,0.006494,0.100819,0.241317,6.59,gru,0.003770,0.003212,0.004252
2026-04-03T21:33:21.5102241Z,0.008519,0.089213,0.239131,0.007372,0.091054,0.233207,5.14,gru,0.001147,0.001841,0.005924
2026-04-03T21:33:21.5522126Z,0.004582,0.080768,0.233074,0.000228,0.085533,0.229992,4.58,gru,0.004354,0.004765,0.003082
2026-04-03T21:33:21.5766140Z,0.002011,0.071646,0.226864,-0.001486,0.074447,0.223961,3.18,gru,0.003498,0.002801,0.002904
2026-04-03T21:33:21.6068297Z,-0.000614,0.063404,0.219741,-0.002815,0.066151,0.214265,3.13,gru,0.002201,0.002748,0.005476
2026-04-03T21:33:21.6410724Z,-0.002771,0.056550,0.212269,-0.004582,0.061725,0.205572,6.84,gru,0.001810,0.005176,0.006697
2026-04-03T21:33:21.6711597Z,-0.005579,0.049248,0.205150,-0.009062,0.059626,0.199671,4.14,gru,0.003483,0.010377,0.005479
2026-04-03T21:33:21.7080032Z,-0.007639,0.041921,0.197439,-0.009714,0.049693,0.191288,4.18,gru,0.002075,0.007772,0.006151
2026-04-03T21:33:21.7439441Z,-0.010469,0.036284,0.191411,-0.011896,0.044149,0.186359,3.53,gru,0.001427,0.007865,0.005052
2026-04-03T21:33:21.7735314Z,-0.012266,0.030799,0.185447,-0.012530,0.039378,0.180396,6.57,gru,0.000265,0.008579,0.005051
2026-04-03T21:33:21.8082446Z,-0.013853,0.023609,0.180309,-0.012158,0.030024,0.175170,3.66,gru,0.001695,0.006414,0.005139
2026-04-03T21:33:21.8427160Z,-0.014958,0.018644,0.174624,-0.013300,0.028142,0.168310,3.14,gru,0.001658,0.009498,0.006313
2026-04-03T21:33:21.8763435Z,-0.016884,0.014952,0.169994,-0.015554,0.028794,0.164145,5.12,gru,0.001330,0.013842,0.005849
2026-04-03T21:33:21.9133852Z,-0.017213,0.010555,0.164434,-0.013206,0.022645,0.157448,4.55,gru,0.004006,0.012090,0.006986
2026-04-03T21:33:21.9442675Z,-0.018786,0.006374,0.159250,-0.013911,0.018718,0.151499,4.02,gru,0.004875,0.012344,0.007752
2026-04-03T21:33:21.9772646Z,-0.020064,0.003006,0.153482,-0.014875,0.017480,0.145098,6.65,gru,0.005189,0.014473,0.008384
2026-04-03T21:33:22.0103037Z,-0.020716,-0.000834,0.147621,-0.013431,0.013498,0.138513,4.69,gru,0.007285,0.014331,0.009109
2026-04-03T21:33:22.0493072Z,-0.023610,-0.002518,0.141671,-0.016355,0.014258,0.132511,5.86,gru,0.007255,0.016776,0.009160
2026-04-03T21:33:22.0828805Z,-0.025607,-0.005062,0.135664,-0.016530,0.010650,0.125788,3.53,gru,0.009078,0.015713,0.009877
2026-04-03T21:33:22.1203609Z,-0.026281,-0.007275,0.128017,-0.013990,0.006552,0.115780,4.70,gru,0.012291,0.013827,0.012237
2026-04-03T21:33:22.1514325Z,-0.027015,-0.009228,0.121515,-0.013385,0.006371,0.110170,4.07,gru,0.013630,0.015599,0.011345
2026-04-03T21:33:22.1845894Z,-0.028513,-0.009922,0.114355,-0.013536,0.007359,0.103161,7.02,gru,0.014977,0.017282,0.011194
2026-04-03T21:33:22.2156694Z,-0.029118,-0.011228,0.107196,-0.011162,0.003863,0.094783,6.06,gru,0.017956,0.015092,0.012413
2026-04-03T21:33:22.2476232Z,-0.030922,-0.011587,0.100389,-0.010305,0.003112,0.088297,4.07,gru,0.020617,0.014698,0.012092
2026-04-03T21:33:22.2793488Z,-0.032607,-0.012734,0.094351,-0.008835,0.001244,0.083001,6.13,gru,0.023772,0.013978,0.011350
2026-04-03T21:33:22.3132315Z,-0.033850,-0.013421,0.087667,-0.005483,-0.000818,0.075498,8.25,gru,0.028367,0.012603,0.012169
2026-04-03T21:33:22.3490457Z,-0.034770,-0.014106,0.081212,-0.001317,-0.002388,0.068750,6.43,gru,0.033453,0.011719,0.012462
2026-04-03T21:33:22.3835354Z,-0.034960,-0.015414,0.074824,0.004850,-0.005158,0.062885,5.15,gru,0.039810,0.010256,0.011939
2026-04-03T21:33:22.4210751Z,-0.035201,-0.015771,0.068661,0.011400,-0.005542,0.057283,9.83,gru,0.046601,0.010229,0.011378
2026-04-03T21:33:22.4508970Z,-0.036281,-0.016356,0.063993,0.017758,-0.005958,0.054853,7.01,gru,0.054038,0.010398,0.009141
2026-04-03T21:33:22.4762501Z,-0.037692,-0.016315,0.059838,0.025277,-0.006255,0.051904,6.25,gru,0.062969,0.010061,0.007934
2026-04-03T21:33:22.5178443Z,-0.038772,-0.015777,0.055493,0.034443,-0.005937,0.047671,4.14,gru,0.073215,0.009840,0.007822
2026-04-03T21:33:22.5510141Z,-0.038888,-0.016874,0.051479,0.044021,-0.008229,0.044885,7.04,gru,0.082909,0.008645,0.006594
2026-04-03T21:33:22.5821209Z,-0.040341,-0.015435,0.047027,0.053867,-0.005191,0.041697,5.13,gru,0.094208,0.010244,0.005329
2026-04-03T21:33:22.6146659Z,-0.041188,-0.015354,0.042568,0.063865,-0.004671,0.038705,4.23,gru,0.105053,0.010683,0.003863
2026-04-03T21:33:22.6575602Z,-0.042016,-0.015173,0.038795,0.072287,-0.004435,0.037100,8.61,gru,0.114304,0.010738,0.001695
2026-04-03T21:33:22.6967163Z,-0.043281,-0.013284,0.034643,0.082351,-0.001250,0.034271,6.93,gru,0.125632,0.012035,0.000372
2026-04-03T21:33:22.7423497Z,-0.044438,-0.012900,0.031193,0.091393,-0.000299,0.032956,7.46,gru,0.135832,0.012601,0.001763
2026-04-03T21:33:22.7663404Z,-0.044687,-0.011026,0.026763,0.100405,0.001724,0.029778,5.26,gru,0.145092,0.012750,0.003015
2026-04-03T21:33:22.7784351Z,-0.044738,-0.011220,0.024997,0.106973,0.002504,0.030752,6.37,gru,0.151711,0.013725,0.005755
2026-04-03T21:33:22.8075021Z,-0.044236,-0.010861,0.024871,0.112655,0.004283,0.033206,4.81,gru,0.156891,0.015145,0.008335
2026-04-03T21:33:22.8428456Z,-0.044276,-0.010823,0.028254,0.116054,0.006613,0.038519,6.63,gru,0.160330,0.017436,0.010264
2026-04-03T21:33:22.8883913Z,-0.043331,-0.010489,0.033074,0.118500,0.008661,0.044008,9.56,gru,0.161832,0.019150,0.010935
2026-04-03T21:33:22.9300937Z,-0.041834,-0.011137,0.041423,0.118607,0.010127,0.052854,8.61,gru,0.160441,0.021264,0.011431
2026-04-03T21:33:22.9499078Z,-0.039792,-0.010052,0.050776,0.118081,0.012649,0.061539,7.61,gru,0.157873,0.022701,0.010763
2026-04-03T21:33:22.9765782Z,-0.038012,-0.009944,0.061993,0.115719,0.014248,0.071649,3.58,gru,0.153731,0.024192,0.009656
2026-04-03T21:33:23.0090898Z,-0.036618,-0.006206,0.073314,0.112723,0.017941,0.081109,7.07,gru,0.149341,0.024147,0.007795
2026-04-03T21:33:23.0463514Z,-0.035251,-0.002230,0.085117,0.107921,0.020705,0.090784,7.12,gru,0.143172,0.022935,0.005667
2026-04-03T21:33:23.0811096Z,-0.033544,0.001638,0.096652,0.101718,0.021594,0.100392,4.79,gru,0.135262,0.019956,0.003740
2026-04-03T21:33:23.1208573Z,-0.029808,0.004823,0.107913,0.094878,0.021578,0.108978,5.62,gru,0.124686,0.016755,0.001065
2026-04-03T21:33:23.1576241Z,-0.027043,0.009220,0.119301,0.086664,0.024672,0.118775,5.60,gru,0.113707,0.015452,0.000526
2026-04-03T21:33:23.1816554Z,-0.023425,0.014012,0.129367,0.077943,0.027392,0.126447,4.03,gru,0.101368,0.013379,0.002919
2026-04-03T21:33:23.2295154Z,-0.020065,0.019240,0.139923,0.068765,0.030083,0.135914,6.06,gru,0.088831,0.010844,0.004009
2026-04-03T21:33:23.2439631Z,-0.017146,0.026076,0.149792,0.058862,0.035695,0.144907,4.62,gru,0.076008,0.009619,0.004885
2026-04-03T21:33:23.2782506Z,-0.015188,0.033631,0.159785,0.048903,0.041969,0.154307,5.11,gru,0.064091,0.008338,0.005478
2026-04-03T21:33:23.3114234Z,-0.013102,0.040087,0.169728,0.040913,0.045479,0.164190,6.85,gru,0.054015,0.005392,0.005539
2026-04-03T21:33:23.3513909Z,-0.011505,0.045395,0.178415,0.033963,0.048615,0.171213,7.54,gru,0.045467,0.003221,0.007202
2026-04-03T21:33:23.3781656Z,-0.009804,0.052754,0.186152,0.028021,0.057947,0.178126,5.09,gru,0.037825,0.005193,0.008026
2026-04-03T21:33:23.4091414Z,-0.007533,0.060227,0.193899,0.025232,0.066077,0.187168,4.34,gru,0.032765,0.005850,0.006731
2026-04-03T21:33:23.4496292Z,-0.005092,0.068824,0.201540,0.023282,0.074469,0.195641,3.58,gru,0.028374,0.005645,0.005898
2026-04-03T21:33:23.4831863Z,-0.002014,0.077383,0.209094,0.022962,0.082480,0.203241,4.48,gru,0.024976,0.005096,0.005853
2026-04-03T21:33:23.5093175Z,0.001085,0.086092,0.216063,0.023037,0.090773,0.210151,3.34,gru,0.021952,0.004681,0.005912
2026-04-03T21:33:23.5464066Z,0.003789,0.096069,0.222237,0.022266,0.102372,0.216624,5.14,gru,0.018477,0.006303,0.005613
2026-04-03T21:33:23.5821527Z,0.006672,0.106934,0.226861,0.023271,0.113522,0.220786,7.12,gru,0.016599,0.006588,0.006075
2026-04-03T21:33:23.6076227Z,0.009271,0.119023,0.232124,0.023663,0.126477,0.228411,5.14,gru,0.014392,0.007454,0.003713
2026-04-03T21:33:23.6471762Z,0.011157,0.131458,0.237269,0.022740,0.139891,0.235341,6.07,gru,0.011583,0.008433,0.001929
2026-04-03T21:33:23.6760122Z,0.015203,0.143889,0.242092,0.028382,0.151484,0.239860,5.09,gru,0.013180,0.007595,0.002232
2026-04-03T21:33:23.7130392Z,0.016662,0.158289,0.246919,0.025463,0.170131,0.245673,5.65,gru,0.008801,0.011842,0.001246
2026-04-03T21:33:23.7425473Z,0.017172,0.174031,0.252501,0.022115,0.188975,0.253592,4.07,gru,0.004942,0.014944,0.001091
2026-04-03T21:33:23.7786917Z,0.016979,0.191569,0.259324,0.022461,0.206953,0.262617,7.56,gru,0.005482,0.015384,0.003293
2026-04-03T21:33:23.8161613Z,0.015110,0.206964,0.265686,0.018489,0.220381,0.267896,6.68,gru,0.003379,0.013417,0.002210
2026-04-03T21:33:23.8423643Z,0.014056,0.222549,0.272488,0.017668,0.235625,0.275011,4.13,gru,0.003612,0.013077,0.002522
2026-04-03T21:33:23.8790566Z,0.014483,0.238330,0.278174,0.020358,0.253613,0.280562,7.61,gru,0.005875,0.015283,0.002388
2026-04-03T21:33:23.9164481Z,0.012136,0.254239,0.283108,0.012836,0.272054,0.284611,8.30,gru,0.000700,0.017815,0.001503
2026-04-03T21:33:23.9621351Z,0.009549,0.271606,0.287560,0.008526,0.290202,0.289187,8.16,gru,0.001023,0.018595,0.001627
2026-04-03T21:33:23.9933709Z,0.007476,0.287009,0.292206,0.009866,0.301822,0.294632,7.32,gru,0.002390,0.014813,0.002425
2026-04-03T21:33:24.0204175Z,0.005715,0.301377,0.296632,0.008161,0.315597,0.299225,4.23,gru,0.002446,0.014220,0.002593
2026-04-03T21:33:24.0509991Z,0.003222,0.318026,0.298984,0.002707,0.337304,0.298647,6.05,gru,0.000515,0.019278,0.000338
2026-04-03T21:33:24.0811956Z,-0.025034,0.343392,0.299946,-0.060125,0.383408,0.296660,3.57,gru,0.035092,0.040016,0.003286
2026-04-03T21:33:24.1210123Z,-0.031980,0.359340,0.301505,-0.030928,0.369222,0.301081,7.23,gru,0.001052,0.009881,0.000424
2026-04-03T21:33:24.1592058Z,-0.035644,0.373903,0.304228,-0.012118,0.375562,0.305988,4.59,gru,0.023526,0.001659,0.001760
2026-04-03T21:33:24.1832691Z,-0.035796,0.386353,0.307596,-0.036328,0.408482,0.310518,8.43,gru,0.000531,0.022129,0.002921
2026-04-03T21:33:24.2348804Z,-0.035565,0.399038,0.310289,-0.037492,0.416598,0.310321,11.81,gru,0.001927,0.017561,0.000032
2026-04-03T21:33:24.2514463Z,-0.035130,0.411233,0.313150,-0.031446,0.424077,0.312855,6.63,gru,0.003684,0.012844,0.000295
2026-04-03T21:33:24.2845141Z,-0.035561,0.423697,0.316063,-0.031225,0.435786,0.316838,7.11,gru,0.004336,0.012090,0.000775
2026-04-03T21:33:24.3193034Z,-0.037100,0.437952,0.318026,-0.037371,0.454452,0.317917,5.62,gru,0.000271,0.016500,0.000109
2026-04-03T21:33:24.3456032Z,-0.043342,0.452995,0.318759,-0.050473,0.470591,0.316508,7.77,gru,0.007131,0.017596,0.002251
2026-04-03T21:33:24.3814839Z,-0.047669,0.466472,0.319564,-0.047128,0.476405,0.317658,6.44,gru,0.000541,0.009933,0.001906
2026-04-03T21:33:24.4308865Z,-0.049141,0.481731,0.320993,-0.040987,0.493535,0.321206,11.00,gru,0.008155,0.011804,0.000213
2026-04-03T21:33:24.4531657Z,-0.053374,0.496953,0.321394,-0.054663,0.514470,0.320057,4.65,gru,0.001288,0.017518,0.001337
2026-04-03T21:33:24.4844595Z,-0.053969,0.511185,0.322609,-0.051466,0.524416,0.321075,6.30,gru,0.002503,0.013232,0.001533
2026-04-03T21:33:24.5104722Z,-0.059285,0.526775,0.322600,-0.059932,0.541583,0.319908,4.65,gru,0.000647,0.014808,0.002691
2026-04-03T21:33:24.5397592Z,-0.066309,0.541286,0.321948,-0.071968,0.558954,0.317659,5.32,gru,0.005658,0.017668,0.004289
2026-04-03T21:33:24.5764904Z,-0.071400,0.555301,0.320818,-0.068867,0.568974,0.317123,6.25,gru,0.002533,0.013673,0.003695
2026-04-03T21:33:24.6152852Z,-0.073370,0.568864,0.321112,-0.066330,0.583368,0.319391,6.77,gru,0.007040,0.014504,0.001722
2026-04-03T21:33:24.6440958Z,-0.077863,0.579484,0.320995,-0.078523,0.591254,0.319044,5.12,gru,0.000660,0.011770,0.001951
2026-04-03T21:33:24.6758605Z,-0.082033,0.590364,0.320906,-0.083359,0.596949,0.318622,6.12,gru,0.001326,0.006586,0.002284
2026-04-03T21:33:24.7098678Z,-0.082883,0.600632,0.321140,-0.076479,0.607196,0.319279,7.13,gru,0.006404,0.006564,0.001861
2026-04-03T21:33:24.7457683Z,-0.088487,0.610400,0.320413,-0.091633,0.619277,0.317299,6.75,gru,0.003146,0.008877,0.003114
2026-04-03T21:33:24.7865328Z,-0.092835,0.618473,0.319519,-0.098099,0.624409,0.315757,7.31,gru,0.005264,0.005935,0.003763
2026-04-03T21:33:24.8270664Z,-0.094465,0.624439,0.319041,-0.090061,0.624911,0.316610,6.71,gru,0.004404,0.000472,0.002432
2026-04-03T21:33:24.8407653Z,-0.098961,0.633777,0.317330,-0.101740,0.643556,0.313539,5.56,gru,0.002779,0.009779,0.003792
2026-04-03T21:33:24.8820892Z,-0.101936,0.638823,0.316465,-0.105115,0.643254,0.313488,6.68,gru,0.003179,0.004431,0.002976
2026-04-03T21:33:24.9096301Z,-0.101866,0.645426,0.315628,-0.096963,0.645161,0.313901,3.52,gru,0.004903,0.000264,0.001727
2026-04-03T21:33:24.9457236Z,-0.102077,0.649784,0.315514,-0.099577,0.652319,0.314431,7.39,gru,0.002500,0.002535,0.001084
2026-04-03T21:33:24.9755652Z,-0.103429,0.654739,0.314182,-0.106635,0.659066,0.310830,7.91,gru,0.003206,0.004326,0.003353
2026-04-03T21:33:25.0199247Z,-0.106975,0.659625,0.312623,-0.111772,0.663307,0.308529,9.18,gru,0.004797,0.003681,0.004094
2026-04-03T21:33:25.0501514Z,-0.117581,0.663902,0.309680,-0.129287,0.667388,0.304995,5.18,gru,0.011706,0.003486,0.004685
2026-04-03T21:33:25.0817694Z,-0.117974,0.668121,0.308512,-0.111070,0.666941,0.306599,4.62,gru,0.006904,0.001180,0.001914
2026-04-03T21:33:25.1108303Z,-0.116724,0.673185,0.308810,-0.106129,0.677634,0.309927,4.01,gru,0.010595,0.004449,0.001117
2026-04-03T21:33:25.1501398Z,-0.117921,0.678075,0.307052,-0.124107,0.686900,0.302758,7.11,gru,0.006186,0.008825,0.004294
2026-04-03T21:33:25.1834082Z,-0.123603,0.680786,0.305567,-0.133502,0.684003,0.300428,5.12,gru,0.009899,0.003217,0.005139
2026-04-03T21:33:25.2238165Z,-0.123702,0.685193,0.304698,-0.117795,0.687380,0.302777,4.68,gru,0.005908,0.002188,0.001921
2026-04-03T21:33:25.2631147Z,-0.130550,0.689677,0.302183,-0.134064,0.700022,0.298195,15.17,gru,0.003514,0.010345,0.003988
2026-04-03T21:33:25.2992958Z,-0.127753,0.694425,0.302751,-0.124127,0.701249,0.302149,11.36,gru,0.003626,0.006824,0.000602
2026-04-03T21:33:25.3471161Z,-0.122933,0.699694,0.303704,-0.110857,0.702684,0.304586,8.60,gru,0.012075,0.002990,0.000882
2026-04-03T21:33:25.3707375Z,-0.133054,0.713098,0.300070,-0.141368,0.717336,0.296518,6.37,gru,0.008314,0.004237,0.003552
2026-04-03T21:33:25.4286738Z,-0.139988,0.721745,0.297205,-0.139990,0.726706,0.293863,9.78,gru,0.000003,0.004961,0.003342
2026-04-03T21:33:25.4478445Z,-0.147319,0.730025,0.293320,-0.151983,0.739166,0.288813,6.76,gru,0.004664,0.009141,0.004508
2026-04-03T21:33:25.4832114Z,-0.152802,0.739065,0.291081,-0.156072,0.747419,0.288732,5.47,gru,0.003270,0.008354,0.002348
2026-04-03T21:33:25.5327654Z,-0.153781,0.748843,0.289958,-0.149561,0.757287,0.289581,9.72,gru,0.004219,0.008444,0.000376
2026-04-03T21:33:25.5507448Z,-0.145727,0.761139,0.290449,-0.128163,0.771654,0.291843,5.25,gru,0.017564,0.010514,0.001394
2026-04-03T21:33:25.5883965Z,-0.163074,0.768261,0.284626,-0.191758,0.776432,0.274213,6.23,gru,0.028684,0.008172,0.010413
2026-04-03T21:33:25.6272624Z,-0.174246,0.777309,0.279976,-0.193025,0.779678,0.271194,7.90,gru,0.018780,0.002369,0.008782
2026-04-03T21:33:25.6506765Z,-0.181787,0.786988,0.276063,-0.169705,0.785459,0.274012,4.86,gru,0.012082,0.001530,0.002052
2026-04-03T21:33:25.6761341Z,-0.187868,0.796345,0.273210,-0.188313,0.807898,0.271855,2.75,gru,0.000445,0.011553,0.001355
2026-04-03T21:33:25.7186413Z,-0.163591,0.817299,0.276745,-0.127019,0.830045,0.282765,8.68,gru,0.036572,0.012746,0.006020
2026-04-03T21:33:25.7450904Z,-0.165105,0.830334,0.273493,-0.172304,0.841874,0.267144,5.76,gru,0.007199,0.011540,0.006349
2026-04-03T21:33:25.7790503Z,-0.168943,0.843938,0.269162,-0.194292,0.851635,0.256668,7.21,gru,0.025350,0.007696,0.012494
2026-04-03T21:33:25.8090450Z,-0.174273,0.856186,0.263731,-0.170653,0.850949,0.257161,4.54,gru,0.003620,0.005237,0.006570
2026-04-03T21:33:25.8598344Z,-0.221975,0.850530,0.249022,-0.250653,0.853903,0.227987,4.10,gru,0.028678,0.003373,0.021035
2026-04-03T21:33:25.9029701Z,-0.191729,0.892664,0.244963,-0.170653,0.874439,0.255487,6.99,gru,0.021076,0.018225,0.010524
2026-04-03T21:33:25.9500943Z,-0.228484,0.886958,0.233680,-0.250653,0.885545,0.205864,3.87,gru,0.022169,0.001413,0.027816
2026-04-03T21:33:25.9757048Z,-0.204460,0.914903,0.231811,-0.193511,0.862094,0.224650,4.06,gru,0.010949,0.052809,0.007161
2026-04-03T21:33:26.0044122Z,-0.209292,0.926729,0.225240,-0.179477,0.942094,0.226115,3.08,gru,0.029815,0.015366,0.000875
2026-04-03T21:33:26.0511623Z,-0.215713,0.937838,0.218290,-0.259477,0.934757,0.204840,7.54,gru,0.043764,0.003081,0.013450
2026-04-03T21:33:26.0796744Z,-0.220027,0.948129,0.211799,-0.232311,0.912895,0.200576,4.53,gru,0.012284,0.035235,0.011224
2026-04-03T21:33:26.1135323Z,-0.226276,0.956147,0.204122,-0.222466,0.944287,0.195133,5.63,gru,0.003810,0.011860,0.008988
2026-04-03T21:33:26.1533593Z,-0.231122,0.967976,0.197036,-0.232773,0.977404,0.192122,7.62,gru,0.001651,0.009428,0.004914
2026-04-03T21:33:26.1982879Z,-0.253893,0.964829,0.187791,-0.282192,0.958662,0.177509,9.51,gru,0.028300,0.006167,0.010282
2026-04-03T21:33:26.2323800Z,-0.257022,0.973572,0.181252,-0.255796,0.951761,0.173724,11.11,gru,0.001227,0.021810,0.007528
2026-04-03T21:33:26.2609654Z,-0.267990,0.979391,0.173485,-0.258078,0.984005,0.167349,7.51,gru,0.009912,0.004614,0.006135
2026-04-03T21:33:26.2905467Z,-0.271050,0.988743,0.165496,-0.274979,0.996763,0.156026,8.81,gru,0.003929,0.008020,0.009470
2026-04-03T21:33:26.3205082Z,-0.276357,0.993183,0.157958,-0.274564,0.978211,0.150575,5.52,gru,0.001793,0.014972,0.007383
2026-04-03T21:33:26.3627848Z,-0.288985,0.994568,0.148848,-0.292157,0.989929,0.139203,8.66,gru,0.003171,0.004639,0.009645
2026-04-03T21:33:26.3782796Z,-0.294522,0.999244,0.141453,-0.285531,1.004157,0.134108,4.71,gru,0.008990,0.004913,0.007345
2026-04-03T21:33:26.4202513Z,-0.295806,1.009022,0.132462,-0.278741,1.020185,0.124982,9.69,gru,0.017065,0.011163,0.007480
2026-04-03T21:33:26.4543329Z,-0.298755,1.015847,0.125249,-0.290141,1.026724,0.117392,10.68,gru,0.008614,0.010877,0.007857
2026-04-03T21:33:26.5003167Z,-0.311309,1.011184,0.117534,-0.300818,1.008952,0.110047,5.11,gru,0.010490,0.002231,0.007488
2026-04-03T21:33:26.5333245Z,-0.311035,1.019538,0.108653,-0.290881,1.020933,0.099562,5.12,gru,0.020154,0.001395,0.009090
2026-04-03T21:33:26.5895109Z,-0.319322,1.026776,0.094422,-0.301591,1.042855,0.079766,8.22,gru,0.017731,0.016079,0.014656
2026-04-03T21:33:26.6108765Z,-0.321787,1.029588,0.088568,-0.283640,1.021590,0.085475,6.38,gru,0.038146,0.007999,0.003093
2026-04-03T21:33:26.6673655Z,-0.323898,1.035927,0.079903,-0.284667,1.023401,0.075817,11.53,gru,0.039231,0.012526,0.004086
2026-04-03T21:33:26.6911954Z,-0.338940,1.024138,0.075678,-0.302184,1.006894,0.072518,9.94,gru,0.036756,0.017244,0.003160
2026-04-03T21:33:26.7151055Z,-0.341945,1.026819,0.068416,-0.296604,1.007922,0.065256,5.33,gru,0.045341,0.018897,0.003160
2026-04-03T21:33:26.7471677Z,-0.344195,1.029960,0.061596,-0.284619,1.018377,0.057758,6.54,gru,0.059576,0.011582,0.003838
2026-04-03T21:33:26.7784026Z,-0.332697,1.045978,0.052741,-0.268554,1.042414,0.049552,4.19,gru,0.064142,0.003563,0.003189
2026-04-03T21:33:26.8102772Z,-0.326362,1.054378,0.045229,-0.266749,1.044223,0.041337,6.19,gru,0.059612,0.010154,0.003892
2026-04-03T21:33:26.8421907Z,-0.327824,1.055456,0.040366,-0.253662,1.029411,0.043885,5.71,gru,0.074163,0.026046,0.003519
2026-04-03T21:33:26.8787155Z,-0.325344,1.056583,0.035250,-0.248810,1.021730,0.037185,5.59,gru,0.076534,0.034853,0.001934
2026-04-03T21:33:26.9404108Z,-0.324160,1.057404,0.031471,-0.233687,1.023683,0.035398,13.11,gru,0.090473,0.033720,0.003927
2026-04-03T21:33:26.9652466Z,-0.322868,1.054404,0.028182,-0.236014,1.020378,0.032614,8.23,gru,0.086853,0.034027,0.004432
2026-04-03T21:33:27.0015462Z,-0.320600,1.049033,0.027302,-0.232889,1.005414,0.033166,3.51,gru,0.087712,0.043619,0.005864
2026-04-03T21:33:27.0267707Z,-0.312971,1.049310,0.023891,-0.215238,1.003159,0.028597,6.67,gru,0.097734,0.046151,0.004706
2026-04-03T21:33:27.0457266Z,-0.309112,1.045928,0.021979,-0.204146,1.000335,0.028218,7.31,gru,0.104965,0.045593,0.006239
2026-04-03T21:33:27.0778993Z,-0.283854,1.058494,0.019480,-0.190563,1.021120,0.024639,7.90,gru,0.093291,0.037374,0.005159
2026-04-03T21:33:27.1078880Z,-0.288948,1.046143,0.019816,-0.205478,1.011502,0.028917,4.06,gru,0.083470,0.034641,0.009100
2026-04-03T21:33:27.1446113Z,-0.263484,1.055320,0.017045,-0.172206,1.004525,0.023098,4.53,gru,0.091278,0.050795,0.006053
2026-04-03T21:33:27.1795369Z,-0.251248,1.056193,0.016528,-0.164473,1.012959,0.022755,5.80,gru,0.086775,0.043234,0.006227
2026-04-03T21:33:27.2245454Z,-0.240908,1.052022,0.016319,-0.165416,1.015930,0.026006,11.01,gru,0.075492,0.036092,0.009687
2026-04-03T21:33:27.2599012Z,-0.228992,1.049228,0.016473,-0.158609,1.011610,0.021899,9.37,gru,0.070383,0.037619,0.005426
2026-04-03T21:33:27.2906339Z,-0.219773,1.046388,0.016292,-0.160516,1.020647,0.021015,9.80,gru,0.059257,0.025741,0.004723
2026-04-03T21:33:27.3156975Z,-0.211212,1.042245,0.016346,-0.145899,1.009218,0.022813,4.56,gru,0.065314,0.033028,0.006467
2026-04-03T21:33:27.3540806Z,-0.203422,1.036888,0.018722,-0.140929,0.998609,0.027778,8.17,gru,0.062493,0.038279,0.009057
2026-04-03T21:33:27.3874273Z,-0.197475,1.030651,0.019945,-0.138244,0.993010,0.027820,5.42,gru,0.059231,0.037641,0.007875
2026-04-03T21:33:27.4208849Z,-0.186655,1.026451,0.021416,-0.136958,0.997364,0.026464,9.26,gru,0.049697,0.029087,0.005048
2026-04-03T21:33:27.4614527Z,-0.180225,1.017136,0.023928,-0.140941,0.992855,0.030350,9.68,gru,0.039284,0.024280,0.006422
2026-04-03T21:33:27.4794149Z,-0.142059,1.024311,0.021407,-0.095962,1.009507,0.021554,6.13,gru,0.046097,0.014804,0.000147
2026-04-03T21:33:27.5101487Z,-0.129360,1.018869,0.022399,-0.104342,1.013950,0.024623,4.54,gru,0.025018,0.004919,0.002224
2026-04-03T21:33:27.5408836Z,-0.118675,1.013515,0.024735,-0.115637,1.005767,0.033768,3.46,gru,0.003038,0.007748,0.009033
2026-04-03T21:33:27.5736477Z,-0.108286,1.008723,0.026699,-0.095204,0.992923,0.029807,5.58,gru,0.013083,0.015800,0.003108
2026-04-03T21:33:27.6153373Z,-0.095146,1.001363,0.027770,-0.075287,0.987845,0.029698,6.80,gru,0.019859,0.013519,0.001928
2026-04-03T21:33:27.6468742Z,-0.074716,1.000064,0.028136,-0.053711,0.996584,0.029123,5.14,gru,0.021005,0.003480,0.000987
2026-04-03T21:33:27.6811522Z,-0.063457,0.991215,0.030085,-0.056644,0.982644,0.034082,5.54,gru,0.006812,0.008571,0.003997
2026-04-03T21:33:27.7092779Z,-0.052449,0.984647,0.028558,-0.050085,0.974624,0.027957,5.05,gru,0.002364,0.010023,0.000601
2026-04-03T21:33:27.7474105Z,-0.029883,0.983670,0.027861,-0.011501,0.981095,0.026735,7.07,gru,0.018381,0.002575,0.001126
2026-04-03T21:33:27.7757153Z,-0.020374,0.973401,0.028118,-0.014275,0.970920,0.031412,6.81,gru,0.006098,0.002481,0.003294
2026-04-03T21:33:27.8078641Z,-0.019715,0.964934,0.028861,-0.032833,0.962488,0.031661,3.53,gru,0.013118,0.002447,0.002800
2026-04-03T21:33:27.8419662Z,-0.016592,0.952725,0.031548,-0.019917,0.943699,0.035314,4.53,gru,0.003324,0.009027,0.003766
2026-04-03T21:33:27.8757649Z,-0.020170,0.940717,0.033282,-0.021617,0.936072,0.035197,6.59,gru,0.001447,0.004645,0.001915
2026-04-03T21:33:27.9065093Z,-0.017073,0.931794,0.034497,-0.015857,0.934126,0.034078,2.53,gru,0.001216,0.002332,0.000419
2026-04-03T21:33:27.9444301Z,0.042348,0.944315,0.026599,0.064143,0.965735,0.021909,4.51,gru,0.021795,0.021420,0.004689
2026-04-03T21:33:27.9831927Z,-0.005978,0.914150,0.035976,-0.015857,0.914442,0.065014,4.05,gru,0.009879,0.000293,0.029037
2026-04-03T21:33:28.0192214Z,0.006514,0.909148,0.036404,-0.022879,0.894096,0.046427,4.32,gru,0.029393,0.015052,0.010023
2026-04-03T21:33:28.0460156Z,0.009059,0.904921,0.036119,-0.006287,0.897587,0.044300,6.12,gru,0.015346,0.007333,0.008181
2026-04-03T21:33:28.0742809Z,0.015065,0.898053,0.037408,-0.003515,0.901951,0.043775,6.33,gru,0.018580,0.003898,0.006367
2026-04-03T21:33:28.1104483Z,0.026192,0.894037,0.037383,0.014512,0.886995,0.039999,4.35,gru,0.011680,0.007043,0.002616
2026-04-03T21:33:28.1508769Z,0.032500,0.890183,0.038124,0.019055,0.886438,0.039860,5.08,gru,0.013445,0.003746,0.001736
2026-04-03T21:33:28.1730823Z,0.080241,0.900422,0.033665,0.099055,0.912964,0.031566,4.57,gru,0.018814,0.012543,0.002098
2026-04-03T21:33:28.2051014Z,0.079494,0.894706,0.036164,0.063872,0.898009,0.044691,3.04,gru,0.015622,0.003304,0.008526
2026-04-03T21:33:28.2412448Z,0.084427,0.890185,0.037502,0.051534,0.886547,0.048250,4.59,gru,0.032893,0.003638,0.010748
2026-04-03T21:33:28.2762655Z,0.111824,0.895631,0.035160,0.110480,0.887879,0.037499,5.08,gru,0.001344,0.007752,0.002340
2026-04-03T21:33:28.3099822Z,0.115170,0.890231,0.036036,0.117532,0.891539,0.038135,4.54,gru,0.002362,0.001308,0.002098
2026-04-03T21:33:28.3430440Z,0.115983,0.884383,0.037328,0.095290,0.883710,0.045042,3.99,gru,0.020693,0.000672,0.007714
2026-04-03T21:33:28.3831479Z,0.120696,0.881014,0.038146,0.117350,0.875673,0.039754,11.34,gru,0.003346,0.005340,0.001608
2026-04-03T21:33:28.4111257Z,0.113881,0.872505,0.041083,0.109425,0.875007,0.042938,8.68,gru,0.004456,0.002502,0.001855
2026-04-03T21:33:28.4594377Z,0.126979,0.873280,0.041717,0.138010,0.879134,0.041337,4.05,gru,0.011031,0.005854,0.000380
2026-04-03T21:33:28.4849948Z,0.126635,0.866497,0.045530,0.128281,0.863198,0.049188,4.59,gru,0.001645,0.003299,0.003658
2026-04-03T21:33:28.5224730Z,0.126165,0.861540,0.049476,0.114325,0.868271,0.054763,9.69,gru,0.011839,0.006731,0.005287
2026-04-03T21:33:28.5411697Z,0.128273,0.856388,0.054592,0.129948,0.866705,0.057004,3.18,gru,0.001676,0.010317,0.002412
2026-04-03T21:33:28.5734263Z,0.128174,0.849934,0.061645,0.135069,0.852315,0.067086,7.60,gru,0.006895,0.002381,0.005441
2026-04-03T21:33:28.6228863Z,0.129189,0.841960,0.068641,0.130720,0.850344,0.074061,9.19,gru,0.001531,0.008384,0.005420
2026-04-03T21:33:28.6516277Z,0.130829,0.834663,0.076745,0.133872,0.841244,0.082499,6.33,gru,0.003043,0.006581,0.005754
2026-04-03T21:33:28.6795325Z,0.132090,0.826008,0.086522,0.133457,0.831971,0.095426,5.10,gru,0.001367,0.005963,0.008904
2026-04-03T21:33:28.7113617Z,0.135493,0.816264,0.097474,0.141622,0.815912,0.107953,4.05,gru,0.006129,0.000352,0.010479
2026-04-03T21:33:28.7427429Z,0.145379,0.810479,0.106265,0.158923,0.814324,0.112790,5.09,gru,0.013543,0.003845,0.006525
2026-04-03T21:33:28.7791653Z,0.101074,0.790927,0.116956,0.078923,0.800198,0.131748,5.17,gru,0.022152,0.009270,0.014792
2026-04-03T21:33:28.8188150Z,0.095415,0.781214,0.124839,0.081998,0.765539,0.133170,8.15,gru,0.013418,0.015675,0.008331
2026-04-03T21:33:28.8565793Z,0.139920,0.778714,0.136148,0.161998,0.769909,0.143870,7.78,gru,0.022078,0.008805,0.007722
2026-04-03T21:33:28.8931317Z,0.140945,0.766718,0.145832,0.119693,0.764901,0.161085,8.78,gru,0.021252,0.001817,0.015253
2026-04-03T21:33:28.9214880Z,0.143116,0.756523,0.155313,0.090507,0.747570,0.164971,9.67,gru,0.052608,0.008952,0.009658
2026-04-03T21:33:28.9456655Z,0.143738,0.743212,0.164896,0.130157,0.714998,0.174488,4.03,gru,0.013581,0.028213,0.009592
2026-04-03T21:33:28.9831279Z,0.099902,0.725054,0.171658,0.052863,0.722383,0.176897,8.46,gru,0.047038,0.002671,0.005239
2026-04-03T21:33:29.0255854Z,0.099361,0.715765,0.179585,0.102954,0.708338,0.187521,5.74,gru,0.003593,0.007427,0.007935
2026-04-03T21:33:29.0637331Z,0.113990,0.704388,0.189438,0.155485,0.690959,0.199938,14.04,gru,0.041495,0.013429,0.010500
2026-04-03T21:33:29.1104802Z,0.114618,0.693287,0.197711,0.102718,0.695539,0.205771,5.09,gru,0.011900,0.002252,0.008059
2026-04-03T21:33:29.1417411Z,0.128400,0.673383,0.212364,0.128869,0.666914,0.228160,5.16,gru,0.000470,0.006469,0.015796
2026-04-03T21:33:29.1824643Z,0.126557,0.664011,0.216912,0.123643,0.669631,0.217495,5.19,gru,0.002914,0.005620,0.000583
2026-04-03T21:33:29.2152735Z,0.105065,0.651880,0.220550,0.070756,0.670632,0.214666,6.18,gru,0.034310,0.018752,0.005885
2026-04-03T21:33:29.2507332Z,0.110617,0.641086,0.226411,0.126235,0.633469,0.232333,5.65,gru,0.015618,0.007618,0.005922
2026-04-03T21:33:29.2792850Z,0.115019,0.631855,0.230300,0.135573,0.628667,0.234673,6.80,gru,0.020555,0.003188,0.004374
2026-04-03T21:33:29.3128123Z,0.109370,0.622578,0.232589,0.086300,0.636052,0.229269,5.87,gru,0.023069,0.013474,0.003320
2026-04-03T21:33:29.3413142Z,0.116213,0.612004,0.236550,0.118968,0.614466,0.237821,4.55,gru,0.002755,0.002462,0.001271
2026-04-03T21:33:29.3808826Z,0.110013,0.601952,0.238355,0.110155,0.605236,0.238742,8.70,gru,0.000142,0.003283,0.000386
2026-04-03T21:33:29.4073377Z,0.145056,0.592591,0.243065,0.189953,0.583219,0.244353,3.54,gru,0.044896,0.009371,0.001289
2026-04-03T21:33:29.4456930Z,0.142881,0.583014,0.245406,0.128112,0.582887,0.247317,4.58,gru,0.014768,0.000127,0.001912
2026-04-03T21:33:29.4756540Z,0.142976,0.573916,0.246668,0.103771,0.575024,0.243056,4.64,gru,0.039205,0.001108,0.003613
2026-04-03T21:33:29.5098031Z,0.142053,0.564958,0.247873,0.143575,0.546790,0.246081,4.14,gru,0.001522,0.018167,0.001792
2026-04-03T21:33:29.5430531Z,0.142398,0.556141,0.248655,0.151156,0.557359,0.247683,3.73,gru,0.008758,0.001218,0.000972
2026-04-03T21:33:29.5731091Z,0.141637,0.546779,0.248894,0.135080,0.548921,0.247198,6.36,gru,0.006557,0.002142,0.001696
2026-04-03T21:33:29.6083338Z,0.141028,0.538528,0.249543,0.134700,0.528955,0.248764,6.36,gru,0.006328,0.009573,0.000779
2026-04-03T21:33:29.6415353Z,0.141523,0.529227,0.250407,0.142897,0.520457,0.250142,4.54,gru,0.001374,0.008770,0.000266
2026-04-03T21:33:29.6805495Z,0.140649,0.520977,0.250809,0.141297,0.523926,0.249675,4.65,gru,0.000648,0.002949,0.001134
2026-04-03T21:33:29.7177969Z,0.130897,0.513880,0.250220,0.111834,0.526118,0.247801,7.61,gru,0.019063,0.012238,0.002419
2026-04-03T21:33:29.7509278Z,0.135041,0.506113,0.251154,0.143243,0.510561,0.250832,8.19,gru,0.008202,0.004449,0.000322
2026-04-03T21:33:29.7789699Z,0.131407,0.500904,0.250944,0.138278,0.504799,0.250507,7.09,gru,0.006872,0.003895,0.000437
2026-04-03T21:33:29.8152362Z,0.127285,0.494144,0.251482,0.119959,0.500313,0.251712,6.61,gru,0.007326,0.006169,0.000230
2026-04-03T21:33:29.8523310Z,0.126950,0.489668,0.252163,0.128356,0.494985,0.253223,5.18,gru,0.001406,0.005317,0.001060
2026-04-03T21:33:29.8904990Z,0.126202,0.484357,0.253261,0.131181,0.491308,0.254106,3.59,gru,0.004979,0.006950,0.000845
2026-04-03T21:33:29.9257869Z,0.122654,0.478497,0.254169,0.119736,0.488336,0.254434,5.15,gru,0.002918,0.009839,0.000265
2026-04-03T21:33:29.9473725Z,0.131675,0.470912,0.256143,0.145605,0.474767,0.257771,5.14,gru,0.013930,0.003856,0.001628
2026-04-03T21:33:29.9821555Z,0.133489,0.466682,0.256791,0.137794,0.479441,0.256714,5.63,gru,0.004305,0.012759,0.000077
2026-04-03T21:33:30.0126240Z,0.133059,0.460364,0.257601,0.124509,0.477270,0.255918,5.11,gru,0.008549,0.016906,0.001683
2026-04-03T21:33:30.0422423Z,0.131105,0.453384,0.258016,0.130912,0.460401,0.257847,3.79,gru,0.000193,0.007017,0.000169
2026-04-03T21:33:30.1008958Z,0.123788,0.449829,0.257217,0.117922,0.463670,0.254936,11.22,gru,0.005866,0.013840,0.002281
2026-04-03T21:33:30.1197426Z,0.119101,0.444431,0.256503,0.118179,0.456829,0.254828,6.60,gru,0.000922,0.012397,0.001675
2026-04-03T21:33:30.1590344Z,0.118277,0.438670,0.255949,0.125247,0.446662,0.255697,4.03,gru,0.006969,0.007992,0.000252
2026-04-03T21:33:30.1770008Z,0.118104,0.431090,0.255965,0.121470,0.439320,0.256256,4.63,gru,0.003367,0.008231,0.000291
2026-04-03T21:33:30.2147857Z,0.113660,0.426471,0.255236,0.107114,0.440555,0.253716,5.59,gru,0.006546,0.014084,0.001520
2026-04-03T21:33:30.2507894Z,0.112994,0.421397,0.254517,0.113810,0.433186,0.252762,5.64,gru,0.000816,0.011790,0.001755
2026-04-03T21:33:30.2879047Z,0.118304,0.414138,0.254250,0.133208,0.418094,0.254305,7.49,gru,0.014904,0.003956,0.000055
2026-04-03T21:33:30.3185363Z,0.118200,0.407429,0.254211,0.118657,0.416836,0.254842,9.23,gru,0.000457,0.009407,0.000631
2026-04-03T21:33:30.3568597Z,0.117648,0.401608,0.254336,0.111041,0.414748,0.254066,8.62,gru,0.006607,0.013139,0.000271
2026-04-03T21:33:30.3782640Z,0.120382,0.394329,0.254561,0.128025,0.399487,0.254618,3.55,gru,0.007643,0.005158,0.000057
2026-04-03T21:33:30.4120971Z,0.116390,0.389715,0.254297,0.114827,0.399747,0.253938,4.31,gru,0.001563,0.010032,0.000358
2026-04-03T21:33:30.4467066Z,0.115759,0.382352,0.254658,0.113953,0.390025,0.255438,4.55,gru,0.001806,0.007673,0.000779
2026-04-03T21:33:30.4944635Z,0.115240,0.376419,0.254380,0.118430,0.383090,0.254493,7.74,gru,0.003190,0.006671,0.000112
2026-04-03T21:33:30.5212618Z,0.113699,0.370716,0.254268,0.113434,0.382327,0.253618,8.41,gru,0.000265,0.011612,0.000650
2026-04-03T21:33:30.5486928Z,0.117131,0.363424,0.254492,0.123099,0.371048,0.254804,6.62,gru,0.005969,0.007624,0.000313
2026-04-03T21:33:30.5777407Z,0.113207,0.358905,0.254656,0.108616,0.370905,0.255484,4.60,gru,0.004591,0.012000,0.000827
2026-04-03T21:33:30.6130466Z,0.111899,0.351480,0.254430,0.108746,0.359877,0.254152,5.11,gru,0.003154,0.008397,0.000278
2026-04-03T21:33:30.6405445Z,0.108176,0.344323,0.253827,0.108706,0.349615,0.253104,5.16,gru,0.000530,0.005291,0.000723
2026-04-03T21:33:30.6851230Z,0.109178,0.337079,0.253227,0.113553,0.344227,0.253230,4.18,gru,0.004374,0.007148,0.000003
2026-04-03T21:33:30.7199240Z,0.108771,0.328402,0.252385,0.111255,0.335513,0.252625,6.22,gru,0.002484,0.007110,0.000240
2026-04-03T21:33:30.7500354Z,0.107813,0.320621,0.251611,0.105274,0.329328,0.251349,4.74,gru,0.002539,0.008707,0.000261
2026-04-03T21:33:30.7941044Z,0.103798,0.313232,0.251252,0.099434,0.322264,0.251580,5.77,gru,0.004365,0.009032,0.000328
2026-04-03T21:33:30.8249942Z,0.102979,0.306008,0.250100,0.105237,0.311893,0.249645,12.73,gru,0.002258,0.005885,0.000455
2026-04-03T21:33:30.8544134Z,0.100918,0.300203,0.248992,0.101807,0.308981,0.248365,5.59,gru,0.000889,0.008777,0.000626
2026-04-03T21:33:30.8766881Z,0.100162,0.293169,0.248625,0.099269,0.302065,0.249756,4.83,gru,0.000893,0.008895,0.001132
2026-04-03T21:33:30.9123338Z,0.100131,0.286121,0.248160,0.101750,0.291741,0.249056,4.34,gru,0.001618,0.005620,0.000897
2026-04-03T21:33:30.9498699Z,0.095929,0.281457,0.248311,0.091391,0.292393,0.249206,7.83,gru,0.004538,0.010936,0.000895
2026-04-03T21:33:30.9893067Z,0.098606,0.274580,0.248692,0.103632,0.279779,0.250111,9.15,gru,0.005026,0.005200,0.001419
2026-04-03T21:33:31.0189676Z,0.096126,0.270366,0.248375,0.096603,0.277133,0.248913,8.70,gru,0.000477,0.006767,0.000538
2026-04-03T21:33:31.0586579Z,0.095490,0.264178,0.248619,0.092705,0.272025,0.249595,7.57,gru,0.002785,0.007847,0.000976
2026-04-03T21:33:31.0921748Z,0.092115,0.261319,0.248360,0.089933,0.269286,0.249252,6.66,gru,0.002182,0.007968,0.000892
2026-04-03T21:33:31.1137017Z,0.092325,0.254899,0.248340,0.094900,0.259472,0.248968,6.42,gru,0.002575,0.004573,0.000628
2026-04-03T21:33:31.1560860Z,0.092390,0.249131,0.248563,0.095348,0.252642,0.249834,5.57,gru,0.002958,0.003511,0.001271
2026-04-03T21:33:31.1941236Z,0.092070,0.241840,0.249285,0.090772,0.246617,0.251108,8.44,gru,0.001298,0.004778,0.001823
2026-04-03T21:33:31.2209060Z,0.092140,0.236144,0.248907,0.091733,0.241405,0.248766,5.68,gru,0.000407,0.005262,0.000142
2026-04-03T21:33:31.2449648Z,0.091496,0.231009,0.248856,0.091748,0.236312,0.248743,6.74,gru,0.000252,0.005303,0.000113
2026-04-03T21:33:31.2727513Z,0.091404,0.225458,0.249574,0.092024,0.229585,0.251560,5.08,gru,0.000620,0.004127,0.001987
2026-04-03T21:33:31.3059846Z,0.090883,0.220135,0.249817,0.090796,0.223450,0.250864,3.33,gru,0.000087,0.003315,0.001047
2026-04-03T21:33:31.3392065Z,0.090805,0.214563,0.249896,0.090834,0.217547,0.249744,3.70,gru,0.000029,0.002984,0.000152
2026-04-03T21:33:31.3735830Z,0.109052,0.200797,0.249975,0.132389,0.190258,0.249574,3.61,gru,0.023336,0.010539,0.000401
2026-04-03T21:33:31.4135377Z,0.109052,0.196919,0.250131,0.106535,0.206389,0.251123,6.55,gru,0.002516,0.009470,0.000992
2026-04-03T21:33:31.4466624Z,0.107859,0.192342,0.250374,0.093197,0.205240,0.251457,5.27,gru,0.014662,0.012897,0.001082
2026-04-03T21:33:31.4811053Z,0.107694,0.188072,0.249612,0.112361,0.183807,0.248874,6.66,gru,0.004666,0.004265,0.000739
2026-04-03T21:33:31.5135661Z,0.106778,0.182817,0.249026,0.110975,0.178738,0.247563,4.79,gru,0.004197,0.004079,0.001463
2026-04-03T21:33:31.5466157Z,0.106896,0.178116,0.247309,0.105959,0.179826,0.246121,4.16,gru,0.000938,0.001710,0.001189
2026-04-03T21:33:31.5810684Z,0.106364,0.173469,0.245747,0.104407,0.177118,0.245191,5.89,gru,0.001957,0.003649,0.000555
2026-04-03T21:33:31.6192642Z,0.105973,0.167901,0.244467,0.106825,0.167229,0.244098,10.73,gru,0.000852,0.000672,0.000369
2026-04-03T21:33:31.6604999Z,0.104921,0.163101,0.243531,0.105539,0.161869,0.242790,8.81,gru,0.000617,0.001232,0.000741
2026-04-03T21:33:31.6999383Z,0.104452,0.158154,0.242763,0.104048,0.159550,0.242728,7.56,gru,0.000404,0.001396,0.000036
2026-04-03T21:33:31.7130059Z,0.104195,0.154173,0.242167,0.104565,0.157474,0.242373,5.07,gru,0.000369,0.003301,0.000205
2026-04-03T21:33:31.7533567Z,0.103996,0.149129,0.241853,0.104838,0.150121,0.241658,5.09,gru,0.000842,0.000991,0.000195
2026-04-03T21:33:31.7925623Z,0.103609,0.145393,0.241429,0.103926,0.146460,0.240826,4.16,gru,0.000317,0.001067,0.000603
2026-04-03T21:33:31.8151461Z,0.102610,0.141945,0.241241,0.101861,0.144504,0.241406,4.54,gru,0.000749,0.002558,0.000165
2026-04-03T21:33:31.8487218Z,0.102023,0.138420,0.241109,0.102341,0.139379,0.241483,3.24,gru,0.000318,0.000960,0.000374
2026-04-03T21:33:31.8894274Z,0.101229,0.134687,0.240946,0.101382,0.135543,0.240619,6.61,gru,0.000153,0.000856,0.000327
2026-04-03T21:33:31.9224454Z,0.100995,0.130933,0.240961,0.101244,0.132037,0.240866,5.14,gru,0.000249,0.001104,0.000095
2026-04-03T21:33:31.9409792Z,0.100400,0.128638,0.240921,0.099966,0.133172,0.240794,4.54,gru,0.000434,0.004534,0.000127
2026-04-03T21:33:31.9810975Z,0.099802,0.126259,0.241135,0.099344,0.130813,0.241316,4.66,gru,0.000458,0.004554,0.000180
2026-04-03T21:33:32.0105867Z,0.099683,0.123609,0.241220,0.100780,0.123563,0.241385,4.54,gru,0.001097,0.000047,0.000165
2026-04-03T21:33:32.0456616Z,0.098930,0.123100,0.240791,0.098507,0.125856,0.239991,3.57,gru,0.000423,0.002756,0.000801
2026-04-03T21:33:32.0874442Z,0.098417,0.120236,0.240414,0.098534,0.121550,0.239986,7.22,gru,0.000117,0.001315,0.000427
2026-04-03T21:33:32.1156374Z,0.099464,0.116528,0.239901,0.102130,0.115281,0.239570,4.69,gru,0.002666,0.001248,0.000332
2026-04-03T21:33:32.1480446Z,0.099149,0.113155,0.239527,0.099143,0.114504,0.239083,3.58,gru,0.000005,0.001349,0.000444
2026-04-03T21:33:32.1804843Z,0.098297,0.111005,0.238559,0.096607,0.115039,0.237270,4.65,gru,0.001690,0.004034,0.001288
2026-04-03T21:33:32.2118791Z,0.098251,0.107376,0.237188,0.099484,0.108053,0.235285,6.44,gru,0.001233,0.000677,0.001902
2026-04-03T21:33:32.2533118Z,0.097414,0.103350,0.236326,0.098021,0.103040,0.235456,9.16,gru,0.000607,0.000309,0.000869
2026-04-03T21:33:32.2907456Z,0.096271,0.100088,0.234467,0.094968,0.102070,0.232365,7.68,gru,0.001304,0.001982,0.002102
2026-04-03T21:33:32.3297915Z,0.095169,0.096642,0.233171,0.094771,0.099082,0.231474,5.58,gru,0.000397,0.002440,0.001697
2026-04-03T21:33:32.3505518Z,0.094122,0.092651,0.231199,0.094746,0.093384,0.229231,6.58,gru,0.000623,0.000734,0.001968
2026-04-03T21:33:32.3843899Z,0.092527,0.088205,0.230346,0.092152,0.088622,0.229475,7.21,gru,0.000375,0.000417,0.000871
2026-04-03T21:33:32.4211345Z,0.092285,0.085785,0.228202,0.092663,0.088430,0.225904,8.71,gru,0.000378,0.002645,0.002297
2026-04-03T21:33:32.4569510Z,0.091489,0.083415,0.227016,0.092237,0.087238,0.225329,9.19,gru,0.000748,0.003823,0.001687
2026-04-03T21:33:32.4932511Z,0.089588,0.080399,0.226275,0.088902,0.082792,0.226262,8.70,gru,0.000686,0.002392,0.000013
2026-04-03T21:33:32.5267463Z,0.088739,0.078058,0.225847,0.089051,0.079396,0.225340,6.13,gru,0.000312,0.001338,0.000507
2026-04-03T21:33:32.5546446Z,0.088127,0.077513,0.225661,0.089196,0.081593,0.225046,9.07,gru,0.001069,0.004080,0.000615
2026-04-03T21:33:32.6004423Z,0.086712,0.075988,0.226828,0.086847,0.080219,0.228138,7.14,gru,0.000134,0.004230,0.001310
2026-04-03T21:33:32.6229090Z,0.086071,0.076811,0.229189,0.086565,0.081197,0.232082,9.37,gru,0.000494,0.004386,0.002893
2026-04-03T21:33:32.6572984Z,0.084640,0.076312,0.233776,0.084977,0.080427,0.238512,7.98,gru,0.000337,0.004115,0.004736
2026-04-03T21:33:32.6877894Z,0.082495,0.079182,0.239841,0.081422,0.086985,0.245680,6.13,gru,0.001073,0.007803,0.005839
2026-04-03T21:33:32.7188348Z,0.078456,0.083165,0.249013,0.075625,0.093359,0.258061,5.71,gru,0.002832,0.010194,0.009048
2026-04-03T21:33:32.7458193Z,0.072415,0.088349,0.261403,0.067920,0.098053,0.274398,7.28,gru,0.004495,0.009703,0.012995
2026-04-03T21:33:32.7755215Z,0.061189,0.099061,0.277975,0.051173,0.113994,0.294806,5.28,gru,0.010016,0.014933,0.016831
2026-04-03T21:33:32.8134422Z,0.045544,0.115708,0.295166,0.031696,0.136387,0.309925,5.31,gru,0.013848,0.020679,0.014760
2026-04-03T21:33:32.8501262Z,0.034611,0.129233,0.312848,0.032288,0.141697,0.325795,6.39,gru,0.002323,0.012465,0.012947
2026-04-03T21:33:32.9113647Z,0.015124,0.156321,0.325848,-0.000124,0.184480,0.332513,8.61,gru,0.015248,0.028159,0.006664
2026-04-03T21:33:32.9626708Z,-0.029804,0.214708,0.351418,-0.080124,0.264480,0.376482,8.16,gru,0.050320,0.049772,0.025064
2026-04-03T21:33:32.9851361Z,-0.056337,0.252625,0.353799,-0.058129,0.291407,0.355118,7.64,gru,0.001793,0.038782,0.001319
2026-04-03T21:33:33.0232282Z,-0.082157,0.290962,0.353444,-0.068070,0.305452,0.343739,9.32,gru,0.014088,0.014490,0.009705
2026-04-03T21:33:33.0600449Z,-0.107106,0.327172,0.348915,-0.128005,0.373883,0.352029,8.69,gru,0.020900,0.046711,0.003114
2026-04-03T21:33:33.0817859Z,-0.131767,0.364821,0.338124,-0.152104,0.424127,0.329309,7.61,gru,0.020337,0.059305,0.008815
2026-04-03T21:33:33.1327107Z,-0.154695,0.400109,0.322494,-0.163966,0.446185,0.306233,9.11,gru,0.009271,0.046076,0.016261
2026-04-03T21:33:33.1568949Z,-0.177565,0.434645,0.301376,-0.188621,0.468164,0.278047,8.60,gru,0.011057,0.033519,0.023328
2026-04-03T21:33:33.1970240Z,-0.200351,0.470121,0.272916,-0.220966,0.517085,0.243674,8.86,gru,0.020616,0.046964,0.029241
2026-04-03T21:33:33.2213748Z,-0.221672,0.500920,0.242557,-0.240436,0.549972,0.213794,9.52,gru,0.018763,0.049053,0.028764
2026-04-03T21:33:33.2627505Z,-0.247312,0.534548,0.205117,-0.265459,0.580670,0.170627,8.13,gru,0.018147,0.046122,0.034490
2026-04-03T21:33:33.2872521Z,-0.227381,0.554364,0.165005,-0.207213,0.545933,0.133735,8.22,gru,0.020168,0.008431,0.031270
2026-04-03T21:33:33.3301145Z,-0.280756,0.577701,0.125768,-0.287213,0.625933,0.092901,8.14,gru,0.006457,0.048233,0.032867
2026-04-03T21:33:33.3533144Z,-0.287378,0.592794,0.090600,-0.305002,0.610278,0.067077,7.57,gru,0.017624,0.017483,0.023522
2026-04-03T21:33:33.4075114Z,-0.303158,0.603926,0.059054,-0.312738,0.578528,0.038444,11.79,gru,0.009580,0.025398,0.020610
2026-04-03T21:33:33.4420345Z,-0.298067,0.608430,0.032577,-0.310149,0.595667,0.015456,12.33,gru,0.012081,0.012764,0.017120
2026-04-03T21:33:33.4702263Z,-0.306448,0.614387,0.012227,-0.314897,0.605314,0.002680,9.14,gru,0.008449,0.009072,0.009547
2026-04-03T21:33:33.4898465Z,-0.300298,0.611636,-0.000640,-0.303046,0.584583,-0.004525,10.25,gru,0.002748,0.027052,0.003885
2026-04-03T21:33:33.5388662Z,-0.301885,0.609103,-0.007455,-0.276823,0.559347,-0.004024,7.73,gru,0.025062,0.049757,0.003432
2026-04-03T21:33:33.5650954Z,-0.324902,0.599051,-0.010429,-0.272482,0.548744,0.001678,7.39,gru,0.052420,0.050306,0.012107
2026-04-03T21:33:33.5916607Z,-0.322384,0.594586,-0.014114,-0.240975,0.512347,-0.004238,9.43,gru,0.081409,0.082239,0.009876
2026-04-03T21:33:33.6374560Z,-0.320951,0.590756,-0.015298,-0.238953,0.497569,-0.005787,8.28,gru,0.081998,0.093187,0.009511
2026-04-03T21:33:33.6871354Z,-0.315469,0.586659,-0.015178,-0.256568,0.502914,-0.006906,7.32,gru,0.058901,0.083745,0.008271
2026-04-03T21:33:33.7334926Z,-0.315923,0.583376,-0.016066,-0.278651,0.510281,-0.011114,7.98,gru,0.037272,0.073096,0.004952
2026-04-03T21:33:33.7615196Z,-0.317150,0.580146,-0.016039,-0.289759,0.513533,-0.014110,9.47,gru,0.027390,0.066613,0.001928
2026-04-03T21:33:33.7877025Z,-0.317291,0.581739,-0.015931,-0.306015,0.546284,-0.016174,8.21,gru,0.011276,0.035455,0.000242
2026-04-03T21:33:33.8321663Z,-0.316851,0.580694,-0.015114,-0.314950,0.558108,-0.016837,8.25,gru,0.001901,0.022586,0.001723
2026-04-03T21:33:33.8564840Z,-0.316263,0.580010,-0.015286,-0.347137,0.591083,-0.015328,7.43,gru,0.030874,0.011073,0.000042
2026-04-03T21:33:33.9004392Z,-0.317675,0.578985,-0.014014,-0.371013,0.587611,-0.015972,7.19,gru,0.053338,0.008626,0.001958
2026-04-03T21:33:33.9249791Z,-0.316453,0.576561,-0.013550,-0.380185,0.559445,-0.018285,7.53,gru,0.063731,0.017116,0.004734
2026-04-03T21:33:33.9663709Z,-0.316645,0.576455,-0.012843,-0.383394,0.561953,-0.015593,7.75,gru,0.066749,0.014503,0.002750
2026-04-03T21:33:33.9914838Z,-0.316195,0.578482,-0.013482,-0.397567,0.581117,-0.016430,8.19,gru,0.081372,0.002635,0.002947
2026-04-03T21:33:34.0365412Z,-0.316411,0.579984,-0.014375,-0.410814,0.588431,-0.019558,6.31,gru,0.094403,0.008447,0.005183
2026-04-03T21:33:34.0913578Z,-0.316903,0.581512,-0.011910,-0.446060,0.600986,-0.018077,8.31,gru,0.129157,0.019474,0.006168
2026-04-03T21:33:34.1372637Z,-0.316980,0.584152,-0.010390,-0.482370,0.602029,-0.027179,8.01,gru,0.165389,0.017876,0.016789
2026-04-03T21:33:34.1616720Z,-0.314467,0.585235,-0.010173,-0.506192,0.600030,-0.039147,7.53,gru,0.191724,0.014795,0.028974
2026-04-03T21:33:34.1886588Z,-0.318827,0.588581,-0.011662,-0.535200,0.581234,-0.051074,8.59,gru,0.216373,0.007347,0.039411
2026-04-03T21:33:34.2337130Z,-0.316555,0.590392,-0.013390,-0.553127,0.556340,-0.060585,8.13,gru,0.236573,0.034052,0.047194
2026-04-03T21:33:34.2578993Z,-0.317116,0.591474,-0.014150,-0.583114,0.521224,-0.065872,6.17,gru,0.265997,0.070250,0.051722
2026-04-03T21:33:34.3025635Z,-0.317075,0.588393,-0.014267,-0.593797,0.495462,-0.069442,8.39,gru,0.276721,0.092931,0.055175
2026-04-03T21:33:34.3231391Z,-0.317227,0.588410,-0.014938,-0.599296,0.480437,-0.073823,7.06,gru,0.282070,0.107972,0.058885
2026-04-03T21:33:34.3475228Z,-0.318152,0.589006,-0.015587,-0.601961,0.470426,-0.076453,7.67,gru,0.283809,0.118580,0.060866
2026-04-03T21:33:34.3803008Z,-0.319095,0.588650,-0.015372,-0.605168,0.454941,-0.076810,6.16,gru,0.286073,0.133709,0.061437
2026-04-03T21:33:34.4132258Z,-0.319151,0.587963,-0.015592,-0.606085,0.444915,-0.078196,5.55,gru,0.286934,0.143048,0.062605
2026-04-03T21:33:34.4466948Z,-0.319033,0.587943,-0.015653,-0.605386,0.451737,-0.077800,7.24,gru,0.286353,0.136206,0.062147
2026-04-03T21:33:34.4813508Z,-0.318396,0.587631,-0.015836,-0.605510,0.449493,-0.077840,5.60,gru,0.287115,0.138138,0.062004
2026-04-03T21:33:34.5128472Z,-0.318762,0.587421,-0.015526,-0.606084,0.448292,-0.077303,6.11,gru,0.287322,0.139129,0.061777
2026-04-03T21:33:34.5506295Z,-0.318194,0.586000,-0.015462,-0.607658,0.443364,-0.077459,6.07,gru,0.289464,0.142636,0.061997
2026-04-03T21:33:34.5913874Z,-0.318743,0.586251,-0.014960,-0.606987,0.438352,-0.076818,5.60,gru,0.288244,0.147899,0.061858
2026-04-03T21:33:34.6149814Z,-0.318061,0.586244,-0.015514,-0.608017,0.438680,-0.078334,7.76,gru,0.289956,0.147565,0.062820
2026-04-03T21:33:34.6513217Z,-0.318054,0.585434,-0.015202,-0.609272,0.440976,-0.078038,5.61,gru,0.291218,0.144458,0.062836
2026-04-03T21:33:34.6843580Z,-0.318130,0.587065,-0.015749,-0.609494,0.449023,-0.078641,7.06,gru,0.291364,0.138042,0.062892
2026-04-03T21:33:34.7289478Z,-0.318252,0.586116,-0.015640,-0.607085,0.454683,-0.076608,7.44,gru,0.288834,0.131433,0.060968
2026-04-03T21:33:34.7545541Z,-0.317874,0.584967,-0.015184,-0.605324,0.460984,-0.073992,8.13,gru,0.287450,0.123983,0.058808
2026-04-03T21:33:34.7958947Z,-0.317964,0.586329,-0.015705,-0.603129,0.470725,-0.075102,7.74,gru,0.285165,0.115604,0.059397
2026-04-03T21:33:34.8198662Z,-0.318012,0.584159,-0.015006,-0.603675,0.476024,-0.072866,7.69,gru,0.285664,0.108135,0.057860
2026-04-03T21:33:34.8643109Z,-0.317561,0.584785,-0.015158,-0.602687,0.481109,-0.074013,7.98,gru,0.285126,0.103676,0.058856
2026-04-03T21:33:34.8894306Z,-0.317800,0.585731,-0.015614,-0.602945,0.486698,-0.075529,8.26,gru,0.285145,0.099034,0.059915
2026-04-03T21:33:34.9269803Z,-0.318030,0.584456,-0.014942,-0.606419,0.471353,-0.074779,7.31,gru,0.288389,0.113103,0.059836
2026-04-03T21:33:34.9506492Z,-0.318007,0.585438,-0.015825,-0.606845,0.473056,-0.077470,7.15,gru,0.288838,0.112382,0.061646
2026-04-03T21:33:34.9957378Z,-0.317610,0.584518,-0.015162,-0.607454,0.472562,-0.076171,8.80,gru,0.289844,0.111956,0.061008
2026-04-03T21:33:35.0187614Z,-0.317989,0.583852,-0.015170,-0.608261,0.471123,-0.075607,8.48,gru,0.290273,0.112729,0.060437
2026-04-03T21:33:35.0614128Z,-0.318238,0.584059,-0.014932,-0.608947,0.470712,-0.076398,7.41,gru,0.290709,0.113347,0.061466
2026-04-03T21:33:35.1035502Z,-0.316229,0.582440,-0.014135,-0.609154,0.464763,-0.075659,7.77,gru,0.292925,0.117677,0.061524
2026-04-03T21:33:35.1222056Z,-0.316526,0.583939,-0.014656,-0.608307,0.470361,-0.077130,7.60,gru,0.291781,0.113578,0.062474
2026-04-03T21:33:35.1568105Z,-0.317381,0.584519,-0.014337,-0.608394,0.471279,-0.075900,7.66,gru,0.291013,0.113240,0.061562
2026-04-03T21:33:35.1935676Z,-0.316836,0.583369,-0.014496,-0.609004,0.460452,-0.076977,7.67,gru,0.292169,0.122917,0.062481
2026-04-03T21:33:35.2315249Z,-0.316259,0.583942,-0.014790,-0.608706,0.464512,-0.077571,8.13,gru,0.292448,0.119430,0.062781
2026-04-03T21:33:35.2514083Z,-0.317731,0.584811,-0.014549,-0.608939,0.466917,-0.075938,7.71,gru,0.291208,0.117894,0.061390
2026-04-03T21:33:35.2957163Z,-0.317031,0.583970,-0.014700,-0.608798,0.460427,-0.077126,8.80,gru,0.291767,0.123543,0.062426
2026-04-03T21:33:35.3228893Z,-0.316719,0.582829,-0.014344,-0.608590,0.462761,-0.076636,6.64,gru,0.291871,0.120069,0.062292
2026-04-03T21:33:35.3653100Z,-0.317329,0.584179,-0.014692,-0.608996,0.465539,-0.076857,8.69,gru,0.291667,0.118640,0.062164
2026-04-03T21:33:35.4062220Z,-0.317111,0.584136,-0.015033,-0.608933,0.461378,-0.077935,6.83,gru,0.291821,0.122759,0.062902
2026-04-03T21:33:35.4504856Z,-0.317604,0.584372,-0.015044,-0.608829,0.463381,-0.077153,7.59,gru,0.291224,0.120991,0.062109
2026-04-03T21:33:35.4946154Z,-0.316806,0.583739,-0.014966,-0.609525,0.455573,-0.077551,8.36,gru,0.292719,0.128165,0.062585
2026-04-03T21:33:35.5213759Z,-0.316806,0.582666,-0.014518,-0.609136,0.456927,-0.076593,8.81,gru,0.292330,0.125739,0.062076
2026-04-03T21:33:35.5600804Z,-0.317251,0.583373,-0.014228,-0.608539,0.462815,-0.075843,8.00,gru,0.291288,0.120558,0.061615
2026-04-03T21:33:35.5852869Z,-0.317332,0.582701,-0.014420,-0.608653,0.458047,-0.076956,7.88,gru,0.291321,0.124654,0.062535
2026-04-03T21:33:35.6337652Z,-0.317106,0.584690,-0.015214,-0.608891,0.462918,-0.078692,10.00,gru,0.291785,0.121772,0.063478
2026-04-03T21:33:35.6608471Z,-0.315744,0.582565,-0.014618,-0.609182,0.454346,-0.077165,8.80,gru,0.293438,0.128219,0.062547
2026-04-03T21:33:35.7060178Z,-0.316251,0.584024,-0.014868,-0.608900,0.457770,-0.077115,7.75,gru,0.292649,0.126254,0.062247
2026-04-03T21:33:35.7497599Z,-0.316336,0.583087,-0.015139,-0.609446,0.455545,-0.075839,6.31,gru,0.293110,0.127543,0.060699
2026-04-03T21:33:35.8046202Z,-0.315835,0.582566,-0.014616,-0.608174,0.456186,-0.077289,7.59,gru,0.292340,0.126380,0.062673
2026-04-03T21:33:35.8627358Z,-0.315892,0.583301,-0.014657,-0.608152,0.458944,-0.076080,8.87,gru,0.292259,0.124357,0.061423
2026-04-03T21:33:35.8887578Z,-0.315943,0.582938,-0.014477,-0.608124,0.454475,-0.077267,8.56,gru,0.292182,0.128463,0.062790
2026-04-03T21:33:35.9332369Z,-0.315906,0.582830,-0.014854,-0.607558,0.455712,-0.077606,8.26,gru,0.291652,0.127118,0.062753
2026-04-03T21:33:35.9544256Z,-0.315820,0.582738,-0.014306,-0.607903,0.459287,-0.076030,8.04,gru,0.292083,0.123451,0.061725
2026-04-03T21:33:35.9957780Z,-0.316389,0.583967,-0.014284,-0.608086,0.458240,-0.076297,8.55,gru,0.291697,0.125727,0.062013
2026-04-03T21:33:36.0186749Z,-0.316065,0.583994,-0.014927,-0.607626,0.454253,-0.078409,7.92,gru,0.291561,0.129741,0.063482
2026-04-03T21:33:36.0595281Z,-0.316189,0.583939,-0.014482,-0.607799,0.456504,-0.076516,7.61,gru,0.291609,0.127435,0.062034
2026-04-03T21:33:36.1116418Z,-0.316766,0.582810,-0.013959,-0.607972,0.455473,-0.075348,6.14,gru,0.291207,0.127337,0.061388
2026-04-03T21:33:36.1426435Z,-0.316011,0.583317,-0.014494,-0.607768,0.459099,-0.078304,7.14,gru,0.291756,0.124218,0.063810
2026-04-03T21:33:36.1831423Z,-0.316449,0.583939,-0.014873,-0.608054,0.453859,-0.077224,6.79,gru,0.291605,0.130080,0.062351
2026-04-03T21:33:36.2235022Z,-0.316249,0.582882,-0.014248,-0.607891,0.453032,-0.076277,7.85,gru,0.291642,0.129849,0.062029
2026-04-03T21:33:36.2608109Z,-0.316074,0.583948,-0.014907,-0.607804,0.454571,-0.077652,7.23,gru,0.291730,0.129377,0.062746
2026-04-03T21:33:36.3039703Z,-0.316777,0.584310,-0.014908,-0.607460,0.460283,-0.077420,7.67,gru,0.290683,0.124027,0.062513
2026-04-03T21:33:36.3274724Z,-0.316499,0.584242,-0.015450,-0.607452,0.452443,-0.078321,8.13,gru,0.290953,0.131799,0.062871
2026-04-03T21:33:36.3681411Z,-0.315649,0.582393,-0.014546,-0.607882,0.451929,-0.076657,8.62,gru,0.292233,0.130464,0.062111
2026-04-03T21:33:36.3882763Z,-0.315770,0.582879,-0.014760,-0.608074,0.451958,-0.076905,7.81,gru,0.292303,0.130921,0.062146
2026-04-03T21:33:36.4352594Z,-0.316885,0.584441,-0.014305,-0.608120,0.457432,-0.076728,9.66,gru,0.291235,0.127010,0.062424
2026-04-03T21:33:36.4596492Z,-0.315868,0.582925,-0.014731,-0.607599,0.449653,-0.078048,8.11,gru,0.291731,0.133271,0.063317
2026-04-03T21:33:36.4809854Z,-0.316506,0.584779,-0.015580,-0.607187,0.456875,-0.079131,7.16,gru,0.290681,0.127904,0.063551
2026-04-03T21:33:36.5235938Z,-0.316283,0.584960,-0.015480,-0.607947,0.455502,-0.077647,6.80,gru,0.291664,0.129459,0.062168
2026-04-03T21:33:36.5670668Z,-0.316522,0.584957,-0.015312,-0.608123,0.451885,-0.077628,7.55,gru,0.291601,0.133072,0.062316
2026-04-03T21:33:36.5939527Z,-0.316742,0.583863,-0.015393,-0.607508,0.452218,-0.077797,7.25,gru,0.290766,0.131645,0.062404
2026-04-03T21:33:36.6180379Z,-0.316504,0.582465,-0.014336,-0.607971,0.453355,-0.075514,7.18,gru,0.291468,0.129110,0.061178
2026-04-03T21:33:36.6626836Z,-0.315689,0.583358,-0.014924,-0.607812,0.457125,-0.077934,8.53,gru,0.292123,0.126233,0.063010
2026-04-03T21:33:36.6871333Z,-0.316218,0.583090,-0.013740,-0.607280,0.456961,-0.075214,7.49,gru,0.291062,0.126129,0.061474
2026-04-03T21:33:36.7354593Z,-0.316292,0.582690,-0.013921,-0.607445,0.453101,-0.075915,6.63,gru,0.291153,0.129589,0.061994
2026-04-03T21:33:36.7606037Z,-0.315503,0.583039,-0.015105,-0.607261,0.456066,-0.079728,5.82,gru,0.291758,0.126973,0.064624
2026-04-03T21:33:36.7828102Z,-0.315861,0.583592,-0.014799,-0.607559,0.456306,-0.076808,7.96,gru,0.291699,0.127286,0.062009
2026-04-03T21:33:36.8145557Z,-0.316213,0.584700,-0.015095,-0.607766,0.458457,-0.077258,6.61,gru,0.291553,0.126243,0.062163
2026-04-03T21:33:36.8500518Z,-0.316577,0.584365,-0.014203,-0.607927,0.453164,-0.076287,4.55,gru,0.291350,0.131201,0.062085
2026-04-03T21:33:36.8821086Z,-0.315625,0.584173,-0.015354,-0.607241,0.455370,-0.079003,6.05,gru,0.291616,0.128803,0.063649
2026-04-03T21:33:36.9232320Z,-0.316604,0.584547,-0.014653,-0.607636,0.459641,-0.076616,6.83,gru,0.291032,0.124907,0.061964
2026-04-03T21:33:36.9570152Z,-0.316374,0.584218,-0.014501,-0.608490,0.456230,-0.076362,7.09,gru,0.292116,0.127988,0.061860
2026-04-03T21:33:36.9928138Z,-0.316079,0.584442,-0.015389,-0.607536,0.451402,-0.079600,5.70,gru,0.291458,0.133040,0.064211
2026-04-03T21:33:37.0132330Z,-0.316790,0.584814,-0.015217,-0.607498,0.455495,-0.077424,7.20,gru,0.290707,0.129319,0.062206
2026-04-03T21:33:37.0569670Z,-0.316193,0.584915,-0.015132,-0.607343,0.458148,-0.076756,7.29,gru,0.291150,0.126767,0.061624
2026-04-03T21:33:37.0962181Z,-0.316538,0.583995,-0.014894,-0.607519,0.451973,-0.077359,7.78,gru,0.290981,0.132021,0.062465
2026-04-03T21:33:37.1288157Z,-0.316946,0.584154,-0.014611,-0.607259,0.458874,-0.076424,8.35,gru,0.290313,0.125280,0.061813
2026-04-03T21:33:37.1682090Z,-0.316416,0.583879,-0.014557,-0.607037,0.458712,-0.077023,5.61,gru,0.290621,0.125168,0.062466
2026-04-03T21:33:37.1892085Z,-0.315950,0.584044,-0.015082,-0.607013,0.459564,-0.078131,5.83,gru,0.291064,0.124479,0.063050
2026-04-03T21:33:37.2278717Z,-0.315861,0.584014,-0.015320,-0.608006,0.455979,-0.078275,5.96,gru,0.292145,0.128035,0.062955
2026-04-03T21:33:37.2509575Z,-0.315834,0.583575,-0.014838,-0.608049,0.451398,-0.076788,7.33,gru,0.292216,0.132177,0.061950
2026-04-03T21:33:37.2941940Z,-0.316553,0.584128,-0.014593,-0.607460,0.455875,-0.076694,6.51,gru,0.290907,0.128253,0.062101
2026-04-03T21:33:37.3297620Z,-0.316607,0.583929,-0.013896,-0.607054,0.455236,-0.075461,8.57,gru,0.290447,0.128694,0.061565
2026-04-03T21:33:37.3664068Z,-0.316268,0.584454,-0.015485,-0.607421,0.454607,-0.079525,6.26,gru,0.291153,0.129848,0.064040
2026-04-03T21:33:37.3869343Z,-0.315735,0.583095,-0.014947,-0.608294,0.450785,-0.078136,8.26,gru,0.292559,0.132310,0.063190
2026-04-03T21:33:37.4254103Z,-0.316327,0.583171,-0.014148,-0.607927,0.454571,-0.074848,7.61,gru,0.291599,0.128600,0.060701
2026-04-03T21:33:37.4639520Z,-0.316286,0.584110,-0.015002,-0.607213,0.461385,-0.078329,7.59,gru,0.290928,0.122725,0.063328
2026-04-03T21:33:37.4863097Z,-0.316131,0.582984,-0.014856,-0.607508,0.456555,-0.077398,7.61,gru,0.291377,0.126430,0.062543
2026-04-03T21:33:37.5281434Z,-0.316115,0.582964,-0.014561,-0.607990,0.455219,-0.076715,7.62,gru,0.291876,0.127744,0.062153
2026-04-03T21:33:37.5526345Z,-0.316532,0.583552,-0.015081,-0.607499,0.460502,-0.077628,7.92,gru,0.290967,0.123050,0.062547
2026-04-03T21:33:37.5999567Z,-0.316370,0.583535,-0.014935,-0.607807,0.457448,-0.077234,9.61,gru,0.291437,0.126087,0.062299
2026-04-03T21:33:37.6262731Z,-0.316542,0.584976,-0.015412,-0.607765,0.459328,-0.078286,8.16,gru,0.291223,0.125648,0.062874
2026-04-03T21:33:37.6681354Z,-0.316056,0.582789,-0.014994,-0.608041,0.455838,-0.077410,8.56,gru,0.291985,0.126951,0.062415
2026-04-03T21:33:37.6919182Z,-0.316545,0.584260,-0.015247,-0.607839,0.459986,-0.077364,7.34,gru,0.291293,0.124274,0.062116
2026-04-03T21:33:37.7349163Z,-0.316831,0.583258,-0.014465,-0.608352,0.456569,-0.076240,7.89,gru,0.291521,0.126689,0.061775
2026-04-03T21:33:37.7734272Z,-0.316844,0.584246,-0.015145,-0.607891,0.458142,-0.077729,8.28,gru,0.291047,0.126103,0.062583
2026-04-03T21:33:37.8190963Z,-0.316543,0.584535,-0.015351,-0.607841,0.457697,-0.078424,7.60,gru,0.291298,0.126837,0.063073
2026-04-03T21:33:37.8594418Z,-0.316090,0.583609,-0.015012,-0.608201,0.454062,-0.077170,6.58,gru,0.292111,0.129547,0.062158
2026-04-03T21:33:37.8948986Z,-0.317339,0.583956,-0.014912,-0.608410,0.456700,-0.077119,6.08,gru,0.291071,0.127256,0.062207
2026-04-03T21:33:37.9275315Z,-0.317009,0.585202,-0.014783,-0.608024,0.457445,-0.077343,6.99,gru,0.291014,0.127757,0.062560
2026-04-03T21:33:37.9666110Z,-0.316086,0.583643,-0.014998,-0.607513,0.454676,-0.077865,7.04,gru,0.291427,0.128967,0.062867
2026-04-03T21:33:37.9982530Z,-0.315744,0.582929,-0.015096,-0.607262,0.455847,-0.077274,5.55,gru,0.291518,0.127082,0.062178
2026-04-03T21:33:38.0153334Z,-0.317081,0.584264,-0.014602,-0.608545,0.460382,-0.076176,6.09,gru,0.291464,0.123882,0.061574
2026-04-03T21:33:38.0483289Z,-0.315893,0.582571,-0.014627,-0.608269,0.450436,-0.077756,6.28,gru,0.292376,0.132135,0.063129
2026-04-03T21:33:38.0794641Z,-0.316907,0.584777,-0.015194,-0.607659,0.457949,-0.078199,5.83,gru,0.290752,0.126828,0.063006
2026-04-03T21:33:38.1138661Z,-0.316652,0.584760,-0.015027,-0.608169,0.458648,-0.077493,6.06,gru,0.291517,0.126112,0.062466
2026-04-03T21:33:38.1482593Z,-0.315943,0.584319,-0.015232,-0.608506,0.451038,-0.078496,6.08,gru,0.292563,0.133281,0.063264
2026-04-03T21:33:38.1811708Z,-0.316659,0.584331,-0.014147,-0.608412,0.454245,-0.075770,6.09,gru,0.291753,0.130086,0.061622
2026-04-03T21:33:38.2328264Z,-0.317330,0.584305,-0.014553,-0.608300,0.455924,-0.077119,5.46,gru,0.290970,0.128381,0.062567
2026-04-03T21:33:38.2714824Z,-0.316366,0.585055,-0.015705,-0.607919,0.456991,-0.080185,5.51,gru,0.291553,0.128064,0.064480
2026-04-03T21:33:38.3015888Z,-0.316631,0.585353,-0.015784,-0.608168,0.459737,-0.078205,5.78,gru,0.291537,0.125615,0.062421
2026-04-03T21:33:38.3185654Z,-0.316262,0.584459,-0.015228,-0.608820,0.451267,-0.077245,7.63,gru,0.292558,0.133192,0.062017
2026-04-03T21:33:38.4722746Z,-0.316530,0.584727,-0.014445,-0.608237,0.456684,-0.076249,6.42,gru,0.291707,0.128043,0.061804
2026-04-03T21:33:38.5165866Z,-0.316289,0.583249,-0.015274,-0.607614,0.453942,-0.078464,5.61,gru,0.291325,0.129308,0.063190
2026-04-03T21:33:38.5549528Z,-0.316373,0.582676,-0.014943,-0.608065,0.455706,-0.077405,7.10,gru,0.291692,0.126970,0.062461
2026-04-03T21:33:38.5844305Z,-0.316308,0.584816,-0.014746,-0.608578,0.460652,-0.076631,6.63,gru,0.292270,0.124164,0.061885
2026-04-03T21:33:38.6039774Z,-0.316087,0.582783,-0.014453,-0.607757,0.452777,-0.077265,6.96,gru,0.291670,0.130006,0.062813
2026-04-03T21:33:38.6333583Z,-0.315831,0.583236,-0.014908,-0.607537,0.456491,-0.077802,6.07,gru,0.291707,0.126745,0.062894
2026-04-03T21:33:38.6655131Z,-0.316087,0.585395,-0.015719,-0.607215,0.466273,-0.078582,5.58,gru,0.291128,0.119122,0.062864
2026-04-03T21:33:38.6952572Z,-0.316905,0.584499,-0.014775,-0.608429,0.454853,-0.076316,6.11,gru,0.291524,0.129646,0.061541
2026-04-03T21:33:38.7129383Z,-0.316120,0.584234,-0.015337,-0.608329,0.451629,-0.078695,6.57,gru,0.292209,0.132606,0.063358
2026-04-03T21:33:38.7458285Z,-0.317078,0.583535,-0.014774,-0.608771,0.456924,-0.076974,5.59,gru,0.291693,0.126611,0.062199
2026-04-03T21:33:38.7881599Z,-0.316121,0.584887,-0.015739,-0.608434,0.454376,-0.079047,6.16,gru,0.292313,0.130512,0.063307
2026-04-03T21:33:38.8210514Z,-0.317150,0.584586,-0.015619,-0.608304,0.460051,-0.078082,6.11,gru,0.291154,0.124534,0.062463
2026-04-03T21:33:38.8527987Z,-0.315967,0.583682,-0.014685,-0.608592,0.455471,-0.076037,7.67,gru,0.292625,0.128211,0.061352
2026-04-03T21:33:38.8958698Z,-0.317186,0.584028,-0.014482,-0.607896,0.458044,-0.076753,6.65,gru,0.290709,0.125984,0.062271
2026-04-03T21:33:38.9292987Z,-0.316754,0.583792,-0.014318,-0.607239,0.459349,-0.076278,7.09,gru,0.290486,0.124442,0.061961
2026-04-03T21:33:38.9743997Z,-0.316520,0.583989,-0.015036,-0.607893,0.457903,-0.078066,5.55,gru,0.291373,0.126086,0.063030
2026-04-03T21:33:39.0125839Z,-0.316424,0.584799,-0.015157,-0.607972,0.461074,-0.078043,6.75,gru,0.291549,0.123725,0.062886
2026-04-03T21:33:39.0454019Z,-0.315309,0.582814,-0.014912,-0.607919,0.456040,-0.077407,6.21,gru,0.292610,0.126774,0.062495
2026-04-03T21:33:39.0850639Z,-0.316264,0.582842,-0.013871,-0.607562,0.457231,-0.075043,5.65,gru,0.291298,0.125611,0.061172
2026-04-03T21:33:39.1283546Z,-0.315814,0.583616,-0.014965,-0.607405,0.461773,-0.078143,6.08,gru,0.291591,0.121843,0.063179
2026-04-03T21:33:39.1645169Z,-0.316232,0.583350,-0.014376,-0.608905,0.452578,-0.077698,6.56,gru,0.292674,0.130772,0.063322
2026-04-03T21:33:39.1826252Z,-0.306618,0.583093,-0.014329,-0.607318,0.444114,-0.079914,5.44,gru,0.300701,0.138979,0.065586
2026-04-03T21:33:39.2248647Z,-0.307230,0.581813,-0.013046,-0.603650,0.457326,-0.075191,5.07,gru,0.296421,0.124487,0.062145
2026-04-03T21:33:39.2597349Z,-0.306392,0.582201,-0.014019,-0.601948,0.456229,-0.076913,7.17,gru,0.295556,0.125972,0.062894
2026-04-03T21:33:39.2985462Z,-0.307035,0.584822,-0.014564,-0.601154,0.457949,-0.078773,6.45,gru,0.294119,0.126873,0.064209
2026-04-03T21:33:39.3382668Z,-0.306577,0.582021,-0.013776,-0.600153,0.456331,-0.075263,6.99,gru,0.293576,0.125690,0.061487
2026-04-03T21:33:39.4085790Z,-0.307091,0.583674,-0.014121,-0.599337,0.459327,-0.076280,5.59,gru,0.292245,0.124347,0.062159
2026-04-03T21:33:39.4961409Z,-0.306460,0.583369,-0.014548,-0.598561,0.458361,-0.077605,5.68,gru,0.292101,0.125008,0.063057
2026-04-03T21:33:39.5270349Z,-0.306356,0.582039,-0.013936,-0.598800,0.452324,-0.075358,6.74,gru,0.292444,0.129714,0.061422
2026-04-03T21:33:39.5634385Z,-0.306990,0.583672,-0.014374,-0.598167,0.461283,-0.076457,6.06,gru,0.291177,0.122389,0.062083
2026-04-03T21:33:39.5931766Z,-0.306609,0.581830,-0.013833,-0.598570,0.455010,-0.075841,5.82,gru,0.291961,0.126821,0.062008
2026-04-03T21:33:39.6243269Z,-0.316621,0.584416,-0.014644,-0.598578,0.467564,-0.073199,7.53,gru,0.281958,0.116852,0.058556
2026-04-03T21:33:39.6536257Z,-0.306605,0.581203,-0.013597,-0.600916,0.445915,-0.076847,5.63,gru,0.294311,0.135288,0.063250
2026-04-03T21:33:39.6836280Z,-0.316194,0.584185,-0.014814,-0.600508,0.464193,-0.074928,6.59,gru,0.284315,0.119993,0.060114
2026-04-03T21:33:39.7118209Z,-0.316087,0.585580,-0.015974,-0.600417,0.468955,-0.077240,5.05,gru,0.284330,0.116625,0.061266
2026-04-03T21:33:39.7446236Z,-0.316617,0.584865,-0.014896,-0.603995,0.453130,-0.076051,7.13,gru,0.287377,0.131735,0.061154
2026-04-03T21:33:39.7768340Z,-0.316082,0.584125,-0.015071,-0.604643,0.451548,-0.076711,6.06,gru,0.288562,0.132578,0.061640
2026-04-03T21:33:39.8126862Z,-0.316263,0.584100,-0.014933,-0.605228,0.454710,-0.076694,6.58,gru,0.288965,0.129390,0.061760
2026-04-03T21:33:39.8479732Z,-0.315963,0.582821,-0.014379,-0.605452,0.454209,-0.075078,6.07,gru,0.289489,0.128612,0.060699
2026-04-03T21:33:39.8894965Z,-0.315671,0.584283,-0.015538,-0.605080,0.457067,-0.078290,7.62,gru,0.289409,0.127216,0.062752
2026-04-03T21:33:39.9247767Z,-0.316937,0.584680,-0.014295,-0.602002,0.454339,-0.075432,7.60,gru,0.285066,0.130340,0.061136
2026-04-03T21:33:39.9629273Z,-0.316065,0.584200,-0.015171,-0.601153,0.447965,-0.077556,6.93,gru,0.285089,0.136236,0.062384
2026-04-03T21:33:39.9998553Z,-0.316151,0.584059,-0.015139,-0.601640,0.450174,-0.078429,7.59,gru,0.285488,0.133885,0.063290
2026-04-03T21:33:40.0498896Z,-0.315948,0.583427,-0.015122,-0.601479,0.456602,-0.076512,6.82,gru,0.285531,0.126825,0.061389
2026-04-03T21:33:40.0914572Z,-0.315906,0.583850,-0.015269,-0.603783,0.449586,-0.078411,7.15,gru,0.287877,0.134264,0.063142
2026-04-03T21:33:40.1460226Z,-0.316335,0.584128,-0.014693,-0.602267,0.455819,-0.076307,6.57,gru,0.285932,0.128309,0.061614
2026-04-03T21:33:40.2364356Z,-0.316647,0.583553,-0.014447,-0.603308,0.451266,-0.077100,6.02,gru,0.286661,0.132286,0.062653
2026-04-03T21:33:40.2731718Z,-0.315777,0.582424,-0.014654,-0.603522,0.446686,-0.078521,6.16,gru,0.287745,0.135738,0.063868
2026-04-03T21:33:40.2921701Z,-0.316025,0.584193,-0.015015,-0.603931,0.455646,-0.078517,6.70,gru,0.287905,0.128546,0.063502
2026-04-03T21:33:40.3235072Z,-0.316201,0.584073,-0.014959,-0.602953,0.452068,-0.077474,6.07,gru,0.286753,0.132004,0.062515
2026-04-03T21:33:40.3568558Z,-0.316282,0.584047,-0.014867,-0.607927,0.455860,-0.077350,6.82,gru,0.291645,0.128187,0.062483
2026-04-03T21:33:40.3933762Z,-0.316643,0.583675,-0.014461,-0.603873,0.446325,-0.077279,6.47,gru,0.287229,0.137350,0.062818
2026-04-03T21:33:40.4112101Z,-0.316163,0.584970,-0.015372,-0.607387,0.459344,-0.078680,5.60,gru,0.291224,0.125627,0.063308
2026-04-03T21:33:40.4856319Z,-0.306376,0.582056,-0.014239,-0.606867,0.448499,-0.079597,5.56,gru,0.300491,0.133557,0.065358
2026-04-03T21:33:40.5247415Z,-0.306606,0.581713,-0.013833,-0.603532,0.457041,-0.075585,6.61,gru,0.296926,0.124672,0.061752
2026-04-03T21:33:40.5577403Z,-0.316242,0.584741,-0.015045,-0.602821,0.476978,-0.075203,5.59,gru,0.286579,0.107762,0.060159
2026-04-03T21:33:40.5895882Z,-0.316787,0.584552,-0.014614,-0.606121,0.455714,-0.076523,5.63,gru,0.289334,0.128838,0.061909
2026-04-03T21:33:40.6187751Z,-0.307827,0.583018,-0.013144,-0.606941,0.438478,-0.078037,6.26,gru,0.299114,0.144540,0.064893
2026-04-03T21:33:40.6513844Z,-0.316410,0.584440,-0.015341,-0.603758,0.471087,-0.077731,6.09,gru,0.287348,0.113353,0.062390
2026-04-03T21:33:40.6985388Z,-0.316987,0.584096,-0.014523,-0.604576,0.465004,-0.074351,8.19,gru,0.287589,0.119091,0.059829
2026-04-03T21:33:40.7207752Z,-0.316323,0.583657,-0.014205,-0.608025,0.449937,-0.076546,6.77,gru,0.291702,0.133719,0.062340
2026-04-03T21:33:40.7630321Z,-0.316831,0.584178,-0.014710,-0.608095,0.458248,-0.078312,7.27,gru,0.291264,0.125931,0.063602
2026-04-03T21:33:40.7848688Z,-0.316911,0.583835,-0.014066,-0.608393,0.454070,-0.076178,7.46,gru,0.291482,0.129764,0.062112
2026-04-03T21:33:40.8239396Z,-0.306399,0.581889,-0.013500,-0.606642,0.443205,-0.078913,7.83,gru,0.300244,0.138684,0.065413
2026-04-03T21:33:40.8627012Z,-0.316704,0.585012,-0.015290,-0.603838,0.473331,-0.076573,8.09,gru,0.287135,0.111681,0.061282
2026-04-03T21:33:40.8871852Z,-0.315939,0.583282,-0.015012,-0.606484,0.457298,-0.076212,8.26,gru,0.290544,0.125984,0.061199
2026-04-03T21:33:40.9282272Z,-0.316111,0.584438,-0.015413,-0.606868,0.446659,-0.078470,6.72,gru,0.290757,0.137778,0.063057
2026-04-03T21:33:40.9517604Z,-0.316254,0.584018,-0.014773,-0.605651,0.459305,-0.076105,7.55,gru,0.289397,0.124712,0.061331
2026-04-03T21:33:40.9964897Z,-0.316512,0.584935,-0.015442,-0.607190,0.458055,-0.077999,7.41,gru,0.290678,0.126880,0.062557
2026-04-03T21:33:41.0223792Z,-0.316387,0.584348,-0.015099,-0.608452,0.456310,-0.077730,7.71,gru,0.292065,0.128038,0.062632
2026-04-03T21:33:41.0644240Z,-0.316252,0.583485,-0.014750,-0.605865,0.455940,-0.075512,7.78,gru,0.289613,0.127545,0.060762
2026-04-03T21:33:41.0878607Z,-0.316617,0.582521,-0.014514,-0.607757,0.457048,-0.076643,8.44,gru,0.291140,0.125474,0.062129
2026-04-03T21:33:41.1266059Z,-0.316261,0.583611,-0.015228,-0.604485,0.448688,-0.079458,6.15,gru,0.288223,0.134923,0.064231
2026-04-03T21:33:41.1655238Z,-0.316755,0.583071,-0.014420,-0.604256,0.448028,-0.076809,7.15,gru,0.287501,0.135043,0.062390
2026-04-03T21:33:41.1864105Z,-0.316049,0.582234,-0.014479,-0.606705,0.456934,-0.076324,7.19,gru,0.290656,0.125300,0.061844
2026-04-03T21:33:41.2369824Z,-0.316369,0.583876,-0.014578,-0.607798,0.460062,-0.077364,7.29,gru,0.291429,0.123815,0.062786
2026-04-03T21:33:41.2735982Z,-0.316132,0.582173,-0.014200,-0.601967,0.452094,-0.075808,8.02,gru,0.285835,0.130079,0.061609
2026-04-03T21:33:41.3061788Z,-0.315927,0.583715,-0.014829,-0.607897,0.457957,-0.078193,7.16,gru,0.291970,0.125757,0.063364
2026-04-03T21:33:41.3221607Z,-0.317502,0.583348,-0.013936,-0.608697,0.458459,-0.075228,6.46,gru,0.291195,0.124889,0.061292
2026-04-03T21:33:41.3517462Z,-0.315851,0.582887,-0.014795,-0.608320,0.453734,-0.078054,6.69,gru,0.292469,0.129153,0.063258
2026-04-03T21:33:41.3903503Z,-0.316871,0.583572,-0.014508,-0.607577,0.459991,-0.076764,5.79,gru,0.290706,0.123582,0.062256
2026-04-03T21:33:41.4246546Z,-0.315959,0.584588,-0.015508,-0.607884,0.457821,-0.078274,7.71,gru,0.291925,0.126767,0.062766
2026-04-03T21:33:41.4676362Z,-0.316464,0.583420,-0.014640,-0.603655,0.447808,-0.077290,6.83,gru,0.287191,0.135612,0.062650
2026-04-03T21:33:41.4887354Z,-0.317071,0.584640,-0.014677,-0.608212,0.460475,-0.076254,6.66,gru,0.291141,0.124164,0.061577
2026-04-03T21:33:41.5239475Z,-0.316730,0.584098,-0.014959,-0.608253,0.453860,-0.078659,6.86,gru,0.291523,0.130237,0.063700
2026-04-03T21:33:41.5665255Z,-0.316596,0.584465,-0.014410,-0.607964,0.456458,-0.076510,8.07,gru,0.291369,0.128007,0.062100
2026-04-03T21:33:41.6067894Z,-0.317920,0.584630,-0.014032,-0.607302,0.458882,-0.075314,6.18,gru,0.289381,0.125748,0.061282
2026-04-03T21:33:41.6445442Z,-0.316921,0.583877,-0.015334,-0.607117,0.458103,-0.079170,7.48,gru,0.290195,0.125774,0.063836
2026-04-03T21:33:41.6883774Z,-0.316868,0.583938,-0.014674,-0.607918,0.456731,-0.076836,7.42,gru,0.291050,0.127207,0.062162
2026-04-03T21:33:41.7278117Z,-0.317455,0.583946,-0.014681,-0.608298,0.455923,-0.076114,5.44,gru,0.290843,0.128023,0.061433
2026-04-03T21:33:41.7619958Z,-0.316541,0.582062,-0.014569,-0.608548,0.448582,-0.077750,7.54,gru,0.292007,0.133481,0.063181
2026-04-03T21:33:41.7821461Z,-0.316664,0.582793,-0.014722,-0.608991,0.454861,-0.077610,6.64,gru,0.292327,0.127932,0.062889
2026-04-03T21:33:41.8206297Z,-0.316196,0.581825,-0.014066,-0.608745,0.452313,-0.076187,6.80,gru,0.292549,0.129512,0.062121
2026-04-03T21:33:41.8552295Z,-0.316132,0.583662,-0.015285,-0.608224,0.454014,-0.079141,6.99,gru,0.292093,0.129648,0.063856
2026-04-03T21:33:41.8943727Z,-0.316421,0.584336,-0.015725,-0.607969,0.458786,-0.078962,6.52,gru,0.291548,0.125550,0.063237
2026-04-03T21:33:41.9168704Z,-0.317050,0.583939,-0.014948,-0.608798,0.450523,-0.076348,7.02,gru,0.291749,0.133417,0.061400
2026-04-03T21:33:41.9524921Z,-0.316229,0.582508,-0.015262,-0.608576,0.452501,-0.078251,6.23,gru,0.292347,0.130007,0.062989
2026-04-03T21:33:41.9921513Z,-0.316711,0.583226,-0.015209,-0.609188,0.456336,-0.077557,6.48,gru,0.292478,0.126890,0.062349
2026-04-03T21:33:42.0258601Z,-0.317656,0.585236,-0.016092,-0.608850,0.458211,-0.078923,7.00,gru,0.291194,0.127024,0.062830
2026-04-03T21:33:42.0550443Z,-0.317002,0.582423,-0.015349,-0.609724,0.450983,-0.077720,5.81,gru,0.292721,0.131440,0.062371
2026-04-03T21:33:42.1155947Z,-0.316998,0.582194,-0.015530,-0.609763,0.453442,-0.078135,4.92,gru,0.292765,0.128752,0.062604
2026-04-03T21:33:42.1571900Z,-0.317494,0.583342,-0.015554,-0.609473,0.458262,-0.078088,5.36,gru,0.291979,0.125079,0.062534
2026-04-03T21:33:42.1887236Z,-0.318405,0.582587,-0.015530,-0.609881,0.458063,-0.077244,5.61,gru,0.291476,0.124525,0.061714
2026-04-03T21:33:42.3286499Z,-0.319371,0.582968,-0.014355,-0.610415,0.455639,-0.075670,7.18,gru,0.291044,0.127329,0.061315
2026-04-03T21:33:42.3646077Z,-0.317650,0.582056,-0.015264,-0.609687,0.455742,-0.078625,6.40,gru,0.292037,0.126315,0.063362
2026-04-03T21:33:42.3800911Z,-0.318556,0.583482,-0.015728,-0.610116,0.462064,-0.078508,4.95,gru,0.291561,0.121418,0.062779
2026-04-03T21:33:42.4158077Z,-0.318739,0.583719,-0.015562,-0.611408,0.456915,-0.077561,7.07,gru,0.292670,0.126804,0.061999
2026-04-03T21:33:42.4363146Z,-0.318397,0.584193,-0.015143,-0.611179,0.455678,-0.077622,6.93,gru,0.292782,0.128515,0.062479
2026-04-03T21:33:42.4592270Z,-0.318956,0.583985,-0.015411,-0.611789,0.456379,-0.078430,8.68,gru,0.292833,0.127605,0.063019
2026-04-03T21:33:42.4955113Z,-0.320055,0.583862,-0.015353,-0.612303,0.451390,-0.078353,7.57,gru,0.292248,0.132472,0.063000
2026-04-03T21:33:42.5392994Z,-0.319241,0.582519,-0.015138,-0.612840,0.448736,-0.078202,8.59,gru,0.293599,0.133783,0.063064
2026-04-03T21:33:42.5661505Z,-0.319175,0.584008,-0.016138,-0.612426,0.451370,-0.080233,7.17,gru,0.293251,0.132638,0.064096
2026-04-03T21:33:42.6301578Z,-0.318571,0.585318,-0.015916,-0.612089,0.457270,-0.079291,8.84,gru,0.293518,0.128048,0.063376
2026-04-03T21:33:42.6558006Z,-0.318083,0.584932,-0.015988,-0.611744,0.455536,-0.079212,8.14,gru,0.293660,0.129396,0.063223
2026-04-03T21:33:42.6974547Z,-0.318660,0.585784,-0.015618,-0.611790,0.457258,-0.078394,7.79,gru,0.293130,0.128525,0.062777
2026-04-03T21:33:42.7230849Z,-0.318710,0.586579,-0.016254,-0.611720,0.453219,-0.080105,8.57,gru,0.293010,0.133360,0.063851
2026-04-03T21:33:42.7731506Z,-0.319643,0.586195,-0.015285,-0.611423,0.455041,-0.077444,9.07,gru,0.291780,0.131154,0.062159
2026-04-03T21:33:42.8054213Z,-0.318515,0.586304,-0.015744,-0.611385,0.458994,-0.078985,9.03,gru,0.292870,0.127310,0.063241
2026-04-03T21:33:42.8387342Z,-0.318917,0.586778,-0.015775,-0.611599,0.452795,-0.079729,10.10,gru,0.292681,0.133983,0.063954
2026-04-03T21:33:42.8691808Z,-0.318124,0.585966,-0.016069,-0.611946,0.450128,-0.079697,10.63,gru,0.293823,0.135839,0.063628
2026-04-03T21:33:42.8960305Z,-0.318591,0.586546,-0.015176,-0.611602,0.454650,-0.077655,9.31,gru,0.293011,0.131896,0.062479
2026-04-03T21:33:42.9222265Z,-0.318107,0.585659,-0.015464,-0.611651,0.452606,-0.078742,7.33,gru,0.293544,0.133053,0.063279
2026-04-03T21:33:42.9667788Z,-0.317645,0.584988,-0.014741,-0.611595,0.452723,-0.077456,8.42,gru,0.293950,0.132265,0.062715
2026-04-03T21:33:42.9933672Z,-0.318247,0.586696,-0.015455,-0.611318,0.455136,-0.079030,6.86,gru,0.293072,0.131561,0.063576
2026-04-03T21:33:43.0278906Z,-0.318445,0.585075,-0.015255,-0.611334,0.454493,-0.078678,7.19,gru,0.292889,0.130582,0.063423
2026-04-03T21:33:43.0514659Z,-0.318121,0.585430,-0.015298,-0.611338,0.455339,-0.078131,7.33,gru,0.293217,0.130092,0.062832
2026-04-03T21:33:43.0984882Z,-0.318630,0.585680,-0.015326,-0.610635,0.460341,-0.078086,8.37,gru,0.292006,0.125340,0.062760
2026-04-03T21:33:43.1228661Z,-0.318282,0.585015,-0.015427,-0.611557,0.457261,-0.078442,7.82,gru,0.293275,0.127755,0.063014
2026-04-03T21:33:43.1705431Z,-0.318039,0.585462,-0.015745,-0.612645,0.457287,-0.079228,8.63,gru,0.294605,0.128175,0.063483
2026-04-03T21:33:43.1940200Z,-0.318573,0.586190,-0.015541,-0.612800,0.455129,-0.078449,8.17,gru,0.294227,0.131061,0.062908
2026-04-03T21:33:43.2222031Z,-0.318236,0.585633,-0.015508,-0.612385,0.456228,-0.078732,7.81,gru,0.294149,0.129404,0.063223
2026-04-03T21:33:43.2668361Z,-0.317935,0.585293,-0.015653,-0.611288,0.459625,-0.078957,8.39,gru,0.293353,0.125668,0.063304
2026-04-03T21:33:43.2907808Z,-0.318856,0.585028,-0.014919,-0.611318,0.459782,-0.076749,8.09,gru,0.292462,0.125246,0.061830
2026-04-03T21:33:43.3321914Z,-0.317978,0.584964,-0.015339,-0.610597,0.462341,-0.078170,8.30,gru,0.292618,0.122623,0.062831
2026-04-03T21:33:43.3538552Z,-0.318276,0.584770,-0.014822,-0.610369,0.464350,-0.077173,8.11,gru,0.292093,0.120419,0.062351
2026-04-03T21:33:43.3944437Z,-0.319154,0.586529,-0.015636,-0.609819,0.469125,-0.077551,8.54,gru,0.290665,0.117404,0.061915
2026-04-03T21:33:43.4299042Z,-0.318140,0.583337,-0.014733,-0.610403,0.459506,-0.076951,8.47,gru,0.292263,0.123830,0.062218
2026-04-03T21:33:43.4558244Z,-0.317966,0.584894,-0.015281,-0.610374,0.465475,-0.077575,8.21,gru,0.292409,0.119419,0.062294
2026-04-03T21:33:43.5016393Z,-0.318425,0.585364,-0.014982,-0.610169,0.466566,-0.077446,7.38,gru,0.291744,0.118798,0.062464
2026-04-03T21:33:43.5174165Z,-0.317994,0.584969,-0.015558,-0.609670,0.464909,-0.077863,7.18,gru,0.291676,0.120060,0.062305
2026-04-03T21:33:43.5556406Z,-0.318367,0.585585,-0.015759,-0.610213,0.462856,-0.078654,7.68,gru,0.291846,0.122729,0.062896
2026-04-03T21:33:43.5984684Z,-0.318611,0.587046,-0.016051,-0.609700,0.464881,-0.077915,7.09,gru,0.291089,0.122164,0.061865
2026-04-03T21:33:43.6280112Z,-0.318659,0.587155,-0.016326,-0.609600,0.467012,-0.078575,8.67,gru,0.290941,0.120143,0.062248
2026-04-03T21:33:43.6569699Z,-0.319739,0.585049,-0.015623,-0.610938,0.458396,-0.076867,8.19,gru,0.291200,0.126654,0.061244
2026-04-03T21:33:43.7023425Z,-0.318403,0.585849,-0.015314,-0.610671,0.461301,-0.077285,8.23,gru,0.292268,0.124548,0.061972
2026-04-03T21:33:43.7284411Z,-0.318217,0.585590,-0.015153,-0.610594,0.463220,-0.077599,8.04,gru,0.292378,0.122370,0.062445
2026-04-03T21:33:43.7533101Z,-0.317700,0.586934,-0.015668,-0.610010,0.462927,-0.078666,7.16,gru,0.292311,0.124008,0.062998
2026-04-03T21:33:43.7978426Z,-0.318329,0.585143,-0.014752,-0.609629,0.460199,-0.076368,8.46,gru,0.291300,0.124944,0.061617
2026-04-03T21:33:43.8270221Z,-0.318055,0.586220,-0.015318,-0.609310,0.465157,-0.077515,8.61,gru,0.291254,0.121062,0.062197
2026-04-03T21:33:43.8509597Z,-0.317941,0.586762,-0.015512,-0.609345,0.464994,-0.078528,8.14,gru,0.291404,0.121768,0.063016
2026-04-03T21:33:43.8980563Z,-0.317920,0.585723,-0.015286,-0.609539,0.460254,-0.077162,9.18,gru,0.291620,0.125468,0.061876
2026-04-03T21:33:43.9240725Z,-0.319667,0.586774,-0.015471,-0.609853,0.464655,-0.077174,7.01,gru,0.290186,0.122119,0.061703
2026-04-03T21:33:43.9522385Z,-0.318937,0.586023,-0.015465,-0.610217,0.459534,-0.078065,7.06,gru,0.291281,0.126490,0.062600
2026-04-03T21:33:43.9958481Z,-0.318803,0.585902,-0.015383,-0.610102,0.460564,-0.077515,7.33,gru,0.291299,0.125338,0.062132
2026-04-03T21:33:44.0205154Z,-0.319482,0.586040,-0.014985,-0.610667,0.466941,-0.076420,6.96,gru,0.291185,0.119099,0.061435
2026-04-03T21:33:44.0679712Z,-0.318667,0.584810,-0.014893,-0.611172,0.453963,-0.077708,7.78,gru,0.292505,0.130847,0.062815
2026-04-03T21:33:44.0829106Z,-0.318477,0.584738,-0.015011,-0.610760,0.459877,-0.077961,6.20,gru,0.292283,0.124861,0.062949
2026-04-03T21:33:44.1306343Z,-0.319081,0.585888,-0.014841,-0.610538,0.465448,-0.076635,5.25,gru,0.291457,0.120439,0.061794
2026-04-03T21:33:44.1818847Z,-0.319373,0.587981,-0.015230,-0.610504,0.464720,-0.078133,6.27,gru,0.291131,0.123262,0.062904
2026-04-03T21:33:44.2245208Z,-0.318845,0.586054,-0.014988,-0.609901,0.460123,-0.077702,8.11,gru,0.291056,0.125930,0.062714
2026-04-03T21:33:44.2690934Z,-0.318522,0.587847,-0.015385,-0.609334,0.469161,-0.077775,7.31,gru,0.290812,0.118685,0.062390
2026-04-03T21:33:44.2858818Z,-0.318569,0.586816,-0.014655,-0.609708,0.467426,-0.076260,6.41,gru,0.291140,0.119390,0.061605
2026-04-03T21:33:44.3232753Z,-0.318619,0.586485,-0.015165,-0.610517,0.461066,-0.077619,7.11,gru,0.291898,0.125419,0.062454
2026-04-03T21:33:44.3591599Z,-0.319054,0.586211,-0.015818,-0.609245,0.464617,-0.078585,5.27,gru,0.290191,0.121594,0.062767
2026-04-03T21:33:44.3879591Z,-0.317677,0.587910,-0.015917,-0.609535,0.465311,-0.078089,6.06,gru,0.291858,0.122600,0.062171
2026-04-03T21:33:44.4219610Z,-0.318466,0.588503,-0.015708,-0.608291,0.469555,-0.076997,5.09,gru,0.289825,0.118947,0.061289
2026-04-03T21:33:44.4539625Z,-0.318546,0.586722,-0.015598,-0.608312,0.461081,-0.077029,6.66,gru,0.289766,0.125642,0.061431
2026-04-03T21:33:44.4858539Z,-0.318441,0.587128,-0.015543,-0.608253,0.465387,-0.077276,5.65,gru,0.289811,0.121741,0.061732
2026-04-03T21:33:44.5191492Z,-0.318162,0.587263,-0.015645,-0.608053,0.468163,-0.077334,6.33,gru,0.289892,0.119101,0.061689
2026-04-03T21:33:44.5633638Z,-0.318563,0.586952,-0.015405,-0.608159,0.464672,-0.076716,6.56,gru,0.289596,0.122280,0.061311
2026-04-03T21:33:44.5835127Z,-0.319768,0.588806,-0.016554,-0.608418,0.472491,-0.078459,6.26,gru,0.288650,0.116315,0.061905
2026-04-03T21:33:44.6150457Z,-0.318500,0.586133,-0.015654,-0.609597,0.460756,-0.077346,6.58,gru,0.291098,0.125377,0.061692
2026-04-03T21:33:44.6478691Z,-0.318848,0.586691,-0.015882,-0.609400,0.464505,-0.077106,6.11,gru,0.290551,0.122186,0.061224
2026-04-03T21:33:44.6833041Z,-0.319418,0.587614,-0.015851,-0.609510,0.470317,-0.077354,7.31,gru,0.290092,0.117298,0.061503
2026-04-03T21:33:44.7224007Z,-0.319537,0.586875,-0.015527,-0.610755,0.460512,-0.077167,7.34,gru,0.291218,0.126364,0.061640
2026-04-03T21:33:44.7673408Z,-0.319321,0.587635,-0.016277,-0.610299,0.461723,-0.079260,6.68,gru,0.290977,0.125912,0.062982
2026-04-03T21:33:44.8024675Z,-0.318531,0.585823,-0.015015,-0.610144,0.463026,-0.075875,5.13,gru,0.291613,0.122797,0.060860
2026-04-03T21:33:44.8241452Z,-0.319123,0.586862,-0.016104,-0.608735,0.473284,-0.077421,7.62,gru,0.289612,0.113578,0.061318
2026-04-03T21:33:44.8594578Z,-0.318695,0.586622,-0.015720,-0.609546,0.467105,-0.077743,6.65,gru,0.290851,0.119517,0.062023
2026-04-03T21:33:44.8810271Z,-0.319341,0.587571,-0.016391,-0.608739,0.472547,-0.077552,7.11,gru,0.289399,0.115024,0.061161
2026-04-03T21:33:44.9243101Z,-0.319355,0.588228,-0.016087,-0.609441,0.470752,-0.077522,6.79,gru,0.290086,0.117476,0.061435
2026-04-03T21:33:44.9545750Z,-0.319104,0.587485,-0.016111,-0.610431,0.465104,-0.077743,7.99,gru,0.291327,0.122381,0.061631
2026-04-03T21:33:44.9992539Z,-0.318909,0.587438,-0.016117,-0.610480,0.465095,-0.078469,7.65,gru,0.291571,0.122343,0.062352
2026-04-03T21:33:45.0150255Z,-0.318657,0.587383,-0.015176,-0.609005,0.470741,-0.075875,8.06,gru,0.290348,0.116642,0.060698
2026-04-03T21:33:45.0469865Z,-0.319197,0.588525,-0.015409,-0.608184,0.475555,-0.076673,7.69,gru,0.288987,0.112970,0.061264
2026-04-03T21:33:45.0803730Z,-0.318613,0.586445,-0.015217,-0.609286,0.464738,-0.077560,7.40,gru,0.290672,0.121707,0.062343
2026-04-03T21:33:45.1107363Z,-0.320244,0.587679,-0.015518,-0.609215,0.470899,-0.076820,6.93,gru,0.288971,0.116779,0.061302
2026-04-03T21:33:45.1476129Z,-0.317621,0.586368,-0.015715,-0.609186,0.466096,-0.078446,4.86,gru,0.291565,0.120272,0.062731
2026-04-03T21:33:45.1739807Z,-0.319424,0.584464,-0.014578,-0.609472,0.465496,-0.074675,5.31,gru,0.290048,0.118968,0.060098
2026-04-03T21:33:45.2107347Z,-0.319133,0.585340,-0.014888,-0.609606,0.474502,-0.076437,7.19,gru,0.290473,0.110838,0.061549
2026-04-03T21:33:45.2423169Z,-0.319471,0.586204,-0.015654,-0.610747,0.466452,-0.079372,6.69,gru,0.291276,0.119752,0.063718
2026-04-03T21:33:45.2731693Z,-0.321255,0.586233,-0.015780,-0.610935,0.468914,-0.077354,5.80,gru,0.289680,0.117319,0.061574
2026-04-03T21:33:45.3077920Z,-0.320080,0.586200,-0.015746,-0.611375,0.467810,-0.077730,4.04,gru,0.291295,0.118390,0.061983
2026-04-03T21:33:45.3383681Z,-0.320329,0.586873,-0.016131,-0.611555,0.469290,-0.078481,3.53,gru,0.291227,0.117583,0.062350
2026-04-03T21:33:45.3708241Z,-0.320459,0.584994,-0.015632,-0.612084,0.467215,-0.077164,5.05,gru,0.291625,0.117780,0.061533
2026-04-03T21:33:45.4080359Z,-0.320824,0.585937,-0.015734,-0.612546,0.464731,-0.077644,5.14,gru,0.291722,0.121207,0.061910
2026-04-03T21:33:45.4357845Z,-0.320858,0.584016,-0.016033,-0.613244,0.464155,-0.078912,4.60,gru,0.292386,0.119861,0.062879
2026-04-03T21:33:45.4736885Z,-0.320792,0.585872,-0.015573,-0.613224,0.466414,-0.077342,6.68,gru,0.292432,0.119458,0.061769
2026-04-03T21:33:45.5076079Z,-0.320884,0.586612,-0.015673,-0.612282,0.471131,-0.077752,3.53,gru,0.291398,0.115482,0.062079
2026-04-03T21:33:45.5487892Z,-0.320396,0.585687,-0.016024,-0.611857,0.468987,-0.078693,4.62,gru,0.291461,0.116701,0.062669
2026-04-03T21:33:45.5882842Z,-0.320574,0.584183,-0.014916,-0.612696,0.464733,-0.076013,6.58,gru,0.292122,0.119450,0.061097
2026-04-03T21:33:45.6095731Z,-0.320718,0.583801,-0.015742,-0.612491,0.466969,-0.078168,5.11,gru,0.291774,0.116832,0.062426
2026-04-03T21:33:45.6397506Z,-0.320850,0.585912,-0.015442,-0.611717,0.472783,-0.077172,4.56,gru,0.290867,0.113130,0.061730
2026-04-03T21:33:45.6732914Z,-0.320410,0.584138,-0.015620,-0.611716,0.469405,-0.077147,6.48,gru,0.291306,0.114733,0.061527
2026-04-03T21:33:45.7074281Z,-0.320315,0.585329,-0.015983,-0.612440,0.466117,-0.078824,3.07,gru,0.292125,0.119212,0.062841
2026-04-03T21:33:45.7383833Z,-0.320673,0.585199,-0.015897,-0.612985,0.470865,-0.077404,4.65,gru,0.292311,0.114334,0.061507
2026-04-03T21:33:45.7710920Z,-0.320522,0.585505,-0.015989,-0.613210,0.463960,-0.078673,3.04,gru,0.292688,0.121546,0.062684
2026-04-03T21:33:45.8055250Z,-0.321033,0.584321,-0.014953,-0.614439,0.457800,-0.076554,3.13,gru,0.293405,0.126521,0.061602
2026-04-03T21:33:45.8394563Z,-0.321066,0.584671,-0.015584,-0.614039,0.462073,-0.078447,5.08,gru,0.292973,0.122598,0.062863
2026-04-03T21:33:45.8730371Z,-0.320727,0.585457,-0.015827,-0.614174,0.465680,-0.079300,6.62,gru,0.293447,0.119778,0.063473
2026-04-03T21:33:45.9081743Z,-0.321359,0.585856,-0.015175,-0.614760,0.465257,-0.076496,5.64,gru,0.293401,0.120600,0.061321
2026-04-03T21:33:45.9408098Z,-0.321009,0.585321,-0.015882,-0.613915,0.464063,-0.079091,5.17,gru,0.292906,0.121258,0.063209
2026-04-03T21:33:45.9745357Z,-0.320234,0.585850,-0.016244,-0.613969,0.465425,-0.079782,3.62,gru,0.293734,0.120425,0.063539
2026-04-03T21:33:46.0068712Z,-0.321134,0.584230,-0.015116,-0.615354,0.459359,-0.076181,3.72,gru,0.294219,0.124871,0.061065
2026-04-03T21:33:46.0410038Z,-0.320648,0.583863,-0.015658,-0.615581,0.460779,-0.078773,4.66,gru,0.294933,0.123084,0.063114
2026-04-03T21:33:46.0837995Z,-0.320466,0.583300,-0.015031,-0.616419,0.454799,-0.078587,6.13,gru,0.295953,0.128501,0.063556
