timestamp,actual_x,actual_y,actual_z,predicted_x,predicted_y,predicted_z,inference_ms,model_name,abs_err_x,abs_err_y,abs_err_z
2026-04-01T20:06:53.5616189Z,-0.001535,-0.002456,0.001137,-0.001535,-0.002456,0.001137,760.96,gru,0.000000,0.000000,0.000000
2026-04-01T20:06:53.5883092Z,-0.000081,-0.002504,0.002696,-0.000081,-0.002504,0.002696,4.10,gru,0.000000,0.000000,0.000000
2026-04-01T20:06:53.6283822Z,-0.000628,-0.004725,0.003711,-0.000628,-0.004725,0.003711,5.52,gru,0.000000,0.000000,0.000000
2026-04-01T20:06:53.6767093Z,-0.001728,-0.006624,0.004549,0.079372,0.006690,0.019911,9.02,gru,0.081100,0.013314,0.015362
2026-04-01T20:06:53.7027136Z,-0.075234,0.098416,0.056068,0.081461,0.086690,0.099911,6.69,gru,0.156695,0.011726,0.043843
2026-04-01T20:06:53.7274445Z,-0.050059,0.073097,0.041573,0.064571,0.127259,0.074834,6.08,gru,0.114630,0.054162,0.033261
2026-04-01T20:06:53.7578307Z,-0.098031,0.123947,0.081053,0.065492,0.110914,0.105363,4.52,gru,0.163523,0.013032,0.024311
2026-04-01T20:06:53.7973305Z,-0.095043,0.124467,0.084348,0.044645,0.132268,0.115157,7.32,gru,0.139688,0.007802,0.030809
2026-04-01T20:06:53.8272970Z,-0.068476,0.100150,0.075768,0.041333,0.104485,0.101099,5.20,gru,0.109809,0.004335,0.025331
2026-04-01T20:06:53.8545581Z,-0.069137,0.105114,0.083912,0.030189,0.114283,0.108674,3.50,gru,0.099326,0.009169,0.024761
2026-04-01T20:06:53.8907797Z,-0.076640,0.120016,0.101294,0.005162,0.158138,0.141934,5.70,gru,0.081802,0.038123,0.040639
2026-04-01T20:06:53.9286114Z,-0.074372,0.121888,0.108381,0.011382,0.120969,0.126607,5.02,gru,0.085754,0.000920,0.018225
2026-04-01T20:06:53.9659480Z,-0.070058,0.123903,0.113839,0.011007,0.111886,0.119844,5.22,gru,0.081065,0.012017,0.006004
2026-04-01T20:06:54.0001402Z,-0.065921,0.124303,0.119252,0.001831,0.120068,0.126917,7.35,gru,0.067752,0.004235,0.007666
2026-04-01T20:06:54.0267329Z,-0.063032,0.126025,0.123975,-0.005093,0.127994,0.132128,5.49,gru,0.057938,0.001969,0.008153
2026-04-01T20:06:54.0588455Z,-0.104771,0.165550,0.132371,-0.075972,0.207994,0.146431,6.39,gru,0.028799,0.042443,0.014060
2026-04-01T20:06:54.0870095Z,-0.088095,0.154090,0.144051,-0.033050,0.136120,0.147544,5.04,gru,0.055046,0.017970,0.003493
2026-04-01T20:06:54.1305982Z,-0.083359,0.151784,0.146101,-0.012155,0.108184,0.141661,7.80,gru,0.071204,0.043600,0.004440
2026-04-01T20:06:54.1582450Z,-0.081710,0.152535,0.147873,-0.042310,0.151472,0.140591,6.02,gru,0.039400,0.001063,0.007283
2026-04-01T20:06:54.3201886Z,-0.083293,0.193125,0.188287,-0.039210,0.195101,0.220591,7.26,gru,0.044084,0.001976,0.032303
2026-04-01T20:06:54.3561423Z,-0.082145,0.202213,0.196677,-0.024842,0.150490,0.188386,4.51,gru,0.057303,0.051723,0.008291
2026-04-01T20:06:54.3978956Z,0.016297,0.073788,0.175513,0.055158,0.083538,0.181733,6.01,gru,0.038861,0.009750,0.006220
2026-04-01T20:06:54.4340191Z,0.017596,0.080597,0.181751,0.035104,0.152209,0.192100,8.56,gru,0.017508,0.071612,0.010349
2026-04-01T20:06:54.4621075Z,0.018709,0.087702,0.185472,0.011683,0.232209,0.204947,5.01,gru,0.007026,0.144507,0.019475
2026-04-01T20:06:54.4871199Z,0.018885,0.094112,0.189243,0.021157,0.198595,0.180705,7.43,gru,0.002272,0.104483,0.008539
2026-04-01T20:06:54.5271948Z,0.018462,0.099386,0.192957,0.018546,0.171260,0.179276,6.55,gru,0.000084,0.071874,0.013682
2026-04-01T20:06:54.5669830Z,0.017815,0.104880,0.195994,-0.002738,0.179905,0.191278,8.12,gru,0.020553,0.075025,0.004716
2026-04-01T20:06:54.6050337Z,0.016464,0.111611,0.200011,-0.002058,0.189334,0.204650,5.07,gru,0.018522,0.077723,0.004638
2026-04-01T20:06:54.6363781Z,0.014961,0.116875,0.204245,0.003971,0.175943,0.205171,7.19,gru,0.010990,0.059068,0.000926
2026-04-01T20:06:54.6767057Z,0.013436,0.123397,0.210043,0.003818,0.151444,0.206282,4.51,gru,0.009618,0.028048,0.003761
2026-04-01T20:06:54.6857888Z,0.009490,0.130358,0.221082,-0.003875,0.162795,0.231541,5.03,gru,0.013365,0.032437,0.010459
2026-04-01T20:06:54.7180802Z,0.008945,0.135281,0.230647,0.001329,0.167250,0.240428,4.07,gru,0.007617,0.031970,0.009781
2026-04-01T20:06:54.7661260Z,0.010380,0.141064,0.238955,0.010941,0.160204,0.241077,7.07,gru,0.000561,0.019140,0.002122
2026-04-01T20:06:54.8049691Z,0.011608,0.148452,0.247872,0.010156,0.165173,0.247099,8.76,gru,0.001452,0.016721,0.000774
2026-04-01T20:06:54.8406883Z,0.014720,0.155920,0.255466,0.016933,0.172636,0.258852,6.68,gru,0.002213,0.016716,0.003386
2026-04-01T20:06:54.8568122Z,0.017841,0.164205,0.261870,0.021753,0.181058,0.263560,6.02,gru,0.003913,0.016853,0.001690
2026-04-01T20:06:54.8941001Z,0.021234,0.172186,0.267006,0.026221,0.179699,0.263571,4.10,gru,0.004987,0.007513,0.003436
2026-04-01T20:06:54.9360014Z,0.025328,0.181727,0.269838,0.030846,0.205802,0.264809,9.59,gru,0.005518,0.024076,0.005028
2026-04-01T20:06:54.9716964Z,0.030201,0.191590,0.271446,0.036787,0.222796,0.265702,9.57,gru,0.006586,0.031206,0.005743
2026-04-01T20:06:54.9943324Z,0.036057,0.201515,0.273721,0.045222,0.230173,0.269699,4.09,gru,0.009165,0.028658,0.004022
2026-04-01T20:06:55.0305511Z,0.043581,0.211831,0.275581,0.054074,0.217932,0.275916,8.95,gru,0.010493,0.006100,0.000335
2026-04-01T20:06:55.0683088Z,0.050571,0.221863,0.279091,0.059616,0.230223,0.281137,6.62,gru,0.009045,0.008361,0.002046
2026-04-01T20:06:55.0929656Z,0.058716,0.231937,0.283357,0.068624,0.240870,0.286671,4.60,gru,0.009908,0.008933,0.003314
2026-04-01T20:06:55.1323621Z,0.066589,0.240907,0.288272,0.076904,0.248589,0.291091,7.55,gru,0.010315,0.007683,0.002819
2026-04-01T20:06:55.1743678Z,0.074337,0.251825,0.291621,0.083470,0.261739,0.291899,10.18,gru,0.009133,0.009914,0.000279
2026-04-01T20:06:55.1889873Z,0.082040,0.260727,0.295227,0.091479,0.269090,0.295691,4.51,gru,0.009439,0.008363,0.000464
2026-04-01T20:06:55.2225190Z,0.088911,0.269669,0.299248,0.097129,0.278450,0.301782,3.51,gru,0.008218,0.008781,0.002534
2026-04-01T20:06:55.2546423Z,0.094320,0.280247,0.302957,0.100154,0.292118,0.304570,5.00,gru,0.005834,0.011870,0.001613
2026-04-01T20:06:55.3002072Z,0.098617,0.289948,0.308050,0.103943,0.300804,0.310629,7.54,gru,0.005325,0.010855,0.002579
2026-04-01T20:06:55.3223757Z,0.103684,0.299789,0.313118,0.111221,0.309550,0.315773,3.04,gru,0.007537,0.009761,0.002654
2026-04-01T20:06:55.3570465Z,0.108529,0.309362,0.315880,0.115422,0.318559,0.314594,6.77,gru,0.006893,0.009197,0.001287
2026-04-01T20:06:55.3948186Z,0.112541,0.318908,0.318619,0.116530,0.329696,0.317706,4.47,gru,0.003989,0.010788,0.000913
2026-04-01T20:06:55.4249906Z,0.116024,0.328195,0.323328,0.119591,0.340217,0.327660,4.05,gru,0.003567,0.012022,0.004332
2026-04-01T20:06:55.4662630Z,0.116287,0.337595,0.327264,0.115924,0.348665,0.329797,7.04,gru,0.000363,0.011070,0.002533
2026-04-01T20:06:55.5019557Z,0.116120,0.346927,0.331303,0.115707,0.356900,0.331690,6.51,gru,0.000414,0.009973,0.000387
2026-04-01T20:06:55.5249536Z,0.115296,0.355534,0.334376,0.116096,0.364730,0.334634,3.51,gru,0.000801,0.009196,0.000258
2026-04-01T20:06:55.5522107Z,0.115689,0.364658,0.337217,0.117837,0.375129,0.338095,5.09,gru,0.002148,0.010472,0.000878
2026-04-01T20:06:55.5919576Z,0.117026,0.374908,0.340210,0.120241,0.387124,0.341658,5.79,gru,0.003215,0.012217,0.001448
2026-04-01T20:06:55.6317915Z,0.118893,0.384106,0.343350,0.121487,0.394579,0.344137,6.94,gru,0.002594,0.010473,0.000787
2026-04-01T20:06:55.6687140Z,0.121320,0.393566,0.345559,0.123960,0.402958,0.344617,4.02,gru,0.002641,0.009392,0.000943
2026-04-01T20:06:55.7042446Z,0.121751,0.402736,0.349881,0.120639,0.415022,0.352340,5.69,gru,0.001112,0.012286,0.002459
2026-04-01T20:06:55.7289328Z,0.122468,0.411121,0.354991,0.122406,0.422485,0.358997,6.05,gru,0.000062,0.011364,0.004006
2026-04-01T20:06:55.7609711Z,0.124784,0.421015,0.358387,0.129793,0.431281,0.357790,5.72,gru,0.005010,0.010266,0.000597
2026-04-01T20:06:55.7902866Z,0.126892,0.429913,0.361587,0.129598,0.440599,0.360036,4.21,gru,0.002706,0.010687,0.001551
2026-04-01T20:06:55.8255463Z,0.129640,0.440001,0.364827,0.131109,0.452232,0.365740,6.53,gru,0.001469,0.012231,0.000913
2026-04-01T20:06:55.8576474Z,0.132105,0.449807,0.367776,0.134355,0.461462,0.368201,4.11,gru,0.002250,0.011654,0.000425
2026-04-01T20:06:55.8895577Z,0.133932,0.457976,0.372300,0.135344,0.467373,0.373800,4.78,gru,0.001412,0.009396,0.001499
2026-04-01T20:06:55.9207511Z,0.136068,0.467623,0.375501,0.137874,0.477938,0.374962,4.84,gru,0.001806,0.010314,0.000539
2026-04-01T20:06:55.9593742Z,0.140386,0.475346,0.377911,0.146499,0.483868,0.375555,7.71,gru,0.006113,0.008521,0.002356
2026-04-01T20:06:55.9944522Z,0.144795,0.483330,0.380062,0.149790,0.492230,0.378632,7.32,gru,0.004995,0.008900,0.001430
2026-04-01T20:06:56.0284299Z,0.148771,0.492365,0.382491,0.150421,0.503933,0.381908,4.06,gru,0.001651,0.011568,0.000583
2026-04-01T20:06:56.0639466Z,0.152674,0.503969,0.381753,0.155952,0.516414,0.376063,6.04,gru,0.003278,0.012445,0.005690
2026-04-01T20:06:56.0901441Z,0.155599,0.513192,0.384180,0.158332,0.523421,0.382859,4.02,gru,0.002734,0.010229,0.001320
2026-04-01T20:06:56.1215188Z,0.057709,0.611079,0.428485,0.078332,0.603421,0.462859,5.96,gru,0.020623,0.007657,0.034374
2026-04-01T20:06:56.1544427Z,0.027470,0.636223,0.440765,0.067985,0.656007,0.465988,4.45,gru,0.040515,0.019785,0.025223
2026-04-01T20:06:56.1927289Z,0.027029,0.645265,0.441310,0.147985,0.590416,0.450553,5.54,gru,0.120956,0.054849,0.009242
2026-04-01T20:06:56.2236802Z,0.028073,0.654555,0.441672,0.067985,0.670416,0.447435,3.51,gru,0.039911,0.015861,0.005763
2026-04-01T20:06:56.2542982Z,0.027114,0.664811,0.442374,-0.006772,0.739644,0.436465,4.23,gru,0.033886,0.074833,0.005909
2026-04-01T20:06:56.2913717Z,0.030538,0.672293,0.441610,0.071056,0.703117,0.432246,5.62,gru,0.040518,0.030824,0.009364
2026-04-01T20:06:56.3268554Z,0.031291,0.684524,0.441351,0.065734,0.699875,0.422944,6.02,gru,0.034442,0.015351,0.018407
2026-04-01T20:06:56.3570121Z,0.030397,0.695120,0.441670,0.020363,0.732900,0.428788,3.15,gru,0.010034,0.037780,0.012882
2026-04-01T20:06:56.3926291Z,0.031756,0.705681,0.441712,0.018611,0.740895,0.422454,4.94,gru,0.013145,0.035214,0.019258
2026-04-01T20:06:56.4262740Z,0.031966,0.715338,0.441893,0.054779,0.729133,0.427106,5.52,gru,0.022813,0.013795,0.014787
2026-04-01T20:06:56.4588722Z,0.035769,0.726054,0.440242,0.056587,0.733969,0.428410,5.54,gru,0.020818,0.007915,0.011832
2026-04-01T20:06:56.4917840Z,0.036409,0.736582,0.439475,0.026849,0.751800,0.423870,4.71,gru,0.009560,0.015218,0.015604
2026-04-01T20:06:56.5288280Z,0.037635,0.747738,0.438990,0.029464,0.762628,0.427041,5.87,gru,0.008171,0.014890,0.011949
2026-04-01T20:06:56.5563392Z,0.026138,0.758090,0.444596,0.013684,0.771851,0.447619,2.50,gru,0.012454,0.013761,0.003022
2026-04-01T20:06:56.5868459Z,0.025829,0.769794,0.445544,0.038164,0.781022,0.441845,3.03,gru,0.012336,0.011228,0.003699
2026-04-01T20:06:56.6358093Z,0.026466,0.779273,0.444634,0.039026,0.788167,0.432528,6.55,gru,0.012561,0.008894,0.012107
2026-04-01T20:06:56.6688169Z,0.027110,0.790949,0.444357,0.017408,0.805399,0.437225,5.78,gru,0.009702,0.014450,0.007131
2026-04-01T20:06:56.7034741Z,0.008907,0.807930,0.440751,-0.025205,0.819375,0.429900,6.35,gru,0.034112,0.011445,0.010851
2026-04-01T20:06:56.7249543Z,0.015612,0.814836,0.443947,0.054795,0.797686,0.442441,5.51,gru,0.039183,0.017150,0.001506
2026-04-01T20:06:56.7596949Z,0.015721,0.825403,0.444166,0.042229,0.825154,0.442277,9.62,gru,0.026508,0.000249,0.001888
2026-04-01T20:06:56.8001587Z,-0.005568,0.835870,0.450961,-0.037771,0.845551,0.452596,7.69,gru,0.032203,0.009682,0.001635
2026-04-01T20:06:56.8355907Z,-0.000110,0.846248,0.448949,0.019521,0.835257,0.444497,7.79,gru,0.019631,0.010992,0.004452
2026-04-01T20:06:56.8558950Z,-0.001903,0.855987,0.448927,0.034017,0.857313,0.441318,4.51,gru,0.035920,0.001326,0.007608
2026-04-01T20:06:56.8850801Z,-0.004039,0.863313,0.449474,-0.024656,0.866696,0.454121,5.04,gru,0.020617,0.003384,0.004647
2026-04-01T20:06:56.9204107Z,-0.008061,0.875226,0.448615,-0.025935,0.870873,0.441904,4.81,gru,0.017874,0.004354,0.006711
2026-04-01T20:06:56.9635955Z,0.033921,0.895413,0.421627,0.054065,0.909708,0.413636,4.76,gru,0.020144,0.014295,0.007992
2026-04-01T20:06:56.9979587Z,0.029636,0.907486,0.418045,0.012472,0.911846,0.429981,5.16,gru,0.017164,0.004359,0.011936
2026-04-01T20:06:57.0265450Z,0.029334,0.919098,0.414531,-0.027962,0.918065,0.444592,3.63,gru,0.057296,0.001033,0.030062
2026-04-01T20:06:57.0617291Z,0.028888,0.932562,0.410470,0.052038,0.921108,0.425237,4.82,gru,0.023151,0.011454,0.014768
2026-04-01T20:06:57.0875382Z,0.025861,0.943942,0.407914,0.045093,0.961555,0.410716,4.02,gru,0.019232,0.017613,0.002802
2026-04-01T20:06:57.1211325Z,0.024539,0.954458,0.404068,0.002695,0.947340,0.409363,6.63,gru,0.021844,0.007117,0.005295
2026-04-01T20:06:57.1552314Z,-0.034659,0.963196,0.410365,-0.077305,0.963706,0.434219,6.76,gru,0.042646,0.000510,0.023854
2026-04-01T20:06:57.1935098Z,-0.034441,0.973566,0.408765,0.002695,0.959123,0.434126,6.10,gru,0.037136,0.014443,0.025362
2026-04-01T20:06:57.2272889Z,-0.031743,0.985237,0.402740,0.044099,1.000877,0.405450,5.53,gru,0.075842,0.015639,0.002709
2026-04-01T20:06:57.2646602Z,-0.032030,0.998007,0.395777,-0.035901,0.990493,0.397442,5.56,gru,0.003871,0.007515,0.001665
2026-04-01T20:06:57.2928869Z,-0.056945,1.010382,0.388554,-0.115901,0.998976,0.386843,3.38,gru,0.058956,0.011406,0.001712
2026-04-01T20:06:57.3239500Z,-0.064222,1.021476,0.384318,-0.035901,1.013496,0.391051,3.97,gru,0.028321,0.007980,0.006733
2026-04-01T20:06:57.3720086Z,-0.082492,1.029199,0.383929,-0.072774,1.038190,0.389435,7.03,gru,0.009717,0.008991,0.005507
2026-04-01T20:06:57.3971544Z,-0.094422,1.039909,0.379412,-0.136422,1.035919,0.364514,4.51,gru,0.042000,0.003989,0.014898
2026-04-01T20:06:57.4215461Z,-0.098112,1.048726,0.373934,-0.098653,1.033144,0.363220,4.51,gru,0.000541,0.015582,0.010714
2026-04-01T20:06:57.4531133Z,-0.100027,1.061213,0.366478,-0.071277,1.073027,0.362133,4.19,gru,0.028750,0.011814,0.004345
2026-04-01T20:06:57.4918257Z,-0.111624,1.070531,0.363823,-0.134534,1.071907,0.365767,3.51,gru,0.022909,0.001376,0.001943
2026-04-01T20:06:57.5223240Z,-0.111104,1.083066,0.354342,-0.121985,1.080245,0.340837,3.24,gru,0.010881,0.002821,0.013504
2026-04-01T20:06:57.5511388Z,-0.095581,1.097439,0.340091,-0.052194,1.096064,0.326885,5.72,gru,0.043387,0.001375,0.013206
2026-04-01T20:06:57.5854878Z,-0.122886,1.104682,0.340523,-0.132194,1.106288,0.357605,5.51,gru,0.009308,0.001605,0.017082
2026-04-01T20:06:57.6225166Z,-0.130241,1.111969,0.336555,-0.150132,1.104927,0.339913,5.03,gru,0.019891,0.007042,0.003358
2026-04-01T20:06:57.6536879Z,-0.131941,1.121392,0.329031,-0.087486,1.118944,0.325840,4.51,gru,0.044456,0.002448,0.003192
2026-04-01T20:06:57.6919488Z,-0.126827,1.133227,0.317218,-0.113622,1.155883,0.304559,6.07,gru,0.013205,0.022656,0.012659
2026-04-01T20:06:57.7202635Z,-0.132487,1.140735,0.311094,-0.157985,1.142876,0.307234,4.01,gru,0.025498,0.002141,0.003860
2026-04-01T20:06:57.7533627Z,-0.139821,1.144100,0.305897,-0.144116,1.136064,0.308012,3.50,gru,0.004295,0.008036,0.002114
2026-04-01T20:06:57.7909128Z,-0.141589,1.150026,0.299445,-0.114633,1.152084,0.296229,4.17,gru,0.026956,0.002058,0.003216
2026-04-01T20:06:57.8214199Z,-0.147591,1.153406,0.295329,-0.152404,1.153373,0.290802,3.51,gru,0.004813,0.000033,0.004526
2026-04-01T20:06:57.8574325Z,-0.153495,1.154954,0.290086,-0.170194,1.144286,0.282807,5.28,gru,0.016699,0.010668,0.007279
2026-04-01T20:06:57.9005861Z,-0.165887,1.156834,0.286186,-0.167767,1.144712,0.282409,7.13,gru,0.001880,0.012121,0.003777
2026-04-01T20:06:57.9229419Z,-0.171146,1.158997,0.278517,-0.157599,1.157830,0.270868,6.53,gru,0.013547,0.001167,0.007649
2026-04-01T20:06:57.9538382Z,-0.194459,1.161974,0.276361,-0.223822,1.159569,0.271654,4.50,gru,0.029363,0.002405,0.004707
2026-04-01T20:06:57.9873571Z,-0.199324,1.163683,0.269525,-0.198775,1.151569,0.262925,3.60,gru,0.000549,0.012114,0.006600
2026-04-01T20:06:58.0207794Z,-0.200244,1.162593,0.260186,-0.170970,1.144814,0.249724,6.52,gru,0.029274,0.017779,0.010461
2026-04-01T20:06:58.0525598Z,-0.195214,1.161988,0.253193,-0.184701,1.160969,0.247629,4.27,gru,0.010513,0.001018,0.005564
2026-04-01T20:06:58.0871080Z,-0.194680,1.163040,0.243739,-0.198864,1.157014,0.231957,4.03,gru,0.004184,0.006026,0.011782
2026-04-01T20:06:58.1308296Z,-0.201152,1.159755,0.236397,-0.208291,1.147407,0.226681,4.56,gru,0.007140,0.012348,0.009716
2026-04-01T20:06:58.1535167Z,-0.213763,1.162219,0.230859,-0.220332,1.155417,0.226498,4.01,gru,0.006569,0.006802,0.004361
2026-04-01T20:06:58.1889557Z,-0.268516,1.166528,0.231917,-0.300332,1.171873,0.234438,8.60,gru,0.031816,0.005345,0.002521
2026-04-01T20:06:58.2240993Z,-0.267680,1.163105,0.222228,-0.232182,1.127902,0.221429,10.07,gru,0.035498,0.035203,0.000799
2026-04-01T20:06:58.2605706Z,-0.251009,1.165723,0.202645,-0.180133,1.149091,0.192130,6.40,gru,0.070877,0.016632,0.010515
2026-04-01T20:06:58.2890193Z,-0.290765,1.163762,0.202831,-0.260133,1.160137,0.229342,5.22,gru,0.030632,0.003625,0.026510
2026-04-01T20:06:58.3306587Z,-0.281180,1.165768,0.187538,-0.278452,1.129671,0.185367,7.02,gru,0.002728,0.036097,0.002171
2026-04-01T20:06:58.3678877Z,-0.298126,1.162430,0.186422,-0.261196,1.136302,0.183375,6.81,gru,0.036930,0.026128,0.003048
2026-04-01T20:06:58.3953507Z,-0.309068,1.161937,0.180178,-0.328911,1.166730,0.185349,4.05,gru,0.019843,0.004794,0.005171
2026-04-01T20:06:58.4245127Z,-0.320895,1.163003,0.173672,-0.317984,1.149620,0.166021,3.59,gru,0.002911,0.013382,0.007651
2026-04-01T20:06:58.4561970Z,-0.315965,1.164280,0.159107,-0.283653,1.153818,0.150064,4.04,gru,0.032312,0.010463,0.009044
2026-04-01T20:06:58.4883547Z,-0.323286,1.163252,0.151879,-0.305594,1.162115,0.148377,4.55,gru,0.017693,0.001137,0.003502
2026-04-01T20:06:58.5241543Z,-0.330007,1.161206,0.145554,-0.333407,1.161051,0.145479,3.51,gru,0.003399,0.000155,0.000075
2026-04-01T20:06:58.5603287Z,-0.335932,1.162543,0.139750,-0.320388,1.153744,0.134434,7.54,gru,0.015543,0.008799,0.005316
2026-04-01T20:06:58.5924953Z,-0.341902,1.160567,0.134902,-0.321657,1.160971,0.129103,7.24,gru,0.020246,0.000403,0.005800
2026-04-01T20:06:58.6189176Z,-0.342054,1.162869,0.127779,-0.317143,1.162749,0.120085,4.01,gru,0.024911,0.000121,0.007694
2026-04-01T20:06:58.6583269Z,-0.351988,1.160538,0.126620,-0.344274,1.158007,0.124564,6.03,gru,0.007713,0.002531,0.002056
2026-04-01T20:06:58.6905876Z,-0.351279,1.159855,0.121600,-0.322078,1.144454,0.117696,5.09,gru,0.029202,0.015401,0.003904
2026-04-01T20:06:58.7226795Z,-0.357143,1.157131,0.120121,-0.327273,1.150417,0.116058,7.79,gru,0.029870,0.006714,0.004062
2026-04-01T20:06:58.7551063Z,-0.359332,1.157233,0.116729,-0.333173,1.156008,0.113389,8.06,gru,0.026159,0.001224,0.003340
2026-04-01T20:06:58.7859711Z,-0.349417,1.158476,0.099351,-0.311689,1.154153,0.081156,4.53,gru,0.037728,0.004323,0.018195
2026-04-01T20:06:58.8197673Z,-0.348260,1.152692,0.095633,-0.314904,1.146989,0.090935,3.51,gru,0.033356,0.005702,0.004698
2026-04-01T20:06:58.8570384Z,-0.364916,1.148731,0.107053,-0.356644,1.142844,0.140664,5.55,gru,0.008272,0.005887,0.033612
2026-04-01T20:06:58.8861066Z,-0.366070,1.145540,0.105749,-0.327140,1.131698,0.109617,5.64,gru,0.038931,0.013842,0.003868
2026-04-01T20:06:58.9298378Z,-0.347935,1.143923,0.085302,-0.282074,1.133375,0.077151,7.65,gru,0.065862,0.010547,0.008151
2026-04-01T20:06:58.9710207Z,-0.346058,1.140546,0.083710,-0.313370,1.142580,0.092508,6.02,gru,0.032689,0.002034,0.008797
2026-04-01T20:06:59.0087006Z,-0.358019,1.129760,0.097934,-0.345994,1.122660,0.142058,9.07,gru,0.012025,0.007100,0.044124
2026-04-01T20:06:59.0345391Z,-0.355880,1.124989,0.096689,-0.309650,1.099594,0.109383,6.24,gru,0.046230,0.025395,0.012694
2026-04-01T20:06:59.0690030Z,-0.357671,1.120205,0.098928,-0.307141,1.111628,0.098360,6.66,gru,0.050530,0.008576,0.000569
2026-04-01T20:06:59.1018040Z,-0.348531,1.115370,0.097885,-0.301738,1.104623,0.102839,4.43,gru,0.046793,0.010747,0.004955
2026-04-01T20:06:59.1397818Z,-0.343750,1.111923,0.103202,-0.299062,1.091586,0.110650,4.44,gru,0.044688,0.020337,0.007449
2026-04-01T20:06:59.1546757Z,-0.340429,1.106859,0.112369,-0.298331,1.089980,0.128770,4.00,gru,0.042098,0.016879,0.016401
2026-04-01T20:06:59.1892070Z,-0.330385,1.104062,0.115872,-0.274352,1.082761,0.120243,3.44,gru,0.056034,0.021301,0.004372
2026-04-01T20:06:59.2233793Z,-0.322331,1.100185,0.122056,-0.271069,1.085009,0.125662,3.68,gru,0.051263,0.015176,0.003605
2026-04-01T20:06:59.2557739Z,-0.305164,1.097082,0.124499,-0.250927,1.078194,0.127399,5.08,gru,0.054236,0.018888,0.002900
2026-04-01T20:06:59.2874570Z,-0.290259,1.092927,0.128905,-0.244776,1.076940,0.131603,7.81,gru,0.045483,0.015987,0.002699
2026-04-01T20:06:59.3267935Z,-0.296585,1.086335,0.153742,-0.281002,1.074530,0.195067,5.01,gru,0.015584,0.011804,0.041325
2026-04-01T20:06:59.3561452Z,-0.244860,1.086019,0.151124,-0.201002,1.057159,0.163566,6.61,gru,0.043858,0.028860,0.012443
2026-04-01T20:06:59.3979371Z,-0.233750,1.083714,0.136899,-0.195609,1.085617,0.112670,6.66,gru,0.038141,0.001904,0.024230
2026-04-01T20:06:59.4330577Z,-0.209352,1.078635,0.144678,-0.198187,1.080443,0.178272,9.55,gru,0.011164,0.001808,0.033594
2026-04-01T20:06:59.4587897Z,-0.197907,1.077337,0.139876,-0.165394,1.054131,0.148397,4.91,gru,0.032513,0.023206,0.008521
2026-04-01T20:06:59.4871890Z,-0.160689,1.069618,0.135858,-0.106416,1.057815,0.135332,6.92,gru,0.054273,0.011803,0.000527
2026-04-01T20:06:59.5405777Z,-0.174344,1.069159,0.149479,-0.186416,1.068155,0.188160,6.67,gru,0.012073,0.001004,0.038681
2026-04-01T20:06:59.5618982Z,-0.172314,1.067406,0.156243,-0.185161,1.068611,0.167548,5.21,gru,0.012847,0.001205,0.011306
2026-04-01T20:06:59.5880930Z,-0.167340,1.063727,0.161159,-0.127513,1.036414,0.168726,4.21,gru,0.039827,0.027313,0.007566
2026-04-01T20:06:59.6197731Z,-0.160296,1.059294,0.166154,-0.137956,1.063987,0.175944,4.02,gru,0.022340,0.004693,0.009790
2026-04-01T20:06:59.6616754Z,-0.152145,1.057331,0.169796,-0.146481,1.054555,0.176287,5.62,gru,0.005664,0.002777,0.006491
2026-04-01T20:06:59.6890331Z,-0.147235,1.053991,0.174660,-0.140264,1.049296,0.182256,4.53,gru,0.006971,0.004695,0.007595
2026-04-01T20:06:59.7233141Z,-0.148173,1.048546,0.186206,-0.137317,1.041238,0.202687,7.82,gru,0.010856,0.007308,0.016480
2026-04-01T20:06:59.7604441Z,-0.145169,1.045671,0.193388,-0.129516,1.041053,0.201885,5.54,gru,0.015653,0.004617,0.008498
2026-04-01T20:06:59.7923873Z,-0.138442,1.041185,0.198194,-0.117123,1.033368,0.200423,5.01,gru,0.021319,0.007818,0.002229
2026-04-01T20:06:59.8225888Z,-0.131037,1.038543,0.201715,-0.116365,1.031965,0.206012,5.11,gru,0.014673,0.006577,0.004297
2026-04-01T20:06:59.8578741Z,-0.119662,1.035551,0.202203,-0.098468,1.030025,0.204271,6.02,gru,0.021194,0.005527,0.002068
2026-04-01T20:06:59.8906693Z,-0.107138,1.034922,0.202395,-0.086010,1.031410,0.202592,6.54,gru,0.021128,0.003512,0.000197
2026-04-01T20:06:59.9264732Z,-0.093571,1.030346,0.204910,-0.076454,1.025762,0.209950,6.44,gru,0.017117,0.004584,0.005040
2026-04-01T20:06:59.9583209Z,-0.108084,1.017672,0.238148,-0.143265,1.012115,0.289950,4.56,gru,0.035181,0.005557,0.051802
2026-04-01T20:06:59.9935102Z,-0.100594,1.014236,0.240395,-0.085180,1.008047,0.251665,5.15,gru,0.015414,0.006189,0.011270
2026-04-01T20:07:00.0240085Z,-0.080880,1.016158,0.229098,-0.031098,1.025016,0.221844,3.00,gru,0.049781,0.008857,0.007254
2026-04-01T20:07:00.0558948Z,-0.080327,1.007679,0.241261,-0.090956,1.013008,0.289622,6.04,gru,0.010629,0.005329,0.048361
2026-04-01T20:07:00.0930728Z,-0.073370,1.004161,0.243543,-0.083172,0.992218,0.265209,5.97,gru,0.009802,0.011943,0.021666
2026-04-01T20:07:00.1258373Z,-0.064040,0.998675,0.248754,-0.032465,0.985826,0.256117,4.61,gru,0.031575,0.012849,0.007362
2026-04-01T20:07:00.1579568Z,-0.056854,0.994996,0.251020,-0.041363,0.997388,0.256730,5.51,gru,0.015491,0.002392,0.005710
2026-04-01T20:07:00.1930693Z,-0.052733,0.990030,0.251659,-0.058971,0.980574,0.252686,3.70,gru,0.006238,0.009456,0.001028
2026-04-01T20:07:00.2251042Z,-0.045355,0.983574,0.261580,-0.038231,0.969541,0.279847,5.69,gru,0.007124,0.014033,0.018267
2026-04-01T20:07:00.2621645Z,-0.013210,0.992988,0.225242,0.033164,1.011498,0.213133,4.20,gru,0.046373,0.018510,0.012109
2026-04-01T20:07:00.2961799Z,-0.012197,0.986321,0.231607,-0.019739,0.987968,0.249207,6.24,gru,0.007542,0.001647,0.017600
2026-04-01T20:07:00.3199724Z,-0.004486,0.979749,0.235363,-0.021384,0.979856,0.283748,3.06,gru,0.016899,0.000106,0.048385
2026-04-01T20:07:00.3536008Z,-0.020362,0.959095,0.261670,-0.029442,0.935233,0.294717,7.53,gru,0.009081,0.023863,0.033047
2026-04-01T20:07:00.3892669Z,0.007335,0.965702,0.241807,0.050081,1.007995,0.253383,6.27,gru,0.042745,0.042293,0.011576
2026-04-01T20:07:00.4245027Z,0.003848,0.957598,0.247263,-0.002001,0.964217,0.249259,5.63,gru,0.005850,0.006619,0.001997
2026-04-01T20:07:00.4631236Z,0.002962,0.950199,0.251793,-0.035348,0.955170,0.303905,4.19,gru,0.038310,0.004971,0.052112
2026-04-01T20:07:00.4855335Z,0.003276,0.942461,0.256209,0.016330,0.923929,0.279334,5.83,gru,0.013054,0.018532,0.023125
2026-04-01T20:07:00.5211588Z,0.005105,0.938851,0.257434,0.019127,0.953081,0.254874,6.72,gru,0.014022,0.014230,0.002560
2026-04-01T20:07:00.5542462Z,0.000039,0.930898,0.266809,-0.019292,0.927335,0.282530,5.08,gru,0.019330,0.003564,0.015721
2026-04-01T20:07:00.5891572Z,0.003498,0.927410,0.264741,-0.003092,0.909579,0.269245,4.83,gru,0.006590,0.017831,0.004503
2026-04-01T20:07:00.6216761Z,0.007756,0.924180,0.265851,0.021583,0.914593,0.265171,6.53,gru,0.013827,0.009587,0.000680
2026-04-01T20:07:00.6527822Z,0.005154,0.903119,0.297391,-0.000092,0.900296,0.345171,4.93,gru,0.005246,0.002823,0.047780
2026-04-01T20:07:00.6838028Z,0.006726,0.895792,0.298695,-0.000624,0.874725,0.295171,4.17,gru,0.007350,0.021067,0.003524
2026-04-01T20:07:00.7212488Z,0.009615,0.887524,0.307608,0.015910,0.881148,0.295420,5.01,gru,0.006295,0.006376,0.012188
2026-04-01T20:07:00.7541397Z,0.012411,0.877046,0.309754,0.020376,0.873654,0.317762,6.09,gru,0.007965,0.003392,0.008008
2026-04-01T20:07:00.7916146Z,0.010533,0.866971,0.317005,0.000481,0.850181,0.326039,3.64,gru,0.010052,0.016790,0.009034
2026-04-01T20:07:00.8267400Z,0.011789,0.854468,0.323796,0.007745,0.834281,0.333109,3.64,gru,0.004044,0.020186,0.009313
2026-04-01T20:07:00.8618685Z,0.016991,0.839195,0.332495,0.028932,0.818376,0.336815,4.88,gru,0.011941,0.020819,0.004321
2026-04-01T20:07:00.8987123Z,0.023842,0.825288,0.336869,0.033493,0.817036,0.332851,7.19,gru,0.009651,0.008253,0.004018
2026-04-01T20:07:00.9307649Z,0.026941,0.810750,0.343077,0.022216,0.799302,0.343463,5.35,gru,0.004725,0.011448,0.000387
2026-04-01T20:07:00.9745586Z,0.027744,0.793252,0.349091,0.023659,0.778309,0.350551,7.23,gru,0.004085,0.014944,0.001461
2026-04-01T20:07:01.0186081Z,0.030162,0.775019,0.355728,0.035401,0.758347,0.356535,5.44,gru,0.005240,0.016671,0.000807
2026-04-01T20:07:01.0450824Z,0.024910,0.738975,0.367114,0.015404,0.750268,0.362433,5.13,gru,0.009507,0.011293,0.004682
2026-04-01T20:07:01.0928154Z,0.023767,0.720229,0.370672,0.027564,0.702759,0.365276,4.19,gru,0.003797,0.017470,0.005396
2026-04-01T20:07:01.1258316Z,0.019104,0.698438,0.378011,0.011050,0.689363,0.381711,4.60,gru,0.008054,0.009076,0.003700
2026-04-01T20:07:01.1565782Z,0.028716,0.674157,0.379804,0.043344,0.651906,0.373709,5.18,gru,0.014628,0.022251,0.006095
2026-04-01T20:07:01.1857278Z,0.016647,0.659999,0.384971,-0.007575,0.662876,0.377770,4.00,gru,0.024222,0.002878,0.007201
2026-04-01T20:07:01.2196096Z,0.015814,0.640400,0.385604,0.006088,0.636486,0.376631,4.01,gru,0.009726,0.003914,0.008973
2026-04-01T20:07:01.2561069Z,0.017756,0.620998,0.385322,0.037447,0.604697,0.374529,6.50,gru,0.019691,0.016301,0.010793
2026-04-01T20:07:01.2890296Z,0.016968,0.595518,0.393369,0.010280,0.597558,0.401157,4.05,gru,0.006687,0.002040,0.007788
2026-04-01T20:07:01.3180657Z,0.009055,0.584116,0.393014,-0.019066,0.594759,0.381068,3.68,gru,0.028121,0.010643,0.011945
2026-04-01T20:07:01.3544090Z,0.010990,0.564314,0.393122,0.014975,0.553203,0.381333,3.20,gru,0.003985,0.011111,0.011789
2026-04-01T20:07:01.3882640Z,0.008940,0.547437,0.393191,0.013658,0.543079,0.389865,6.96,gru,0.004717,0.004358,0.003325
2026-04-01T20:07:01.4244593Z,0.009897,0.525997,0.396418,-0.001459,0.530208,0.397916,5.50,gru,0.011356,0.004211,0.001497
2026-04-01T20:07:01.4546333Z,0.004835,0.512741,0.396409,-0.016081,0.519973,0.388024,3.72,gru,0.020917,0.007233,0.008385
2026-04-01T20:07:01.4934137Z,0.002823,0.498153,0.392806,-0.003786,0.493864,0.379994,4.21,gru,0.006609,0.004289,0.012812
2026-04-01T20:07:01.5269090Z,0.003025,0.482857,0.390288,0.007190,0.476299,0.385501,3.50,gru,0.004165,0.006558,0.004787
2026-04-01T20:07:01.5596111Z,0.000897,0.469209,0.385825,-0.012024,0.468529,0.382123,4.18,gru,0.012921,0.000680,0.003701
2026-04-01T20:07:01.5872848Z,0.000058,0.457621,0.381266,-0.012158,0.458874,0.373175,3.51,gru,0.012217,0.001252,0.008091
2026-04-01T20:07:01.6235920Z,-0.007817,0.447612,0.376593,-0.020176,0.446624,0.370714,4.80,gru,0.012359,0.000988,0.005879
2026-04-01T20:07:01.6542616Z,-0.009284,0.436282,0.376109,-0.010146,0.428684,0.380320,3.99,gru,0.000862,0.007598,0.004211
2026-04-01T20:07:01.6885647Z,0.025654,0.390678,0.361537,0.069854,0.348684,0.354685,3.09,gru,0.044201,0.041994,0.006852
2026-04-01T20:07:01.7200385Z,0.015895,0.386307,0.361063,-0.007551,0.426953,0.364632,4.73,gru,0.023447,0.040646,0.003570
2026-04-01T20:07:01.7528708Z,0.020147,0.369696,0.350321,-0.011297,0.394847,0.346076,4.01,gru,0.031444,0.025150,0.004244
2026-04-01T20:07:01.7899235Z,0.019474,0.355902,0.343661,0.044891,0.342635,0.342230,5.96,gru,0.025417,0.013266,0.001431
2026-04-01T20:07:01.8287183Z,0.018354,0.346115,0.335019,0.017796,0.342279,0.333024,6.04,gru,0.000558,0.003836,0.001995
2026-04-01T20:07:01.8588920Z,0.015346,0.337263,0.327025,-0.003863,0.351860,0.324232,6.10,gru,0.019209,0.014596,0.002793
2026-04-01T20:07:01.9049000Z,0.009387,0.331177,0.321426,-0.006495,0.346015,0.322421,7.39,gru,0.015882,0.014837,0.000995
2026-04-01T20:07:01.9300715Z,0.013514,0.316328,0.305348,0.028829,0.305471,0.298403,5.37,gru,0.015315,0.010857,0.006945
2026-04-01T20:07:01.9593504Z,0.010491,0.306740,0.296421,0.006797,0.306504,0.294367,4.55,gru,0.003694,0.000236,0.002055
2026-04-01T20:07:01.9864920Z,0.006643,0.300000,0.289070,-0.010585,0.329019,0.299809,5.08,gru,0.017228,0.029019,0.010739
2026-04-01T20:07:02.0233218Z,0.001800,0.292461,0.282473,-0.005102,0.301763,0.286044,3.51,gru,0.006902,0.009302,0.003571
2026-04-01T20:07:02.0544027Z,0.000023,0.284981,0.272314,0.002997,0.285254,0.269119,4.00,gru,0.002974,0.000273,0.003195
2026-04-01T20:07:02.0877570Z,-0.004590,0.279795,0.266439,-0.012950,0.289461,0.270835,4.81,gru,0.008360,0.009666,0.004395
2026-04-01T20:07:02.1216474Z,-0.010987,0.277863,0.264236,-0.025407,0.298134,0.278443,3.51,gru,0.014420,0.020271,0.014207
2026-04-01T20:07:02.1531376Z,-0.012636,0.271733,0.256609,-0.013427,0.278711,0.259064,4.01,gru,0.000791,0.006978,0.002455
2026-04-01T20:07:02.1890781Z,-0.015342,0.266213,0.251147,-0.019379,0.265789,0.250507,5.11,gru,0.004037,0.000424,0.000641
2026-04-01T20:07:02.2268505Z,-0.020276,0.263473,0.243866,-0.032989,0.282539,0.246303,3.14,gru,0.012713,0.019066,0.002437
2026-04-01T20:07:02.2619991Z,-0.004251,0.234915,0.213117,0.010876,0.218675,0.201819,4.06,gru,0.015128,0.016241,0.011298
2026-04-01T20:07:02.2960589Z,-0.008282,0.233481,0.210069,-0.017842,0.260248,0.225482,3.00,gru,0.009560,0.026767,0.015413
2026-04-01T20:07:02.3282270Z,-0.043483,0.274984,0.259801,-0.072801,0.338379,0.305482,6.52,gru,0.029318,0.063396,0.045681
2026-04-01T20:07:02.3604451Z,-0.046445,0.273321,0.259819,0.000082,0.290874,0.299826,5.41,gru,0.046527,0.017553,0.040007
2026-04-01T20:07:02.3916548Z,-0.047950,0.273041,0.259112,-0.001111,0.265503,0.270526,3.77,gru,0.046839,0.007538,0.011413
2026-04-01T20:07:02.4207949Z,-0.049398,0.272231,0.259412,-0.049167,0.321838,0.299553,4.51,gru,0.000232,0.049607,0.040141
2026-04-01T20:07:02.4561850Z,-0.052088,0.275265,0.261569,-0.060427,0.335426,0.296744,3.99,gru,0.008339,0.060161,0.035175
2026-04-01T20:07:02.4881533Z,-0.052072,0.275816,0.259854,-0.045012,0.315489,0.279197,4.63,gru,0.007061,0.039672,0.019342
2026-04-01T20:07:02.5370123Z,-0.052233,0.276538,0.260279,-0.053772,0.296570,0.262091,6.55,gru,0.001540,0.020031,0.001812
2026-04-01T20:07:02.5589874Z,-0.052339,0.279264,0.261791,-0.065309,0.317407,0.276139,3.20,gru,0.012970,0.038144,0.014348
2026-04-01T20:07:02.5858323Z,-0.050513,0.278448,0.261613,-0.060461,0.313278,0.272327,6.51,gru,0.009948,0.034830,0.010714
2026-04-01T20:07:02.6200772Z,-0.048078,0.281986,0.262344,-0.052007,0.305335,0.264491,3.51,gru,0.003929,0.023349,0.002148
2026-04-01T20:07:02.6528911Z,-0.043970,0.281188,0.263296,-0.045855,0.293251,0.262516,2.95,gru,0.001886,0.012063,0.000779
2026-04-01T20:07:02.6942291Z,-0.038276,0.283698,0.264240,-0.038883,0.297662,0.268135,5.75,gru,0.000607,0.013964,0.003895
2026-04-01T20:07:02.7207073Z,-0.031243,0.287610,0.265771,-0.029746,0.308963,0.269718,3.90,gru,0.001497,0.021353,0.003947
2026-04-01T20:07:02.7527579Z,-0.023793,0.292544,0.269965,-0.019964,0.312433,0.273678,6.79,gru,0.003829,0.019890,0.003712
2026-04-01T20:07:02.7841375Z,-0.015955,0.296080,0.273777,-0.009410,0.308770,0.275657,4.46,gru,0.006544,0.012689,0.001880
2026-04-01T20:07:02.8210093Z,0.009010,0.290654,0.261246,0.037728,0.285040,0.248541,4.87,gru,0.028718,0.005614,0.012704
2026-04-01T20:07:02.8543515Z,0.022495,0.299104,0.262855,0.035196,0.331686,0.265293,4.00,gru,0.012701,0.032583,0.002438
2026-04-01T20:07:02.8839120Z,0.020571,0.326711,0.282938,0.009129,0.378858,0.332441,6.03,gru,0.011443,0.052148,0.049503
2026-04-01T20:07:02.9223427Z,0.036838,0.332780,0.279050,0.080073,0.325907,0.288467,4.67,gru,0.043235,0.006872,0.009417
2026-04-01T20:07:02.9530747Z,0.048073,0.346728,0.281502,0.074120,0.344133,0.270001,4.00,gru,0.026047,0.002595,0.011500
2026-04-01T20:07:02.9828455Z,0.047702,0.369722,0.293383,0.042273,0.424133,0.333901,4.52,gru,0.005428,0.054411,0.040518
2026-04-01T20:07:03.0200287Z,0.053893,0.387794,0.299661,0.064388,0.423012,0.317808,5.02,gru,0.010495,0.035218,0.018147
2026-04-01T20:07:03.0537531Z,0.047742,0.411458,0.313059,0.049684,0.439880,0.321977,3.00,gru,0.001943,0.028422,0.008918
2026-04-01T20:07:03.0843219Z,0.045574,0.432172,0.321315,0.040750,0.456834,0.325055,6.93,gru,0.004825,0.024662,0.003740
2026-04-01T20:07:03.1246271Z,0.026160,0.460626,0.343481,0.001321,0.499875,0.372410,5.52,gru,0.024839,0.039248,0.028929
2026-04-01T20:07:03.1542742Z,0.031815,0.474465,0.344456,0.055615,0.492853,0.351066,5.01,gru,0.023800,0.018388,0.006611
2026-04-01T20:07:03.1887752Z,0.036701,0.488398,0.345555,0.066465,0.490697,0.335812,4.74,gru,0.029764,0.002299,0.009743
2026-04-01T20:07:03.2238370Z,0.046282,0.500664,0.343091,0.049540,0.523980,0.346107,5.00,gru,0.003258,0.023315,0.003016
2026-04-01T20:07:03.2539938Z,0.054558,0.514135,0.342084,0.058689,0.535397,0.344625,4.01,gru,0.004131,0.021262,0.002541
2026-04-01T20:07:03.2889507Z,0.060224,0.528434,0.340923,0.065699,0.547192,0.338691,6.62,gru,0.005476,0.018758,0.002232
2026-04-01T20:07:03.3264376Z,0.025889,0.552140,0.362952,-0.014301,0.582578,0.401748,6.53,gru,0.040190,0.030439,0.038796
2026-04-01T20:07:03.3566729Z,0.018983,0.566618,0.373018,0.020688,0.575718,0.387336,4.00,gru,0.001705,0.009100,0.014318
2026-04-01T20:07:03.3872015Z,0.017519,0.579811,0.375129,0.062736,0.580162,0.373415,6.66,gru,0.045217,0.000351,0.001714
2026-04-01T20:07:03.4216930Z,0.014265,0.591206,0.375798,0.002910,0.615539,0.375701,6.62,gru,0.011355,0.024334,0.000097
2026-04-01T20:07:03.4561461Z,0.010554,0.605099,0.378571,-0.006549,0.621043,0.388031,5.64,gru,0.017103,0.015944,0.009460
2026-04-01T20:07:03.4886417Z,0.021864,0.613482,0.372219,0.056210,0.605744,0.371666,6.13,gru,0.034346,0.007738,0.000553
2026-04-01T20:07:03.5215765Z,0.024097,0.623338,0.370984,0.034852,0.634246,0.364323,7.03,gru,0.010756,0.010908,0.006661
2026-04-01T20:07:03.5577623Z,0.024492,0.633940,0.370486,0.009494,0.652800,0.376505,6.39,gru,0.014998,0.018861,0.006020
2026-04-01T20:07:03.5899720Z,0.024762,0.644378,0.370312,0.025966,0.651426,0.370715,5.15,gru,0.001204,0.007048,0.000403
2026-04-01T20:07:03.6240418Z,0.021282,0.654394,0.372465,0.028739,0.658639,0.372412,5.02,gru,0.007457,0.004245,0.000053
2026-04-01T20:07:03.6695122Z,0.045718,0.665307,0.350972,0.093182,0.658689,0.330882,6.82,gru,0.047464,0.006619,0.020091
2026-04-01T20:07:03.7026849Z,0.046227,0.674855,0.349930,0.038538,0.686885,0.355416,6.55,gru,0.007689,0.012030,0.005486
2026-04-01T20:07:03.7238433Z,0.055351,0.684721,0.346509,0.043801,0.695086,0.363017,3.57,gru,0.011549,0.010365,0.016507
2026-04-01T20:07:03.7550135Z,0.059818,0.695350,0.342985,0.083078,0.692623,0.345794,6.51,gru,0.023260,0.002727,0.002809
2026-04-01T20:07:03.7880388Z,0.069145,0.703757,0.337547,0.084087,0.707966,0.331377,3.02,gru,0.014942,0.004209,0.006169
2026-04-01T20:07:03.8237172Z,0.069338,0.713389,0.336324,0.056763,0.720741,0.342424,4.21,gru,0.012575,0.007351,0.006100
2026-04-01T20:07:03.8532770Z,0.062790,0.720430,0.338005,0.039440,0.723445,0.348304,5.69,gru,0.023350,0.003015,0.010299
2026-04-01T20:07:03.8855752Z,0.062744,0.728716,0.335894,0.077854,0.721662,0.336592,5.94,gru,0.015110,0.007053,0.000698
2026-04-01T20:07:03.9237186Z,0.055319,0.736032,0.334066,0.056687,0.735961,0.327988,7.09,gru,0.001368,0.000071,0.006078
2026-04-01T20:07:03.9530351Z,0.051505,0.742449,0.331707,0.038439,0.745330,0.331867,5.11,gru,0.013066,0.002880,0.000160
2026-04-01T20:07:03.9913014Z,0.046885,0.749071,0.330963,0.043263,0.747627,0.333636,7.51,gru,0.003622,0.001445,0.002674
2026-04-01T20:07:04.0295288Z,0.047314,0.755417,0.329386,0.056566,0.758555,0.328445,5.56,gru,0.009253,0.003138,0.000941
2026-04-01T20:07:04.0535025Z,0.043240,0.763156,0.326367,0.037593,0.768855,0.320506,4.00,gru,0.005648,0.005699,0.005861
2026-04-01T20:07:04.0861186Z,0.041671,0.769335,0.324545,0.032809,0.772895,0.322020,5.01,gru,0.008862,0.003560,0.002525
2026-04-01T20:07:04.1237977Z,0.035937,0.774876,0.323386,0.029973,0.775321,0.323267,4.51,gru,0.005964,0.000445,0.000118
2026-04-01T20:07:04.1535105Z,0.032021,0.782121,0.320266,0.029422,0.787319,0.315789,6.24,gru,0.002599,0.005197,0.004477
2026-04-01T20:07:04.1867824Z,0.026934,0.786763,0.318094,0.022056,0.789747,0.314215,4.18,gru,0.004878,0.002984,0.003879
2026-04-01T20:07:04.2243049Z,0.037564,0.798798,0.306497,0.055497,0.806206,0.294972,5.51,gru,0.017933,0.007409,0.011525
2026-04-01T20:07:04.2576408Z,0.036322,0.805937,0.302503,0.029244,0.812663,0.300215,4.03,gru,0.007078,0.006726,0.002288
2026-04-01T20:07:04.2908245Z,0.031748,0.811905,0.300076,0.008941,0.815680,0.306168,5.09,gru,0.022807,0.003775,0.006093
2026-04-01T20:07:04.3283928Z,0.031660,0.818044,0.294887,0.036683,0.814132,0.290284,7.14,gru,0.005023,0.003912,0.004602
2026-04-01T20:07:04.3633232Z,0.029941,0.824708,0.292787,0.034131,0.831142,0.289661,5.21,gru,0.004190,0.006434,0.003127
2026-04-01T20:07:04.3950723Z,0.018030,0.827694,0.292393,-0.009026,0.830039,0.296310,4.74,gru,0.027055,0.002345,0.003917
2026-04-01T20:07:04.4258602Z,0.007748,0.831822,0.292123,-0.008788,0.827255,0.292824,3.59,gru,0.016536,0.004567,0.000700
2026-04-01T20:07:04.4568851Z,-0.004097,0.838001,0.289902,-0.007184,0.839504,0.286292,4.51,gru,0.003087,0.001503,0.003610
2026-04-01T20:07:04.4849933Z,0.003104,0.851322,0.280213,0.024809,0.867590,0.270237,5.39,gru,0.021705,0.016268,0.009977
2026-04-01T20:07:04.5250854Z,0.022843,0.884612,0.244068,0.044329,0.940505,0.212300,5.74,gru,0.021487,0.055893,0.031768
2026-04-01T20:07:04.5598578Z,0.017960,0.893721,0.240023,-0.013914,0.912755,0.255115,4.01,gru,0.031873,0.019034,0.015093
2026-04-01T20:07:04.6090290Z,-0.027144,0.894019,0.249251,-0.093914,0.906280,0.308320,5.02,gru,0.066770,0.012261,0.059068
2026-04-01T20:07:04.6279431Z,-0.031972,0.902950,0.246414,-0.018078,0.911816,0.268488,5.52,gru,0.013894,0.008866,0.022074
2026-04-01T20:07:04.6659372Z,-0.047613,0.911936,0.245159,-0.032872,0.945090,0.238982,5.81,gru,0.014741,0.033154,0.006177
2026-04-01T20:07:04.6984061Z,-0.047874,0.924335,0.238456,-0.073696,0.937177,0.241191,6.02,gru,0.025822,0.012841,0.002735
2026-04-01T20:07:04.7286470Z,-0.068155,0.929154,0.242078,-0.105743,0.923097,0.260139,3.14,gru,0.037588,0.006057,0.018062
2026-04-01T20:07:04.7563933Z,-0.075410,0.939154,0.239362,-0.080478,0.939637,0.248878,3.51,gru,0.005068,0.000483,0.009516
2026-04-01T20:07:04.7908028Z,-0.084967,0.950048,0.234041,-0.082116,0.967819,0.226992,5.03,gru,0.002851,0.017771,0.007050
2026-04-01T20:07:04.8249587Z,-0.088005,0.961644,0.227061,-0.102844,0.965954,0.224579,4.70,gru,0.014839,0.004310,0.002483
2026-04-01T20:07:04.8580164Z,-0.099248,0.970180,0.223892,-0.119333,0.963990,0.227716,6.43,gru,0.020085,0.006190,0.003824
2026-04-01T20:07:04.8875709Z,-0.132246,0.957354,0.252843,-0.174971,0.952706,0.306876,4.22,gru,0.042724,0.004648,0.054033
2026-04-01T20:07:04.9202367Z,-0.121736,0.992186,0.205054,-0.117239,1.032706,0.226876,6.60,gru,0.004498,0.040520,0.021821
2026-04-01T20:07:04.9519615Z,-0.146335,0.977166,0.234443,-0.167030,1.000427,0.265255,4.56,gru,0.020695,0.023261,0.030811
2026-04-01T20:07:04.9861706Z,-0.159145,0.985408,0.223356,-0.195053,0.991408,0.262567,3.12,gru,0.035909,0.006000,0.039211
2026-04-01T20:07:05.0231875Z,-0.175040,0.986821,0.225933,-0.170891,1.007157,0.241740,4.00,gru,0.004149,0.020336,0.015807
2026-04-01T20:07:05.0601043Z,-0.187597,0.990886,0.222341,-0.190616,1.001232,0.243278,6.51,gru,0.003019,0.010347,0.020937
2026-04-01T20:07:05.0902993Z,-0.192067,1.000383,0.213461,-0.191181,0.997392,0.212825,7.09,gru,0.000886,0.002991,0.000636
2026-04-01T20:07:05.1415593Z,-0.168115,1.032644,0.168947,-0.140213,1.069563,0.151778,3.71,gru,0.027902,0.036919,0.017168
2026-04-01T20:07:05.1863586Z,-0.198946,1.021940,0.188394,-0.220213,1.037549,0.231778,5.57,gru,0.021268,0.015609,0.043385
2026-04-01T20:07:05.2089990Z,-0.203813,1.032742,0.176664,-0.217975,1.018366,0.196261,6.52,gru,0.014161,0.014375,0.019597
2026-04-01T20:07:05.2239437Z,-0.221508,1.030473,0.185576,-0.205881,1.023289,0.197568,5.34,gru,0.015628,0.007184,0.011992
2026-04-01T20:07:05.2619261Z,-0.234869,1.031944,0.188773,-0.247824,1.030860,0.214684,5.08,gru,0.012955,0.001084,0.025911
2026-04-01T20:07:05.2888940Z,-0.242759,1.044516,0.176020,-0.238971,1.045522,0.166629,5.12,gru,0.003788,0.001006,0.009391
2026-04-01T20:07:05.3215226Z,-0.256434,1.045562,0.168989,-0.260229,1.030689,0.163596,3.51,gru,0.003794,0.014873,0.005394
2026-04-01T20:07:05.3528940Z,-0.268409,1.045165,0.172784,-0.271770,1.026458,0.191247,5.67,gru,0.003361,0.018707,0.018464
2026-04-01T20:07:05.3870404Z,-0.281029,1.050700,0.164938,-0.284665,1.047774,0.157374,3.51,gru,0.003636,0.002925,0.007564
2026-04-01T20:07:05.4208496Z,-0.268886,1.072104,0.124702,-0.248637,1.112427,0.097832,4.01,gru,0.020249,0.040323,0.026870
2026-04-01T20:07:05.4543754Z,-0.280702,1.076630,0.120946,-0.285116,1.083449,0.128259,3.69,gru,0.004414,0.006819,0.007314
2026-04-01T20:07:05.4865321Z,-0.321488,1.053223,0.157277,-0.364065,1.068050,0.208259,4.70,gru,0.042577,0.014827,0.050983
2026-04-01T20:07:05.5223582Z,-0.307940,1.079564,0.109773,-0.305123,1.142354,0.136993,6.17,gru,0.002817,0.062791,0.027220
2026-04-01T20:07:05.5614049Z,-0.350676,1.036534,0.166834,-0.362804,1.062354,0.216993,6.91,gru,0.012129,0.025820,0.050159
2026-04-01T20:07:05.5896834Z,-0.359208,1.035772,0.166310,-0.368373,1.023655,0.215959,5.98,gru,0.009165,0.012117,0.049649
2026-04-01T20:07:05.6224844Z,-0.346455,1.039792,0.138317,-0.307385,1.085898,0.170225,6.60,gru,0.039070,0.046106,0.031907
2026-04-01T20:07:05.6615382Z,-0.375549,1.040379,0.156730,-0.384588,1.043181,0.232184,3.52,gru,0.009039,0.002802,0.075454
2026-04-01T20:07:05.6893049Z,-0.351446,1.036458,0.138937,-0.312263,1.008525,0.152184,5.49,gru,0.039183,0.027933,0.013247
2026-04-01T20:07:05.7265116Z,-0.382338,1.041389,0.151561,-0.368774,1.029303,0.155352,5.92,gru,0.013564,0.012086,0.003791
2026-04-01T20:07:05.7582924Z,-0.356653,1.038910,0.135171,-0.322678,1.032588,0.139095,6.05,gru,0.033975,0.006322,0.003924
2026-04-01T20:07:05.7936133Z,-0.379286,1.048654,0.140060,-0.352211,1.048477,0.140933,5.53,gru,0.027076,0.000177,0.000872
2026-04-01T20:07:05.8279614Z,-0.376521,1.045513,0.141665,-0.360909,1.052940,0.171552,4.03,gru,0.015611,0.007428,0.029888
2026-04-01T20:07:05.8610135Z,-0.372559,1.038906,0.147992,-0.315356,1.009350,0.166011,4.03,gru,0.057202,0.029556,0.018019
2026-04-01T20:07:05.8891607Z,-0.364498,1.037626,0.148048,-0.321954,1.053605,0.153228,4.68,gru,0.042544,0.015979,0.005181
2026-04-01T20:07:05.9251973Z,-0.353827,1.039526,0.145055,-0.301079,1.041047,0.144249,6.05,gru,0.052749,0.001521,0.000806
2026-04-01T20:07:05.9625663Z,-0.339558,1.035257,0.149696,-0.290710,1.025868,0.156029,5.02,gru,0.048848,0.009389,0.006333
2026-04-01T20:07:05.9926719Z,-0.311295,1.064840,0.109664,-0.246593,1.102359,0.097374,7.67,gru,0.064702,0.037519,0.012290
2026-04-01T20:07:06.0235166Z,-0.298818,1.061469,0.110302,-0.269279,1.069932,0.112575,4.53,gru,0.029539,0.008462,0.002274
2026-04-01T20:07:06.0627054Z,-0.294139,1.043250,0.132503,-0.274236,1.053292,0.192575,6.55,gru,0.019903,0.010041,0.060073
2026-04-01T20:07:06.0925211Z,-0.272443,1.050110,0.120920,-0.227057,1.077237,0.128517,3.05,gru,0.045386,0.027126,0.007597
2026-04-01T20:07:06.1212419Z,-0.255623,1.033783,0.142144,-0.209258,1.027240,0.153528,4.33,gru,0.046365,0.006543,0.011384
2026-04-01T20:07:06.1553186Z,-0.242798,1.017791,0.156358,-0.227843,1.011566,0.188604,4.49,gru,0.014955,0.006225,0.032246
2026-04-01T20:07:06.1886363Z,-0.226245,1.012135,0.160694,-0.193055,1.001530,0.158229,6.02,gru,0.033190,0.010605,0.002466
2026-04-01T20:07:06.2204477Z,-0.209812,1.009508,0.158406,-0.155692,0.996795,0.155932,6.12,gru,0.054121,0.012713,0.002473
2026-04-01T20:07:06.2543239Z,-0.200598,0.995507,0.168059,-0.172685,0.981974,0.182072,6.03,gru,0.027913,0.013533,0.014013
2026-04-01T20:07:06.2858052Z,-0.187071,0.986997,0.169601,-0.154532,0.961729,0.177769,3.97,gru,0.032539,0.025268,0.008167
2026-04-01T20:07:06.3216181Z,-0.188178,0.969983,0.182180,-0.170793,0.945197,0.194827,7.20,gru,0.017385,0.024786,0.012647
2026-04-01T20:07:06.3578316Z,-0.178477,0.957712,0.188510,-0.156783,0.938998,0.197231,6.15,gru,0.021693,0.018713,0.008722
2026-04-01T20:07:06.3851278Z,-0.159936,0.961665,0.179353,-0.112190,0.961485,0.170972,5.32,gru,0.047746,0.000180,0.008381
2026-04-01T20:07:06.4240523Z,-0.149251,0.941345,0.195214,-0.131857,0.937881,0.221096,5.68,gru,0.017395,0.003464,0.025882
2026-04-01T20:07:06.4625282Z,-0.134158,0.938981,0.191901,-0.118519,0.926879,0.195176,5.59,gru,0.015639,0.012102,0.003276
2026-04-01T20:07:06.5041540Z,-0.088068,0.972375,0.152411,-0.052599,1.006879,0.141260,7.06,gru,0.035469,0.034504,0.011151
2026-04-01T20:07:06.5276016Z,-0.080423,0.964320,0.156703,-0.084904,0.988653,0.189394,3.77,gru,0.004482,0.024332,0.032691
2026-04-01T20:07:06.5579072Z,-0.105469,0.904885,0.207635,-0.139705,0.969507,0.269394,4.27,gru,0.034235,0.064621,0.061760
2026-04-01T20:07:06.5928022Z,-0.090974,0.908597,0.200286,-0.098474,0.954937,0.235282,3.53,gru,0.007500,0.046340,0.034996
2026-04-01T20:07:06.6249472Z,-0.063556,0.921199,0.181968,-0.044435,1.034937,0.176663,5.69,gru,0.019121,0.113738,0.005305
2026-04-01T20:07:06.6547025Z,-0.053210,0.918530,0.179982,-0.089658,0.981949,0.226377,3.64,gru,0.036448,0.063419,0.046395
2026-04-01T20:07:06.6854743Z,-0.043222,0.911118,0.180068,-0.077475,0.916345,0.218628,5.32,gru,0.034253,0.005227,0.038560
2026-04-01T20:07:06.7206371Z,-0.037472,0.902702,0.183117,-0.041338,0.894285,0.198382,3.77,gru,0.003866,0.008417,0.015265
2026-04-01T20:07:06.7599957Z,-0.028754,0.894237,0.186907,-0.020797,0.902080,0.192397,4.20,gru,0.007957,0.007843,0.005490
2026-04-01T20:07:06.7900515Z,-0.022076,0.887922,0.188611,-0.024689,0.867656,0.197977,6.31,gru,0.002613,0.020265,0.009366
2026-04-01T20:07:06.8222524Z,-0.018035,0.878064,0.194858,-0.026404,0.847158,0.211885,6.03,gru,0.008369,0.030906,0.017028
2026-04-01T20:07:06.8549844Z,-0.011256,0.874651,0.195587,-0.003437,0.853822,0.198997,6.01,gru,0.007819,0.020829,0.003411
2026-04-01T20:07:06.8881946Z,-0.004480,0.868370,0.197191,0.008581,0.854761,0.196378,5.51,gru,0.013061,0.013609,0.000813
2026-04-01T20:07:06.9212529Z,0.003842,0.865345,0.196519,0.011884,0.852893,0.197759,3.56,gru,0.008042,0.012451,0.001239
2026-04-01T20:07:06.9590594Z,0.008060,0.865648,0.195473,0.009203,0.861680,0.194527,5.28,gru,0.001143,0.003968,0.000946
2026-04-01T20:07:06.9860163Z,0.012296,0.863801,0.194307,0.015600,0.859607,0.195929,4.45,gru,0.003304,0.004194,0.001621
2026-04-01T20:07:07.0336532Z,0.011991,0.863461,0.194776,0.014965,0.842670,0.199662,11.31,gru,0.002974,0.020791,0.004886
2026-04-01T20:07:07.0712829Z,0.011455,0.864679,0.194808,0.008916,0.852547,0.199121,8.91,gru,0.002540,0.012132,0.004313
2026-04-01T20:07:07.0906256Z,0.010864,0.865610,0.196142,0.011030,0.872641,0.195836,3.89,gru,0.000166,0.007031,0.000306
2026-04-01T20:07:07.1225962Z,0.011691,0.868641,0.197923,0.016660,0.887395,0.193775,4.64,gru,0.004969,0.018754,0.004148
2026-04-01T20:07:07.1558423Z,0.012628,0.873198,0.201125,0.013224,0.884124,0.201702,4.78,gru,0.000596,0.010926,0.000577
2026-04-01T20:07:07.1961955Z,0.012007,0.875382,0.206399,0.008032,0.878265,0.212883,4.22,gru,0.003975,0.002883,0.006484
2026-04-01T20:07:07.2235337Z,0.007395,0.871874,0.223109,-0.003170,0.875884,0.245310,5.13,gru,0.010565,0.004010,0.022202
2026-04-01T20:07:07.2675831Z,0.012885,0.879316,0.226981,0.023920,0.895494,0.227565,5.99,gru,0.011035,0.016177,0.000584
2026-04-01T20:07:07.2964532Z,-0.001411,0.874852,0.243394,-0.023140,0.884849,0.253192,3.53,gru,0.021729,0.009997,0.009798
2026-04-01T20:07:07.3354706Z,0.011036,0.886823,0.247405,0.028185,0.901272,0.251511,6.36,gru,0.017148,0.014449,0.004106
2026-04-01T20:07:07.3672980Z,0.010628,0.891253,0.258474,0.022142,0.905604,0.262511,6.04,gru,0.011515,0.014351,0.004037
2026-04-01T20:07:07.3922550Z,0.027565,0.904777,0.264227,0.040483,0.927595,0.271462,5.51,gru,0.012918,0.022817,0.007235
2026-04-01T20:07:07.4216901Z,0.004007,0.884824,0.304207,-0.039517,0.894422,0.351462,5.53,gru,0.043524,0.009598,0.047255
2026-04-01T20:07:07.4528390Z,-0.011140,0.875523,0.330068,-0.045031,0.868340,0.360624,4.99,gru,0.033890,0.007183,0.030556
2026-04-01T20:07:07.4851405Z,-0.014724,0.875965,0.345211,0.016032,0.898226,0.349505,4.71,gru,0.030755,0.022262,0.004294
2026-04-01T20:07:07.5227569Z,-0.000567,0.887991,0.349278,0.036367,0.924567,0.348530,4.65,gru,0.036934,0.036576,0.000748
2026-04-01T20:07:07.5558974Z,-0.021520,0.876800,0.369039,-0.043633,0.887570,0.408341,4.99,gru,0.022113,0.010770,0.039302
2026-04-01T20:07:07.5884948Z,0.049937,0.916267,0.361263,0.036367,0.967086,0.380414,4.93,gru,0.013570,0.050819,0.019151
2026-04-01T20:07:07.6212560Z,0.040454,0.911833,0.378563,0.023796,0.916396,0.391622,6.89,gru,0.016658,0.004563,0.013059
2026-04-01T20:07:07.6533615Z,0.039247,0.910899,0.391940,-0.045164,0.900307,0.432377,5.01,gru,0.084411,0.010592,0.040437
2026-04-01T20:07:07.6939327Z,0.045770,0.912216,0.406018,0.034836,0.874634,0.435159,8.07,gru,0.010934,0.037581,0.029141
2026-04-01T20:07:07.7342637Z,0.030085,0.901741,0.419984,0.026504,0.909575,0.431669,4.51,gru,0.003582,0.007835,0.011684
2026-04-01T20:07:07.7693229Z,0.031451,0.903608,0.429568,0.013064,0.899213,0.432713,4.87,gru,0.018388,0.004395,0.003145
2026-04-01T20:07:07.7926710Z,0.017070,0.891230,0.441543,-0.013151,0.874888,0.449455,3.57,gru,0.030221,0.016342,0.007912
2026-04-01T20:07:07.8264796Z,0.021219,0.889152,0.452457,0.040547,0.882589,0.459483,4.63,gru,0.019329,0.006563,0.007026
2026-04-01T20:07:07.8560192Z,0.018712,0.882926,0.462969,0.033857,0.878039,0.462546,5.06,gru,0.015146,0.004887,0.000424
2026-04-01T20:07:07.8936174Z,0.017662,0.876413,0.471243,-0.012732,0.853540,0.469920,4.14,gru,0.030394,0.022873,0.001323
2026-04-01T20:07:07.9243742Z,0.029514,0.869254,0.479510,0.046957,0.834040,0.479831,6.07,gru,0.017443,0.035214,0.000321
2026-04-01T20:07:07.9516447Z,0.011590,0.857190,0.485936,-0.015106,0.839571,0.478210,4.53,gru,0.026696,0.017619,0.007726
2026-04-01T20:07:07.9897397Z,0.046138,0.855826,0.490684,0.064894,0.860789,0.480190,3.54,gru,0.018757,0.004963,0.010494
2026-04-01T20:07:08.0246694Z,0.049757,0.845491,0.493065,0.056910,0.833904,0.474363,3.51,gru,0.007153,0.011587,0.018701
2026-04-01T20:07:08.0639468Z,0.058234,0.830874,0.498275,0.021081,0.817520,0.490462,6.02,gru,0.037153,0.013355,0.007813
2026-04-01T20:07:08.0901160Z,0.057360,0.817434,0.499731,0.053956,0.789886,0.488182,3.97,gru,0.003404,0.027548,0.011549
2026-04-01T20:07:08.1285265Z,0.056189,0.804760,0.500160,0.054506,0.803837,0.482037,6.86,gru,0.001683,0.000923,0.018123
2026-04-01T20:07:08.1594765Z,0.057807,0.793787,0.497255,0.045543,0.781038,0.481575,4.01,gru,0.012263,0.012750,0.015681
2026-04-01T20:07:08.1905963Z,0.056352,0.779297,0.496312,0.025096,0.753928,0.487063,5.68,gru,0.031256,0.025369,0.009250
2026-04-01T20:07:08.2235980Z,0.097408,0.760223,0.496140,0.105096,0.735943,0.480803,4.16,gru,0.007687,0.024279,0.015336
2026-04-01T20:07:08.2578347Z,0.085252,0.744092,0.493235,0.036912,0.735928,0.469198,4.51,gru,0.048340,0.008165,0.024038
2026-04-01T20:07:08.2888230Z,0.081720,0.728260,0.490555,0.013559,0.723082,0.468521,4.09,gru,0.068161,0.005178,0.022034
2026-04-01T20:07:08.3252294Z,0.039117,0.713936,0.490574,-0.017535,0.693314,0.479260,4.95,gru,0.056652,0.020622,0.011314
2026-04-01T20:07:08.3557945Z,0.038769,0.699624,0.486694,0.061263,0.686124,0.475496,4.00,gru,0.022494,0.013501,0.011197
2026-04-01T20:07:08.3905251Z,0.040217,0.685539,0.483503,0.047050,0.683818,0.467867,3.62,gru,0.006833,0.001721,0.015637
2026-04-01T20:07:08.4250017Z,0.043932,0.666253,0.481812,-0.008985,0.659719,0.468868,6.17,gru,0.052917,0.006533,0.012944
2026-04-01T20:07:08.4602189Z,0.043486,0.649915,0.478757,0.020840,0.631514,0.463499,4.02,gru,0.022646,0.018402,0.015258
2026-04-01T20:07:08.4930885Z,0.046765,0.636602,0.474438,0.055053,0.628969,0.461041,4.18,gru,0.008289,0.007633,0.013397
2026-04-01T20:07:08.5252061Z,0.050831,0.618388,0.470310,0.038738,0.608066,0.460760,5.03,gru,0.012093,0.010322,0.009550
2026-04-01T20:07:08.5670086Z,0.049698,0.602519,0.466104,0.011327,0.589083,0.454455,7.72,gru,0.038372,0.013436,0.011650
2026-04-01T20:07:08.5957945Z,0.045944,0.587043,0.462621,0.019608,0.564456,0.455689,6.62,gru,0.026336,0.022587,0.006932
2026-04-01T20:07:08.6213190Z,0.032649,0.574409,0.460786,0.014492,0.560658,0.458860,6.03,gru,0.018157,0.013751,0.001926
2026-04-01T20:07:08.6561396Z,0.031173,0.558606,0.456282,0.021617,0.533992,0.452230,3.23,gru,0.009556,0.024614,0.004052
2026-04-01T20:07:08.6897153Z,0.034011,0.544511,0.449957,0.030927,0.525838,0.437849,5.05,gru,0.003084,0.018673,0.012108
2026-04-01T20:07:08.7245328Z,0.033130,0.529658,0.445140,0.009218,0.512441,0.441525,3.52,gru,0.023912,0.017217,0.003615
2026-04-01T20:07:08.7558545Z,0.033200,0.514072,0.439687,0.022473,0.485615,0.438174,3.88,gru,0.010727,0.028457,0.001514
2026-04-01T20:07:08.7871646Z,0.032349,0.500357,0.434689,0.027061,0.475994,0.433259,6.65,gru,0.005288,0.024363,0.001430
2026-04-01T20:07:08.8233577Z,0.034361,0.484476,0.428786,0.029000,0.463984,0.423819,3.50,gru,0.005361,0.020493,0.004967
2026-04-01T20:07:08.8592259Z,0.040238,0.470160,0.421139,0.039697,0.447984,0.416545,6.06,gru,0.000541,0.022176,0.004593
2026-04-01T20:07:08.8870662Z,0.085990,0.429443,0.397073,0.119697,0.367984,0.382402,4.51,gru,0.033707,0.061459,0.014671
2026-04-01T20:07:08.9223521Z,0.081301,0.418360,0.390984,0.062571,0.432906,0.403696,4.16,gru,0.018729,0.014546,0.012712
2026-04-01T20:07:08.9565682Z,0.078433,0.404828,0.384389,0.030595,0.425687,0.401662,3.50,gru,0.047838,0.020859,0.017273
2026-04-01T20:07:09.0058706Z,0.079173,0.389560,0.375407,0.107930,0.358460,0.383671,4.50,gru,0.028757,0.031101,0.008264
2026-04-01T20:07:09.0264740Z,0.077383,0.378441,0.366098,0.082181,0.357646,0.360958,4.52,gru,0.004799,0.020795,0.005140
2026-04-01T20:07:09.0585653Z,0.075687,0.362707,0.355938,0.053192,0.366147,0.360617,6.79,gru,0.022496,0.003440,0.004678
2026-04-01T20:07:09.0948427Z,0.070439,0.351635,0.347621,0.048517,0.350261,0.354165,6.41,gru,0.021922,0.001374,0.006543
2026-04-01T20:07:09.1246430Z,0.064130,0.342686,0.338469,0.061424,0.334071,0.340649,6.04,gru,0.002706,0.008615,0.002180
2026-04-01T20:07:09.1583941Z,0.058121,0.331649,0.329744,0.054212,0.316506,0.330325,5.07,gru,0.003909,0.015144,0.000581
2026-04-01T20:07:09.1922736Z,0.047597,0.325787,0.324243,0.026732,0.335887,0.333188,5.04,gru,0.020864,0.010100,0.008944
2026-04-01T20:07:09.2259545Z,0.042995,0.314004,0.315275,0.035669,0.307175,0.317125,4.05,gru,0.007326,0.006829,0.001851
2026-04-01T20:07:09.2628183Z,0.038676,0.304811,0.305909,0.042034,0.289400,0.305641,5.06,gru,0.003357,0.015411,0.000268
2026-04-01T20:07:09.2932156Z,0.037938,0.292001,0.293051,0.035508,0.280298,0.290650,6.75,gru,0.002429,0.011704,0.002401
2026-04-01T20:07:09.3297490Z,0.024865,0.290687,0.295731,0.005239,0.311913,0.322143,5.08,gru,0.019626,0.021227,0.026411
2026-04-01T20:07:09.3729549Z,0.019876,0.283710,0.290396,0.013584,0.296083,0.300023,6.06,gru,0.006292,0.012372,0.009627
2026-04-01T20:07:09.4049351Z,0.015285,0.276378,0.284621,0.020651,0.275277,0.284900,9.71,gru,0.005366,0.001101,0.000279
2026-04-01T20:07:09.4483287Z,0.009195,0.273172,0.280332,-0.000352,0.300451,0.287880,9.01,gru,0.009546,0.027279,0.007548
2026-04-01T20:07:09.4681897Z,0.002101,0.267643,0.276497,-0.012458,0.289850,0.287434,11.24,gru,0.014559,0.022208,0.010937
2026-04-01T20:07:09.5050123Z,-0.002618,0.264076,0.271004,-0.009232,0.275544,0.275858,5.01,gru,0.006614,0.011468,0.004854
2026-04-01T20:07:09.5351940Z,-0.006736,0.257594,0.265288,-0.007456,0.258995,0.263820,5.60,gru,0.000720,0.001401,0.001468
2026-04-01T20:07:09.5613816Z,-0.010873,0.251678,0.259853,-0.018247,0.259383,0.262098,3.51,gru,0.007375,0.007705,0.002245
2026-04-01T20:07:09.6001980Z,-0.016694,0.250093,0.257842,-0.027843,0.267113,0.265192,8.57,gru,0.011149,0.017020,0.007350
2026-04-01T20:07:09.6299598Z,-0.009762,0.228079,0.234363,0.005838,0.214280,0.225492,3.69,gru,0.015600,0.013800,0.008870
2026-04-01T20:07:09.6595969Z,-0.003143,0.207398,0.210531,0.007429,0.189717,0.190808,3.56,gru,0.010572,0.017681,0.019723
2026-04-01T20:07:09.6929684Z,-0.024295,0.230866,0.236242,-0.022228,0.269717,0.270808,4.30,gru,0.002067,0.038851,0.034566
2026-04-01T20:07:09.7269597Z,-0.014592,0.210584,0.212305,0.015349,0.226525,0.236432,5.02,gru,0.029941,0.015941,0.024126
2026-04-01T20:07:09.7657660Z,-0.025183,0.220270,0.221441,-0.018034,0.220985,0.218293,4.88,gru,0.007149,0.000715,0.003148
2026-04-01T20:07:09.7903465Z,-0.040153,0.234459,0.240288,-0.048969,0.288473,0.298293,4.87,gru,0.008815,0.054015,0.058005
2026-04-01T20:07:09.8337849Z,-0.041237,0.233626,0.236534,-0.021990,0.262575,0.263920,6.21,gru,0.019247,0.028948,0.027386
2026-04-01T20:07:09.8611184Z,-0.041419,0.229155,0.232476,-0.024071,0.239675,0.236218,3.96,gru,0.017349,0.010520,0.003743
2026-04-01T20:07:09.8852193Z,-0.042838,0.229523,0.232038,-0.048902,0.258302,0.246705,4.73,gru,0.006064,0.028779,0.014667
2026-04-01T20:07:09.9307401Z,-0.042675,0.227835,0.229016,-0.050147,0.254818,0.240224,4.44,gru,0.007472,0.026983,0.011209
2026-04-01T20:07:09.9540239Z,-0.043214,0.227934,0.227890,-0.046211,0.249062,0.234066,4.23,gru,0.002996,0.021128,0.006176
2026-04-01T20:07:09.9874890Z,-0.060989,0.245975,0.250244,-0.086317,0.286151,0.288034,4.47,gru,0.025328,0.040176,0.037789
2026-04-01T20:07:10.0185080Z,-0.060063,0.248036,0.252568,-0.057653,0.256352,0.258719,5.76,gru,0.002409,0.008316,0.006151
2026-04-01T20:07:10.0545695Z,-0.051537,0.240687,0.243600,-0.025575,0.229258,0.237403,5.00,gru,0.025963,0.011429,0.006197
2026-04-01T20:07:10.0903433Z,-0.052232,0.247008,0.250043,-0.057459,0.284953,0.272502,6.65,gru,0.005227,0.037946,0.022459
2026-04-01T20:07:10.1259841Z,-0.020519,0.217505,0.213469,0.007706,0.204953,0.199780,5.31,gru,0.028225,0.012552,0.013689
2026-04-01T20:07:10.1540135Z,-0.007643,0.209910,0.209425,0.007633,0.211463,0.201264,3.60,gru,0.015276,0.001553,0.008161
2026-04-01T20:07:10.1916566Z,-0.000962,0.217316,0.217513,0.006078,0.275834,0.273526,4.63,gru,0.007040,0.058518,0.056013
2026-04-01T20:07:10.2246914Z,-0.015063,0.259583,0.261268,-0.018616,0.318856,0.320536,7.60,gru,0.003553,0.059273,0.059267
2026-04-01T20:07:10.2590127Z,-0.001860,0.260094,0.262072,0.059084,0.272770,0.288781,5.54,gru,0.060944,0.012676,0.026709
2026-04-01T20:07:10.2907427Z,0.009810,0.269207,0.268696,0.043863,0.248954,0.266067,6.64,gru,0.034053,0.020253,0.002629
2026-04-01T20:07:10.3220285Z,0.020011,0.280062,0.277138,0.029010,0.328954,0.323309,3.51,gru,0.008999,0.048892,0.046170
2026-04-01T20:07:10.3625205Z,0.030434,0.294397,0.286218,0.048120,0.332251,0.316415,4.60,gru,0.017686,0.037854,0.030197
2026-04-01T20:07:10.3920769Z,0.029340,0.320815,0.307379,0.030123,0.361485,0.333061,4.07,gru,0.000783,0.040670,0.025682
2026-04-01T20:07:10.4232590Z,0.026167,0.346216,0.325288,0.015697,0.386179,0.341737,8.54,gru,0.010469,0.039963,0.016450
2026-04-01T20:07:10.4582726Z,0.029946,0.365563,0.335907,0.040676,0.387915,0.342766,4.53,gru,0.010730,0.022353,0.006859
2026-04-01T20:07:10.4893976Z,0.042808,0.377151,0.343775,0.066030,0.398557,0.349281,3.69,gru,0.023222,0.021405,0.005506
2026-04-01T20:07:10.5333339Z,0.052175,0.393080,0.353147,0.058053,0.423695,0.361809,5.97,gru,0.005878,0.030615,0.008662
2026-04-01T20:07:10.5572244Z,0.047876,0.413845,0.367295,0.027632,0.447929,0.384772,4.01,gru,0.020244,0.034084,0.017477
2026-04-01T20:07:10.5872362Z,0.057723,0.427598,0.374009,0.077352,0.436045,0.378591,6.37,gru,0.019629,0.008447,0.004582
2026-04-01T20:07:10.6200994Z,0.058146,0.446370,0.381956,0.066339,0.472129,0.381214,4.02,gru,0.008192,0.025759,0.000742
2026-04-01T20:07:10.6558290Z,0.022119,0.472658,0.408361,-0.013661,0.523768,0.457145,4.54,gru,0.035781,0.051110,0.048784
2026-04-01T20:07:10.6873435Z,0.068228,0.478213,0.391325,0.066339,0.456778,0.399496,4.03,gru,0.001889,0.021436,0.008171
2026-04-01T20:07:10.7250651Z,0.051359,0.500010,0.400774,0.045396,0.532976,0.399339,5.97,gru,0.005963,0.032966,0.001435
2026-04-01T20:07:10.7550963Z,0.048133,0.516069,0.404615,0.005882,0.556326,0.446605,4.02,gru,0.042251,0.040258,0.041990
2026-04-01T20:07:10.7890205Z,0.049340,0.531903,0.406158,0.085882,0.523418,0.431333,6.52,gru,0.036542,0.008485,0.025175
2026-04-01T20:07:10.8227586Z,0.049510,0.546686,0.407587,0.073790,0.553522,0.412941,4.01,gru,0.024281,0.006836,0.005353
2026-04-01T20:07:10.8550387Z,0.046988,0.562156,0.407769,0.031182,0.586617,0.413815,3.42,gru,0.015806,0.024462,0.006046
2026-04-01T20:07:10.8885140Z,0.063055,0.575931,0.404285,0.084673,0.587390,0.406618,5.02,gru,0.021618,0.011459,0.002334
2026-04-01T20:07:10.9240065Z,0.067769,0.591326,0.402272,0.080930,0.609330,0.399860,4.74,gru,0.013161,0.018003,0.002412
2026-04-01T20:07:10.9569184Z,0.059020,0.605458,0.403163,0.032292,0.620808,0.405179,4.49,gru,0.026728,0.015350,0.002016
2026-04-01T20:07:10.9829756Z,0.055090,0.617800,0.402666,0.049590,0.620088,0.400991,4.52,gru,0.005500,0.002288,0.001675
2026-04-01T20:07:11.0220902Z,0.054898,0.630903,0.400951,0.073740,0.633938,0.396971,9.28,gru,0.018842,0.003035,0.003980
2026-04-01T20:07:11.0505010Z,0.056028,0.643509,0.398156,0.061566,0.655381,0.391422,4.63,gru,0.005538,0.011871,0.006734
2026-04-01T20:07:11.0897787Z,0.054009,0.656710,0.394647,0.040873,0.666189,0.388809,6.25,gru,0.013136,0.009479,0.005838
2026-04-01T20:07:11.1215985Z,0.057984,0.669412,0.390976,0.065108,0.674904,0.384368,4.51,gru,0.007124,0.005492,0.006608
2026-04-01T20:07:11.1540827Z,0.055882,0.680246,0.389244,0.061798,0.684963,0.385049,6.17,gru,0.005916,0.004717,0.004195
2026-04-01T20:07:11.1855589Z,0.050677,0.690326,0.384819,0.034825,0.698694,0.375927,6.06,gru,0.015852,0.008367,0.008892
2026-04-01T20:07:11.2192192Z,0.062143,0.706107,0.379293,0.088003,0.710742,0.370616,5.68,gru,0.025860,0.004635,0.008677
2026-04-01T20:07:11.2534314Z,0.034859,0.703886,0.384818,0.008003,0.708030,0.398205,5.00,gru,0.026855,0.004145,0.013388
2026-04-01T20:07:11.2877210Z,0.033767,0.711714,0.383094,0.026975,0.708253,0.382964,4.06,gru,0.006792,0.003462,0.000130
2026-04-01T20:07:11.3208918Z,0.021075,0.716060,0.384583,0.033339,0.715645,0.379738,7.04,gru,0.012264,0.000415,0.004846
2026-04-01T20:07:11.3507260Z,0.019863,0.724944,0.381174,0.015766,0.735617,0.376977,5.02,gru,0.004096,0.010672,0.004197
2026-04-01T20:07:11.3935310Z,0.020317,0.732759,0.377762,0.024300,0.729257,0.373530,5.73,gru,0.003983,0.003501,0.004232
2026-04-01T20:07:11.4209881Z,0.022226,0.739955,0.376789,0.024874,0.742473,0.377781,4.88,gru,0.002647,0.002518,0.000992
2026-04-01T20:07:11.4562515Z,0.022645,0.748200,0.373777,0.025082,0.754224,0.369228,4.70,gru,0.002437,0.006025,0.004550
2026-04-01T20:07:11.4856760Z,0.020471,0.755598,0.373064,0.014010,0.761402,0.369521,4.03,gru,0.006461,0.005804,0.003543
2026-04-01T20:07:11.5200760Z,0.021909,0.764075,0.368633,0.024767,0.763885,0.362957,4.01,gru,0.002857,0.000190,0.005676
2026-04-01T20:07:11.5562653Z,-0.011685,0.760452,0.376791,-0.055233,0.761511,0.392041,6.98,gru,0.043549,0.001058,0.015250
2026-04-01T20:07:11.5900104Z,-0.009478,0.772354,0.372828,0.005402,0.776410,0.374268,6.77,gru,0.014881,0.004056,0.001440
2026-04-01T20:07:11.6224476Z,-0.013478,0.786037,0.368138,0.013853,0.806174,0.359441,4.01,gru,0.027331,0.020136,0.008697
2026-04-01T20:07:11.6548040Z,-0.018337,0.801963,0.362547,-0.048002,0.817050,0.362495,4.00,gru,0.029665,0.015087,0.000052
2026-04-01T20:07:11.6888352Z,-0.004485,0.833211,0.342505,0.014583,0.847103,0.328508,5.53,gru,0.019068,0.013892,0.013997
2026-04-01T20:07:11.7215625Z,-0.014726,0.849833,0.340777,-0.026066,0.864642,0.343381,3.51,gru,0.011339,0.014809,0.002603
2026-04-01T20:07:11.7558469Z,-0.042907,0.866470,0.331790,-0.096354,0.873440,0.332495,6.00,gru,0.053447,0.006969,0.000705
2026-04-01T20:07:11.7843806Z,-0.050032,0.882352,0.329407,-0.040212,0.876490,0.329556,4.50,gru,0.009820,0.005861,0.000149
2026-04-01T20:07:11.8267067Z,-0.040497,0.908304,0.315087,0.006802,0.935772,0.309724,6.02,gru,0.047299,0.027469,0.005363
2026-04-01T20:07:11.8580234Z,-0.059373,0.922220,0.310703,-0.073198,0.927296,0.309938,4.04,gru,0.013824,0.005076,0.000765
2026-04-01T20:07:11.8929691Z,-0.095275,0.927153,0.312269,-0.153198,0.927753,0.333933,3.60,gru,0.057923,0.000600,0.021664
2026-04-01T20:07:11.9293016Z,-0.097219,0.955374,0.291334,-0.074781,0.970146,0.298760,4.59,gru,0.022439,0.014773,0.007426
2026-04-01T20:07:11.9601222Z,-0.077616,0.979280,0.273288,-0.015980,1.031947,0.270415,5.12,gru,0.061636,0.052667,0.002873
2026-04-01T20:07:11.9896726Z,-0.117888,0.974187,0.286379,-0.095980,0.971410,0.350415,4.19,gru,0.021909,0.002777,0.064036
2026-04-01T20:07:12.0260674Z,-0.123432,0.984382,0.277697,-0.157514,0.959145,0.300371,5.96,gru,0.034081,0.025237,0.022674
2026-04-01T20:07:12.0546804Z,-0.131314,0.994695,0.270243,-0.095779,1.010438,0.284669,5.01,gru,0.035535,0.015743,0.014426
2026-04-01T20:07:12.0960734Z,-0.142376,1.008245,0.258537,-0.166268,1.033772,0.269531,5.82,gru,0.023892,0.025527,0.010994
2026-04-01T20:07:12.1229254Z,-0.127772,1.021660,0.235551,-0.117573,1.008800,0.226140,4.50,gru,0.010199,0.012860,0.009411
2026-04-01T20:07:12.1594026Z,-0.131212,1.025794,0.224623,-0.128666,1.002804,0.223788,5.18,gru,0.002546,0.022990,0.000835
2026-04-01T20:07:12.1891952Z,-0.166525,1.022402,0.231874,-0.208666,1.007434,0.272129,4.57,gru,0.042141,0.014968,0.040255
2026-04-01T20:07:12.2237433Z,-0.175224,1.031149,0.219745,-0.171030,1.026245,0.219045,5.46,gru,0.004194,0.004904,0.000700
2026-04-01T20:07:12.2708538Z,-0.184680,1.035408,0.209066,-0.161120,1.021432,0.196037,3.91,gru,0.023560,0.013976,0.013029
2026-04-01T20:07:12.2980015Z,-0.202436,1.043077,0.198480,-0.225089,1.039530,0.201086,4.51,gru,0.022653,0.003547,0.002606
2026-04-01T20:07:12.3265533Z,-0.187093,1.054527,0.178252,-0.157757,1.041650,0.167476,4.77,gru,0.029335,0.012877,0.010776
2026-04-01T20:07:12.3592088Z,-0.222569,1.058871,0.173820,-0.237757,1.060125,0.176639,5.04,gru,0.015188,0.001254,0.002819
2026-04-01T20:07:12.3903989Z,-0.272801,1.057009,0.186416,-0.317757,1.055447,0.227722,4.60,gru,0.044956,0.001561,0.041306
2026-04-01T20:07:12.4223760Z,-0.285243,1.062108,0.176227,-0.262635,1.021558,0.188865,5.52,gru,0.022609,0.040550,0.012637
2026-04-01T20:07:12.4576922Z,-0.305142,1.065544,0.171248,-0.285315,1.077709,0.159622,7.50,gru,0.019827,0.012165,0.011626
2026-04-01T20:07:12.4895878Z,-0.321216,1.071379,0.163617,-0.340886,1.079612,0.170009,5.03,gru,0.019670,0.008233,0.006391
2026-04-01T20:07:12.5189623Z,-0.335837,1.076316,0.155027,-0.329423,1.055598,0.153235,5.56,gru,0.006415,0.020718,0.001793
2026-04-01T20:07:12.5504280Z,-0.346277,1.077613,0.142312,-0.329284,1.063543,0.134540,5.52,gru,0.016992,0.014069,0.007772
2026-04-01T20:07:12.5889556Z,-0.360019,1.079603,0.141172,-0.354633,1.080617,0.142893,4.07,gru,0.005386,0.001013,0.001720
2026-04-01T20:07:12.6222951Z,-0.367213,1.078123,0.141045,-0.357417,1.069514,0.147040,4.01,gru,0.009796,0.008609,0.005995
2026-04-01T20:07:12.6619195Z,-0.375223,1.076754,0.140229,-0.356672,1.063027,0.139093,6.92,gru,0.018551,0.013727,0.001136
2026-04-01T20:07:12.6958513Z,-0.375767,1.076961,0.137008,-0.352459,1.069064,0.133745,4.80,gru,0.023309,0.007897,0.003263
2026-04-01T20:07:12.7231200Z,-0.373926,1.075797,0.138028,-0.350764,1.068565,0.139211,6.28,gru,0.023161,0.007232,0.001183
2026-04-01T20:07:12.7544183Z,-0.376260,1.069140,0.143593,-0.356280,1.057968,0.151507,6.52,gru,0.019980,0.011173,0.007913
2026-04-01T20:07:12.7883074Z,-0.369861,1.069824,0.144352,-0.345079,1.062633,0.142415,4.05,gru,0.024782,0.007191,0.001937
2026-04-01T20:07:12.8383787Z,-0.357054,1.071333,0.144363,-0.300168,1.065323,0.142064,7.06,gru,0.056886,0.006010,0.002299
2026-04-01T20:07:12.8649704Z,-0.347123,1.069862,0.147434,-0.309640,1.060839,0.152760,6.05,gru,0.037484,0.009023,0.005326
2026-04-01T20:07:12.9063796Z,-0.324401,1.069721,0.147078,-0.279826,1.055053,0.147271,7.06,gru,0.044575,0.014668,0.000192
2026-04-01T20:07:12.9373845Z,-0.313978,1.060672,0.164321,-0.283173,1.054461,0.184523,7.35,gru,0.030805,0.006211,0.020202
2026-04-01T20:07:12.9839610Z,-0.303602,1.056823,0.171792,-0.285590,1.052841,0.180384,9.56,gru,0.018012,0.003982,0.008592
2026-04-01T20:07:13.0192834Z,-0.232919,1.062288,0.155258,-0.247192,1.030389,0.184011,8.51,gru,0.014273,0.031899,0.028754
2026-04-01T20:07:13.0600713Z,-0.212635,1.057444,0.158011,-0.181556,1.061665,0.168002,7.14,gru,0.031079,0.004221,0.009991
2026-04-01T20:07:13.0916087Z,-0.195384,1.049447,0.163592,-0.192253,1.048190,0.209844,8.68,gru,0.003130,0.001257,0.046252
2026-04-01T20:07:13.1398941Z,-0.169334,1.044373,0.166640,-0.118791,1.024301,0.185413,9.51,gru,0.050543,0.020072,0.018773
2026-04-01T20:07:13.1619524Z,-0.160731,1.037118,0.175229,-0.134933,1.042593,0.188783,6.30,gru,0.025798,0.005475,0.013553
2026-04-01T20:07:13.1962168Z,-0.182522,0.996143,0.221911,-0.214933,0.996330,0.268783,2.99,gru,0.032411,0.000188,0.046871
2026-04-01T20:07:13.2289177Z,-0.173790,0.976134,0.236368,-0.148595,0.937674,0.268269,3.93,gru,0.025195,0.038461,0.031901
2026-04-01T20:07:13.2577645Z,-0.158922,0.969119,0.238245,-0.112136,0.998834,0.241639,4.01,gru,0.046786,0.029715,0.003393
2026-04-01T20:07:13.3015306Z,-0.134811,0.966500,0.237348,-0.109938,0.985152,0.253940,11.26,gru,0.024874,0.018652,0.016592
2026-04-01T20:07:13.3434608Z,-0.125274,0.951721,0.244533,-0.133715,0.948579,0.270548,12.66,gru,0.008441,0.003142,0.026015
2026-04-01T20:07:13.3766175Z,-0.113104,0.935102,0.253623,-0.102342,0.912664,0.279060,6.60,gru,0.010762,0.022438,0.025437
2026-04-01T20:07:13.3896924Z,-0.105275,0.903105,0.281500,-0.078265,0.881350,0.317537,5.06,gru,0.027010,0.021755,0.036037
2026-04-01T20:07:13.4242632Z,-0.084020,0.908005,0.268584,-0.062052,0.935098,0.253697,5.79,gru,0.021967,0.027093,0.014888
2026-04-01T20:07:13.4589793Z,-0.071778,0.902208,0.266308,-0.059134,0.887903,0.251882,4.10,gru,0.012644,0.014305,0.014426
2026-04-01T20:07:13.4907610Z,-0.060840,0.892853,0.270570,-0.055923,0.894258,0.298584,4.01,gru,0.004917,0.001406,0.028014
2026-04-01T20:07:13.5212241Z,-0.059009,0.883880,0.272849,-0.053197,0.862345,0.278647,4.06,gru,0.005812,0.021535,0.005798
2026-04-01T20:07:13.5602408Z,-0.055464,0.880285,0.273421,-0.050832,0.882727,0.268168,9.09,gru,0.004631,0.002442,0.005253
2026-04-01T20:07:13.5923712Z,-0.012595,0.918779,0.244560,0.029168,0.962727,0.232247,4.33,gru,0.041762,0.043948,0.012313
2026-04-01T20:07:13.6322407Z,-0.061547,0.871516,0.272153,-0.050832,0.919468,0.312247,6.61,gru,0.010714,0.047952,0.040093
2026-04-01T20:07:13.6686443Z,-0.061396,0.870626,0.271891,-0.094459,0.845593,0.305007,9.84,gru,0.033063,0.025033,0.033115
2026-04-01T20:07:13.7001331Z,-0.063821,0.867149,0.272306,-0.047417,0.918324,0.294024,8.61,gru,0.016404,0.051175,0.021718
2026-04-01T20:07:13.7274601Z,-0.009197,0.909204,0.245946,0.032583,0.998324,0.256351,6.06,gru,0.041780,0.089120,0.010405
2026-04-01T20:07:13.7538772Z,-0.011813,0.905774,0.247510,-0.047417,0.941859,0.278791,6.52,gru,0.035604,0.036085,0.031281
2026-04-01T20:07:13.7830089Z,-0.009660,0.904986,0.246943,-0.070180,0.894949,0.288766,4.51,gru,0.060520,0.010036,0.041823
2026-04-01T20:07:13.8253886Z,-0.009841,0.901557,0.246392,-0.014776,0.884166,0.267039,5.25,gru,0.004935,0.017390,0.020647
2026-04-01T20:07:13.8544797Z,-0.006894,0.896301,0.247362,-0.007152,0.897398,0.262368,6.59,gru,0.000258,0.001097,0.015006
2026-04-01T20:07:13.8837282Z,-0.039393,0.847299,0.280164,-0.087152,0.850014,0.342368,5.56,gru,0.047759,0.002715,0.062204
2026-04-01T20:07:13.9285289Z,-0.037041,0.830623,0.301484,-0.046113,0.792734,0.341646,5.80,gru,0.009072,0.037889,0.040162
2026-04-01T20:07:13.9583224Z,-0.003479,0.858090,0.263404,0.008218,0.872734,0.279148,4.51,gru,0.011697,0.014644,0.015744
2026-04-01T20:07:14.0055075Z,-0.000230,0.852001,0.262214,-0.042779,0.872560,0.284678,10.05,gru,0.042548,0.020559,0.022464
2026-04-01T20:07:14.0414851Z,-0.025805,0.816650,0.285803,-0.094403,0.878259,0.364678,4.03,gru,0.068598,0.061608,0.078875
2026-04-01T20:07:14.0662299Z,-0.023925,0.809032,0.285709,-0.042680,0.816008,0.332762,6.73,gru,0.018756,0.006976,0.047053
2026-04-01T20:07:14.1006488Z,-0.018723,0.799023,0.286819,-0.000497,0.886931,0.289086,8.21,gru,0.018226,0.087908,0.002268
2026-04-01T20:07:14.1353167Z,-0.020757,0.773664,0.308815,-0.065221,0.806931,0.369086,5.80,gru,0.044464,0.033267,0.060271
2026-04-01T20:07:14.1546062Z,-0.013498,0.764357,0.309356,-0.041595,0.739066,0.334636,5.00,gru,0.028097,0.025291,0.025281
2026-04-01T20:07:14.1883480Z,-0.005009,0.754376,0.300733,-0.004861,0.748097,0.298777,6.53,gru,0.000148,0.006278,0.001956
2026-04-01T20:07:14.2281685Z,0.007724,0.743123,0.295382,0.025409,0.759614,0.295293,5.88,gru,0.017685,0.016491,0.000089
2026-04-01T20:07:14.2598737Z,0.003081,0.728066,0.293352,-0.033157,0.711824,0.318571,5.14,gru,0.036237,0.016241,0.025219
2026-04-01T20:07:14.2922719Z,0.003746,0.712064,0.291176,-0.015600,0.670181,0.306741,3.61,gru,0.019346,0.041882,0.015565
2026-04-01T20:07:14.3202328Z,0.004123,0.697509,0.289458,0.008551,0.668576,0.292990,3.68,gru,0.004428,0.028933,0.003532
2026-04-01T20:07:14.3530454Z,0.008198,0.681250,0.288517,0.012644,0.661631,0.292514,4.94,gru,0.004445,0.019618,0.003997
2026-04-01T20:07:14.3928890Z,0.012458,0.665878,0.286326,0.005656,0.636737,0.290748,6.04,gru,0.006803,0.029141,0.004422
2026-04-01T20:07:14.4265220Z,0.013279,0.651685,0.285097,0.008238,0.634896,0.283047,5.02,gru,0.005040,0.016790,0.002050
2026-04-01T20:07:14.4615548Z,0.016952,0.636916,0.283669,0.025126,0.628735,0.278280,3.05,gru,0.008174,0.008182,0.005390
2026-04-01T20:07:14.4858208Z,0.019589,0.621627,0.284614,0.024014,0.611963,0.284988,4.51,gru,0.004425,0.009663,0.000374
2026-04-01T20:07:14.5273951Z,0.018519,0.607830,0.284221,0.007641,0.592922,0.288086,4.52,gru,0.010878,0.014908,0.003865
2026-04-01T20:07:14.5563594Z,-0.019247,0.586184,0.324465,-0.072359,0.589353,0.368086,4.00,gru,0.053112,0.003169,0.043621
2026-04-01T20:07:14.5841345Z,0.031129,0.577122,0.276288,0.007641,0.553846,0.301735,5.70,gru,0.023488,0.023276,0.025447
2026-04-01T20:07:14.6240873Z,0.030802,0.563075,0.277084,0.048298,0.580927,0.270248,7.20,gru,0.017496,0.017852,0.006835
2026-04-01T20:07:14.6750901Z,0.021895,0.547959,0.282392,-0.008192,0.585451,0.350248,3.57,gru,0.030087,0.037492,0.067856
2026-04-01T20:07:14.6871102Z,0.028760,0.532091,0.277133,0.051215,0.537356,0.335641,4.02,gru,0.022455,0.005264,0.058508
2026-04-01T20:07:14.7207222Z,0.031056,0.516900,0.275900,0.058153,0.520694,0.297162,5.32,gru,0.027097,0.003794,0.021262
2026-04-01T20:07:14.7561777Z,0.030458,0.500496,0.274923,0.012477,0.520815,0.305543,6.64,gru,0.017981,0.020318,0.030620
2026-04-01T20:07:14.7890638Z,0.028819,0.485472,0.275952,0.002827,0.489467,0.305486,4.51,gru,0.025992,0.003995,0.029534
2026-04-01T20:07:14.8193229Z,0.027203,0.470110,0.275089,0.019809,0.459135,0.292819,5.21,gru,0.007394,0.010975,0.017729
2026-04-01T20:07:14.8563039Z,0.027616,0.453994,0.275249,0.030060,0.440990,0.281553,6.52,gru,0.002444,0.013005,0.006305
2026-04-01T20:07:14.8867059Z,0.027223,0.439433,0.273767,0.015865,0.439300,0.282639,5.06,gru,0.011358,0.000133,0.008872
2026-04-01T20:07:14.9243565Z,0.018204,0.427867,0.276730,-0.004693,0.428990,0.293368,5.10,gru,0.022897,0.001123,0.016638
2026-04-01T20:07:14.9617804Z,0.010788,0.415670,0.277335,0.002765,0.407669,0.285141,3.11,gru,0.008023,0.008001,0.007806
2026-04-01T20:07:14.9901362Z,0.007442,0.404915,0.276780,0.012098,0.390448,0.279059,3.14,gru,0.004656,0.014467,0.002279
2026-04-01T20:07:15.0362005Z,0.004052,0.393002,0.276138,0.001161,0.387208,0.283019,4.57,gru,0.002891,0.005794,0.006881
2026-04-01T20:07:15.0778851Z,-0.000031,0.383567,0.274707,-0.008339,0.387674,0.279660,9.72,gru,0.008308,0.004107,0.004953
2026-04-01T20:07:15.1161357Z,-0.005801,0.363130,0.273767,-0.009676,0.369080,0.280452,5.01,gru,0.003874,0.005951,0.006685
2026-04-01T20:07:15.1542558Z,-0.006107,0.352293,0.270418,-0.005446,0.367231,0.268297,6.08,gru,0.000661,0.014939,0.002121
2026-04-01T20:07:15.1861821Z,0.001623,0.335357,0.263177,0.005311,0.324645,0.261320,4.12,gru,0.003689,0.010712,0.001857
2026-04-01T20:07:15.2208039Z,-0.011870,0.331474,0.268959,-0.030811,0.366852,0.285684,4.51,gru,0.018941,0.035378,0.016725
2026-04-01T20:07:15.2562639Z,-0.008838,0.320752,0.263399,-0.008089,0.337269,0.263217,7.00,gru,0.000748,0.016517,0.000181
2026-04-01T20:07:15.2897651Z,-0.006537,0.308226,0.260087,0.008984,0.310285,0.255026,7.02,gru,0.015521,0.002059,0.005061
2026-04-01T20:07:15.3385316Z,0.014657,0.282217,0.242591,0.036062,0.273743,0.230516,5.07,gru,0.021405,0.008474,0.012075
2026-04-01T20:07:15.3617649Z,0.013978,0.273983,0.240093,0.005576,0.313234,0.250571,4.03,gru,0.008402,0.039251,0.010478
2026-04-01T20:07:15.4060981Z,0.011862,0.265533,0.239418,-0.005053,0.304166,0.257887,9.33,gru,0.016916,0.038633,0.018469
2026-04-01T20:07:15.4305120Z,0.009153,0.258463,0.238365,0.016751,0.266910,0.244027,8.57,gru,0.007598,0.008447,0.005662
2026-04-01T20:07:15.4729388Z,0.004566,0.252158,0.238302,0.003046,0.260202,0.239013,8.05,gru,0.001520,0.008044,0.000711
2026-04-01T20:07:15.5003148Z,0.004444,0.244891,0.235448,-0.000888,0.259077,0.237193,7.10,gru,0.005332,0.014186,0.001745
2026-04-01T20:07:15.5380856Z,0.002259,0.240021,0.234502,-0.002686,0.257465,0.239167,5.18,gru,0.004945,0.017444,0.004665
2026-04-01T20:07:15.5645832Z,0.000899,0.233689,0.232402,-0.001664,0.244314,0.233836,4.90,gru,0.002563,0.010625,0.001434
2026-04-01T20:07:15.6011667Z,-0.001422,0.228813,0.230903,-0.003752,0.235309,0.230515,6.36,gru,0.002330,0.006496,0.000388
2026-04-01T20:07:15.6353021Z,-0.003800,0.224947,0.229514,-0.009863,0.237510,0.231492,5.28,gru,0.006063,0.012563,0.001978
2026-04-01T20:07:15.6705680Z,-0.004822,0.219749,0.227252,-0.008058,0.229908,0.227805,7.82,gru,0.003235,0.010159,0.000553
2026-04-01T20:07:15.6913032Z,-0.007874,0.216166,0.224966,-0.012844,0.225020,0.222908,4.42,gru,0.004970,0.008854,0.002058
2026-04-01T20:07:15.7275872Z,-0.010460,0.212850,0.223621,-0.015540,0.223295,0.223591,9.09,gru,0.005080,0.010445,0.000030
2026-04-01T20:07:15.7559536Z,-0.011514,0.208242,0.221785,-0.013793,0.215463,0.221346,3.51,gru,0.002279,0.007221,0.000439
2026-04-01T20:07:15.7913151Z,-0.012420,0.206807,0.220910,-0.015582,0.220690,0.220278,4.15,gru,0.003161,0.013883,0.000632
2026-04-01T20:07:15.8195053Z,-0.013124,0.204014,0.219580,-0.015741,0.212541,0.218065,5.88,gru,0.002617,0.008527,0.001515
2026-04-01T20:07:15.8601612Z,-0.012598,0.202129,0.218290,-0.014796,0.215968,0.216274,6.05,gru,0.002198,0.013839,0.002016
2026-04-01T20:07:15.9026027Z,-0.012117,0.200671,0.218152,-0.014881,0.219496,0.217562,5.96,gru,0.002765,0.018825,0.000590
2026-04-01T20:07:15.9385696Z,-0.011228,0.199607,0.216688,-0.012863,0.215238,0.214059,7.53,gru,0.001636,0.015631,0.002629
2026-04-01T20:07:15.9664903Z,-0.009017,0.201343,0.216626,-0.006209,0.210545,0.215125,6.33,gru,0.002808,0.009201,0.001501
2026-04-01T20:07:15.9916559Z,-0.006506,0.204084,0.216980,-0.002889,0.213380,0.216833,4.06,gru,0.003617,0.009295,0.000147
2026-04-01T20:07:16.0215876Z,-0.001526,0.207641,0.219822,0.004898,0.215209,0.221726,2.00,gru,0.006424,0.007568,0.001904
2026-04-01T20:07:16.0605371Z,-0.042582,0.251726,0.271151,-0.075102,0.293966,0.301726,6.02,gru,0.032520,0.042240,0.030575
2026-04-01T20:07:16.0955083Z,-0.034499,0.260715,0.272791,0.004898,0.272185,0.296883,5.52,gru,0.039397,0.011470,0.024092
2026-04-01T20:07:16.1273937Z,0.028225,0.237473,0.228091,0.084898,0.218931,0.252306,3.03,gru,0.056673,0.018543,0.024215
2026-04-01T20:07:16.1547358Z,0.013997,0.270847,0.252040,0.033810,0.298931,0.332306,4.00,gru,0.019813,0.028083,0.080265
2026-04-01T20:07:16.1899532Z,-0.016538,0.305222,0.294189,-0.046190,0.378931,0.412306,3.64,gru,0.029652,0.073708,0.118116
2026-04-01T20:07:16.2297408Z,-0.007240,0.321237,0.298538,0.033810,0.304379,0.364983,5.32,gru,0.041050,0.016858,0.066445
2026-04-01T20:07:16.2652519Z,0.001172,0.338230,0.302025,0.058049,0.334134,0.328500,3.51,gru,0.056877,0.004096,0.026474
2026-04-01T20:07:16.2964005Z,0.004706,0.358079,0.307692,-0.009210,0.414134,0.387438,4.51,gru,0.013916,0.056055,0.079747
2026-04-01T20:07:16.3245029Z,-0.002747,0.378605,0.321170,-0.025009,0.455101,0.395045,3.51,gru,0.022263,0.076496,0.073875
2026-04-01T20:07:16.3551689Z,-0.002029,0.409682,0.306696,0.024534,0.469495,0.348242,7.34,gru,0.026563,0.059813,0.041546
2026-04-01T20:07:16.3889799Z,-0.000628,0.425151,0.313488,0.013225,0.449397,0.335004,6.52,gru,0.013852,0.024246,0.021516
2026-04-01T20:07:16.4209010Z,0.000198,0.443606,0.319358,-0.005039,0.489535,0.387822,3.52,gru,0.005237,0.045930,0.068464
2026-04-01T20:07:16.4538796Z,0.000698,0.462541,0.324474,-0.003427,0.519428,0.357557,5.01,gru,0.004124,0.056887,0.033083
2026-04-01T20:07:16.4887090Z,0.005211,0.471801,0.345196,0.015153,0.503959,0.378449,7.69,gru,0.009942,0.032158,0.033253
2026-04-01T20:07:16.5198129Z,0.017019,0.490062,0.343286,0.036273,0.504835,0.349150,6.24,gru,0.019254,0.014773,0.005865
2026-04-01T20:07:16.5501891Z,0.018874,0.509294,0.344856,0.009341,0.545229,0.344861,5.52,gru,0.009533,0.035935,0.000005
2026-04-01T20:07:16.5854201Z,0.018875,0.528255,0.346006,0.005961,0.563625,0.359921,6.30,gru,0.012914,0.035370,0.013915
2026-04-01T20:07:16.6214835Z,0.020046,0.546227,0.344618,0.028367,0.561637,0.347267,4.52,gru,0.008321,0.015410,0.002649
2026-04-01T20:07:16.6562463Z,0.019381,0.563412,0.343207,0.026501,0.565327,0.340349,6.81,gru,0.007120,0.001914,0.002858
2026-04-01T20:07:16.6889136Z,0.017648,0.578830,0.345477,0.009037,0.608251,0.348512,4.52,gru,0.008611,0.029421,0.003035
2026-04-01T20:07:16.7241176Z,0.009594,0.592980,0.348182,-0.002298,0.615060,0.349500,5.01,gru,0.011892,0.022080,0.001318
2026-04-01T20:07:16.7545510Z,0.005019,0.608381,0.346663,0.009430,0.613719,0.342212,6.51,gru,0.004411,0.005339,0.004451
2026-04-01T20:07:16.7921927Z,0.008100,0.628083,0.342311,0.028509,0.635899,0.332748,5.87,gru,0.020409,0.007816,0.009563
2026-04-01T20:07:16.8284244Z,0.018069,0.655562,0.326569,0.034602,0.687503,0.307019,4.18,gru,0.016534,0.031941,0.019549
2026-04-01T20:07:16.8582531Z,0.008615,0.668780,0.329385,-0.018952,0.689787,0.341387,4.10,gru,0.027567,0.021007,0.012001
2026-04-01T20:07:16.8940406Z,0.055915,0.724693,0.283511,0.061048,0.769787,0.275502,7.44,gru,0.005133,0.045094,0.008009
2026-04-01T20:07:16.9214000Z,0.057941,0.744659,0.278377,0.059696,0.771753,0.277908,5.33,gru,0.001755,0.027094,0.000469
2026-04-01T20:07:16.9549732Z,0.040917,0.768169,0.275729,-0.020304,0.782757,0.337961,6.10,gru,0.061222,0.014588,0.062232
2026-04-01T20:07:16.9881296Z,0.042154,0.792587,0.265669,0.058421,0.802811,0.292023,6.08,gru,0.016267,0.010223,0.026354
2026-04-01T20:07:17.0230435Z,0.028156,0.810744,0.267160,0.037163,0.834834,0.275012,3.61,gru,0.009008,0.024090,0.007851
2026-04-01T20:07:17.0527842Z,-0.037102,0.789387,0.306234,-0.042837,0.801446,0.355012,3.95,gru,0.005735,0.012059,0.048777
2026-04-01T20:07:17.0855565Z,-0.076573,0.797797,0.299113,-0.122837,0.786889,0.323975,5.02,gru,0.046264,0.010908,0.024862
2026-04-01T20:07:17.1303346Z,-0.017124,0.876897,0.247654,-0.042837,0.866889,0.314566,4.54,gru,0.025713,0.010008,0.066911
2026-04-01T20:07:17.1762195Z,-0.026262,0.896604,0.242781,-0.087600,0.937332,0.324830,5.03,gru,0.061338,0.040729,0.082049
2026-04-01T20:07:17.2114003Z,-0.049649,0.911521,0.243206,-0.167600,0.922196,0.356462,6.02,gru,0.117952,0.010675,0.113257
2026-04-01T20:07:17.2207057Z,-0.054893,0.926319,0.236608,-0.087600,0.864266,0.317573,6.29,gru,0.032707,0.062053,0.080964
2026-04-01T20:07:17.2589735Z,-0.076456,0.939077,0.235681,-0.082459,0.944266,0.262918,6.77,gru,0.006003,0.005190,0.027237
2026-04-01T20:07:17.2870567Z,-0.089974,0.950931,0.232718,-0.141971,0.930376,0.274522,6.43,gru,0.051997,0.020556,0.041804
2026-04-01T20:07:17.3226909Z,-0.139792,0.916303,0.268250,-0.213166,0.909528,0.354522,3.52,gru,0.073374,0.006775,0.086271
2026-04-01T20:07:17.3542287Z,-0.140802,0.965906,0.234931,-0.174174,0.989528,0.274522,4.31,gru,0.033372,0.023622,0.039590
2026-04-01T20:07:17.3892129Z,-0.153800,0.975866,0.232401,-0.143567,1.038620,0.237168,4.13,gru,0.010232,0.062754,0.004767
2026-04-01T20:07:17.4247792Z,-0.166712,0.982200,0.230639,-0.221694,1.027080,0.293629,4.21,gru,0.054982,0.044880,0.062990
2026-04-01T20:07:17.4545593Z,-0.180589,0.987266,0.229993,-0.205948,0.952106,0.261409,4.00,gru,0.025360,0.035160,0.031416
2026-04-01T20:07:17.4951240Z,-0.191840,0.992333,0.225277,-0.195662,0.983849,0.238258,5.05,gru,0.003821,0.008483,0.012980
2026-04-01T20:07:17.5316352Z,-0.201997,0.995050,0.224656,-0.203032,0.979639,0.233189,7.23,gru,0.001035,0.015411,0.008533
2026-04-01T20:07:17.5519341Z,-0.209567,1.007623,0.213561,-0.215431,0.975359,0.212680,4.02,gru,0.005863,0.032264,0.000881
2026-04-01T20:07:17.5905145Z,-0.219286,1.016583,0.205512,-0.217380,0.982773,0.201254,6.87,gru,0.001905,0.033810,0.004258
2026-04-01T20:07:17.6266995Z,-0.227608,1.025850,0.195050,-0.217756,1.015251,0.186988,7.41,gru,0.009852,0.010599,0.008062
2026-04-01T20:07:17.6640794Z,-0.237345,1.030098,0.188496,-0.231003,1.012576,0.181675,3.51,gru,0.006342,0.017522,0.006821
2026-04-01T20:07:17.7105005Z,-0.255862,1.030504,0.184550,-0.269654,1.007972,0.190821,4.51,gru,0.013791,0.022532,0.006271
2026-04-01T20:07:17.7185246Z,-0.263108,1.032097,0.177974,-0.256883,1.005396,0.176335,4.52,gru,0.006225,0.026701,0.001639
2026-04-01T20:07:17.7540679Z,-0.270505,1.039754,0.162937,-0.257922,1.037701,0.146585,3.00,gru,0.012584,0.002053,0.016352
2026-04-01T20:07:17.7924829Z,-0.286266,1.039241,0.162814,-0.296104,1.032879,0.168910,5.14,gru,0.009838,0.006363,0.006096
2026-04-01T20:07:17.8250153Z,-0.302323,1.031405,0.168507,-0.307350,1.012803,0.185432,5.60,gru,0.005027,0.018602,0.016925
2026-04-01T20:07:17.8537819Z,-0.313858,1.033171,0.163076,-0.301412,1.034767,0.154377,5.26,gru,0.012446,0.001596,0.008699
2026-04-01T20:07:17.8889113Z,-0.321467,1.041230,0.153253,-0.311081,1.063938,0.133879,6.07,gru,0.010386,0.022708,0.019374
2026-04-01T20:07:17.9266636Z,-0.327926,1.043419,0.148141,-0.319184,1.043884,0.142340,6.52,gru,0.008742,0.000465,0.005801
2026-04-01T20:07:17.9518147Z,-0.339096,1.038751,0.152026,-0.336062,1.029292,0.165156,5.03,gru,0.003034,0.009459,0.013130
2026-04-01T20:07:17.9839871Z,-0.343655,1.039531,0.153162,-0.328763,1.035200,0.154321,4.52,gru,0.014892,0.004331,0.001158
2026-04-01T20:07:18.0210568Z,-0.323104,1.080874,0.102419,-0.299524,1.115200,0.079382,4.52,gru,0.023580,0.034326,0.023037
2026-04-01T20:07:18.0558565Z,-0.342736,1.041134,0.154193,-0.358342,1.126578,0.159382,4.00,gru,0.015606,0.085445,0.005188
2026-04-01T20:07:18.0906001Z,-0.339721,1.041922,0.157176,-0.329914,1.046578,0.202218,4.53,gru,0.009807,0.004657,0.045042
2026-04-01T20:07:18.1263740Z,-0.333461,1.042814,0.158670,-0.299598,1.126578,0.173042,6.14,gru,0.033862,0.083765,0.014371
2026-04-01T20:07:18.1795229Z,-0.324685,1.043843,0.161156,-0.295129,1.067419,0.187730,6.37,gru,0.029557,0.023575,0.026575
2026-04-01T20:07:18.2237420Z,-0.301278,1.044781,0.167264,-0.252891,1.034662,0.181951,5.52,gru,0.048387,0.010120,0.014686
2026-04-01T20:07:18.2524508Z,-0.289610,1.048967,0.170066,-0.251483,1.041283,0.182669,4.61,gru,0.038127,0.007684,0.012603
2026-04-01T20:07:18.2891265Z,-0.275699,1.043270,0.174433,-0.239231,1.024838,0.180729,5.77,gru,0.036467,0.018432,0.006296
2026-04-01T20:07:18.3234570Z,-0.261932,1.041427,0.180379,-0.217154,1.016111,0.189402,6.02,gru,0.044778,0.025316,0.009023
2026-04-01T20:07:18.3560596Z,-0.240284,1.049017,0.169264,-0.183408,1.040670,0.162426,3.54,gru,0.056875,0.008347,0.006838
2026-04-01T20:07:18.3871344Z,-0.222480,1.049179,0.169728,-0.176368,1.034158,0.171204,3.51,gru,0.046112,0.015020,0.001476
2026-04-01T20:07:18.4195231Z,-0.208185,1.046106,0.173560,-0.177324,1.030254,0.190482,5.02,gru,0.030860,0.015853,0.016922
2026-04-01T20:07:18.4529340Z,-0.190526,1.044730,0.173532,-0.145606,1.027677,0.175668,7.04,gru,0.044920,0.017053,0.002136
2026-04-01T20:07:18.4853912Z,-0.176342,1.039860,0.177422,-0.137378,1.029458,0.180755,2.76,gru,0.038964,0.010402,0.003333
2026-04-01T20:07:18.5205176Z,-0.165922,1.032001,0.184470,-0.142097,1.023087,0.198053,3.52,gru,0.023825,0.008914,0.013584
2026-04-01T20:07:18.5579275Z,-0.151982,1.028233,0.187829,-0.124154,1.018928,0.191652,8.51,gru,0.027828,0.009305,0.003823
2026-04-01T20:07:18.5982964Z,-0.142766,1.022915,0.193589,-0.115226,1.006689,0.202865,6.03,gru,0.027540,0.016226,0.009276
2026-04-01T20:07:18.6334489Z,-0.130563,1.015178,0.199901,-0.110175,1.001168,0.212525,5.02,gru,0.020388,0.014010,0.012625
2026-04-01T20:07:18.6680713Z,-0.093400,1.012699,0.190682,-0.035601,0.998118,0.186338,7.04,gru,0.057799,0.014582,0.004344
2026-04-01T20:07:18.7036861Z,-0.084684,1.006378,0.195403,-0.075727,1.007000,0.201883,5.52,gru,0.008957,0.000622,0.006481
2026-04-01T20:07:18.7471297Z,-0.065505,0.991052,0.209608,-0.126703,0.982771,0.272082,4.49,gru,0.061198,0.008281,0.062474
2026-04-01T20:07:18.7904725Z,-0.059306,0.984017,0.215778,-0.046703,0.988771,0.213906,6.05,gru,0.012602,0.004754,0.001872
2026-04-01T20:07:18.8345441Z,-0.047364,0.975412,0.220919,-0.058523,0.974258,0.252919,4.83,gru,0.011159,0.001154,0.031999
2026-04-01T20:07:18.8595779Z,-0.037649,0.968240,0.227346,-0.024157,0.951947,0.242657,6.02,gru,0.013492,0.016293,0.015311
2026-04-01T20:07:18.8916077Z,-0.026599,0.959705,0.230660,-0.003250,0.956542,0.238453,3.52,gru,0.023350,0.003163,0.007793
2026-04-01T20:07:18.9227721Z,-0.020702,0.950261,0.238238,-0.013589,0.943988,0.250916,4.68,gru,0.007114,0.006273,0.012678
2026-04-01T20:07:18.9565356Z,-0.011124,0.940774,0.239948,-0.008098,0.929252,0.247221,3.51,gru,0.003026,0.011521,0.007273
2026-04-01T20:07:18.9923672Z,0.000720,0.933238,0.241375,0.017989,0.919492,0.244119,7.61,gru,0.017269,0.013746,0.002743
2026-04-01T20:07:19.0306579Z,0.006096,0.925499,0.242897,0.012508,0.921709,0.247903,5.06,gru,0.006412,0.003791,0.005006
2026-04-01T20:07:19.0558659Z,0.013426,0.916049,0.245003,0.017631,0.905014,0.250153,6.03,gru,0.004205,0.011036,0.005150
2026-04-01T20:07:19.0870947Z,0.018331,0.906085,0.247066,0.025067,0.893050,0.249969,6.60,gru,0.006735,0.013035,0.002903
2026-04-01T20:07:19.1232996Z,0.032861,0.901943,0.243916,0.054300,0.899814,0.238749,7.89,gru,0.021439,0.002128,0.005167
2026-04-01T20:07:19.1549687Z,0.030143,0.888993,0.248903,0.019623,0.884120,0.257728,6.51,gru,0.010520,0.004874,0.008825
2026-04-01T20:07:19.1917066Z,0.043564,0.889353,0.244659,0.054041,0.884695,0.241654,4.53,gru,0.010477,0.004658,0.003005
2026-04-01T20:07:19.2282516Z,0.053390,0.885256,0.240826,0.074175,0.879765,0.233377,9.25,gru,0.020785,0.005491,0.007449
2026-04-01T20:07:19.2599369Z,0.057670,0.878748,0.241675,0.050333,0.878749,0.249966,4.58,gru,0.007337,0.000002,0.008291
2026-04-01T20:07:19.2871244Z,0.061864,0.872695,0.242692,0.059418,0.866181,0.244545,5.52,gru,0.002446,0.006514,0.001854
2026-04-01T20:07:19.3179959Z,0.062619,0.868425,0.243963,0.065063,0.866492,0.241291,3.99,gru,0.002444,0.001932,0.002672
2026-04-01T20:07:19.3546801Z,0.067805,0.864939,0.244048,0.076292,0.864631,0.242436,5.00,gru,0.008486,0.000308,0.001611
2026-04-01T20:07:19.3882232Z,0.071448,0.858878,0.245734,0.074663,0.854846,0.245700,7.56,gru,0.003216,0.004032,0.000034
2026-04-01T20:07:19.4379224Z,0.072431,0.853199,0.247621,0.064641,0.849311,0.248741,11.62,gru,0.007790,0.003888,0.001120
2026-04-01T20:07:19.4709486Z,0.072308,0.847993,0.249837,0.070398,0.846542,0.248067,10.67,gru,0.001911,0.001452,0.001770
2026-04-01T20:07:19.4948982Z,0.075633,0.844384,0.250079,0.084118,0.844282,0.245957,3.00,gru,0.008486,0.000102,0.004122
2026-04-01T20:07:19.5208636Z,0.075830,0.837164,0.251080,0.074347,0.832645,0.249065,3.52,gru,0.001482,0.004519,0.002015
2026-04-01T20:07:19.5546605Z,0.080343,0.834263,0.249416,0.080741,0.831616,0.245098,5.46,gru,0.000398,0.002647,0.004318
2026-04-01T20:07:19.5979925Z,0.080356,0.829781,0.249120,0.078840,0.829629,0.245273,3.95,gru,0.001516,0.000152,0.003847
2026-04-01T20:07:19.6268453Z,0.080565,0.825033,0.248804,0.078271,0.823950,0.246719,5.17,gru,0.002295,0.001083,0.002086
2026-04-01T20:07:19.6630425Z,0.080148,0.820957,0.250159,0.079287,0.819032,0.249258,4.51,gru,0.000861,0.001926,0.000900
2026-04-01T20:07:19.6931390Z,0.078910,0.815485,0.250558,0.075551,0.814510,0.247775,4.21,gru,0.003359,0.000976,0.002782
2026-04-01T20:07:19.7402258Z,0.078629,0.811343,0.251085,0.077224,0.810333,0.247571,5.66,gru,0.001405,0.001010,0.003514
2026-04-01T20:07:19.7602901Z,0.076887,0.807456,0.252922,0.073667,0.807424,0.253128,5.02,gru,0.003220,0.000033,0.000206
2026-04-01T20:07:19.7926796Z,0.076995,0.801869,0.253705,0.075572,0.797672,0.252738,7.20,gru,0.001423,0.004197,0.000967
2026-04-01T20:07:19.8285072Z,0.081666,0.795910,0.251355,0.088871,0.790401,0.244376,7.54,gru,0.007206,0.005509,0.006978
2026-04-01T20:07:19.8608279Z,0.085421,0.788762,0.254396,0.087978,0.789466,0.256235,3.68,gru,0.002558,0.000704,0.001839
2026-04-01T20:07:19.8882251Z,0.093008,0.776689,0.254920,0.098443,0.768998,0.254850,5.04,gru,0.005436,0.007690,0.000070
2026-04-01T20:07:19.9219148Z,0.094113,0.768011,0.257129,0.089978,0.763883,0.253916,5.04,gru,0.004135,0.004128,0.003213
2026-04-01T20:07:19.9581246Z,0.098282,0.756832,0.258758,0.098660,0.753448,0.257050,6.79,gru,0.000378,0.003384,0.001708
2026-04-01T20:07:19.9889938Z,0.074617,0.736396,0.276150,0.038088,0.734856,0.302663,7.95,gru,0.036530,0.001540,0.026513
2026-04-01T20:07:20.0214411Z,0.105294,0.732426,0.262718,0.118088,0.725121,0.260736,4.01,gru,0.012794,0.007305,0.001982
2026-04-01T20:07:20.0561173Z,0.111267,0.716905,0.264233,0.134056,0.715748,0.255216,4.51,gru,0.022789,0.001158,0.009017
2026-04-01T20:07:20.0911110Z,0.065396,0.695023,0.294427,0.054056,0.690615,0.335216,7.24,gru,0.011340,0.004408,0.040790
2026-04-01T20:07:20.1265741Z,0.066047,0.682236,0.294994,0.072442,0.656572,0.329247,6.58,gru,0.006395,0.025664,0.034253
2026-04-01T20:07:20.1560950Z,0.053335,0.663653,0.306404,0.093846,0.650535,0.312438,3.00,gru,0.040511,0.013118,0.006034
2026-04-01T20:07:20.1970528Z,0.040980,0.649605,0.316104,0.014668,0.663220,0.357765,6.04,gru,0.026313,0.013615,0.041661
2026-04-01T20:07:20.2391601Z,0.048113,0.631051,0.319146,0.052268,0.614393,0.338654,8.79,gru,0.004155,0.016658,0.019508
2026-04-01T20:07:20.2750700Z,0.064029,0.617639,0.306235,0.092748,0.596150,0.306680,8.78,gru,0.028719,0.021489,0.000445
2026-04-01T20:07:20.2890637Z,0.063394,0.600056,0.306946,0.058406,0.609487,0.319460,5.13,gru,0.004988,0.009431,0.012514
2026-04-01T20:07:20.3330834Z,0.065953,0.581328,0.308060,0.049277,0.583975,0.333492,10.53,gru,0.016676,0.002647,0.025433
2026-04-01T20:07:20.3613857Z,0.072914,0.562344,0.305970,0.082704,0.541477,0.313178,3.70,gru,0.009790,0.020866,0.007208
2026-04-01T20:07:20.3911273Z,0.076529,0.539665,0.306066,0.086483,0.523811,0.304535,3.89,gru,0.009954,0.015854,0.001531
2026-04-01T20:07:20.4245093Z,0.084342,0.517837,0.302552,0.084252,0.509929,0.303099,3.69,gru,0.000090,0.007908,0.000548
2026-04-01T20:07:20.4595134Z,0.073104,0.501765,0.308734,0.045746,0.506704,0.324440,5.54,gru,0.027358,0.004938,0.015706
2026-04-01T20:07:20.4873191Z,0.087122,0.476795,0.301564,0.106024,0.451771,0.301400,4.04,gru,0.018901,0.025024,0.000165
2026-04-01T20:07:20.5266731Z,0.085828,0.461175,0.301216,0.091906,0.453642,0.296149,5.02,gru,0.006077,0.007533,0.005067
2026-04-01T20:07:20.5635824Z,0.109934,0.430140,0.287115,0.124867,0.412494,0.276666,5.16,gru,0.014934,0.017646,0.010448
2026-04-01T20:07:20.5856182Z,0.108116,0.415334,0.287716,0.094879,0.425870,0.296006,3.00,gru,0.013237,0.010536,0.008290
2026-04-01T20:07:20.6206468Z,0.100343,0.403283,0.291204,0.072428,0.420860,0.313352,6.11,gru,0.027915,0.017577,0.022148
2026-04-01T20:07:20.6554672Z,0.096875,0.389128,0.292418,0.108462,0.381905,0.297057,4.77,gru,0.011587,0.007223,0.004639
2026-04-01T20:07:20.6873862Z,0.097576,0.373125,0.288670,0.111576,0.362144,0.281245,6.01,gru,0.013999,0.010981,0.007425
2026-04-01T20:07:20.7225426Z,0.092925,0.358735,0.288494,0.083124,0.370281,0.295641,5.66,gru,0.009800,0.011547,0.007147
2026-04-01T20:07:20.7601373Z,0.087028,0.347127,0.288448,0.075473,0.360768,0.297983,5.55,gru,0.011555,0.013642,0.009535
2026-04-01T20:07:20.7905756Z,0.082751,0.331112,0.287041,0.087534,0.331069,0.290113,4.22,gru,0.004783,0.000043,0.003072
2026-04-01T20:07:20.8199773Z,0.075878,0.317171,0.285772,0.072819,0.315402,0.287524,4.52,gru,0.003059,0.001769,0.001752
2026-04-01T20:07:20.8533265Z,0.067824,0.305710,0.285057,0.054953,0.320165,0.292095,5.01,gru,0.012871,0.014455,0.007038
2026-04-01T20:07:20.8909858Z,0.066803,0.286302,0.277999,0.069565,0.291172,0.276327,4.20,gru,0.002762,0.004869,0.001672
2026-04-01T20:07:20.9234467Z,0.061963,0.273021,0.275125,0.061142,0.284524,0.274594,6.04,gru,0.000821,0.011503,0.000531
2026-04-01T20:07:20.9549707Z,0.054484,0.261503,0.272421,0.044213,0.287964,0.277413,6.79,gru,0.010272,0.026462,0.004993
2026-04-01T20:07:20.9916223Z,0.048459,0.250981,0.269514,0.043860,0.268340,0.270841,3.11,gru,0.004598,0.017360,0.001327
2026-04-01T20:07:21.0204478Z,0.042389,0.236311,0.262808,0.043162,0.245768,0.258558,4.55,gru,0.000773,0.009456,0.004251
2026-04-01T20:07:21.0516235Z,0.031543,0.236755,0.266016,0.022024,0.268336,0.277766,4.52,gru,0.009520,0.031580,0.011751
2026-04-01T20:07:21.0883351Z,0.024920,0.233160,0.264724,0.019943,0.257800,0.272126,5.58,gru,0.004977,0.024639,0.007402
2026-04-01T20:07:21.1223348Z,0.016974,0.231517,0.263817,0.017669,0.244761,0.264494,7.54,gru,0.000695,0.013245,0.000677
2026-04-01T20:07:21.1548130Z,-0.018487,0.256101,0.286255,-0.051787,0.311006,0.331920,6.88,gru,0.033300,0.054904,0.045665
2026-04-01T20:07:21.2002644Z,-0.022767,0.254560,0.284585,-0.008049,0.264936,0.295282,10.05,gru,0.014718,0.010377,0.010697
2026-04-01T20:07:21.2372870Z,-0.025852,0.249617,0.281871,0.007777,0.243078,0.279418,7.66,gru,0.033629,0.006539,0.002453
2026-04-01T20:07:21.2627614Z,-0.000858,0.214281,0.248368,0.030778,0.195875,0.234440,4.52,gru,0.031636,0.018406,0.013928
2026-04-01T20:07:21.2996506Z,-0.004897,0.209781,0.242993,-0.008772,0.274171,0.266167,5.72,gru,0.003875,0.064390,0.023174
2026-04-01T20:07:21.3266883Z,-0.012546,0.210626,0.243616,-0.032723,0.283107,0.284270,4.15,gru,0.020177,0.072481,0.040654
2026-04-01T20:07:21.3528673Z,-0.020295,0.213420,0.247214,-0.009088,0.239965,0.264497,3.25,gru,0.011207,0.026545,0.017284
2026-04-01T20:07:21.3886263Z,-0.024103,0.208039,0.243287,-0.018164,0.218075,0.241504,3.01,gru,0.005938,0.010036,0.001783
2026-04-01T20:07:21.4297272Z,-0.028415,0.205749,0.239775,-0.040712,0.237524,0.241606,4.07,gru,0.012297,0.031775,0.001831
2026-04-01T20:07:21.4548383Z,0.029786,0.093229,0.134404,0.039288,0.157524,0.161606,5.41,gru,0.009503,0.064295,0.027202
2026-04-01T20:07:21.4888573Z,0.025084,0.089732,0.127246,0.057297,0.193684,0.181164,5.60,gru,0.032213,0.103952,0.053918
2026-04-01T20:07:21.5231743Z,0.022348,0.083859,0.120390,0.057300,0.252247,0.228514,4.98,gru,0.034951,0.168388,0.108125
2026-04-01T20:07:21.5547792Z,0.015915,0.082088,0.116060,0.048533,0.179949,0.175981,4.06,gru,0.032617,0.097862,0.059920
2026-04-01T20:07:21.5914136Z,0.010796,0.080796,0.111013,0.021688,0.150658,0.141882,4.66,gru,0.010892,0.069862,0.030869
2026-04-01T20:07:21.6214284Z,0.007572,0.077046,0.106245,0.000132,0.143427,0.128883,6.43,gru,0.007439,0.066380,0.022638
2026-04-01T20:07:21.6569348Z,0.005389,0.074396,0.102209,-0.009192,0.143664,0.129848,7.52,gru,0.014581,0.069268,0.027640
2026-04-01T20:07:21.6902276Z,0.001843,0.071606,0.100585,-0.014895,0.118600,0.121521,4.04,gru,0.016738,0.046994,0.020936
2026-04-01T20:07:21.7214602Z,0.000389,0.070909,0.098497,-0.015156,0.095334,0.105122,7.14,gru,0.015545,0.024425,0.006626
2026-04-01T20:07:21.7532442Z,-0.000516,0.069754,0.098519,-0.015459,0.087278,0.105023,6.52,gru,0.014943,0.017525,0.006504
2026-04-01T20:07:21.7835336Z,-0.000644,0.068894,0.098495,-0.021712,0.098151,0.110745,4.51,gru,0.021069,0.029257,0.012250
2026-04-01T20:07:21.8234541Z,-0.000471,0.067043,0.097856,-0.018745,0.092825,0.101603,3.76,gru,0.018274,0.025782,0.003746
2026-04-01T20:07:21.8678381Z,0.000087,0.066520,0.098643,-0.013652,0.084455,0.099795,5.94,gru,0.013739,0.017935,0.001152
2026-04-01T20:07:21.8969253Z,0.001005,0.067634,0.098449,0.000434,0.075752,0.099100,3.51,gru,0.000571,0.008118,0.000651
2026-04-01T20:07:21.9265868Z,0.002265,0.068171,0.098391,0.003638,0.082725,0.098876,4.82,gru,0.001373,0.014555,0.000485
2026-04-01T20:07:21.9582016Z,0.003456,0.067978,0.098484,0.015247,0.068484,0.095761,3.51,gru,0.011792,0.000506,0.002723
2026-04-01T20:07:21.9859658Z,0.004135,0.068954,0.098538,0.015970,0.084546,0.095206,5.53,gru,0.011835,0.015591,0.003332
2026-04-01T20:07:22.0242360Z,0.004500,0.069156,0.098213,0.015048,0.089129,0.094588,8.57,gru,0.010548,0.019973,0.003625
