timestamp,actual_x,actual_y,actual_z,predicted_x,predicted_y,predicted_z,inference_ms,model_name,abs_err_x,abs_err_y,abs_err_z
2026-04-01T19:46:22.3431974Z,0.025887,-0.003516,-0.005696,0.136772,0.005643,0.008745,5.09,gru,0.110885,0.009159,0.014440
2026-04-01T19:46:22.3747053Z,0.027023,-0.006671,-0.005973,0.136455,0.003248,0.008018,3.82,gru,0.109432,0.009919,0.013991
2026-04-01T19:46:22.4033734Z,0.027166,-0.004983,-0.004808,0.136427,0.006699,0.009092,3.51,gru,0.109262,0.011681,0.013900
2026-04-01T19:46:22.4406646Z,0.032287,-0.017111,-0.008845,0.135997,-0.003282,0.003978,5.75,gru,0.103711,0.013829,0.012823
2026-04-01T19:46:22.4859189Z,0.033359,-0.019750,-0.008851,0.136555,-0.003496,0.004453,10.58,gru,0.103196,0.016254,0.013303
2026-04-01T19:46:22.5176691Z,0.035979,-0.029451,-0.010699,0.136667,-0.006978,0.003732,5.29,gru,0.100688,0.022473,0.014432
2026-04-01T19:46:22.5552553Z,0.038074,-0.032360,-0.011839,0.137478,-0.006340,0.001571,8.05,gru,0.099404,0.026019,0.013410
2026-04-01T19:46:22.5820119Z,0.038373,-0.033718,-0.010497,0.137483,-0.003667,0.004509,7.25,gru,0.099111,0.030051,0.015006
2026-04-01T19:46:22.6252707Z,0.044454,-0.040493,-0.014930,0.138465,-0.009946,-0.002468,10.06,gru,0.094011,0.030546,0.012461
2026-04-01T19:46:22.6539304Z,0.047228,-0.042827,-0.012944,0.138581,-0.010148,0.001021,6.50,gru,0.091353,0.032679,0.013966
2026-04-01T19:46:22.6858303Z,0.046531,-0.043959,-0.010991,0.138293,-0.006815,0.005796,5.05,gru,0.091762,0.037145,0.016788
2026-04-01T19:46:22.7223541Z,0.048178,-0.043171,-0.009326,0.138893,-0.005125,0.004808,6.37,gru,0.090715,0.038046,0.014134
2026-04-01T19:46:22.7534616Z,0.048174,-0.045482,-0.008904,0.138361,-0.007186,0.004489,6.03,gru,0.090187,0.038296,0.013394
2026-04-01T19:46:22.7802315Z,0.048483,-0.043485,-0.004861,0.137370,-0.004286,0.010044,4.61,gru,0.088887,0.039199,0.014905
2026-04-01T19:46:22.8177574Z,0.048651,-0.041297,-0.002284,0.136670,-0.001069,0.012012,5.52,gru,0.088019,0.040228,0.014296
2026-04-01T19:46:22.8552268Z,0.052344,-0.043510,-0.001190,0.135635,-0.004119,0.010852,5.03,gru,0.083291,0.039391,0.012043
2026-04-01T19:46:22.8787370Z,0.052883,-0.044668,-0.000153,0.134073,-0.004644,0.011144,4.85,gru,0.081190,0.040024,0.011297
2026-04-01T19:46:22.9058794Z,0.054677,-0.042428,0.002758,0.132334,0.000384,0.014639,3.52,gru,0.077657,0.042812,0.011881
2026-04-01T19:46:22.9372284Z,0.055411,-0.041654,0.003357,0.130585,0.001333,0.013734,3.87,gru,0.075174,0.042987,0.010377
2026-04-01T19:46:22.9734831Z,0.056444,-0.041346,0.006148,0.127312,0.000578,0.016215,5.52,gru,0.070868,0.041924,0.010067
2026-04-01T19:46:23.0043654Z,0.058524,-0.040632,0.004516,0.126085,0.000853,0.011431,4.02,gru,0.067561,0.041484,0.006915
2026-04-01T19:46:23.0392609Z,0.058866,-0.039285,0.005426,0.123892,0.002969,0.012517,3.12,gru,0.065026,0.042254,0.007091
2026-04-01T19:46:23.0766084Z,0.058823,-0.039472,0.008109,0.119589,0.002666,0.018409,6.43,gru,0.060766,0.042138,0.010300
2026-04-01T19:46:23.1052224Z,0.061413,-0.039028,0.010880,0.118349,0.002035,0.018970,3.71,gru,0.056936,0.041063,0.008090
2026-04-01T19:46:23.1384741Z,0.061783,-0.038032,0.012578,0.115116,0.003013,0.018221,3.51,gru,0.053333,0.041046,0.005643
2026-04-01T19:46:23.1726624Z,0.062959,-0.034295,0.011338,0.113387,0.006997,0.013848,3.51,gru,0.050428,0.041292,0.002510
2026-04-01T19:46:23.2052334Z,0.063168,-0.034888,0.015279,0.110985,0.004285,0.022436,4.01,gru,0.047817,0.039173,0.007157
2026-04-01T19:46:23.2432871Z,0.063504,-0.034573,0.017800,0.107685,0.002682,0.024717,5.81,gru,0.044180,0.037254,0.006917
2026-04-01T19:46:23.2741375Z,0.064848,-0.033414,0.018574,0.105821,0.004286,0.020552,5.66,gru,0.040973,0.037700,0.001978
2026-04-01T19:46:23.3060334Z,0.065109,-0.030383,0.017811,0.104294,0.007698,0.018421,6.16,gru,0.039185,0.038081,0.000610
2026-04-01T19:46:23.3431566Z,0.065037,-0.031446,0.025279,0.100453,0.005176,0.034789,4.67,gru,0.035416,0.036622,0.009510
2026-04-01T19:46:23.3752732Z,0.066473,-0.029452,0.024305,0.100032,0.004520,0.026346,3.52,gru,0.033559,0.033972,0.002040
2026-04-01T19:46:23.4077392Z,0.067566,-0.028241,0.025750,0.098941,0.006267,0.024543,5.03,gru,0.031375,0.034508,0.001207
2026-04-01T19:46:23.4481853Z,0.068203,-0.026784,0.027227,0.097434,0.007231,0.030451,5.02,gru,0.029231,0.034015,0.003224
2026-04-01T19:46:23.4718686Z,0.069523,-0.025373,0.029387,0.096069,0.006738,0.031615,4.02,gru,0.026545,0.032111,0.002228
2026-04-01T19:46:23.5032558Z,0.069912,-0.026615,0.035885,0.093889,0.004198,0.042693,4.89,gru,0.023977,0.030814,0.006807
2026-04-01T19:46:23.5404308Z,0.070938,-0.024179,0.037991,0.092692,0.007616,0.039081,3.53,gru,0.021754,0.031794,0.001089
2026-04-01T19:46:23.5727154Z,0.071851,-0.023550,0.041523,0.092143,0.007596,0.041552,4.02,gru,0.020291,0.031146,0.000028
2026-04-01T19:46:23.6067725Z,0.072695,-0.022116,0.045021,0.090920,0.008141,0.047841,5.01,gru,0.018225,0.030256,0.002820
2026-04-01T19:46:23.6372428Z,0.073389,-0.020968,0.049059,0.089755,0.008520,0.051357,5.55,gru,0.016367,0.029488,0.002299
2026-04-01T19:46:23.6775655Z,0.074109,-0.019440,0.052019,0.089230,0.009497,0.052602,5.59,gru,0.015121,0.028937,0.000584
2026-04-01T19:46:23.7150892Z,0.075435,-0.017536,0.054931,0.089528,0.010759,0.054791,9.58,gru,0.014093,0.028294,0.000140
2026-04-01T19:46:23.7687823Z,0.076588,-0.016718,0.058414,0.089327,0.010114,0.059671,7.16,gru,0.012739,0.026832,0.001258
2026-04-01T19:46:23.7887045Z,0.077543,-0.014429,0.062235,0.088768,0.012777,0.063901,5.29,gru,0.011225,0.027206,0.001667
2026-04-01T19:46:23.8116518Z,0.078757,-0.013622,0.066483,0.089356,0.012186,0.068050,4.04,gru,0.010598,0.025808,0.001566
2026-04-01T19:46:23.8406681Z,0.079777,-0.011151,0.069901,0.089333,0.014257,0.070123,4.63,gru,0.009556,0.025408,0.000222
2026-04-01T19:46:23.8781683Z,0.081295,-0.011044,0.074443,0.090347,0.012855,0.075831,3.51,gru,0.009052,0.023900,0.001388
2026-04-01T19:46:23.9114789Z,0.084247,-0.013044,0.077107,0.093997,0.007482,0.076881,5.53,gru,0.009750,0.020526,0.000225
2026-04-01T19:46:23.9423360Z,0.086352,-0.013128,0.080815,0.094780,0.009199,0.080652,5.12,gru,0.008427,0.022327,0.000163
2026-04-01T19:46:23.9743735Z,0.088351,-0.012277,0.085234,0.095403,0.012483,0.087408,4.52,gru,0.007052,0.024760,0.002174
2026-04-01T19:46:24.0095094Z,0.090120,-0.009797,0.088794,0.096823,0.014141,0.089189,5.56,gru,0.006703,0.023938,0.000396
2026-04-01T19:46:24.0432649Z,0.092464,-0.009009,0.093475,0.099262,0.012435,0.094422,4.54,gru,0.006798,0.021444,0.000947
2026-04-01T19:46:24.0710262Z,0.094411,-0.007089,0.097782,0.100453,0.013959,0.098833,4.53,gru,0.006043,0.021048,0.001050
2026-04-01T19:46:24.1096089Z,0.097046,-0.004843,0.101437,0.102857,0.016496,0.101275,5.18,gru,0.005811,0.021340,0.000162
2026-04-01T19:46:24.1401398Z,0.099517,-0.002312,0.104622,0.105356,0.018315,0.104330,5.79,gru,0.005839,0.020627,0.000292
2026-04-01T19:46:24.1705492Z,0.102339,0.000749,0.107572,0.107960,0.020564,0.107217,4.02,gru,0.005621,0.019814,0.000355
2026-04-01T19:46:24.2021239Z,0.105813,0.003421,0.110228,0.111850,0.021621,0.109724,5.03,gru,0.006037,0.018200,0.000504
2026-04-01T19:46:24.2421621Z,0.108151,0.006409,0.112892,0.113122,0.024468,0.112635,5.07,gru,0.004972,0.018059,0.000257
2026-04-01T19:46:24.2739667Z,0.111616,0.008222,0.115052,0.117063,0.024466,0.114215,5.02,gru,0.005447,0.016244,0.000837
2026-04-01T19:46:24.3047175Z,0.115087,0.011167,0.117540,0.120755,0.027496,0.116983,3.86,gru,0.005668,0.016329,0.000558
2026-04-01T19:46:24.3393991Z,0.117840,0.013932,0.121560,0.122433,0.031237,0.123524,4.03,gru,0.004593,0.017305,0.001964
2026-04-01T19:46:24.3717082Z,0.121407,0.016383,0.125519,0.126698,0.031766,0.127135,4.87,gru,0.005291,0.015383,0.001616
2026-04-01T19:46:24.4059634Z,0.125171,0.018955,0.129914,0.130829,0.033880,0.130894,4.01,gru,0.005658,0.014926,0.000979
2026-04-01T19:46:24.4412055Z,0.128957,0.022873,0.135086,0.134093,0.039588,0.137439,3.02,gru,0.005136,0.016715,0.002353
2026-04-01T19:46:24.4763696Z,0.133078,0.028548,0.139377,0.138503,0.046690,0.140801,4.52,gru,0.005425,0.018142,0.001424
2026-04-01T19:46:24.5067802Z,0.138035,0.032072,0.144439,0.144835,0.047029,0.146356,4.00,gru,0.006800,0.014957,0.001918
2026-04-01T19:46:24.5403683Z,0.143335,0.036546,0.148488,0.150020,0.050081,0.149588,4.35,gru,0.006685,0.013535,0.001100
2026-04-01T19:46:24.5751001Z,0.150095,0.041150,0.151350,0.157532,0.055310,0.150597,5.71,gru,0.007436,0.014159,0.000753
2026-04-01T19:46:24.6086215Z,0.156052,0.047785,0.155806,0.163059,0.064542,0.158376,5.32,gru,0.007007,0.016757,0.002570
2026-04-01T19:46:24.6439889Z,0.162717,0.055924,0.160048,0.170006,0.072880,0.163106,4.04,gru,0.007289,0.016956,0.003058
2026-04-01T19:46:24.6746273Z,0.168309,0.063486,0.165028,0.175089,0.077677,0.167571,3.51,gru,0.006781,0.014191,0.002543
2026-04-01T19:46:24.7098004Z,0.174011,0.072976,0.169189,0.179937,0.088345,0.170823,6.02,gru,0.005926,0.015369,0.001634
2026-04-01T19:46:24.7432198Z,0.179533,0.080441,0.174187,0.185918,0.094324,0.177049,5.07,gru,0.006385,0.013883,0.002862
2026-04-01T19:46:24.7782988Z,0.185116,0.090055,0.178425,0.191335,0.105075,0.181247,5.96,gru,0.006219,0.015020,0.002822
2026-04-01T19:46:24.8101381Z,0.190304,0.097280,0.182860,0.195972,0.110511,0.185065,5.54,gru,0.005668,0.013232,0.002205
2026-04-01T19:46:24.8432494Z,0.195161,0.107607,0.187642,0.200110,0.123288,0.190906,5.02,gru,0.004949,0.015681,0.003264
2026-04-01T19:46:24.8735139Z,0.199900,0.116120,0.191834,0.205004,0.131038,0.194282,5.03,gru,0.005104,0.014918,0.002448
2026-04-01T19:46:24.9091180Z,0.205695,0.124517,0.195301,0.212440,0.136540,0.196506,6.02,gru,0.006745,0.012023,0.001205
2026-04-01T19:46:24.9386965Z,0.209113,0.136096,0.199811,0.212104,0.154195,0.203174,4.53,gru,0.002991,0.018099,0.003363
2026-04-01T19:46:24.9730588Z,0.213446,0.148047,0.203594,0.217506,0.166830,0.206631,6.05,gru,0.004060,0.018783,0.003037
2026-04-01T19:46:25.0097989Z,0.217378,0.159893,0.207770,0.222908,0.175359,0.210222,5.45,gru,0.005529,0.015466,0.002452
2026-04-01T19:46:25.0415211Z,0.222103,0.173722,0.211444,0.226895,0.191369,0.213652,3.96,gru,0.004792,0.017647,0.002208
2026-04-01T19:46:25.0737538Z,0.226324,0.188012,0.215824,0.230575,0.208182,0.219394,3.52,gru,0.004250,0.020171,0.003570
2026-04-01T19:46:25.1094526Z,0.231031,0.201509,0.220080,0.235822,0.219580,0.223822,3.51,gru,0.004791,0.018071,0.003742
2026-04-01T19:46:25.1422992Z,0.234619,0.218001,0.225834,0.237778,0.239032,0.230936,4.13,gru,0.003159,0.021031,0.005102
2026-04-01T19:46:25.1727652Z,0.242804,0.229070,0.228827,0.252375,0.241621,0.229861,4.51,gru,0.009572,0.012551,0.001033
2026-04-01T19:46:25.2043622Z,0.245806,0.248865,0.234358,0.247641,0.274610,0.239057,4.01,gru,0.001835,0.025745,0.004699
2026-04-01T19:46:25.2433022Z,0.251000,0.262259,0.239262,0.253035,0.282005,0.245051,3.59,gru,0.002035,0.019746,0.005789
2026-04-01T19:46:25.2768084Z,0.256973,0.277851,0.243302,0.265386,0.290990,0.245372,5.93,gru,0.008414,0.013138,0.002070
2026-04-01T19:46:25.3109189Z,0.262212,0.294082,0.248545,0.265805,0.315036,0.252567,6.53,gru,0.003593,0.020954,0.004021
2026-04-01T19:46:25.3486763Z,0.267215,0.308756,0.253334,0.269969,0.328137,0.258088,5.57,gru,0.002755,0.019382,0.004754
2026-04-01T19:46:25.3768081Z,0.275991,0.321421,0.256011,0.285961,0.334108,0.256854,5.02,gru,0.009969,0.012687,0.000842
2026-04-01T19:46:25.4142889Z,0.283637,0.334950,0.258648,0.290698,0.350849,0.259131,5.89,gru,0.007061,0.015898,0.000483
2026-04-01T19:46:25.4472115Z,0.289382,0.349007,0.261647,0.290340,0.370226,0.265232,4.64,gru,0.000959,0.021218,0.003585
2026-04-01T19:46:25.4763644Z,0.294645,0.361815,0.264389,0.297269,0.379807,0.267182,5.67,gru,0.002625,0.017992,0.002793
2026-04-01T19:46:25.5067508Z,0.298779,0.374898,0.266999,0.301694,0.390043,0.268184,5.02,gru,0.002915,0.015145,0.001186
2026-04-01T19:46:25.5440544Z,0.303253,0.386215,0.268648,0.306027,0.400116,0.268547,5.21,gru,0.002774,0.013901,0.000101
2026-04-01T19:46:25.5752625Z,0.307915,0.398086,0.270047,0.311299,0.414858,0.270969,6.04,gru,0.003384,0.016772,0.000922
2026-04-01T19:46:25.6108032Z,0.314946,0.406881,0.269530,0.321796,0.418919,0.268207,8.56,gru,0.006850,0.012038,0.001323
2026-04-01T19:46:25.6443168Z,0.319708,0.416525,0.270508,0.321839,0.428824,0.270855,6.66,gru,0.002131,0.012299,0.000348
2026-04-01T19:46:25.6806933Z,0.324394,0.426212,0.270595,0.324634,0.442381,0.270848,7.02,gru,0.000240,0.016169,0.000253
2026-04-01T19:46:25.7101979Z,0.327993,0.436758,0.271224,0.329893,0.452571,0.271053,4.64,gru,0.001900,0.015813,0.000171
2026-04-01T19:46:25.7439247Z,0.325450,0.450925,0.273658,0.316645,0.472422,0.276540,4.11,gru,0.008805,0.021497,0.002883
2026-04-01T19:46:25.7786130Z,0.314629,0.466997,0.279723,0.292646,0.490735,0.287736,6.59,gru,0.021983,0.023737,0.008013
2026-04-01T19:46:25.8225605Z,0.291401,0.491845,0.288693,0.256127,0.524151,0.298158,8.29,gru,0.035274,0.032306,0.009465
2026-04-01T19:46:25.8541579Z,0.292737,0.500401,0.289051,0.314511,0.501202,0.288180,7.98,gru,0.021774,0.000801,0.000871
2026-04-01T19:46:25.8932500Z,0.313856,0.498009,0.282913,0.357716,0.474319,0.272296,7.37,gru,0.043860,0.023690,0.010618
2026-04-01T19:46:25.9159140Z,0.345780,0.489436,0.272591,0.372013,0.484844,0.261831,6.72,gru,0.026232,0.004593,0.010760
2026-04-01T19:46:25.9460326Z,0.329522,0.508930,0.279183,0.279214,0.580239,0.308237,4.63,gru,0.050308,0.071309,0.029054
2026-04-01T19:46:25.9834027Z,0.332757,0.516818,0.279049,0.324914,0.542777,0.289175,5.11,gru,0.007843,0.025958,0.010126
2026-04-01T19:46:26.0183894Z,0.323988,0.531933,0.282672,0.343867,0.529967,0.281536,5.58,gru,0.019878,0.001966,0.001136
2026-04-01T19:46:26.0524373Z,0.303096,0.555493,0.289675,0.266761,0.606337,0.307927,5.21,gru,0.036335,0.050844,0.018251
2026-04-01T19:46:26.0825705Z,0.304863,0.564314,0.290732,0.309551,0.584806,0.299610,7.06,gru,0.004688,0.020493,0.008878
2026-04-01T19:46:26.1299977Z,0.303907,0.578532,0.291769,0.322759,0.588600,0.292746,9.57,gru,0.018852,0.010068,0.000977
2026-04-01T19:46:26.1618645Z,0.309869,0.587226,0.291603,0.310309,0.597055,0.290034,6.18,gru,0.000439,0.009829,0.001569
2026-04-01T19:46:26.1840002Z,0.311627,0.597873,0.292967,0.302810,0.618242,0.297554,5.74,gru,0.008817,0.020369,0.004587
2026-04-01T19:46:26.2158581Z,0.311344,0.611810,0.294548,0.298714,0.644867,0.297694,4.15,gru,0.012630,0.033057,0.003146
2026-04-01T19:46:26.2510028Z,0.327331,0.618562,0.292259,0.358390,0.619461,0.288494,10.11,gru,0.031059,0.000900,0.003765
2026-04-01T19:46:26.2997408Z,0.321204,0.636502,0.295342,0.304590,0.657780,0.300435,10.65,gru,0.016614,0.021278,0.005093
2026-04-01T19:46:26.3402459Z,0.359713,0.637513,0.287145,0.401621,0.632685,0.279576,9.97,gru,0.041908,0.004827,0.007568
2026-04-01T19:46:26.3678684Z,0.345621,0.657448,0.291869,0.315285,0.682942,0.297921,3.03,gru,0.030336,0.025494,0.006052
2026-04-01T19:46:26.4008738Z,0.351350,0.686666,0.291114,0.288507,0.703023,0.305621,4.27,gru,0.062843,0.016357,0.014506
2026-04-01T19:46:26.4076404Z,0.351350,0.686666,0.291114,0.400303,0.668610,0.292068,3.51,gru,0.048953,0.018056,0.000954
2026-04-01T19:46:26.4414335Z,0.356155,0.699690,0.289974,0.365519,0.708520,0.286452,4.23,gru,0.009364,0.008830,0.003522
2026-04-01T19:46:26.4760944Z,0.360360,0.712926,0.288803,0.330443,0.744147,0.296519,4.69,gru,0.029917,0.031221,0.007716
2026-04-01T19:46:26.5152639Z,0.382154,0.721749,0.282947,0.409702,0.733844,0.283014,4.84,gru,0.027548,0.012096,0.000067
2026-04-01T19:46:26.5602256Z,0.383853,0.734618,0.281857,0.383633,0.740745,0.278999,8.13,gru,0.000220,0.006127,0.002858
2026-04-01T19:46:26.5939840Z,0.380875,0.747566,0.281831,0.352879,0.764576,0.287110,6.11,gru,0.027996,0.017010,0.005279
2026-04-01T19:46:26.6143106Z,0.356647,0.766106,0.286715,0.308351,0.786036,0.295085,5.66,gru,0.048296,0.019930,0.008370
2026-04-01T19:46:26.6402325Z,0.301944,0.783524,0.297984,0.214819,0.800719,0.314549,6.04,gru,0.087124,0.017196,0.016565
2026-04-01T19:46:26.6747200Z,0.351374,0.788438,0.284683,0.430056,0.757301,0.291501,3.68,gru,0.078682,0.031137,0.006818
2026-04-01T19:46:26.7046820Z,0.348303,0.798432,0.283362,0.354505,0.809331,0.287690,4.85,gru,0.006202,0.010899,0.004328
2026-04-01T19:46:26.7392959Z,0.353311,0.808129,0.279849,0.281832,0.835612,0.306572,4.03,gru,0.071479,0.027483,0.026723
2026-04-01T19:46:26.7752358Z,0.283722,0.822509,0.294516,0.178160,0.845527,0.335952,7.02,gru,0.105562,0.023018,0.041436
2026-04-01T19:46:26.8175367Z,0.283946,0.830013,0.292658,0.356234,0.824203,0.328272,3.56,gru,0.072288,0.005810,0.035614
2026-04-01T19:46:26.8507613Z,0.278064,0.839208,0.290200,0.336015,0.849062,0.295642,4.54,gru,0.057951,0.009853,0.005443
2026-04-01T19:46:26.8840036Z,0.276875,0.847204,0.289154,0.233162,0.871735,0.319893,5.12,gru,0.043713,0.024530,0.030739
2026-04-01T19:46:26.9107624Z,0.270266,0.855485,0.287661,0.246065,0.875921,0.311621,7.03,gru,0.024202,0.020437,0.023960
2026-04-01T19:46:26.9443628Z,0.267566,0.865873,0.286391,0.310267,0.869827,0.301443,6.04,gru,0.042701,0.003954,0.015052
2026-04-01T19:46:26.9871265Z,0.280951,0.875230,0.279812,0.326913,0.882616,0.280721,8.51,gru,0.045962,0.007386,0.000908
2026-04-01T19:46:27.0176083Z,0.231277,0.883103,0.288209,0.145266,0.884477,0.330192,8.08,gru,0.086011,0.001373,0.041983
2026-04-01T19:46:27.0464514Z,0.260233,0.891187,0.279068,0.296301,0.873315,0.296507,4.61,gru,0.036068,0.017872,0.017438
2026-04-01T19:46:27.0897564Z,0.260686,0.900487,0.276323,0.328752,0.897270,0.279219,9.60,gru,0.068066,0.003217,0.002897
2026-04-01T19:46:27.1122954Z,0.205439,0.905493,0.286641,0.143583,0.882350,0.347690,7.07,gru,0.061856,0.023143,0.061049
2026-04-01T19:46:27.1375640Z,0.202408,0.913094,0.285164,0.200273,0.875406,0.313264,5.05,gru,0.002135,0.037688,0.028099
2026-04-01T19:46:27.1736314Z,0.196470,0.920178,0.284218,0.262945,0.908132,0.302387,6.57,gru,0.066475,0.012046,0.018169
2026-04-01T19:46:27.2081687Z,0.199199,0.926076,0.281208,0.194552,0.930147,0.296228,8.53,gru,0.004648,0.004071,0.015020
2026-04-01T19:46:27.2417692Z,0.143510,0.929261,0.292282,0.036512,0.926459,0.341674,4.63,gru,0.106998,0.002802,0.049391
2026-04-01T19:46:27.2894487Z,0.138548,0.934702,0.292227,0.138862,0.907821,0.323792,9.63,gru,0.000314,0.026881,0.031565
2026-04-01T19:46:27.3332935Z,0.135411,0.942522,0.290930,0.214825,0.942840,0.307192,12.94,gru,0.079414,0.000318,0.016262
2026-04-01T19:46:27.3594511Z,0.140391,0.949406,0.287867,0.124242,0.949500,0.306796,10.28,gru,0.016149,0.000094,0.018929
2026-04-01T19:46:27.4067853Z,0.124799,0.956882,0.288013,0.062922,0.949435,0.306367,11.06,gru,0.061877,0.007447,0.018354
2026-04-01T19:46:27.4601416Z,0.105755,0.968253,0.286453,0.092300,0.962038,0.300820,7.20,gru,0.013455,0.006215,0.014367
2026-04-01T19:46:27.5040881Z,0.082693,0.976218,0.286938,0.098458,0.976915,0.295499,7.12,gru,0.015765,0.000697,0.008561
2026-04-01T19:46:27.5616635Z,0.055832,0.986137,0.284134,0.015877,0.981116,0.285865,6.80,gru,0.039955,0.005022,0.001731
2026-04-01T19:46:27.5855005Z,0.044655,0.994057,0.281293,0.029005,0.980749,0.282517,6.02,gru,0.015650,0.013308,0.001224
2026-04-01T19:46:27.6203180Z,0.037977,1.001122,0.278998,0.059155,0.992060,0.282741,6.19,gru,0.021179,0.009062,0.003743
2026-04-01T19:46:27.6482218Z,0.023245,1.007414,0.275908,0.005975,1.007109,0.274238,6.20,gru,0.017270,0.000305,0.001671
2026-04-01T19:46:27.6796905Z,0.016427,1.014254,0.271971,0.002948,1.005052,0.266555,6.54,gru,0.013479,0.009203,0.005416
2026-04-01T19:46:27.7106071Z,0.006446,1.020832,0.268618,0.000003,1.015799,0.265328,6.04,gru,0.006443,0.005033,0.003290
2026-04-01T19:46:27.7433367Z,0.001860,1.027752,0.262984,0.006275,1.031298,0.257078,4.57,gru,0.004415,0.003545,0.005906
2026-04-01T19:46:27.7767616Z,-0.012610,1.033172,0.260639,-0.028014,1.028215,0.257581,5.80,gru,0.015404,0.004956,0.003059
2026-04-01T19:46:27.8085803Z,-0.023879,1.039524,0.258323,-0.039293,1.040544,0.256305,5.03,gru,0.015414,0.001020,0.002018
2026-04-01T19:46:27.8434730Z,-0.050082,1.041388,0.259392,-0.074746,1.042009,0.258607,4.05,gru,0.024664,0.000621,0.000785
2026-04-01T19:46:27.8805248Z,-0.056605,1.047999,0.254953,-0.050277,1.055237,0.248535,6.66,gru,0.006328,0.007238,0.006419
2026-04-01T19:46:27.9160197Z,-0.066948,1.054148,0.250727,-0.060653,1.057270,0.241242,4.53,gru,0.006295,0.003121,0.009485
2026-04-01T19:46:27.9433423Z,-0.073678,1.060624,0.247222,-0.086992,1.069745,0.244084,3.24,gru,0.013313,0.009122,0.003138
2026-04-01T19:46:27.9790760Z,-0.083034,1.066619,0.242481,-0.090787,1.068187,0.236679,5.52,gru,0.007753,0.001569,0.005802
2026-04-01T19:46:28.0104094Z,-0.091270,1.072158,0.238281,-0.094686,1.078877,0.231503,5.02,gru,0.003416,0.006719,0.006778
2026-04-01T19:46:28.0609049Z,-0.105718,1.076945,0.235036,-0.118111,1.083096,0.229943,8.07,gru,0.012393,0.006151,0.005093
2026-04-01T19:46:28.0957306Z,-0.110318,1.080871,0.231008,-0.106318,1.082684,0.225179,7.18,gru,0.004000,0.001813,0.005829
2026-04-01T19:46:28.1205032Z,-0.129277,1.085332,0.227899,-0.144972,1.090021,0.221746,5.36,gru,0.015694,0.004690,0.006153
2026-04-01T19:46:28.1468286Z,-0.137724,1.091711,0.222925,-0.141938,1.097510,0.215895,6.20,gru,0.004213,0.005799,0.007029
2026-04-01T19:46:28.1777659Z,-0.149668,1.095296,0.219262,-0.148399,1.093446,0.213180,5.11,gru,0.001268,0.001850,0.006082
2026-04-01T19:46:28.2036506Z,-0.158532,1.101433,0.214394,-0.166435,1.107191,0.207853,4.55,gru,0.007903,0.005758,0.006541
2026-04-01T19:46:28.2416479Z,-0.165114,1.103853,0.210026,-0.164870,1.100433,0.203193,6.57,gru,0.000245,0.003420,0.006833
2026-04-01T19:46:28.2726821Z,-0.172122,1.105749,0.204975,-0.173900,1.102090,0.198160,5.03,gru,0.001778,0.003659,0.006815
2026-04-01T19:46:28.3051781Z,-0.178389,1.111548,0.199674,-0.181080,1.114099,0.192219,5.88,gru,0.002691,0.002551,0.007455
2026-04-01T19:46:28.3383650Z,-0.188170,1.112465,0.195999,-0.194047,1.108754,0.191105,5.04,gru,0.005878,0.003711,0.004894
2026-04-01T19:46:28.3775662Z,-0.197736,1.114596,0.192448,-0.201760,1.109380,0.187326,6.66,gru,0.004024,0.005215,0.005121
2026-04-01T19:46:28.4186164Z,-0.206514,1.112030,0.189408,-0.205171,1.103814,0.183436,4.02,gru,0.001343,0.008216,0.005972
2026-04-01T19:46:28.4527054Z,-0.212006,1.114620,0.185289,-0.209091,1.113413,0.178185,5.50,gru,0.002914,0.001207,0.007104
2026-04-01T19:46:28.4754816Z,-0.218861,1.113772,0.182513,-0.220710,1.109240,0.177503,3.75,gru,0.001850,0.004532,0.005010
2026-04-01T19:46:28.5107653Z,-0.226528,1.111828,0.178937,-0.229296,1.101573,0.173815,6.84,gru,0.002768,0.010255,0.005122
2026-04-01T19:46:28.5531914Z,-0.232503,1.111321,0.173976,-0.231135,1.103781,0.165850,5.55,gru,0.001368,0.007540,0.008126
2026-04-01T19:46:28.5800822Z,-0.238411,1.110970,0.172432,-0.235909,1.106400,0.169960,7.06,gru,0.002502,0.004570,0.002472
2026-04-01T19:46:28.6163907Z,-0.243359,1.111281,0.167346,-0.241793,1.106817,0.160545,5.03,gru,0.001566,0.004464,0.006800
2026-04-01T19:46:28.6482130Z,-0.246255,1.112530,0.164678,-0.240162,1.107618,0.158567,6.93,gru,0.006093,0.004912,0.006111
2026-04-01T19:46:28.6737611Z,-0.253282,1.110268,0.161406,-0.253321,1.104888,0.157331,4.53,gru,0.000039,0.005380,0.004075
2026-04-01T19:46:28.7041091Z,-0.257804,1.111658,0.158005,-0.255218,1.109063,0.151558,4.04,gru,0.002586,0.002595,0.006448
2026-04-01T19:46:28.7410875Z,-0.263339,1.108706,0.155859,-0.257432,1.103337,0.152202,6.66,gru,0.005907,0.005369,0.003658
2026-04-01T19:46:28.7770370Z,-0.268985,1.108081,0.151041,-0.265573,1.105053,0.143547,6.14,gru,0.003412,0.003028,0.007494
2026-04-01T19:46:28.8116182Z,-0.270735,1.108936,0.147667,-0.261386,1.108301,0.141578,5.47,gru,0.009349,0.000635,0.006089
2026-04-01T19:46:28.8530570Z,-0.280035,1.107597,0.144529,-0.279282,1.106341,0.140893,7.44,gru,0.000753,0.001256,0.003636
2026-04-01T19:46:28.8817548Z,-0.282622,1.110003,0.139462,-0.273426,1.109014,0.132243,4.21,gru,0.009197,0.000989,0.007219
2026-04-01T19:46:28.9277012Z,-0.286456,1.109261,0.135089,-0.271928,1.105252,0.128720,5.08,gru,0.014528,0.004010,0.006369
2026-04-01T19:46:28.9533333Z,-0.290355,1.109448,0.129343,-0.281883,1.109462,0.122277,5.02,gru,0.008472,0.000014,0.007066
2026-04-01T19:46:28.9839154Z,-0.297256,1.110170,0.123933,-0.289800,1.109498,0.116540,5.32,gru,0.007456,0.000672,0.007393
2026-04-01T19:46:29.0067086Z,-0.302916,1.105081,0.119068,-0.288663,1.096439,0.113509,4.01,gru,0.014253,0.008642,0.005559
2026-04-01T19:46:29.0407305Z,-0.307698,1.104913,0.112410,-0.290174,1.100547,0.104618,4.45,gru,0.017524,0.004366,0.007792
2026-04-01T19:46:29.0742234Z,-0.314139,1.101822,0.106324,-0.299028,1.099793,0.098779,3.69,gru,0.015110,0.002030,0.007545
2026-04-01T19:46:29.1048458Z,-0.318335,1.096550,0.098768,-0.297012,1.085529,0.090778,3.51,gru,0.021322,0.011021,0.007990
2026-04-01T19:46:29.1397832Z,-0.321510,1.093278,0.090920,-0.296096,1.083568,0.082477,3.94,gru,0.025414,0.009710,0.008443
2026-04-01T19:46:29.1705771Z,-0.325257,1.089073,0.084215,-0.298949,1.080517,0.078673,5.18,gru,0.026309,0.008556,0.005542
2026-04-01T19:46:29.2072545Z,-0.327571,1.083665,0.076318,-0.297008,1.070706,0.069377,3.51,gru,0.030562,0.012959,0.006941
2026-04-01T19:46:29.2367753Z,-0.327571,1.079160,0.068375,-0.291388,1.064407,0.060923,3.52,gru,0.036183,0.014753,0.007452
2026-04-01T19:46:29.2728422Z,-0.327805,1.073885,0.061916,-0.290349,1.060045,0.057456,5.52,gru,0.037455,0.013840,0.004460
2026-04-01T19:46:29.3060155Z,-0.327039,1.069587,0.055738,-0.286109,1.055029,0.051858,3.49,gru,0.040930,0.014558,0.003879
2026-04-01T19:46:29.3414077Z,-0.306131,1.081252,0.063158,-0.250602,1.073652,0.073237,6.56,gru,0.055529,0.007601,0.010079
2026-04-01T19:46:29.3758423Z,-0.322368,1.062391,0.045574,-0.282013,1.051165,0.030896,4.02,gru,0.040356,0.011226,0.014678
2026-04-01T19:46:29.4076615Z,-0.308198,1.075069,0.048562,-0.260789,1.060329,0.045993,5.03,gru,0.047409,0.014740,0.002569
2026-04-01T19:46:29.4441394Z,-0.307371,1.058659,0.034548,-0.251497,1.024557,0.029290,4.62,gru,0.055874,0.034102,0.005258
2026-04-01T19:46:29.4750845Z,-0.294489,1.084114,0.027113,-0.242870,1.102927,0.017921,4.13,gru,0.051619,0.018813,0.009192
2026-04-01T19:46:29.5097637Z,-0.292126,1.084483,0.025629,-0.240646,1.071980,0.034522,5.02,gru,0.051480,0.012503,0.008892
2026-04-01T19:46:29.5411391Z,-0.289593,1.085252,0.024186,-0.232646,1.058878,0.025752,3.63,gru,0.056947,0.026374,0.001567
2026-04-01T19:46:29.5762735Z,-0.287299,1.085349,0.022898,-0.226909,1.059978,0.023748,3.02,gru,0.060390,0.025371,0.000850
2026-04-01T19:46:29.6067162Z,-0.258778,1.042041,0.054599,-0.212707,1.014929,0.072545,4.03,gru,0.046071,0.027112,0.017946
2026-04-01T19:46:29.6442647Z,-0.246313,1.042474,0.060407,-0.203713,1.032882,0.065203,9.59,gru,0.042600,0.009592,0.004796
2026-04-01T19:46:29.6744050Z,-0.233238,1.039420,0.067845,-0.204545,1.065421,0.054224,3.85,gru,0.028692,0.026001,0.013621
2026-04-01T19:46:29.7089034Z,-0.220619,1.038585,0.074848,-0.185469,1.024776,0.074120,7.03,gru,0.035150,0.013809,0.000728
2026-04-01T19:46:29.7452080Z,-0.189339,1.046048,0.078002,-0.137373,1.029432,0.073296,7.25,gru,0.051966,0.016616,0.004706
2026-04-01T19:46:29.7797395Z,-0.178587,1.041328,0.086809,-0.159094,1.035334,0.095296,8.07,gru,0.019493,0.005994,0.008486
2026-04-01T19:46:29.8106766Z,-0.169195,1.039880,0.094401,-0.165077,1.035120,0.101209,4.58,gru,0.004118,0.004760,0.006808
2026-04-01T19:46:29.8439014Z,-0.136786,1.042865,0.099579,-0.095581,1.031026,0.101429,7.09,gru,0.041205,0.011839,0.001850
2026-04-01T19:46:29.8748329Z,-0.136733,1.037822,0.109837,-0.131145,1.033081,0.123250,3.77,gru,0.005588,0.004741,0.013412
2026-04-01T19:46:29.9076369Z,-0.121857,1.037187,0.115618,-0.117419,1.036422,0.121798,4.60,gru,0.004438,0.000765,0.006180
2026-04-01T19:46:29.9382285Z,-0.111804,1.032687,0.121955,-0.088652,1.022568,0.124930,3.53,gru,0.023151,0.010119,0.002974
2026-04-01T19:46:29.9745440Z,-0.101286,1.032235,0.128080,-0.089891,1.045202,0.137343,3.77,gru,0.011395,0.012968,0.009264
2026-04-01T19:46:30.0050580Z,-0.094049,1.031511,0.133047,-0.084061,1.033410,0.139673,4.51,gru,0.009988,0.001899,0.006625
2026-04-01T19:46:30.0395859Z,-0.086287,1.029127,0.138518,-0.076689,1.024773,0.147247,5.05,gru,0.009598,0.004354,0.008729
2026-04-01T19:46:30.0784612Z,-0.073213,1.026854,0.144914,-0.048264,1.018189,0.155021,3.57,gru,0.024949,0.008665,0.010107
2026-04-01T19:46:30.1064466Z,-0.065389,1.023654,0.150583,-0.051163,1.024571,0.157985,3.52,gru,0.014227,0.000917,0.007402
2026-04-01T19:46:30.1402662Z,-0.053590,1.022089,0.155364,-0.040586,1.022427,0.159892,3.53,gru,0.013004,0.000338,0.004528
2026-04-01T19:46:30.1765245Z,-0.045046,1.019888,0.161258,-0.030050,1.020171,0.166566,3.64,gru,0.014996,0.000283,0.005308
2026-04-01T19:46:30.2032883Z,-0.034139,1.018444,0.166359,-0.018465,1.022202,0.170807,3.51,gru,0.015674,0.003758,0.004449
2026-04-01T19:46:30.2362639Z,-0.027226,1.016653,0.171707,-0.016750,1.013727,0.177214,4.03,gru,0.010476,0.002926,0.005507
2026-04-01T19:46:30.2708175Z,-0.017149,1.015489,0.176304,-0.004500,1.011786,0.181391,3.66,gru,0.012649,0.003702,0.005087
2026-04-01T19:46:30.3081008Z,-0.012134,1.011805,0.181841,-0.004055,1.005342,0.188125,6.57,gru,0.008079,0.006463,0.006284
2026-04-01T19:46:30.3410142Z,0.007178,1.012617,0.186277,0.035950,1.012096,0.191485,3.63,gru,0.028772,0.000521,0.005207
2026-04-01T19:46:30.3739437Z,0.019227,1.011760,0.189716,0.036385,1.011188,0.191790,4.43,gru,0.017159,0.000572,0.002074
2026-04-01T19:46:30.4179375Z,0.026026,1.009562,0.193724,0.019855,1.007064,0.197504,8.63,gru,0.006171,0.002499,0.003780
2026-04-01T19:46:30.4495332Z,0.044349,1.009769,0.196169,0.069895,1.004974,0.197910,5.46,gru,0.025546,0.004795,0.001742
2026-04-01T19:46:30.4737042Z,0.054672,1.008564,0.198255,0.073126,1.010086,0.198426,6.33,gru,0.018453,0.001522,0.000171
2026-04-01T19:46:30.5104332Z,0.065134,1.006811,0.198841,0.066115,1.005793,0.198199,7.08,gru,0.000981,0.001017,0.000642
2026-04-01T19:46:30.5484186Z,0.075341,1.003561,0.200631,0.085796,0.996230,0.201322,4.55,gru,0.010454,0.007332,0.000691
2026-04-01T19:46:30.5747095Z,0.078988,0.999262,0.202665,0.082290,0.996101,0.204675,4.51,gru,0.003301,0.003161,0.002011
2026-04-01T19:46:30.6134132Z,0.083147,0.997036,0.205135,0.087229,0.996415,0.206189,5.15,gru,0.004083,0.000621,0.001054
2026-04-01T19:46:30.6599199Z,0.094316,0.994074,0.205021,0.113143,0.989907,0.202527,10.06,gru,0.018827,0.004168,0.002494
2026-04-01T19:46:30.6833813Z,0.118163,0.991992,0.202249,0.154081,0.988084,0.196475,6.04,gru,0.035918,0.003908,0.005774
2026-04-01T19:46:30.7262511Z,0.133398,0.989346,0.200353,0.142979,0.989052,0.198200,11.42,gru,0.009581,0.000294,0.002153
2026-04-01T19:46:30.7681666Z,0.135807,0.986106,0.200793,0.115276,0.984187,0.203449,6.23,gru,0.020531,0.001919,0.002656
2026-04-01T19:46:30.8317906Z,0.137853,0.974663,0.202891,0.138403,0.959402,0.205213,9.60,gru,0.000550,0.015261,0.002323
2026-04-01T19:46:30.8451598Z,0.142333,0.969821,0.202287,0.159260,0.964359,0.198451,5.18,gru,0.016927,0.005462,0.003836
2026-04-01T19:46:30.8790354Z,0.142739,0.966478,0.200337,0.138948,0.973676,0.193556,5.54,gru,0.003791,0.007199,0.006781
2026-04-01T19:46:30.9029724Z,0.146286,0.961962,0.196784,0.142398,0.955822,0.191440,5.02,gru,0.003888,0.006141,0.005344
2026-04-01T19:46:30.9468646Z,0.148226,0.959283,0.192602,0.151643,0.951602,0.187126,9.36,gru,0.003417,0.007681,0.005476
2026-04-01T19:46:30.9745232Z,0.153062,0.954153,0.187485,0.161105,0.949907,0.180306,6.03,gru,0.008042,0.004247,0.007179
2026-04-01T19:46:31.0116176Z,0.156993,0.950994,0.181793,0.158273,0.949824,0.173541,5.24,gru,0.001280,0.001171,0.008253
2026-04-01T19:46:31.0444992Z,0.160919,0.947945,0.175095,0.158215,0.945678,0.166606,8.05,gru,0.002703,0.002267,0.008489
2026-04-01T19:46:31.0780882Z,0.161806,0.942151,0.169909,0.161092,0.933241,0.164393,5.35,gru,0.000714,0.008909,0.005516
2026-04-01T19:46:31.1045823Z,0.161776,0.939118,0.164872,0.160714,0.936112,0.159380,4.51,gru,0.001061,0.003006,0.005492
2026-04-01T19:46:31.1401234Z,0.161098,0.933878,0.160099,0.159736,0.931672,0.152849,4.68,gru,0.001362,0.002206,0.007250
2026-04-01T19:46:31.1727629Z,0.160841,0.928612,0.157455,0.160966,0.924431,0.153448,2.51,gru,0.000126,0.004181,0.004006
2026-04-01T19:46:31.2079336Z,0.166306,0.924710,0.153211,0.175589,0.921277,0.147186,4.64,gru,0.009283,0.003433,0.006024
2026-04-01T19:46:31.2442707Z,0.174238,0.917351,0.150539,0.185739,0.910529,0.145463,7.03,gru,0.011501,0.006821,0.005076
2026-04-01T19:46:31.2794696Z,0.175422,0.913156,0.151137,0.168724,0.912406,0.153390,5.70,gru,0.006699,0.000750,0.002252
2026-04-01T19:46:31.3108668Z,0.220655,0.905368,0.139371,0.269058,0.893152,0.130502,6.06,gru,0.048404,0.012215,0.008869
2026-04-01T19:46:31.3412169Z,0.224434,0.895982,0.143456,0.222890,0.892846,0.151945,5.31,gru,0.001544,0.003135,0.008489
2026-04-01T19:46:31.3778890Z,0.225636,0.886862,0.148381,0.189897,0.887456,0.170245,6.47,gru,0.035739,0.000593,0.021863
2026-04-01T19:46:31.4081648Z,0.230237,0.878581,0.152242,0.240945,0.865018,0.161252,5.59,gru,0.010708,0.013564,0.009010
2026-04-01T19:46:31.4391026Z,0.228724,0.869172,0.157752,0.239842,0.862427,0.160013,3.65,gru,0.011117,0.006745,0.002262
2026-04-01T19:46:31.4744731Z,0.232080,0.861302,0.162097,0.230360,0.856978,0.167731,4.52,gru,0.001720,0.004324,0.005634
2026-04-01T19:46:31.5163402Z,0.233274,0.850654,0.165820,0.227936,0.839850,0.170110,4.53,gru,0.005338,0.010803,0.004290
2026-04-01T19:46:31.5417352Z,0.232393,0.839876,0.171434,0.229254,0.829655,0.176855,3.87,gru,0.003140,0.010222,0.005421
2026-04-01T19:46:31.5696314Z,0.229532,0.829794,0.175160,0.230561,0.821636,0.176833,3.74,gru,0.001029,0.008159,0.001674
2026-04-01T19:46:31.6032512Z,0.231847,0.816202,0.179170,0.237045,0.805138,0.181172,5.04,gru,0.005198,0.011065,0.002002
2026-04-01T19:46:31.6381648Z,0.230826,0.807028,0.182958,0.228498,0.801485,0.186343,4.04,gru,0.002327,0.005543,0.003385
2026-04-01T19:46:31.6840897Z,0.250443,0.792589,0.183719,0.279285,0.777868,0.182761,6.88,gru,0.028842,0.014721,0.000958
2026-04-01T19:46:31.7104777Z,0.225119,0.782514,0.195227,0.187721,0.780593,0.215377,6.15,gru,0.037398,0.001922,0.020150
2026-04-01T19:46:31.7380410Z,0.258265,0.765033,0.191770,0.290051,0.745427,0.192811,4.03,gru,0.031786,0.019607,0.001041
2026-04-01T19:46:31.7710753Z,0.256179,0.752189,0.197049,0.274115,0.743442,0.195588,4.51,gru,0.017936,0.008747,0.001461
2026-04-01T19:46:31.8247047Z,0.240035,0.742119,0.205817,0.197131,0.752202,0.234993,13.33,gru,0.042904,0.010083,0.029176
2026-04-01T19:46:31.8549154Z,0.241486,0.728691,0.211086,0.248365,0.709992,0.226401,5.74,gru,0.006880,0.018700,0.015315
2026-04-01T19:46:31.8789385Z,0.240815,0.716367,0.216081,0.262999,0.703843,0.219658,4.51,gru,0.022184,0.012524,0.003577
2026-04-01T19:46:31.9053710Z,0.242214,0.699528,0.223129,0.236425,0.702822,0.233998,6.23,gru,0.005789,0.003294,0.010869
2026-04-01T19:46:31.9449147Z,0.243061,0.687902,0.228027,0.230376,0.689138,0.234476,7.73,gru,0.012685,0.001236,0.006448
2026-04-01T19:46:31.9797450Z,0.248022,0.671645,0.233208,0.252831,0.663759,0.236877,4.03,gru,0.004810,0.007885,0.003669
2026-04-01T19:46:32.0082966Z,0.246634,0.659472,0.239113,0.251056,0.654901,0.243044,4.46,gru,0.004422,0.004571,0.003931
2026-04-01T19:46:32.0569314Z,0.236969,0.648639,0.247130,0.216973,0.656008,0.255759,9.51,gru,0.019996,0.007369,0.008629
2026-04-01T19:46:32.0902971Z,0.239400,0.635440,0.251915,0.244320,0.628409,0.254753,6.20,gru,0.004920,0.007031,0.002837
2026-04-01T19:46:32.1105859Z,0.240783,0.621579,0.257259,0.256547,0.611518,0.257578,4.24,gru,0.015764,0.010060,0.000319
2026-04-01T19:46:32.1390694Z,0.238393,0.610411,0.261751,0.231644,0.613413,0.264785,4.55,gru,0.006749,0.003001,0.003033
2026-04-01T19:46:32.1709655Z,0.233988,0.601307,0.266217,0.223078,0.605009,0.268105,4.60,gru,0.010910,0.003702,0.001888
2026-04-01T19:46:32.2168738Z,0.232241,0.592979,0.268244,0.236309,0.590239,0.266696,7.22,gru,0.004069,0.002740,0.001548
2026-04-01T19:46:32.2588113Z,0.230421,0.583025,0.270916,0.237181,0.580404,0.270450,9.38,gru,0.006760,0.002621,0.000466
2026-04-01T19:46:32.2982600Z,0.227430,0.575280,0.272540,0.221622,0.580602,0.273091,7.53,gru,0.005808,0.005322,0.000551
2026-04-01T19:46:32.3175380Z,0.226848,0.566781,0.274295,0.227246,0.568738,0.273677,6.06,gru,0.000398,0.001957,0.000618
2026-04-01T19:46:32.3432464Z,0.229326,0.554215,0.275571,0.237271,0.550166,0.276315,5.06,gru,0.007945,0.004049,0.000744
2026-04-01T19:46:32.3709066Z,0.225916,0.547074,0.277523,0.222516,0.554877,0.277882,4.61,gru,0.003399,0.007803,0.000359
2026-04-01T19:46:32.4080166Z,0.221027,0.540864,0.278689,0.211667,0.555159,0.277668,6.55,gru,0.009361,0.014295,0.001021
2026-04-01T19:46:32.4412837Z,0.219383,0.531835,0.279605,0.225390,0.534043,0.278786,4.20,gru,0.006007,0.002208,0.000819
2026-04-01T19:46:32.4740327Z,0.218541,0.522076,0.280742,0.226971,0.524376,0.280304,4.17,gru,0.008430,0.002299,0.000438
2026-04-01T19:46:32.5054948Z,0.215906,0.512424,0.282474,0.212224,0.524380,0.283056,3.52,gru,0.003681,0.011956,0.000582
2026-04-01T19:46:32.5531022Z,0.213181,0.502076,0.283903,0.209267,0.511866,0.283371,7.96,gru,0.003914,0.009790,0.000532
2026-04-01T19:46:32.5881926Z,0.211555,0.490705,0.285832,0.216396,0.496105,0.285389,7.90,gru,0.004841,0.005401,0.000443
2026-04-01T19:46:32.6273983Z,0.208296,0.478927,0.288313,0.210487,0.483460,0.289264,7.52,gru,0.002191,0.004534,0.000951
2026-04-01T19:46:32.6447203Z,0.205432,0.468197,0.290194,0.203646,0.475272,0.289797,7.77,gru,0.001786,0.007075,0.000397
2026-04-01T19:46:32.6995314Z,0.242739,0.426440,0.284445,0.287003,0.403501,0.280246,8.05,gru,0.044263,0.022939,0.004199
2026-04-01T19:46:32.7212017Z,0.238918,0.413306,0.286356,0.227341,0.440892,0.290483,5.53,gru,0.011577,0.027586,0.004127
2026-04-01T19:46:32.7449245Z,0.235167,0.400054,0.288559,0.200136,0.446408,0.297898,5.02,gru,0.035031,0.046355,0.009339
2026-04-01T19:46:32.7767409Z,0.233574,0.384803,0.289678,0.253708,0.383163,0.295322,5.02,gru,0.020134,0.001639,0.005644
2026-04-01T19:46:32.8081269Z,0.230346,0.373223,0.290236,0.240242,0.365761,0.287352,6.69,gru,0.009895,0.007462,0.002884
2026-04-01T19:46:32.8391541Z,0.225409,0.361209,0.291075,0.211281,0.382128,0.295172,3.04,gru,0.014128,0.020919,0.004097
2026-04-01T19:46:32.8705902Z,0.219890,0.351980,0.291780,0.207730,0.371256,0.296440,3.52,gru,0.012159,0.019276,0.004660
2026-04-01T19:46:32.9042215Z,0.214268,0.339483,0.292532,0.218255,0.343664,0.295087,3.51,gru,0.003987,0.004181,0.002556
2026-04-01T19:46:32.9397711Z,0.208034,0.327689,0.292809,0.209288,0.327658,0.293054,5.54,gru,0.001253,0.000031,0.000245
2026-04-01T19:46:32.9769191Z,0.203396,0.314719,0.293158,0.196369,0.329605,0.294998,6.01,gru,0.007027,0.014886,0.001840
2026-04-01T19:46:33.0088303Z,0.200205,0.299475,0.292902,0.199347,0.310700,0.294772,7.87,gru,0.000858,0.011225,0.001870
2026-04-01T19:46:33.0405488Z,0.194843,0.286099,0.291913,0.195408,0.291585,0.291124,7.24,gru,0.000564,0.005486,0.000789
2026-04-01T19:46:33.0740794Z,0.194502,0.268491,0.289650,0.199867,0.266606,0.287805,3.03,gru,0.005365,0.001885,0.001845
2026-04-01T19:46:33.1083942Z,0.192139,0.250486,0.287999,0.192423,0.255378,0.288263,6.03,gru,0.000284,0.004893,0.000264
2026-04-01T19:46:33.1417105Z,0.188347,0.236884,0.285728,0.182914,0.250698,0.285398,5.76,gru,0.005434,0.013814,0.000331
2026-04-01T19:46:33.1774240Z,0.184924,0.220007,0.282780,0.187057,0.225152,0.281282,6.55,gru,0.002133,0.005144,0.001498
2026-04-01T19:46:33.2120437Z,0.179560,0.205820,0.279988,0.179338,0.202486,0.279638,6.03,gru,0.000223,0.003334,0.000350
2026-04-01T19:46:33.2406453Z,0.173460,0.192279,0.276280,0.168228,0.197257,0.275784,5.59,gru,0.005232,0.004979,0.000496
2026-04-01T19:46:33.2762271Z,0.167827,0.179211,0.270946,0.164067,0.190910,0.267932,5.52,gru,0.003760,0.011699,0.003014
2026-04-01T19:46:33.3065652Z,0.159787,0.172316,0.267340,0.154467,0.179182,0.268156,5.02,gru,0.005321,0.006866,0.000816
2026-04-01T19:46:33.3405886Z,0.152314,0.162694,0.262336,0.148979,0.163453,0.262813,5.02,gru,0.003335,0.000759,0.000477
2026-04-01T19:46:33.3735462Z,0.146111,0.149346,0.256737,0.146687,0.142591,0.255527,6.30,gru,0.000575,0.006755,0.001210
2026-04-01T19:46:33.4116394Z,0.140417,0.136949,0.249472,0.137833,0.134996,0.246371,6.46,gru,0.002584,0.001953,0.003101
2026-04-01T19:46:33.4449412Z,0.133060,0.126878,0.242726,0.126908,0.133658,0.241543,6.68,gru,0.006151,0.006780,0.001184
2026-04-01T19:46:33.4766852Z,0.126539,0.117647,0.235516,0.122986,0.119660,0.234830,6.33,gru,0.003553,0.002012,0.000686
2026-04-01T19:46:33.5051729Z,0.119189,0.109312,0.228904,0.116220,0.107307,0.227541,5.03,gru,0.002969,0.002005,0.001364
2026-04-01T19:46:33.5415439Z,0.113092,0.098539,0.220810,0.110024,0.093773,0.217341,6.92,gru,0.003068,0.004767,0.003469
2026-04-01T19:46:33.5752517Z,0.107089,0.088345,0.211761,0.102855,0.087476,0.206979,6.03,gru,0.004235,0.000868,0.004782
2026-04-01T19:46:33.6161938Z,0.100419,0.082241,0.204179,0.094075,0.088315,0.202441,4.02,gru,0.006344,0.006074,0.001738
2026-04-01T19:46:33.6399117Z,0.092857,0.076457,0.196966,0.086871,0.079253,0.195520,3.93,gru,0.005986,0.002796,0.001446
2026-04-01T19:46:33.6788650Z,0.085548,0.071618,0.190249,0.080483,0.072131,0.187466,7.85,gru,0.005065,0.000513,0.002783
2026-04-01T19:46:33.7029947Z,0.078221,0.065785,0.186249,0.073076,0.066821,0.186455,4.42,gru,0.005145,0.001036,0.000206
2026-04-01T19:46:33.7386772Z,0.072179,0.061759,0.184111,0.067645,0.065413,0.186682,3.51,gru,0.004534,0.003654,0.002571
2026-04-01T19:46:33.7787587Z,0.067728,0.058032,0.184431,0.065323,0.062212,0.187867,6.73,gru,0.002405,0.004180,0.003436
2026-04-01T19:46:33.8100171Z,0.065353,0.055368,0.187009,0.065074,0.057591,0.191510,5.07,gru,0.000279,0.002223,0.004501
2026-04-01T19:46:33.8442372Z,0.064886,0.052668,0.192618,0.065800,0.054865,0.199647,6.63,gru,0.000914,0.002197,0.007030
2026-04-01T19:46:33.8725031Z,0.067224,0.052401,0.200720,0.070206,0.056595,0.209987,4.66,gru,0.002982,0.004194,0.009268
2026-04-01T19:46:33.9078561Z,0.071863,0.053396,0.208671,0.077445,0.057744,0.215577,6.56,gru,0.005582,0.004348,0.006906
2026-04-01T19:46:33.9399551Z,0.079770,0.055798,0.217972,0.088155,0.060452,0.224817,4.84,gru,0.008385,0.004654,0.006845
2026-04-01T19:46:33.9717164Z,0.089267,0.063126,0.227136,0.098245,0.072473,0.234560,4.52,gru,0.008978,0.009347,0.007424
2026-04-01T19:46:34.0250000Z,0.099815,0.071752,0.236721,0.109227,0.082013,0.244158,5.53,gru,0.009412,0.010261,0.007437
2026-04-01T19:46:34.0486155Z,0.110842,0.084384,0.246767,0.120815,0.096046,0.254502,4.95,gru,0.009973,0.011662,0.007735
2026-04-01T19:46:34.0870004Z,0.122576,0.102151,0.258632,0.133218,0.119755,0.268481,6.56,gru,0.010642,0.017604,0.009849
2026-04-01T19:46:34.1066162Z,0.134392,0.115433,0.266786,0.145560,0.126093,0.270877,4.51,gru,0.011167,0.010660,0.004091
2026-04-01T19:46:34.1372705Z,0.145886,0.135900,0.277362,0.155143,0.154129,0.283871,4.04,gru,0.009257,0.018229,0.006509
2026-04-01T19:46:34.1743520Z,0.156976,0.158395,0.287181,0.166191,0.184857,0.296047,6.60,gru,0.009215,0.026462,0.008866
2026-04-01T19:46:34.2107451Z,0.171206,0.172982,0.292256,0.186872,0.183769,0.292142,5.04,gru,0.015666,0.010786,0.000114
2026-04-01T19:46:34.2403857Z,0.182548,0.196461,0.298898,0.191373,0.219206,0.301230,5.12,gru,0.008825,0.022746,0.002333
2026-04-01T19:46:34.2725537Z,0.195018,0.219555,0.303411,0.204100,0.252810,0.307250,5.73,gru,0.009082,0.033255,0.003838
2026-04-01T19:46:34.3080648Z,0.203280,0.248523,0.307509,0.210626,0.285153,0.308645,7.83,gru,0.007345,0.036630,0.001136
2026-04-01T19:46:34.3382526Z,0.199234,0.295205,0.314045,0.183082,0.363936,0.318101,4.59,gru,0.016152,0.068731,0.004056
2026-04-01T19:46:34.3739166Z,0.208098,0.318228,0.314901,0.222648,0.342264,0.310663,3.51,gru,0.014549,0.024037,0.004238
2026-04-01T19:46:34.4040623Z,0.212845,0.343747,0.316607,0.224874,0.359647,0.312911,3.51,gru,0.012029,0.015900,0.003696
2026-04-01T19:46:34.4562361Z,0.220422,0.365063,0.315624,0.220690,0.407698,0.314926,5.53,gru,0.000268,0.042635,0.000698
2026-04-01T19:46:34.4772852Z,0.225615,0.387938,0.315199,0.230354,0.427106,0.313891,4.16,gru,0.004739,0.039168,0.001308
2026-04-01T19:46:34.5041918Z,0.230546,0.409502,0.313900,0.233895,0.437993,0.311184,3.52,gru,0.003349,0.028490,0.002716
2026-04-01T19:46:34.5385257Z,0.239829,0.428841,0.311765,0.251230,0.444692,0.307168,4.52,gru,0.011401,0.015851,0.004597
2026-04-01T19:46:34.5745834Z,0.245852,0.450982,0.309724,0.249527,0.484608,0.307611,5.06,gru,0.003675,0.033626,0.002113
2026-04-01T19:46:34.6097499Z,0.240561,0.481930,0.310281,0.219853,0.537660,0.311742,4.79,gru,0.020708,0.055730,0.001461
2026-04-01T19:46:34.6431784Z,0.234083,0.510801,0.311972,0.221968,0.543565,0.313890,6.03,gru,0.012115,0.032763,0.001919
2026-04-01T19:46:34.6771833Z,0.236623,0.533004,0.309556,0.253564,0.540464,0.304871,5.02,gru,0.016941,0.007459,0.004685
2026-04-01T19:46:34.7137802Z,0.234425,0.558530,0.308482,0.231877,0.589231,0.305930,7.05,gru,0.002548,0.030700,0.002552
2026-04-01T19:46:34.7445488Z,0.236368,0.579405,0.306315,0.230050,0.613497,0.306129,4.61,gru,0.006319,0.034092,0.000186
2026-04-01T19:46:34.7761165Z,0.234413,0.601433,0.305668,0.232637,0.625111,0.305304,4.94,gru,0.001776,0.023678,0.000364
2026-04-01T19:46:34.8136713Z,0.237261,0.620991,0.302417,0.243536,0.638374,0.297479,7.07,gru,0.006275,0.017384,0.004938
2026-04-01T19:46:34.8441136Z,0.235477,0.642028,0.300632,0.233225,0.665435,0.297201,4.01,gru,0.002252,0.023407,0.003430
2026-04-01T19:46:34.8765856Z,0.251847,0.657183,0.291679,0.276608,0.672442,0.282688,4.52,gru,0.024761,0.015258,0.008991
2026-04-01T19:46:34.9066585Z,0.253716,0.676490,0.287385,0.253277,0.692729,0.283121,4.51,gru,0.000439,0.016238,0.004263
2026-04-01T19:46:34.9391097Z,0.252196,0.696923,0.283710,0.232062,0.716688,0.285400,5.54,gru,0.020134,0.019765,0.001690
2026-04-01T19:46:34.9757747Z,0.250678,0.716834,0.279178,0.253000,0.730588,0.274800,6.44,gru,0.002322,0.013754,0.004378
2026-04-01T19:46:35.0064502Z,0.248876,0.733488,0.273925,0.252417,0.743451,0.266944,7.54,gru,0.003541,0.009962,0.006981
2026-04-01T19:46:35.0390444Z,0.246238,0.752565,0.267545,0.238482,0.770816,0.261296,5.01,gru,0.007756,0.018251,0.006249
2026-04-01T19:46:35.0742921Z,0.237042,0.770187,0.263540,0.216326,0.788772,0.261972,4.02,gru,0.020715,0.018585,0.001568
2026-04-01T19:46:35.1081987Z,0.214604,0.788739,0.263167,0.177649,0.806882,0.265945,5.53,gru,0.036954,0.018143,0.002778
2026-04-01T19:46:35.1384595Z,0.206958,0.802702,0.256429,0.211611,0.807837,0.250177,3.73,gru,0.004653,0.005135,0.006252
2026-04-01T19:46:35.1912520Z,0.206562,0.811703,0.248008,0.225016,0.812008,0.236122,6.14,gru,0.018453,0.000305,0.011886
2026-04-01T19:46:35.2104030Z,0.208738,0.821468,0.237874,0.204756,0.831871,0.230341,3.53,gru,0.003982,0.010402,0.007533
2026-04-01T19:46:35.2415852Z,0.210092,0.830012,0.228904,0.202548,0.836627,0.222677,3.13,gru,0.007544,0.006615,0.006228
2026-04-01T19:46:35.2775295Z,0.206448,0.836546,0.222743,0.201627,0.837971,0.218472,4.52,gru,0.004821,0.001425,0.004272
2026-04-01T19:46:35.3067611Z,0.202984,0.844425,0.217947,0.201880,0.847677,0.213036,5.02,gru,0.001104,0.003251,0.004911
2026-04-01T19:46:35.3404786Z,0.194118,0.850453,0.214109,0.181634,0.855111,0.209258,3.59,gru,0.012484,0.004658,0.004851
2026-04-01T19:46:35.3737551Z,0.189143,0.860102,0.209931,0.182218,0.865855,0.205429,4.56,gru,0.006925,0.005753,0.004502
2026-04-01T19:46:35.4073534Z,0.179468,0.867299,0.207366,0.172981,0.869564,0.204739,4.37,gru,0.006487,0.002265,0.002627
2026-04-01T19:46:35.4442681Z,0.168195,0.874569,0.206693,0.154609,0.877472,0.207073,7.02,gru,0.013586,0.002903,0.000380
2026-04-01T19:46:35.4737023Z,0.158148,0.882337,0.204405,0.147566,0.887889,0.200976,6.69,gru,0.010582,0.005553,0.003430
2026-04-01T19:46:35.5073691Z,0.146196,0.892889,0.202321,0.134141,0.904299,0.198313,5.29,gru,0.012054,0.011410,0.004009
2026-04-01T19:46:35.5398197Z,0.135540,0.900266,0.198442,0.126133,0.905780,0.194112,4.63,gru,0.009406,0.005514,0.004330
2026-04-01T19:46:35.5725125Z,0.125021,0.906196,0.194029,0.117314,0.907873,0.189012,4.53,gru,0.007707,0.001677,0.005017
2026-04-01T19:46:35.6062220Z,0.109388,0.915296,0.190369,0.090198,0.928141,0.186778,4.73,gru,0.019190,0.012845,0.003591
2026-04-01T19:46:35.6414678Z,0.101723,0.923067,0.186416,0.098112,0.931170,0.182950,4.31,gru,0.003610,0.008103,0.003467
2026-04-01T19:46:35.6786140Z,0.091161,0.930510,0.184276,0.087864,0.934815,0.182294,2.52,gru,0.003296,0.004305,0.001982
2026-04-01T19:46:35.7103624Z,0.075264,0.937613,0.182447,0.054823,0.943223,0.180731,5.57,gru,0.020442,0.005610,0.001716
2026-04-01T19:46:35.7430973Z,0.064558,0.944419,0.178375,0.056542,0.946277,0.173036,7.77,gru,0.008017,0.001858,0.005338
2026-04-01T19:46:35.7769526Z,0.033189,0.947684,0.176140,-0.000815,0.952853,0.172919,4.97,gru,0.034005,0.005169,0.003220
2026-04-01T19:46:35.8064175Z,0.021401,0.950484,0.169233,0.013402,0.946788,0.162802,4.00,gru,0.008000,0.003696,0.006431
2026-04-01T19:46:35.8413185Z,0.010048,0.955895,0.161335,0.013286,0.957884,0.152151,4.53,gru,0.003238,0.001989,0.009183
2026-04-01T19:46:35.8738822Z,-0.012715,0.958838,0.154818,-0.046992,0.970666,0.149747,6.81,gru,0.034277,0.011827,0.005070
2026-04-01T19:46:35.9050562Z,-0.026263,0.964710,0.146318,-0.042061,0.964047,0.138542,4.04,gru,0.015797,0.000663,0.007777
2026-04-01T19:46:35.9403582Z,-0.039628,0.969767,0.137633,-0.041553,0.969886,0.128755,4.54,gru,0.001925,0.000119,0.008878
2026-04-01T19:46:35.9725194Z,-0.051270,0.974977,0.130221,-0.062639,0.984028,0.123718,4.51,gru,0.011369,0.009051,0.006503
2026-04-01T19:46:36.0105787Z,-0.066654,0.979383,0.124017,-0.085535,0.984537,0.118639,4.57,gru,0.018881,0.005155,0.005377
2026-04-01T19:46:36.0433239Z,-0.074782,0.983423,0.117381,-0.080840,0.981870,0.110985,4.03,gru,0.006059,0.001554,0.006395
2026-04-01T19:46:36.0739132Z,-0.089600,0.985640,0.113841,-0.098468,0.987057,0.110441,4.21,gru,0.008867,0.001417,0.003400
2026-04-01T19:46:36.1071150Z,-0.099814,0.987780,0.109822,-0.110121,0.992100,0.106379,5.03,gru,0.010307,0.004320,0.003444
2026-04-01T19:46:36.1381682Z,-0.106845,0.989676,0.104719,-0.108685,0.989549,0.098180,4.53,gru,0.001840,0.000127,0.006540
2026-04-01T19:46:36.1766360Z,-0.113431,0.991366,0.098956,-0.117068,0.993809,0.092246,5.02,gru,0.003637,0.002443,0.006710
2026-04-01T19:46:36.2152646Z,-0.120060,0.992410,0.093653,-0.126352,0.994364,0.088377,8.04,gru,0.006292,0.001954,0.005276
2026-04-01T19:46:36.2432806Z,-0.130501,0.991753,0.088663,-0.140435,0.992029,0.083945,3.48,gru,0.009934,0.000275,0.004718
2026-04-01T19:46:36.2726414Z,-0.137537,0.993166,0.081738,-0.141368,0.993362,0.073945,4.14,gru,0.003831,0.000196,0.007793
2026-04-01T19:46:36.3074497Z,-0.144899,0.996160,0.073699,-0.146306,1.000020,0.064514,3.51,gru,0.001407,0.003860,0.009185
2026-04-01T19:46:36.3452643Z,-0.153720,0.996005,0.066973,-0.158691,0.996918,0.061036,5.55,gru,0.004971,0.000912,0.005937
2026-04-01T19:46:36.3790456Z,-0.162548,0.999023,0.058865,-0.166440,0.999248,0.051499,4.04,gru,0.003892,0.000226,0.007367
2026-04-01T19:46:36.4131864Z,-0.171173,1.000484,0.052655,-0.172561,1.000797,0.046962,5.70,gru,0.001388,0.000312,0.005692
2026-04-01T19:46:36.4583228Z,-0.175581,1.002552,0.046034,-0.171714,1.001784,0.040825,10.31,gru,0.003867,0.000768,0.005209
2026-04-01T19:46:36.4888733Z,-0.190325,0.999697,0.046324,-0.196418,0.997642,0.049588,5.03,gru,0.006094,0.002055,0.003264
2026-04-01T19:46:36.5107120Z,-0.191629,1.003041,0.039053,-0.186578,1.000800,0.033718,4.56,gru,0.005051,0.002241,0.005335
2026-04-01T19:46:36.5532775Z,-0.200046,1.003275,0.037656,-0.193850,1.002645,0.034282,6.68,gru,0.006196,0.000629,0.003374
2026-04-01T19:46:36.5913871Z,-0.204971,1.004894,0.035428,-0.202011,1.005385,0.038277,7.51,gru,0.002960,0.000490,0.002848
2026-04-01T19:46:36.6136670Z,-0.208032,1.007029,0.034588,-0.197393,1.002389,0.033553,4.06,gru,0.010638,0.004640,0.001035
2026-04-01T19:46:36.6502471Z,-0.209625,1.006974,0.036609,-0.198381,1.002896,0.040163,6.46,gru,0.011244,0.004077,0.003554
2026-04-01T19:46:36.6840605Z,-0.208311,1.010099,0.038409,-0.194508,1.008326,0.040430,5.68,gru,0.013802,0.001772,0.002021
2026-04-01T19:46:36.7233755Z,-0.205311,1.011985,0.041837,-0.191549,1.010148,0.044490,6.54,gru,0.013762,0.001837,0.002654
2026-04-01T19:46:36.7430309Z,-0.199497,1.012820,0.045562,-0.184710,1.008006,0.049094,4.56,gru,0.014788,0.004814,0.003531
2026-04-01T19:46:36.7711398Z,-0.192031,1.015340,0.050215,-0.177108,1.014305,0.053764,3.94,gru,0.014923,0.001035,0.003549
2026-04-01T19:46:36.8084329Z,-0.182347,1.018687,0.056897,-0.167218,1.020300,0.063458,7.09,gru,0.015129,0.001613,0.006560
2026-04-01T19:46:36.8442951Z,-0.163913,1.024908,0.059074,-0.140398,1.028180,0.059813,4.40,gru,0.023515,0.003272,0.000740
2026-04-01T19:46:36.8726576Z,-0.152811,1.025040,0.068613,-0.141785,1.025771,0.077700,3.93,gru,0.011026,0.000731,0.009087
2026-04-01T19:46:36.9039013Z,-0.141668,1.024926,0.078151,-0.137860,1.024132,0.091385,4.01,gru,0.003808,0.000794,0.013233
2026-04-01T19:46:36.9377731Z,-0.126580,1.022933,0.087097,-0.110519,1.019078,0.093390,4.03,gru,0.016060,0.003855,0.006293
2026-04-01T19:46:36.9727746Z,-0.111150,1.022412,0.095751,-0.095523,1.025633,0.102927,3.46,gru,0.015627,0.003221,0.007175
2026-04-01T19:46:37.0043479Z,-0.099692,1.016899,0.106958,-0.095647,1.017169,0.118606,4.66,gru,0.004045,0.000271,0.011648
2026-04-01T19:46:37.0392147Z,-0.083252,1.015525,0.113927,-0.070654,1.015498,0.119556,4.52,gru,0.012598,0.000027,0.005629
2026-04-01T19:46:37.0727335Z,-0.066400,1.014274,0.120254,-0.047707,1.019082,0.123300,3.35,gru,0.018693,0.004808,0.003046
2026-04-01T19:46:37.1260934Z,-0.049630,1.012861,0.126408,-0.035618,1.018254,0.133353,5.07,gru,0.014012,0.005393,0.006945
2026-04-01T19:46:37.1452396Z,-0.036194,1.006480,0.133230,-0.026935,1.004037,0.140757,3.51,gru,0.009259,0.002443,0.007527
2026-04-01T19:46:37.1730329Z,-0.025528,1.002344,0.138098,-0.017780,1.002007,0.142478,4.52,gru,0.007748,0.000337,0.004380
2026-04-01T19:46:37.2180630Z,-0.010935,0.997245,0.143139,0.008173,0.997643,0.147094,3.51,gru,0.019107,0.000399,0.003956
2026-04-01T19:46:37.2403322Z,0.015117,1.000291,0.143541,0.052486,1.008988,0.144065,6.05,gru,0.037370,0.008697,0.000525
2026-04-01T19:46:37.2710220Z,0.026544,0.994512,0.147101,0.033108,0.994590,0.152122,5.70,gru,0.006563,0.000078,0.005021
2026-04-01T19:46:37.3051797Z,0.042853,0.991427,0.150094,0.051405,0.987255,0.156475,6.73,gru,0.008552,0.004172,0.006380
2026-04-01T19:46:37.3445057Z,0.055782,0.984265,0.153897,0.076806,0.976730,0.157882,4.70,gru,0.021023,0.007536,0.003985
2026-04-01T19:46:37.3744134Z,0.072281,0.979478,0.155654,0.094561,0.977915,0.157716,4.18,gru,0.022279,0.001563,0.002062
2026-04-01T19:46:37.4114469Z,0.081233,0.971942,0.159563,0.087742,0.966440,0.164624,5.53,gru,0.006509,0.005501,0.005061
2026-04-01T19:46:37.4398488Z,0.099434,0.965882,0.161628,0.118695,0.958165,0.164632,5.56,gru,0.019262,0.007717,0.003004
2026-04-01T19:46:37.4760207Z,0.114977,0.961558,0.162654,0.138895,0.959388,0.161418,5.02,gru,0.023919,0.002170,0.001236
2026-04-01T19:46:37.5032935Z,0.127437,0.954939,0.164592,0.136702,0.953323,0.166362,3.19,gru,0.009265,0.001615,0.001771
2026-04-01T19:46:37.5393227Z,0.120121,0.942197,0.172094,0.098849,0.934657,0.184505,4.04,gru,0.021272,0.007541,0.012411
2026-04-01T19:46:37.5763805Z,0.114791,0.931341,0.178915,0.106327,0.921627,0.186303,4.02,gru,0.008464,0.009714,0.007388
2026-04-01T19:46:37.6093004Z,0.135864,0.925367,0.177579,0.180726,0.920661,0.175879,6.78,gru,0.044862,0.004706,0.001700
2026-04-01T19:46:37.6416190Z,0.141452,0.917106,0.179259,0.148357,0.917558,0.180436,4.56,gru,0.006905,0.000452,0.001177
2026-04-01T19:46:37.6736876Z,0.147290,0.908197,0.181439,0.126961,0.902974,0.191250,4.21,gru,0.020329,0.005223,0.009810
2026-04-01T19:46:37.7220802Z,0.159511,0.896069,0.181692,0.175118,0.877843,0.184007,4.63,gru,0.015607,0.018226,0.002314
2026-04-01T19:46:37.7432335Z,0.162304,0.885023,0.183577,0.172377,0.882268,0.182839,3.53,gru,0.010073,0.002755,0.000738
2026-04-01T19:46:37.7747537Z,0.167318,0.873469,0.185949,0.164781,0.869467,0.190144,5.52,gru,0.002537,0.004002,0.004195
2026-04-01T19:46:37.8102995Z,0.167088,0.862333,0.189823,0.160929,0.850595,0.195237,4.57,gru,0.006159,0.011738,0.005415
2026-04-01T19:46:37.8414773Z,0.164339,0.850934,0.196058,0.160041,0.842032,0.202599,3.56,gru,0.004298,0.008902,0.006541
2026-04-01T19:46:37.8738422Z,0.170692,0.840269,0.199654,0.187775,0.831058,0.200371,4.52,gru,0.017083,0.009211,0.000716
2026-04-01T19:46:37.9093472Z,0.175719,0.826270,0.205284,0.184040,0.819693,0.207827,6.70,gru,0.008321,0.006577,0.002543
2026-04-01T19:46:37.9412271Z,0.190879,0.812837,0.209184,0.204347,0.804758,0.211778,3.65,gru,0.013467,0.008079,0.002594
2026-04-01T19:46:37.9820972Z,0.186613,0.800208,0.216693,0.172770,0.797026,0.223022,6.51,gru,0.013842,0.003182,0.006329
2026-04-01T19:46:38.0077937Z,0.208374,0.780509,0.220866,0.233627,0.762655,0.223279,6.60,gru,0.025253,0.017854,0.002413
2026-04-01T19:46:38.0381273Z,0.200321,0.764785,0.231835,0.190294,0.760771,0.241958,3.04,gru,0.010027,0.004015,0.010123
2026-04-01T19:46:38.0743539Z,0.201452,0.750896,0.239656,0.184274,0.755764,0.246095,4.77,gru,0.017178,0.004868,0.006439
2026-04-01T19:46:38.1159077Z,0.203696,0.732021,0.249167,0.221100,0.716246,0.254349,7.55,gru,0.017403,0.015775,0.005182
2026-04-01T19:46:38.1441095Z,0.199514,0.717532,0.258246,0.195951,0.713416,0.264349,3.02,gru,0.003563,0.004117,0.006104
2026-04-01T19:46:38.1752499Z,0.193025,0.699369,0.268844,0.177578,0.695149,0.276554,4.51,gru,0.015447,0.004220,0.007710
2026-04-01T19:46:38.2119186Z,0.199370,0.679459,0.276736,0.214537,0.664107,0.280587,6.69,gru,0.015167,0.015352,0.003851
2026-04-01T19:46:38.2444780Z,0.194519,0.663564,0.285869,0.192077,0.661449,0.288793,6.21,gru,0.002442,0.002115,0.002924
2026-04-01T19:46:38.2802042Z,0.198438,0.643108,0.292620,0.198146,0.636112,0.295261,4.25,gru,0.000293,0.006996,0.002641
2026-04-01T19:46:38.3119307Z,0.198161,0.622652,0.301115,0.199941,0.612381,0.305123,4.19,gru,0.001780,0.010271,0.004008
2026-04-01T19:46:38.3404764Z,0.193445,0.607459,0.309143,0.183084,0.610291,0.312212,5.99,gru,0.010361,0.002832,0.003069
2026-04-01T19:46:38.3807774Z,0.190922,0.588727,0.315956,0.191851,0.580675,0.316114,6.47,gru,0.000928,0.008052,0.000158
2026-04-01T19:46:38.4068926Z,0.191113,0.568406,0.321501,0.198281,0.554437,0.320592,6.56,gru,0.007168,0.013969,0.000909
2026-04-01T19:46:38.4506860Z,0.187442,0.550415,0.326690,0.180842,0.546842,0.325638,5.95,gru,0.006600,0.003573,0.001052
2026-04-01T19:46:38.4843075Z,0.189195,0.527551,0.331951,0.190499,0.520060,0.331671,4.76,gru,0.001304,0.007490,0.000280
2026-04-01T19:46:38.5160903Z,0.210107,0.483101,0.333306,0.241458,0.455967,0.328681,3.06,gru,0.031351,0.027134,0.004624
2026-04-01T19:46:38.5477945Z,0.204240,0.462022,0.337109,0.181754,0.485470,0.332252,3.51,gru,0.022486,0.023448,0.004857
2026-04-01T19:46:38.5853932Z,0.197677,0.442712,0.339749,0.165098,0.478275,0.335637,5.38,gru,0.032579,0.035563,0.004112
2026-04-01T19:46:38.6207738Z,0.195653,0.418768,0.340524,0.211780,0.413421,0.337874,7.15,gru,0.016127,0.005347,0.002651
2026-04-01T19:46:38.6542623Z,0.185659,0.401965,0.341347,0.182591,0.402855,0.336868,7.67,gru,0.003069,0.000891,0.004479
2026-04-01T19:46:38.6783890Z,0.176145,0.387561,0.343318,0.155851,0.418129,0.343408,4.23,gru,0.020294,0.030567,0.000089
2026-04-01T19:46:38.7098229Z,0.165611,0.377259,0.342166,0.157325,0.397625,0.337947,3.89,gru,0.008286,0.020366,0.004219
2026-04-01T19:46:38.7465245Z,0.162715,0.353308,0.339883,0.182390,0.347441,0.336346,4.60,gru,0.019675,0.005866,0.003537
2026-04-01T19:46:38.7805060Z,0.160421,0.329326,0.336331,0.169720,0.328605,0.332690,3.03,gru,0.009299,0.000722,0.003641
2026-04-01T19:46:38.8087667Z,0.153477,0.314778,0.332869,0.138520,0.362849,0.326909,5.03,gru,0.014957,0.048071,0.005959
2026-04-01T19:46:38.8382460Z,0.151613,0.291070,0.325568,0.157808,0.307859,0.317134,4.02,gru,0.006195,0.016789,0.008434
2026-04-01T19:46:38.8706768Z,0.146056,0.275201,0.321766,0.156290,0.284768,0.318452,4.11,gru,0.010234,0.009567,0.003314
2026-04-01T19:46:38.9202858Z,0.152027,0.239204,0.311250,0.168844,0.235756,0.303053,6.42,gru,0.016817,0.003448,0.008197
2026-04-01T19:46:38.9415154Z,0.143631,0.225312,0.305363,0.133523,0.273257,0.298190,3.59,gru,0.010108,0.047945,0.007173
2026-04-01T19:46:38.9904377Z,0.137871,0.207604,0.295665,0.129094,0.250613,0.288658,3.61,gru,0.008777,0.043009,0.007007
2026-04-01T19:46:39.0133694Z,0.133126,0.189936,0.286692,0.149713,0.203602,0.282487,4.05,gru,0.016587,0.013667,0.004205
2026-04-01T19:46:39.0362188Z,0.131447,0.166373,0.274325,0.142619,0.167391,0.267319,3.70,gru,0.011172,0.001018,0.007006
2026-04-01T19:46:39.0785741Z,0.121785,0.156413,0.267047,0.112327,0.202507,0.268212,5.47,gru,0.009458,0.046094,0.001165
2026-04-01T19:46:39.1167412Z,0.118632,0.133575,0.253206,0.119255,0.155982,0.247951,5.15,gru,0.000623,0.022406,0.005254
2026-04-01T19:46:39.1477048Z,0.111278,0.117010,0.241262,0.118065,0.111157,0.235857,3.51,gru,0.006787,0.005853,0.005405
2026-04-01T19:46:39.1758242Z,0.104198,0.102670,0.229619,0.101418,0.108868,0.229546,3.51,gru,0.002780,0.006197,0.000073
2026-04-01T19:46:39.2067460Z,0.094986,0.092769,0.220525,0.088206,0.107485,0.223125,3.52,gru,0.006780,0.014716,0.002600
2026-04-01T19:46:39.2407787Z,0.087168,0.080719,0.209638,0.086688,0.079704,0.208688,4.24,gru,0.000480,0.001015,0.000949
2026-04-01T19:46:39.2743648Z,0.079113,0.071399,0.199232,0.079323,0.061861,0.195773,3.51,gru,0.000210,0.009539,0.003459
2026-04-01T19:46:39.3055033Z,0.071421,0.061695,0.190161,0.067808,0.057422,0.191331,3.43,gru,0.003614,0.004272,0.001170
2026-04-01T19:46:39.3440668Z,0.064272,0.055205,0.181190,0.058952,0.060148,0.182347,5.54,gru,0.005320,0.004943,0.001158
2026-04-01T19:46:39.3777238Z,0.057684,0.047792,0.173951,0.054246,0.046097,0.174344,4.02,gru,0.003438,0.001696,0.000393
2026-04-01T19:46:39.4076205Z,0.052290,0.043036,0.169688,0.048386,0.041742,0.172404,3.58,gru,0.003904,0.001295,0.002716
2026-04-01T19:46:39.4385425Z,0.048949,0.037502,0.166758,0.045552,0.038400,0.170264,3.02,gru,0.003397,0.000898,0.003506
2026-04-01T19:46:39.4785860Z,0.047666,0.033389,0.165131,0.045563,0.037084,0.167677,7.13,gru,0.002104,0.003695,0.002546
2026-04-01T19:46:39.5078240Z,0.049580,0.031325,0.165668,0.049350,0.037944,0.169043,4.55,gru,0.000230,0.006619,0.003375
2026-04-01T19:46:39.5401020Z,0.053935,0.030258,0.167290,0.056821,0.035491,0.170663,3.60,gru,0.002886,0.005233,0.003372
2026-04-01T19:46:39.5881497Z,0.061978,0.029700,0.169261,0.068146,0.035204,0.171489,12.91,gru,0.006168,0.005504,0.002227
2026-04-01T19:46:39.6167146Z,0.072569,0.031903,0.170999,0.080897,0.040931,0.171627,6.66,gru,0.008328,0.009028,0.000629
2026-04-01T19:46:39.6370536Z,0.085072,0.038235,0.171535,0.095025,0.051661,0.170314,4.03,gru,0.009953,0.013427,0.001221
2026-04-01T19:46:39.6736289Z,0.097483,0.045260,0.173567,0.108671,0.057482,0.174290,5.53,gru,0.011188,0.012222,0.000723
2026-04-01T19:46:39.7030661Z,0.111473,0.053091,0.174946,0.124533,0.063883,0.174895,3.51,gru,0.013060,0.010792,0.000051
2026-04-01T19:46:39.7431024Z,0.125748,0.062328,0.175087,0.139946,0.072408,0.171665,5.12,gru,0.014198,0.010081,0.003421
2026-04-01T19:46:39.7743396Z,0.139951,0.074298,0.175618,0.153982,0.088958,0.173170,4.25,gru,0.014031,0.014660,0.002448
2026-04-01T19:46:39.8039978Z,0.154648,0.086003,0.176115,0.170222,0.099385,0.174553,3.93,gru,0.015574,0.013382,0.001561
2026-04-01T19:46:39.8370144Z,0.170095,0.101658,0.176327,0.186872,0.117641,0.173615,5.23,gru,0.016777,0.015983,0.002712
2026-04-01T19:46:39.8740500Z,0.185731,0.116256,0.177165,0.202766,0.132411,0.174488,5.57,gru,0.017036,0.016155,0.002677
2026-04-01T19:46:39.9158779Z,0.201292,0.131607,0.178107,0.218085,0.148091,0.175916,6.10,gru,0.016793,0.016484,0.002191
2026-04-01T19:46:39.9440344Z,0.215991,0.147381,0.180905,0.231565,0.166591,0.181258,4.94,gru,0.015574,0.019209,0.000353
2026-04-01T19:46:39.9734489Z,0.230070,0.168065,0.183150,0.245549,0.195349,0.182789,3.40,gru,0.015479,0.027284,0.000361
2026-04-01T19:46:40.0092308Z,0.245021,0.187118,0.185661,0.262591,0.211776,0.183911,8.70,gru,0.017570,0.024658,0.001751
2026-04-01T19:46:40.0429295Z,0.259978,0.208382,0.187073,0.276934,0.233395,0.184642,5.83,gru,0.016956,0.025014,0.002430
2026-04-01T19:46:40.0742839Z,0.266884,0.237221,0.194733,0.270975,0.280449,0.203781,5.52,gru,0.004091,0.043228,0.009048
2026-04-01T19:46:40.1061834Z,0.285468,0.256243,0.195018,0.308070,0.279232,0.193252,5.51,gru,0.022602,0.022989,0.001767
2026-04-01T19:46:40.1380496Z,0.258756,0.314629,0.223458,0.221420,0.402693,0.267675,4.52,gru,0.037336,0.088064,0.044217
2026-04-01T19:46:40.1752138Z,0.299763,0.311545,0.208460,0.356823,0.316293,0.214405,6.95,gru,0.057061,0.004748,0.005945
2026-04-01T19:46:40.2185090Z,0.243132,0.378660,0.250352,0.186992,0.455200,0.317849,8.82,gru,0.056140,0.076540,0.067496
2026-04-01T19:46:40.2418100Z,0.253816,0.398366,0.251918,0.234695,0.457179,0.277186,3.54,gru,0.019121,0.058814,0.025268
2026-04-01T19:46:40.2800690Z,0.258572,0.421996,0.256521,0.332976,0.423079,0.270494,8.14,gru,0.074404,0.001083,0.013973
2026-04-01T19:46:40.3119744Z,0.263351,0.445288,0.260841,0.254710,0.493992,0.288688,6.01,gru,0.008642,0.048704,0.027847
2026-04-01T19:46:40.3433429Z,0.269638,0.468409,0.261962,0.259721,0.515638,0.280872,6.02,gru,0.009917,0.047229,0.018910
2026-04-01T19:46:40.3751419Z,0.273523,0.491577,0.262779,0.279101,0.536045,0.276136,7.03,gru,0.005578,0.044468,0.013357
2026-04-01T19:46:40.4059885Z,0.277277,0.511668,0.261202,0.279490,0.538548,0.262635,4.52,gru,0.002213,0.026880,0.001434
2026-04-01T19:46:40.4392313Z,0.280455,0.532448,0.257554,0.279987,0.558823,0.259639,6.14,gru,0.000468,0.026375,0.002085
2026-04-01T19:46:40.4727952Z,0.277272,0.551736,0.254364,0.262015,0.600133,0.261088,5.40,gru,0.015257,0.048397,0.006724
2026-04-01T19:46:40.5076824Z,0.275241,0.567836,0.248561,0.272401,0.595069,0.248650,3.52,gru,0.002839,0.027233,0.000089
2026-04-01T19:46:40.5386334Z,0.272680,0.583084,0.240796,0.274254,0.600382,0.233108,4.05,gru,0.001573,0.017298,0.007688
2026-04-01T19:46:40.5708646Z,0.265448,0.600000,0.233920,0.253452,0.628985,0.232964,5.55,gru,0.011996,0.028985,0.000956
2026-04-01T19:46:40.6081696Z,0.257468,0.614609,0.225796,0.243106,0.646367,0.222783,5.10,gru,0.014363,0.031758,0.003013
2026-04-01T19:46:40.6383525Z,0.249736,0.629581,0.217088,0.246279,0.643317,0.210861,3.53,gru,0.003457,0.013736,0.006227
2026-04-01T19:46:40.6733767Z,0.242847,0.642094,0.207975,0.239012,0.655207,0.199556,5.31,gru,0.003835,0.013112,0.008418
2026-04-01T19:46:40.7084890Z,0.230636,0.657103,0.199187,0.214785,0.671828,0.192920,6.74,gru,0.015851,0.014725,0.006267
2026-04-01T19:46:40.7461478Z,0.210829,0.673581,0.196100,0.182687,0.690357,0.198412,5.57,gru,0.028143,0.016776,0.002312
2026-04-01T19:46:40.7801744Z,0.198313,0.689548,0.187639,0.192225,0.705410,0.181823,5.99,gru,0.006087,0.015861,0.005816
2026-04-01T19:46:40.8081712Z,0.185804,0.702650,0.180514,0.189531,0.699059,0.168843,3.53,gru,0.003727,0.003591,0.011671
2026-04-01T19:46:40.8382227Z,0.170751,0.718400,0.173314,0.149776,0.737797,0.169088,3.01,gru,0.020975,0.019397,0.004226
2026-04-01T19:46:40.8729194Z,0.160702,0.731358,0.163542,0.149359,0.742713,0.155159,4.05,gru,0.011343,0.011355,0.008383
2026-04-01T19:46:40.9092177Z,0.148842,0.746159,0.154270,0.140504,0.757794,0.144807,5.02,gru,0.008337,0.011635,0.009463
2026-04-01T19:46:40.9420992Z,0.138620,0.759135,0.143191,0.128000,0.772334,0.132401,6.05,gru,0.010620,0.013198,0.010790
2026-04-01T19:46:40.9707724Z,0.130992,0.771752,0.129556,0.123404,0.782944,0.116201,4.03,gru,0.007588,0.011192,0.013355
2026-04-01T19:46:41.0080805Z,0.118482,0.785321,0.121120,0.102477,0.803076,0.116409,3.20,gru,0.016005,0.017755,0.004711
2026-04-01T19:46:41.0390225Z,0.106857,0.798631,0.114949,0.092914,0.813794,0.113904,4.66,gru,0.013943,0.015162,0.001045
2026-04-01T19:46:41.0701421Z,0.092971,0.809533,0.111202,0.081661,0.819614,0.108771,3.64,gru,0.011310,0.010081,0.002432
2026-04-01T19:46:41.1094969Z,0.084640,0.820611,0.103435,0.078131,0.831948,0.095298,8.09,gru,0.006509,0.011337,0.008137
2026-04-01T19:46:41.1383484Z,0.071435,0.830656,0.098585,0.058156,0.843911,0.093938,3.51,gru,0.013280,0.013255,0.004646
2026-04-01T19:46:41.1758039Z,0.057257,0.840235,0.096063,0.039593,0.852321,0.099183,6.09,gru,0.017664,0.012086,0.003119
2026-04-01T19:46:41.2108710Z,0.046660,0.850216,0.092502,0.039656,0.858755,0.091305,5.52,gru,0.007005,0.008538,0.001197
2026-04-01T19:46:41.2440308Z,0.039026,0.859472,0.085890,0.036098,0.869501,0.078961,5.13,gru,0.002929,0.010029,0.006930
2026-04-01T19:46:41.2717365Z,0.028062,0.870351,0.084771,0.015360,0.884929,0.087116,3.52,gru,0.012702,0.014577,0.002345
2026-04-01T19:46:41.3107682Z,-0.006845,0.878681,0.103953,-0.049398,0.890404,0.146462,6.74,gru,0.042553,0.011723,0.042509
2026-04-01T19:46:41.3436946Z,-0.012534,0.890133,0.097722,-0.008142,0.897488,0.104575,6.16,gru,0.004393,0.007355,0.006853
2026-04-01T19:46:41.3795736Z,-0.022049,0.897593,0.096217,-0.008876,0.905813,0.088750,5.87,gru,0.013173,0.008220,0.007466
2026-04-01T19:46:41.4078951Z,-0.030306,0.905889,0.093902,-0.047727,0.921998,0.109201,4.68,gru,0.017421,0.016109,0.015299
2026-04-01T19:46:41.4442034Z,-0.040556,0.911700,0.091888,-0.053956,0.914543,0.096883,4.06,gru,0.013401,0.002842,0.004995
2026-04-01T19:46:41.4823042Z,-0.048101,0.917152,0.089093,-0.053001,0.917947,0.091402,6.75,gru,0.004899,0.000795,0.002309
2026-04-01T19:46:41.5118051Z,-0.054870,0.924167,0.085321,-0.057732,0.931773,0.082842,4.10,gru,0.002862,0.007605,0.002479
2026-04-01T19:46:41.5379679Z,-0.062459,0.932166,0.081262,-0.073116,0.940218,0.080590,3.51,gru,0.010657,0.008052,0.000672
2026-04-01T19:46:41.5745721Z,-0.072553,0.935480,0.082022,-0.085770,0.932368,0.089153,6.61,gru,0.013217,0.003112,0.007131
2026-04-01T19:46:41.6089950Z,-0.085818,0.942398,0.083663,-0.098940,0.942099,0.089540,6.94,gru,0.013123,0.000299,0.005877
2026-04-01T19:46:41.6460050Z,-0.100830,0.946839,0.089182,-0.114155,0.949758,0.095361,8.10,gru,0.013325,0.002919,0.006179
2026-04-01T19:46:41.6816352Z,-0.101508,0.951529,0.079231,-0.095797,0.953332,0.070136,5.60,gru,0.005711,0.001802,0.009095
2026-04-01T19:46:41.7170249Z,-0.107535,0.955968,0.075265,-0.110860,0.963122,0.067644,4.70,gru,0.003325,0.007154,0.007621
2026-04-01T19:46:41.7499450Z,-0.111182,0.956923,0.072692,-0.121855,0.961391,0.080019,6.15,gru,0.010673,0.004469,0.007327
2026-04-01T19:46:41.7786023Z,-0.116187,0.960926,0.069521,-0.121617,0.963793,0.067765,3.52,gru,0.005430,0.002867,0.001757
2026-04-01T19:46:41.8086981Z,-0.119019,0.962577,0.067003,-0.119590,0.967279,0.064164,4.52,gru,0.000572,0.004702,0.002839
2026-04-01T19:46:41.8397642Z,-0.120513,0.963199,0.064345,-0.117987,0.965277,0.060824,4.06,gru,0.002527,0.002078,0.003521
2026-04-01T19:46:41.8703669Z,-0.121052,0.964311,0.063866,-0.120218,0.966707,0.062925,4.70,gru,0.000835,0.002396,0.000941
2026-04-01T19:46:41.9226920Z,-0.118438,0.963153,0.065007,-0.113479,0.958553,0.066395,7.61,gru,0.004960,0.004600,0.001388
2026-04-01T19:46:41.9669147Z,-0.111887,0.960882,0.066560,-0.102287,0.957978,0.066949,6.42,gru,0.009600,0.002905,0.000389
2026-04-01T19:46:41.9929603Z,-0.104505,0.954586,0.071871,-0.096952,0.950256,0.076354,5.18,gru,0.007553,0.004330,0.004483
2026-04-01T19:46:42.0041645Z,-0.094220,0.954446,0.077010,-0.086577,0.957772,0.081835,3.62,gru,0.007644,0.003327,0.004825
2026-04-01T19:46:42.0393651Z,-0.084333,0.951605,0.086740,-0.076311,0.953635,0.095516,4.86,gru,0.008022,0.002030,0.008775
2026-04-01T19:46:42.0736951Z,-0.071204,0.948997,0.093420,-0.059970,0.946782,0.098906,4.08,gru,0.011234,0.002215,0.005486
2026-04-01T19:46:42.1079482Z,-0.061686,0.944144,0.104410,-0.055331,0.941973,0.112815,3.50,gru,0.006354,0.002171,0.008405
2026-04-01T19:46:42.1367224Z,-0.036824,0.945794,0.104344,-0.011448,0.950060,0.101797,4.25,gru,0.025375,0.004265,0.002547
2026-04-01T19:46:42.1728701Z,-0.019381,0.944248,0.107348,-0.001203,0.949820,0.104779,6.47,gru,0.018178,0.005572,0.002569
2026-04-01T19:46:42.2080459Z,-0.007441,0.938816,0.115104,-0.009538,0.939836,0.131000,5.03,gru,0.002097,0.001020,0.015896
2026-04-01T19:46:42.2390124Z,0.001474,0.930938,0.123111,0.004746,0.922295,0.132745,4.01,gru,0.003272,0.008643,0.009634
2026-04-01T19:46:42.2727353Z,0.021376,0.930918,0.121866,0.044105,0.938138,0.118483,5.05,gru,0.022729,0.007220,0.003383
2026-04-01T19:46:42.3029188Z,0.031818,0.925678,0.127669,0.041575,0.931811,0.133109,4.48,gru,0.009757,0.006132,0.005439
2026-04-01T19:46:42.3402400Z,0.043681,0.920760,0.130842,0.044821,0.920681,0.140201,5.25,gru,0.001139,0.000078,0.009359
2026-04-01T19:46:42.3817281Z,0.066925,0.920473,0.126055,0.093281,0.921245,0.121207,9.56,gru,0.026356,0.000772,0.004848
2026-04-01T19:46:42.4264305Z,0.077757,0.914283,0.127414,0.089447,0.919978,0.128945,6.04,gru,0.011690,0.005694,0.001531
2026-04-01T19:46:42.4431955Z,0.085522,0.910367,0.128631,0.081801,0.915790,0.137104,7.03,gru,0.003721,0.005423,0.008473
2026-04-01T19:46:42.4740876Z,0.092898,0.904024,0.129764,0.101034,0.902795,0.131144,4.56,gru,0.008136,0.001229,0.001380
2026-04-01T19:46:42.5040791Z,0.108321,0.901467,0.126069,0.131461,0.906654,0.120661,4.57,gru,0.023141,0.005187,0.005408
2026-04-01T19:46:42.5381692Z,0.117186,0.897996,0.124436,0.126320,0.908722,0.121483,5.60,gru,0.009134,0.010725,0.002952
2026-04-01T19:46:42.5784528Z,0.137375,0.894919,0.117765,0.154800,0.898937,0.111548,4.03,gru,0.017425,0.004018,0.006217
2026-04-01T19:46:42.6078408Z,0.145865,0.893024,0.115114,0.154457,0.900590,0.110985,4.81,gru,0.008593,0.007565,0.004129
2026-04-01T19:46:42.6384278Z,0.154265,0.888249,0.112120,0.157539,0.894300,0.110198,4.41,gru,0.003274,0.006051,0.001922
2026-04-01T19:46:42.6705371Z,0.161089,0.884096,0.108597,0.170478,0.883092,0.102699,4.54,gru,0.009389,0.001004,0.005898
2026-04-01T19:46:42.7042533Z,0.165571,0.879768,0.107765,0.170044,0.881988,0.106366,4.02,gru,0.004472,0.002220,0.001398
2026-04-01T19:46:42.7385469Z,0.170105,0.876486,0.105007,0.174205,0.879858,0.101062,4.53,gru,0.004100,0.003372,0.003945
2026-04-01T19:46:42.7697773Z,0.174118,0.872664,0.102567,0.179094,0.875175,0.096613,5.52,gru,0.004976,0.002512,0.005954
2026-04-01T19:46:42.8058757Z,0.174537,0.869399,0.100876,0.174265,0.872021,0.097714,4.16,gru,0.000271,0.002621,0.003163
2026-04-01T19:46:42.8454250Z,0.170055,0.864280,0.102925,0.163796,0.865633,0.105281,7.02,gru,0.006258,0.001353,0.002356
2026-04-01T19:46:42.8710518Z,0.167718,0.859672,0.104284,0.166494,0.859915,0.104564,3.01,gru,0.001224,0.000243,0.000280
2026-04-01T19:46:42.9064624Z,0.167607,0.856138,0.104424,0.171647,0.856203,0.100567,6.18,gru,0.004040,0.000065,0.003858
2026-04-01T19:46:42.9406848Z,0.168457,0.851615,0.105168,0.170307,0.851904,0.104099,3.63,gru,0.001851,0.000288,0.001069
2026-04-01T19:46:42.9710534Z,0.171956,0.845302,0.106294,0.175392,0.844266,0.106927,4.52,gru,0.003435,0.001036,0.000633
2026-04-01T19:46:43.0043176Z,0.173087,0.837043,0.111063,0.173910,0.835014,0.115601,3.79,gru,0.000823,0.002029,0.004538
2026-04-01T19:46:43.0378727Z,0.177914,0.826913,0.116083,0.183442,0.822579,0.119587,4.04,gru,0.005528,0.004334,0.003504
2026-04-01T19:46:43.0737795Z,0.188932,0.815158,0.119258,0.204213,0.807801,0.118423,5.26,gru,0.015281,0.007358,0.000834
2026-04-01T19:46:43.1079423Z,0.233194,0.801580,0.107038,0.276271,0.788108,0.096325,2.50,gru,0.043077,0.013472,0.010713
2026-04-01T19:46:43.1381625Z,0.227080,0.787932,0.124372,0.210211,0.786840,0.167286,5.39,gru,0.016868,0.001092,0.042913
2026-04-01T19:46:43.1742756Z,0.219464,0.773794,0.143561,0.177339,0.770676,0.192985,3.52,gru,0.042124,0.003118,0.049424
2026-04-01T19:46:43.2059522Z,0.223286,0.757749,0.159942,0.242815,0.739851,0.187395,4.50,gru,0.019530,0.017898,0.027453
2026-04-01T19:46:43.2438903Z,0.225437,0.742651,0.177596,0.243920,0.733266,0.190113,3.57,gru,0.018483,0.009385,0.012517
2026-04-01T19:46:43.2773269Z,0.221714,0.727100,0.198339,0.201608,0.725833,0.231666,4.51,gru,0.020106,0.001267,0.033327
2026-04-01T19:46:43.3119148Z,0.223699,0.709809,0.216649,0.216845,0.694432,0.241848,3.56,gru,0.006854,0.015377,0.025199
2026-04-01T19:46:43.3370515Z,0.236692,0.692166,0.230880,0.263564,0.672170,0.244255,5.35,gru,0.026872,0.019995,0.013375
2026-04-01T19:46:43.3805642Z,0.249417,0.672898,0.245787,0.267409,0.665421,0.258261,7.84,gru,0.017992,0.007477,0.012474
2026-04-01T19:46:43.4233047Z,0.239222,0.657755,0.266899,0.201962,0.661114,0.302672,5.52,gru,0.037260,0.003359,0.035773
2026-04-01T19:46:43.4681838Z,0.284854,0.631219,0.272035,0.328625,0.605259,0.286475,3.53,gru,0.043772,0.025961,0.014440
2026-04-01T19:46:43.5002806Z,0.290581,0.594379,0.299019,0.294194,0.605220,0.293108,4.82,gru,0.003613,0.010842,0.005911
2026-04-01T19:46:43.5078221Z,0.290581,0.594379,0.299019,0.254905,0.606598,0.325968,4.93,gru,0.035675,0.012219,0.026949
2026-04-01T19:46:43.5415394Z,0.274216,0.575911,0.314373,0.251690,0.566184,0.334450,5.58,gru,0.022526,0.009727,0.020077
2026-04-01T19:46:43.5782854Z,0.241103,0.565876,0.330004,0.200709,0.568207,0.342087,6.52,gru,0.040393,0.002332,0.012083
2026-04-01T19:46:43.6136397Z,0.237525,0.546087,0.336465,0.264529,0.527133,0.337963,5.41,gru,0.027004,0.018954,0.001499
2026-04-01T19:46:43.6442426Z,0.235144,0.525300,0.339585,0.250203,0.510563,0.338044,6.04,gru,0.015058,0.014738,0.001542
2026-04-01T19:46:43.6782798Z,0.235503,0.502672,0.337174,0.216103,0.507416,0.331875,6.13,gru,0.019400,0.004744,0.005298
2026-04-01T19:46:43.7128214Z,0.236166,0.479083,0.330957,0.232965,0.470692,0.320822,7.59,gru,0.003201,0.008391,0.010135
2026-04-01T19:46:43.7518370Z,0.231742,0.461546,0.322110,0.230353,0.469518,0.305250,6.91,gru,0.001390,0.007972,0.016860
2026-04-01T19:46:43.7766073Z,0.226732,0.444211,0.311253,0.220650,0.454784,0.295592,4.52,gru,0.006082,0.010572,0.015661
2026-04-01T19:46:43.8139191Z,0.225290,0.426310,0.297880,0.225795,0.425667,0.281790,4.92,gru,0.000506,0.000643,0.016089
2026-04-01T19:46:43.8483833Z,0.218316,0.409694,0.285664,0.213060,0.412162,0.272469,7.07,gru,0.005257,0.002468,0.013194
2026-04-01T19:46:43.8726988Z,0.212811,0.394811,0.272626,0.209747,0.402634,0.260212,5.34,gru,0.003064,0.007823,0.012415
2026-04-01T19:46:43.9062768Z,0.205812,0.381674,0.260558,0.204193,0.391449,0.249893,7.04,gru,0.001619,0.009774,0.010665
2026-04-01T19:46:43.9458561Z,0.202705,0.366740,0.249891,0.206288,0.374522,0.243645,4.51,gru,0.003583,0.007782,0.006246
2026-04-01T19:46:43.9729453Z,0.197012,0.355002,0.243323,0.198498,0.368075,0.241249,6.02,gru,0.001486,0.013073,0.002073
2026-04-01T19:46:44.0066500Z,0.194695,0.342529,0.239897,0.199606,0.356389,0.241302,5.01,gru,0.004911,0.013860,0.001405
2026-04-01T19:46:44.0521867Z,0.193434,0.328147,0.240016,0.202107,0.342643,0.244193,6.59,gru,0.008673,0.014495,0.004177
2026-04-01T19:46:44.0750848Z,0.190901,0.318303,0.244348,0.194933,0.328252,0.252931,3.62,gru,0.004032,0.009949,0.008583
2026-04-01T19:46:44.1117693Z,0.192450,0.303191,0.250905,0.201950,0.312780,0.259701,8.47,gru,0.009500,0.009589,0.008796
2026-04-01T19:46:44.1496623Z,0.191284,0.289396,0.261454,0.200098,0.295068,0.273611,8.12,gru,0.008813,0.005672,0.012157
2026-04-01T19:46:44.1707564Z,0.214921,0.257897,0.264354,0.250484,0.241242,0.267604,4.02,gru,0.035563,0.016655,0.003249
2026-04-01T19:46:44.2077678Z,0.215231,0.242221,0.276380,0.218547,0.265557,0.289907,3.00,gru,0.003316,0.023337,0.013527
2026-04-01T19:46:44.2438398Z,0.217448,0.227019,0.286408,0.206977,0.256831,0.303412,5.19,gru,0.010471,0.029812,0.017004
2026-04-01T19:46:44.2787270Z,0.217872,0.213295,0.294647,0.231749,0.213169,0.303210,4.15,gru,0.013877,0.000125,0.008563
2026-04-01T19:46:44.3086303Z,0.216123,0.202258,0.299383,0.219999,0.195543,0.300608,6.02,gru,0.003876,0.006715,0.001225
2026-04-01T19:46:44.3421542Z,0.213316,0.189434,0.298567,0.207626,0.186121,0.297449,4.19,gru,0.005689,0.003313,0.001118
2026-04-01T19:46:44.4012569Z,0.209315,0.177786,0.294045,0.203625,0.176683,0.292721,15.16,gru,0.005690,0.001102,0.001324
2026-04-01T19:46:44.4391759Z,0.202916,0.169831,0.285970,0.198480,0.166218,0.281884,8.14,gru,0.004435,0.003613,0.004086
2026-04-01T19:46:44.4557640Z,0.196037,0.163205,0.274505,0.192525,0.156051,0.267302,8.28,gru,0.003513,0.007154,0.007204
2026-04-01T19:46:44.4752080Z,0.190156,0.151074,0.259325,0.187478,0.140905,0.250504,4.02,gru,0.002678,0.010168,0.008821
2026-04-01T19:46:44.5135344Z,0.185982,0.142324,0.243208,0.183190,0.141141,0.234943,3.52,gru,0.002792,0.001182,0.008265
2026-04-01T19:46:44.5419922Z,0.178799,0.137089,0.230191,0.172407,0.148076,0.226879,6.96,gru,0.006392,0.010987,0.003312
2026-04-01T19:46:44.5886589Z,0.179739,0.121139,0.211049,0.188408,0.110565,0.200988,7.47,gru,0.008669,0.010574,0.010061
2026-04-01T19:46:44.6130511Z,0.174528,0.114014,0.198295,0.173370,0.113591,0.191111,5.59,gru,0.001159,0.000423,0.007183
2026-04-01T19:46:44.6482570Z,0.168803,0.106879,0.186456,0.161472,0.119965,0.185660,5.07,gru,0.007331,0.013086,0.000796
2026-04-01T19:46:44.6884573Z,0.162883,0.097663,0.175425,0.162154,0.099439,0.170495,8.71,gru,0.000729,0.001776,0.004929
2026-04-01T19:46:44.7244060Z,0.157038,0.090024,0.166377,0.156695,0.088411,0.160042,5.31,gru,0.000343,0.001613,0.006335
2026-04-01T19:46:44.7421920Z,0.151026,0.082363,0.160234,0.148256,0.086608,0.157668,5.58,gru,0.002770,0.004245,0.002566
2026-04-01T19:46:44.7761477Z,0.146123,0.074600,0.155315,0.143351,0.082317,0.154400,4.12,gru,0.002772,0.007717,0.000915
2026-04-01T19:46:44.8082405Z,0.142033,0.067728,0.151543,0.141736,0.068225,0.148934,7.35,gru,0.000297,0.000498,0.002609
2026-04-01T19:46:44.8417714Z,0.138995,0.063202,0.147450,0.138959,0.062068,0.143140,5.71,gru,0.000035,0.001134,0.004309
2026-04-01T19:46:44.8765099Z,0.136579,0.059158,0.144163,0.136474,0.057049,0.141431,6.02,gru,0.000105,0.002110,0.002733
2026-04-01T19:46:44.9094911Z,0.135686,0.057435,0.140422,0.136587,0.054236,0.138464,4.55,gru,0.000902,0.003198,0.001959
2026-04-01T19:46:44.9401905Z,0.134682,0.055314,0.136606,0.135985,0.049810,0.133684,5.48,gru,0.001303,0.005504,0.002923
2026-04-01T19:46:44.9832746Z,0.134807,0.054999,0.132576,0.136233,0.049002,0.129408,6.21,gru,0.001426,0.005997,0.003167
2026-04-01T19:46:45.0191433Z,0.135101,0.054786,0.127886,0.136748,0.049038,0.124403,7.64,gru,0.001648,0.005748,0.003482
2026-04-01T19:46:45.0442434Z,0.136585,0.055729,0.122349,0.139169,0.050825,0.117856,3.03,gru,0.002584,0.004904,0.004493
2026-04-01T19:46:45.0704964Z,0.138653,0.056583,0.117020,0.141953,0.053497,0.112550,6.15,gru,0.003300,0.003086,0.004470
2026-04-01T19:46:45.1096999Z,0.142421,0.058624,0.111801,0.146990,0.055970,0.107573,4.90,gru,0.004569,0.002654,0.004228
2026-04-01T19:46:45.1388980Z,0.146845,0.059603,0.108064,0.152649,0.057533,0.105139,4.04,gru,0.005803,0.002070,0.002924
2026-04-01T19:46:45.1696400Z,0.152646,0.061983,0.103759,0.159214,0.062683,0.099645,4.51,gru,0.006568,0.000700,0.004114
2026-04-01T19:46:45.2049879Z,0.159263,0.064138,0.100378,0.167142,0.064811,0.096080,6.02,gru,0.007879,0.000673,0.004298
2026-04-01T19:46:45.2425003Z,0.166968,0.066099,0.096786,0.176097,0.067166,0.092623,3.60,gru,0.009129,0.001067,0.004163
2026-04-01T19:46:45.2735236Z,0.175651,0.069617,0.093321,0.185568,0.073125,0.088564,3.03,gru,0.009917,0.003509,0.004757
2026-04-01T19:46:45.3058496Z,0.184986,0.072064,0.090888,0.195889,0.075481,0.087341,4.01,gru,0.010903,0.003416,0.003547
2026-04-01T19:46:45.3436467Z,0.195340,0.074767,0.088571,0.207223,0.077538,0.084943,7.55,gru,0.011883,0.002771,0.003628
2026-04-01T19:46:45.3799797Z,0.207149,0.078300,0.086743,0.220107,0.081812,0.082948,8.98,gru,0.012958,0.003512,0.003795
2026-04-01T19:46:45.4087474Z,0.220183,0.080172,0.085327,0.234620,0.081613,0.082103,3.59,gru,0.014437,0.001440,0.003224
2026-04-01T19:46:45.4421375Z,0.234136,0.086505,0.085075,0.249041,0.091439,0.083260,4.16,gru,0.014905,0.004934,0.001815
2026-04-01T19:46:45.4764590Z,0.249044,0.092471,0.085514,0.265210,0.097719,0.084634,6.51,gru,0.016166,0.005247,0.000880
2026-04-01T19:46:45.5086840Z,0.264249,0.098752,0.086809,0.281067,0.101604,0.086506,3.52,gru,0.016818,0.002852,0.000303
2026-04-01T19:46:45.5484390Z,0.279020,0.106047,0.089221,0.294664,0.109885,0.090077,4.64,gru,0.015645,0.003838,0.000856
2026-04-01T19:46:45.5773142Z,0.292309,0.115746,0.093527,0.306491,0.123536,0.097265,4.01,gru,0.014183,0.007790,0.003738
2026-04-01T19:46:45.6075427Z,0.303280,0.127664,0.098244,0.315352,0.138659,0.102380,4.17,gru,0.012072,0.010995,0.004135
2026-04-01T19:46:45.6416064Z,0.313360,0.137610,0.103270,0.323967,0.144457,0.106405,4.70,gru,0.010607,0.006848,0.003135
2026-04-01T19:46:45.6759133Z,0.323930,0.148176,0.107162,0.334252,0.153825,0.108615,9.05,gru,0.010322,0.005650,0.001452
2026-04-01T19:46:45.7060900Z,0.302461,0.186126,0.137008,0.281619,0.237562,0.190541,3.52,gru,0.020843,0.051436,0.053533
2026-04-01T19:46:45.7431096Z,0.342154,0.168889,0.109480,0.385204,0.184214,0.125730,5.18,gru,0.043050,0.015325,0.016249
2026-04-01T19:46:45.7704934Z,0.314557,0.207626,0.136907,0.299289,0.247846,0.177627,3.64,gru,0.015268,0.040220,0.040720
2026-04-01T19:46:45.8032793Z,0.348642,0.194564,0.112169,0.354549,0.195320,0.111577,4.53,gru,0.005907,0.000755,0.000593
2026-04-01T19:46:45.8369544Z,0.325892,0.227083,0.131558,0.319474,0.259941,0.154919,4.06,gru,0.006418,0.032858,0.023361
2026-04-01T19:46:45.8840910Z,0.297408,0.259214,0.152683,0.250458,0.328849,0.230910,8.04,gru,0.046950,0.069635,0.078227
2026-04-01T19:46:45.9134454Z,0.297672,0.271807,0.150352,0.330041,0.293412,0.174202,5.03,gru,0.032369,0.021604,0.023850
2026-04-01T19:46:45.9412829Z,0.298857,0.283346,0.146109,0.310941,0.281256,0.143216,5.04,gru,0.012083,0.002090,0.002893
2026-04-01T19:46:45.9760112Z,0.291836,0.298986,0.148556,0.273635,0.348382,0.189502,6.02,gru,0.018201,0.049396,0.040945
2026-04-01T19:46:46.0147392Z,0.325965,0.285530,0.111296,0.355385,0.298974,0.120729,8.56,gru,0.029420,0.013444,0.009433
2026-04-01T19:46:46.0430513Z,0.252974,0.344627,0.175625,0.214961,0.417432,0.313671,4.53,gru,0.038013,0.072806,0.138047
2026-04-01T19:46:46.0788670Z,0.250550,0.354509,0.172120,0.240232,0.392648,0.209607,4.03,gru,0.010318,0.038139,0.037487
2026-04-01T19:46:46.1150913Z,0.245959,0.364701,0.168396,0.302868,0.372238,0.195642,5.65,gru,0.056909,0.007537,0.027246
2026-04-01T19:46:46.1444049Z,0.243321,0.373644,0.161942,0.246761,0.401001,0.197146,4.11,gru,0.003439,0.027357,0.035204
2026-04-01T19:46:46.1746368Z,0.237124,0.385601,0.156930,0.217500,0.429446,0.190734,6.19,gru,0.019624,0.043845,0.033804
2026-04-01T19:46:46.2069328Z,0.249504,0.380616,0.126871,0.275060,0.390167,0.144674,3.64,gru,0.025556,0.009551,0.017804
2026-04-01T19:46:46.2443798Z,0.236619,0.397811,0.128500,0.220734,0.427982,0.145028,7.17,gru,0.015885,0.030171,0.016527
2026-04-01T19:46:46.2786160Z,0.226203,0.408629,0.121949,0.204188,0.443468,0.156212,4.52,gru,0.022015,0.034840,0.034264
2026-04-01T19:46:46.3087601Z,0.227142,0.405052,0.090778,0.234927,0.421653,0.097804,5.45,gru,0.007785,0.016600,0.007026
2026-04-01T19:46:46.3441664Z,0.208057,0.427131,0.096463,0.188287,0.475511,0.125970,6.02,gru,0.019770,0.048380,0.029506
2026-04-01T19:46:46.3745138Z,0.197702,0.440477,0.089566,0.180439,0.469772,0.105941,6.18,gru,0.017263,0.029296,0.016375
2026-04-01T19:46:46.4128232Z,0.190246,0.451963,0.086841,0.194118,0.473890,0.092744,6.21,gru,0.003872,0.021927,0.005903
2026-04-01T19:46:46.4464694Z,0.187633,0.465727,0.084664,0.186166,0.466115,0.087430,5.37,gru,0.001467,0.000388,0.002765
2026-04-01T19:46:46.4922085Z,0.189635,0.476312,0.086064,0.191549,0.480112,0.092618,5.33,gru,0.001914,0.003800,0.006553
2026-04-01T19:46:46.5103448Z,0.195875,0.486702,0.087701,0.200404,0.500401,0.096174,6.05,gru,0.004529,0.013699,0.008473
2026-04-01T19:46:46.5528599Z,0.205267,0.497681,0.092126,0.215843,0.506233,0.098575,7.60,gru,0.010576,0.008551,0.006449
2026-04-01T19:46:46.5916498Z,0.216579,0.509422,0.097206,0.225656,0.524020,0.102746,10.79,gru,0.009077,0.014598,0.005540
2026-04-01T19:46:46.6121426Z,0.228040,0.520812,0.106114,0.238010,0.534907,0.117255,4.15,gru,0.009970,0.014095,0.011141
2026-04-01T19:46:46.6419258Z,0.237496,0.532925,0.115422,0.252773,0.542491,0.124731,3.69,gru,0.015277,0.009566,0.009309
2026-04-01T19:46:46.6749358Z,0.245449,0.542292,0.123137,0.250215,0.550766,0.128177,4.52,gru,0.004765,0.008474,0.005039
2026-04-01T19:46:46.7107171Z,0.250297,0.551639,0.127832,0.251885,0.558792,0.128715,6.67,gru,0.001588,0.007153,0.000883
2026-04-01T19:46:46.7433490Z,0.253047,0.560203,0.128777,0.252414,0.569483,0.128212,6.10,gru,0.000633,0.009280,0.000565
2026-04-01T19:46:46.7751210Z,0.250126,0.570688,0.127668,0.243423,0.586623,0.126248,5.58,gru,0.006703,0.015935,0.001420
2026-04-01T19:46:46.8109572Z,0.246219,0.577700,0.122040,0.240229,0.592239,0.116066,7.38,gru,0.005991,0.014539,0.005974
2026-04-01T19:46:46.8374201Z,0.240091,0.584641,0.114399,0.236042,0.588315,0.105731,3.81,gru,0.004049,0.003675,0.008668
2026-04-01T19:46:46.8705463Z,0.227788,0.592618,0.103971,0.213243,0.608614,0.094853,6.04,gru,0.014545,0.015996,0.009118
2026-04-01T19:46:46.9105804Z,0.211983,0.602771,0.097751,0.194751,0.624947,0.095934,5.40,gru,0.017232,0.022176,0.001817
2026-04-01T19:46:46.9424372Z,0.196765,0.611320,0.089546,0.186655,0.619475,0.084650,4.09,gru,0.010110,0.008156,0.004896
2026-04-01T19:46:46.9801173Z,0.183179,0.616686,0.083028,0.175539,0.621291,0.076934,5.15,gru,0.007640,0.004605,0.006094
2026-04-01T19:46:47.0290425Z,0.174071,0.623168,0.080697,0.167502,0.630135,0.081714,9.31,gru,0.006569,0.006967,0.001017
2026-04-01T19:46:47.0459910Z,0.173899,0.628526,0.079135,0.176397,0.635523,0.079990,4.51,gru,0.002498,0.006997,0.000854
2026-04-01T19:46:47.0786731Z,0.182050,0.628682,0.072969,0.194535,0.628343,0.066880,3.72,gru,0.012485,0.000340,0.006089
2026-04-01T19:46:47.1034707Z,0.192162,0.632952,0.078763,0.200630,0.637916,0.087025,3.19,gru,0.008467,0.004965,0.008262
2026-04-01T19:46:47.1413100Z,0.206089,0.637995,0.084034,0.216361,0.646651,0.094977,6.07,gru,0.010272,0.008656,0.010943
2026-04-01T19:46:47.1745222Z,0.218239,0.645008,0.092571,0.229007,0.652655,0.098549,4.51,gru,0.010768,0.007647,0.005977
2026-04-01T19:46:47.2064454Z,0.215643,0.658528,0.108178,0.203545,0.674757,0.127103,5.03,gru,0.012098,0.016228,0.018925
2026-04-01T19:46:47.2392742Z,0.222302,0.664378,0.109501,0.227895,0.664737,0.107845,4.03,gru,0.005593,0.000358,0.001656
2026-04-01T19:46:47.2784184Z,0.221133,0.671573,0.109456,0.225105,0.669399,0.101589,6.11,gru,0.003972,0.002174,0.007867
2026-04-01T19:46:47.3091080Z,0.216867,0.676280,0.105248,0.207114,0.683060,0.104240,6.38,gru,0.009753,0.006780,0.001009
2026-04-01T19:46:47.3576513Z,0.206921,0.678482,0.099963,0.195871,0.679923,0.097171,5.80,gru,0.011049,0.001441,0.002792
2026-04-01T19:46:47.3819544Z,0.187460,0.686198,0.103987,0.167071,0.695768,0.116127,5.56,gru,0.020389,0.009569,0.012140
2026-04-01T19:46:47.4113615Z,0.184523,0.682180,0.081040,0.189443,0.679140,0.069261,5.29,gru,0.004921,0.003040,0.011780
2026-04-01T19:46:47.4439191Z,0.172095,0.690200,0.084667,0.166280,0.701679,0.091564,5.52,gru,0.005814,0.011479,0.006896
2026-04-01T19:46:47.4768879Z,0.169786,0.693884,0.084176,0.163362,0.711602,0.107378,6.63,gru,0.006424,0.017717,0.023202
2026-04-01T19:46:47.5185594Z,0.173837,0.697347,0.087099,0.188675,0.705309,0.095397,5.53,gru,0.014838,0.007962,0.008298
2026-04-01T19:46:47.5645978Z,0.179381,0.702390,0.092936,0.186409,0.714978,0.100092,5.12,gru,0.007028,0.012587,0.007156
2026-04-01T19:46:47.5727068Z,0.190858,0.710706,0.099119,0.200063,0.729526,0.106286,4.09,gru,0.009205,0.018819,0.007168
2026-04-01T19:46:47.6077346Z,0.199915,0.719509,0.105102,0.206343,0.737480,0.112388,3.51,gru,0.006428,0.017970,0.007285
2026-04-01T19:46:47.6551520Z,0.204747,0.726253,0.109640,0.201915,0.737875,0.113465,12.45,gru,0.002833,0.011622,0.003825
2026-04-01T19:46:47.6892352Z,0.207622,0.731595,0.108258,0.205145,0.736405,0.103173,9.73,gru,0.002478,0.004810,0.005084
2026-04-01T19:46:47.7084323Z,0.205290,0.734257,0.104105,0.199176,0.739131,0.097179,4.31,gru,0.006114,0.004874,0.006926
2026-04-01T19:46:47.7415983Z,0.202212,0.728874,0.091173,0.197960,0.724556,0.078213,5.54,gru,0.004253,0.004317,0.012960
2026-04-01T19:46:47.7766725Z,0.182714,0.735345,0.091096,0.160720,0.751725,0.097493,6.14,gru,0.021994,0.016380,0.006397
2026-04-01T19:46:47.8145638Z,0.169248,0.736837,0.081437,0.154891,0.746335,0.076595,4.00,gru,0.014357,0.009498,0.004842
2026-04-01T19:46:47.8441124Z,0.157718,0.738323,0.074460,0.156793,0.740292,0.065693,4.58,gru,0.000925,0.001969,0.008767
2026-04-01T19:46:47.8788741Z,0.148546,0.744579,0.078823,0.141320,0.759429,0.093687,4.74,gru,0.007226,0.014850,0.014864
2026-04-01T19:46:47.9043309Z,0.149308,0.748020,0.078811,0.151854,0.760481,0.082120,3.52,gru,0.002546,0.012461,0.003308
2026-04-01T19:46:47.9449153Z,0.157341,0.751378,0.077547,0.171177,0.759786,0.073358,3.52,gru,0.013836,0.008409,0.004189
2026-04-01T19:46:47.9727056Z,0.168918,0.752582,0.079681,0.180623,0.758437,0.081850,5.82,gru,0.011705,0.005855,0.002169
2026-04-01T19:46:48.0066403Z,0.179138,0.759346,0.084408,0.184446,0.774084,0.093507,5.49,gru,0.005308,0.014738,0.009099
2026-04-01T19:46:48.0591172Z,0.185560,0.763373,0.088167,0.187108,0.773762,0.092415,11.03,gru,0.001549,0.010389,0.004248
2026-04-01T19:46:48.1007309Z,0.185812,0.773911,0.092044,0.181792,0.785291,0.093542,9.03,gru,0.004020,0.011380,0.001498
2026-04-01T19:46:48.1181576Z,0.171480,0.783778,0.101904,0.150299,0.796603,0.115498,7.16,gru,0.021180,0.012825,0.013593
2026-04-01T19:46:48.1430994Z,0.153535,0.794650,0.114180,0.132419,0.802784,0.130875,6.03,gru,0.021116,0.008134,0.016695
2026-04-01T19:46:48.1723641Z,0.147325,0.798849,0.111260,0.154678,0.799043,0.109883,6.52,gru,0.007353,0.000194,0.001377
2026-04-01T19:46:48.2094504Z,0.141468,0.801380,0.106074,0.144308,0.801584,0.094415,6.09,gru,0.002840,0.000204,0.011659
2026-04-01T19:46:48.2491445Z,0.133858,0.808152,0.102868,0.120710,0.825860,0.109187,7.03,gru,0.013148,0.017709,0.006320
2026-04-01T19:46:48.2730718Z,0.129568,0.813241,0.097238,0.123856,0.823519,0.097221,4.11,gru,0.005712,0.010278,0.000018
2026-04-01T19:46:48.3165231Z,0.131805,0.816766,0.084645,0.140526,0.822726,0.074630,10.90,gru,0.008722,0.005959,0.010015
2026-04-01T19:46:48.3440041Z,0.133323,0.822254,0.079670,0.136035,0.835463,0.076875,5.08,gru,0.002712,0.013209,0.002795
2026-04-01T19:46:48.3868675Z,0.140084,0.825487,0.072144,0.144074,0.832513,0.071920,5.54,gru,0.003990,0.007026,0.000224
2026-04-01T19:46:48.4206355Z,0.143316,0.830803,0.070232,0.145428,0.840942,0.070923,5.02,gru,0.002111,0.010138,0.000691
2026-04-01T19:46:48.4442105Z,0.146089,0.838404,0.069587,0.146305,0.849405,0.072736,5.68,gru,0.000216,0.011001,0.003149
2026-04-01T19:46:48.4759173Z,0.155031,0.841438,0.066519,0.166952,0.840233,0.063166,3.52,gru,0.011922,0.001205,0.003353
2026-04-01T19:46:48.5066347Z,0.144394,0.854374,0.080347,0.127925,0.871245,0.107342,4.52,gru,0.016469,0.016870,0.026996
2026-04-01T19:46:48.5528850Z,0.153294,0.859551,0.076364,0.160359,0.865541,0.077554,8.75,gru,0.007065,0.005990,0.001189
2026-04-01T19:46:48.5967735Z,0.170493,0.864515,0.066884,0.200339,0.861611,0.057332,4.95,gru,0.029846,0.002904,0.009552
2026-04-01T19:46:48.6505820Z,0.171609,0.879631,0.071888,0.166494,0.906231,0.099662,8.08,gru,0.005115,0.026599,0.027774
2026-04-01T19:46:48.6941101Z,0.174433,0.884871,0.071338,0.163117,0.892642,0.081504,7.26,gru,0.011317,0.007770,0.010165
2026-04-01T19:46:48.7452304Z,0.187735,0.890377,0.062942,0.207690,0.887832,0.061323,5.70,gru,0.019954,0.002545,0.001619
2026-04-01T19:46:48.7789273Z,0.227926,0.898503,0.034855,0.263908,0.903661,0.018934,4.82,gru,0.035982,0.005158,0.015921
2026-04-01T19:46:48.8052076Z,0.232888,0.903477,0.029073,0.228178,0.909751,0.048415,3.92,gru,0.004710,0.006274,0.019342
2026-04-01T19:46:48.8382900Z,0.236090,0.907892,0.023723,0.210321,0.910546,0.051183,3.51,gru,0.025769,0.002654,0.027460
2026-04-01T19:46:48.8724309Z,0.235353,0.913331,0.019093,0.231668,0.912929,0.028658,3.99,gru,0.003685,0.000402,0.009565
2026-04-01T19:46:48.9196985Z,0.237256,0.919966,0.012939,0.240795,0.921889,0.010371,7.47,gru,0.003539,0.001923,0.002568
2026-04-01T19:46:48.9583517Z,0.236313,0.922846,0.008279,0.230261,0.922243,0.011722,10.19,gru,0.006052,0.000603,0.003443
2026-04-01T19:46:48.9951779Z,0.232672,0.928088,0.002296,0.218413,0.930030,0.005704,9.86,gru,0.014259,0.001942,0.003408
2026-04-01T19:46:49.0393879Z,0.227490,0.930135,-0.000996,0.217630,0.928168,0.001238,5.53,gru,0.009860,0.001966,0.002235
2026-04-01T19:46:49.0820310Z,0.213235,0.933369,-0.006465,0.198189,0.936367,-0.009560,3.55,gru,0.015046,0.002998,0.003094
2026-04-01T19:46:49.1264419Z,0.184072,0.928930,0.014008,0.151259,0.929736,0.055802,10.60,gru,0.032814,0.000806,0.041794
2026-04-01T19:46:49.1581723Z,0.197538,0.937153,-0.015457,0.191864,0.959685,-0.018302,10.08,gru,0.005674,0.022531,0.002846
2026-04-01T19:46:49.1920407Z,0.174149,0.930387,0.009801,0.159151,0.927600,0.039869,7.96,gru,0.014997,0.002787,0.030068
2026-04-01T19:46:49.2252265Z,0.173138,0.930488,0.007850,0.155407,0.922010,0.039512,7.41,gru,0.017731,0.008478,0.031662
2026-04-01T19:46:49.2595197Z,0.088725,0.959079,-0.069090,-0.031892,1.082745,-0.176158,8.53,gru,0.120617,0.123666,0.107067
2026-04-01T19:46:49.2931301Z,0.219061,0.941072,-0.032538,0.051968,0.885605,-0.081329,7.84,gru,0.167092,0.055466,0.048791
2026-04-01T19:46:49.3249083Z,0.217981,0.941304,-0.031596,0.058545,0.858263,-0.032105,9.23,gru,0.159435,0.083042,0.000509
2026-04-01T19:46:49.3529047Z,0.183217,0.934918,-0.004420,-0.010567,0.851128,-0.047927,6.13,gru,0.193783,0.083790,0.043507
2026-04-01T19:46:49.3931007Z,0.192165,0.939243,-0.028430,-0.057856,0.822984,-0.085573,7.70,gru,0.250021,0.116260,0.057142
2026-04-01T19:46:49.4295411Z,0.192007,0.938289,-0.028090,-0.019962,0.839309,-0.089465,12.11,gru,0.211969,0.098980,0.061375
2026-04-01T19:46:49.4704759Z,0.191451,0.936813,-0.028414,0.022553,0.833257,-0.015792,6.57,gru,0.168898,0.103556,0.012623
2026-04-01T19:46:49.5118636Z,0.191172,0.936890,-0.028386,0.052263,0.866404,-0.052743,8.89,gru,0.138909,0.070486,0.024357
2026-04-01T19:46:49.5441016Z,0.180085,0.931403,0.004142,0.074998,0.862854,0.041580,6.62,gru,0.105087,0.068548,0.037438
2026-04-01T19:46:49.5617137Z,0.180934,0.928256,0.008805,0.139814,0.883779,0.008654,3.03,gru,0.041120,0.044477,0.000151
2026-04-01T19:46:49.5707557Z,0.199251,0.934635,-0.011282,0.190384,0.962769,-0.035124,6.52,gru,0.008867,0.028134,0.023843
2026-04-01T19:46:49.6105771Z,0.201644,0.935598,-0.015335,0.185035,0.944468,-0.002366,7.56,gru,0.016609,0.008870,0.012969
2026-04-01T19:46:49.6767599Z,0.203168,0.936902,-0.016260,0.187369,0.919778,0.009925,13.18,gru,0.015798,0.017125,0.026186
2026-04-01T19:46:49.7187860Z,0.203540,0.938701,-0.016127,0.203552,0.925892,-0.009113,15.44,gru,0.000013,0.012809,0.007013
2026-04-01T19:46:49.7419143Z,0.202776,0.939685,-0.012354,0.206317,0.942839,-0.007726,10.95,gru,0.003541,0.003154,0.004628
2026-04-01T19:46:49.7636369Z,0.176458,0.945185,-0.023905,0.153244,0.962590,-0.040480,10.54,gru,0.023213,0.017404,0.016576
2026-04-01T19:46:49.7983212Z,0.186220,0.950033,-0.019897,0.197638,0.944275,-0.017644,8.37,gru,0.011417,0.005758,0.002253
2026-04-01T19:46:49.8201020Z,0.197282,0.952322,-0.019734,0.220293,0.938787,-0.008241,9.21,gru,0.023011,0.013534,0.011493
2026-04-01T19:46:49.8514646Z,0.186238,0.962020,-0.018612,0.163648,0.972210,-0.024289,8.25,gru,0.022590,0.010190,0.005677
2026-04-01T19:46:49.8803419Z,0.176900,0.967984,-0.023756,0.148724,0.983877,-0.029727,6.44,gru,0.028176,0.015892,0.005971
2026-04-01T19:46:49.9135253Z,0.168075,0.970474,-0.016445,0.158315,0.961895,-0.009053,7.35,gru,0.009760,0.008580,0.007393
2026-04-01T19:46:49.9613790Z,0.136190,0.972773,0.032934,0.105113,0.948971,0.121484,12.08,gru,0.031077,0.023802,0.088550
2026-04-01T19:46:50.0136811Z,0.133265,0.980913,0.035084,0.131274,1.011712,0.045264,8.57,gru,0.001991,0.030800,0.010181
2026-04-01T19:46:50.0773258Z,0.110349,0.999247,0.046227,0.091675,1.040764,0.025698,10.32,gru,0.018674,0.041517,0.020529
2026-04-01T19:46:50.1217663Z,0.078075,1.016551,0.058464,0.030076,1.040025,0.102724,7.05,gru,0.047999,0.023474,0.044259
2026-04-01T19:46:50.1601347Z,0.061480,1.023314,0.064616,0.056636,1.021840,0.081434,9.59,gru,0.004844,0.001473,0.016819
2026-04-01T19:46:50.1864666Z,0.044697,1.029807,0.070195,0.041104,1.033517,0.071733,5.53,gru,0.003593,0.003711,0.001538
2026-04-01T19:46:50.2149248Z,0.021499,1.039367,0.075013,-0.015375,1.066776,0.075816,5.03,gru,0.036874,0.027409,0.000804
2026-04-01T19:46:50.2454317Z,0.005621,1.044408,0.077568,-0.017403,1.052725,0.079157,4.57,gru,0.023024,0.008317,0.001589
2026-04-01T19:46:50.2761386Z,-0.016558,1.047878,0.080803,-0.035656,1.051575,0.085145,5.01,gru,0.019099,0.003697,0.004342
2026-04-01T19:46:50.3123754Z,-0.046638,1.046398,0.086639,-0.082478,1.053432,0.092810,6.45,gru,0.035840,0.007034,0.006171
2026-04-01T19:46:50.3608712Z,-0.076921,1.045874,0.092476,-0.108459,1.049040,0.097033,10.55,gru,0.031538,0.003165,0.004557
2026-04-01T19:46:50.4024276Z,-0.087847,1.049764,0.088846,-0.090290,1.055731,0.085223,10.06,gru,0.002443,0.005967,0.003623
2026-04-01T19:46:50.4162619Z,-0.097802,1.056164,0.083377,-0.100533,1.067582,0.076255,8.61,gru,0.002730,0.011417,0.007122
2026-04-01T19:46:50.4550343Z,-0.108345,1.056441,0.078861,-0.129722,1.060552,0.080241,10.06,gru,0.021378,0.004111,0.001380
2026-04-01T19:46:50.4943130Z,-0.123786,1.055802,0.076229,-0.143929,1.051147,0.078438,6.96,gru,0.020142,0.004655,0.002209
2026-04-01T19:46:50.5237055Z,-0.135425,1.054275,0.072349,-0.144934,1.053556,0.070806,4.52,gru,0.009509,0.000719,0.001543
2026-04-01T19:46:50.5441054Z,-0.149862,1.054494,0.068656,-0.160514,1.056247,0.065246,4.01,gru,0.010652,0.001753,0.003411
2026-04-01T19:46:50.5763442Z,-0.161080,1.052589,0.063886,-0.168629,1.046960,0.058986,4.21,gru,0.007549,0.005630,0.004900
2026-04-01T19:46:50.6137410Z,-0.172876,1.049213,0.059961,-0.174203,1.036748,0.054876,7.02,gru,0.001327,0.012465,0.005085
2026-04-01T19:46:50.6647308Z,-0.180846,1.050624,0.052807,-0.181618,1.047123,0.045995,11.21,gru,0.000772,0.003501,0.006812
2026-04-01T19:46:50.7044393Z,-0.195688,1.047088,0.050412,-0.200524,1.040599,0.047991,13.07,gru,0.004835,0.006488,0.002420
2026-04-01T19:46:50.7339656Z,-0.205009,1.046106,0.044115,-0.204151,1.035790,0.039005,12.55,gru,0.000857,0.010316,0.005110
2026-04-01T19:46:50.8195513Z,-0.234214,1.034911,0.039630,-0.243224,1.021918,0.034483,5.04,gru,0.009011,0.012993,0.005147
2026-04-01T19:46:50.8467644Z,-0.260188,1.019175,0.040471,-0.265421,0.996097,0.046585,6.02,gru,0.005233,0.023078,0.006115
2026-04-01T19:46:50.8804075Z,-0.265672,1.017037,0.034516,-0.253725,0.996741,0.032105,6.34,gru,0.011947,0.020295,0.002411
2026-04-01T19:46:50.9147072Z,-0.257942,1.025814,0.017459,-0.236072,1.045249,0.003721,6.04,gru,0.021870,0.019435,0.013738
2026-04-01T19:46:50.9466998Z,-0.261044,1.027024,0.012849,-0.252160,1.031100,0.013496,4.50,gru,0.008884,0.004076,0.000647
2026-04-01T19:46:50.9860572Z,-0.266700,1.026133,0.007835,-0.255472,1.014297,0.012841,6.44,gru,0.011228,0.011836,0.005007
2026-04-01T19:46:51.0608812Z,-0.282136,1.011135,0.017704,-0.267042,0.985628,0.032171,15.43,gru,0.015094,0.025507,0.014467
2026-04-01T19:46:51.1046005Z,-0.288630,1.001623,0.020652,-0.269278,0.977948,0.029594,9.73,gru,0.019352,0.023675,0.008942
2026-04-01T19:46:51.1247776Z,-0.288793,1.000744,0.019519,-0.263782,0.995499,0.016818,9.17,gru,0.025011,0.005245,0.002701
2026-04-01T19:46:51.1585245Z,-0.287850,1.000147,0.020666,-0.263672,0.991022,0.024615,6.12,gru,0.024178,0.009125,0.003950
2026-04-01T19:46:51.1846725Z,-0.288111,0.999146,0.021879,-0.262804,0.984445,0.026474,4.27,gru,0.025307,0.014701,0.004595
2026-04-01T19:46:51.2114572Z,-0.285145,1.000200,0.024054,-0.258966,0.987098,0.027697,7.27,gru,0.026180,0.013102,0.003643
2026-04-01T19:46:51.2404581Z,-0.282720,1.000814,0.028278,-0.256183,0.990703,0.034623,7.72,gru,0.026537,0.010112,0.006345
2026-04-01T19:46:51.2699628Z,-0.276479,0.997839,0.034553,-0.249500,0.984322,0.041849,4.11,gru,0.026980,0.013517,0.007296
2026-04-01T19:46:51.3134264Z,-0.269935,0.998526,0.041128,-0.245501,0.988809,0.048058,7.13,gru,0.024434,0.009717,0.006930
2026-04-01T19:46:51.3475108Z,-0.254901,1.000112,0.047185,-0.226188,0.995591,0.052175,8.54,gru,0.028713,0.004522,0.004990
2026-04-01T19:46:51.3748196Z,-0.206354,1.030122,0.024388,-0.161666,1.081680,0.016498,4.18,gru,0.044688,0.051559,0.007891
2026-04-01T19:46:51.4149509Z,-0.194883,1.026101,0.032046,-0.186954,1.047132,0.045090,7.11,gru,0.007929,0.021031,0.013044
2026-04-01T19:46:51.4740343Z,-0.206290,1.003129,0.055974,-0.235353,1.025212,0.121574,8.46,gru,0.029063,0.022083,0.065601
2026-04-01T19:46:51.5281456Z,-0.167084,0.998910,0.063887,-0.152248,0.987382,0.089807,9.05,gru,0.014837,0.011528,0.025920
2026-04-01T19:46:51.5683640Z,-0.168191,0.981761,0.079778,-0.150503,0.982377,0.089766,12.58,gru,0.017688,0.000615,0.009988
2026-04-01T19:46:51.5965986Z,-0.159322,0.972462,0.087406,-0.168585,0.967138,0.104469,6.01,gru,0.009263,0.005323,0.017063
2026-04-01T19:46:51.6144667Z,-0.140369,0.962112,0.092583,-0.126698,0.935338,0.098022,5.13,gru,0.013671,0.026774,0.005439
2026-04-01T19:46:51.6507809Z,-0.127434,0.953213,0.098484,-0.113038,0.949803,0.106951,7.18,gru,0.014397,0.003411,0.008467
2026-04-01T19:46:51.6970118Z,-0.113768,0.944533,0.106069,-0.110551,0.945242,0.115328,5.61,gru,0.003217,0.000709,0.009259
2026-04-01T19:46:51.7570283Z,-0.077388,0.924028,0.119398,-0.043522,0.903086,0.132241,3.91,gru,0.033866,0.020941,0.012844
2026-04-01T19:46:51.7966675Z,-0.059140,0.911827,0.126857,-0.043790,0.903575,0.134655,9.47,gru,0.015350,0.008253,0.007798
2026-04-01T19:46:51.8285377Z,-0.043942,0.902697,0.133965,-0.046877,0.910986,0.136263,8.30,gru,0.002935,0.008290,0.002298
2026-04-01T19:46:51.8988396Z,-0.020168,0.878110,0.151645,0.006640,0.864740,0.170763,7.31,gru,0.026808,0.013370,0.019118
2026-04-01T19:46:51.9237552Z,-0.002558,0.867802,0.157323,0.021614,0.859902,0.163559,8.95,gru,0.024173,0.007899,0.006236
2026-04-01T19:46:51.9708026Z,0.012095,0.855843,0.163898,0.018731,0.864663,0.162089,6.53,gru,0.006636,0.008820,0.001809
2026-04-01T19:46:52.0073837Z,0.033153,0.830939,0.176266,0.056248,0.819298,0.192820,6.23,gru,0.023095,0.011642,0.016554
2026-04-01T19:46:52.0532290Z,0.047572,0.820170,0.179849,0.064839,0.809451,0.185986,7.00,gru,0.017267,0.010719,0.006137
2026-04-01T19:46:52.0787190Z,0.056667,0.807332,0.184059,0.061229,0.807015,0.186037,3.93,gru,0.004562,0.000317,0.001978
2026-04-01T19:46:52.1145568Z,0.063634,0.797313,0.187158,0.070835,0.791822,0.193807,6.52,gru,0.007202,0.005491,0.006649
2026-04-01T19:46:52.1442612Z,0.068614,0.787925,0.190089,0.076171,0.793807,0.193484,6.25,gru,0.007557,0.005882,0.003394
2026-04-01T19:46:52.1767115Z,0.075435,0.781128,0.191749,0.086299,0.792074,0.193269,5.81,gru,0.010864,0.010946,0.001520
2026-04-01T19:46:52.2081399Z,0.078120,0.772826,0.194216,0.080998,0.783935,0.196493,3.53,gru,0.002878,0.011109,0.002276
2026-04-01T19:46:52.2670946Z,0.081915,0.763654,0.196855,0.086505,0.773325,0.199441,11.39,gru,0.004590,0.009671,0.002586
2026-04-01T19:46:52.2986286Z,0.086118,0.756496,0.200217,0.096704,0.766264,0.203355,10.34,gru,0.010586,0.009768,0.003138
2026-04-01T19:46:52.3282388Z,0.088331,0.744906,0.203859,0.094016,0.754972,0.206233,8.22,gru,0.005685,0.010066,0.002375
2026-04-01T19:46:52.3673005Z,0.090882,0.737170,0.207662,0.094676,0.751256,0.208637,10.40,gru,0.003793,0.014086,0.000975
2026-04-01T19:46:52.3912896Z,0.095411,0.725028,0.212493,0.104450,0.736559,0.214531,8.60,gru,0.009039,0.011530,0.002037
2026-04-01T19:46:52.4182607Z,0.097972,0.715785,0.217676,0.102554,0.731494,0.219213,5.23,gru,0.004583,0.015709,0.001536
2026-04-01T19:46:52.4649473Z,0.097540,0.704502,0.224174,0.096119,0.719388,0.226352,13.18,gru,0.001422,0.014886,0.002178
2026-04-01T19:46:52.4791381Z,0.103201,0.693562,0.229097,0.113742,0.701803,0.228420,4.10,gru,0.010541,0.008240,0.000677
2026-04-01T19:46:52.5118386Z,0.100207,0.680787,0.237067,0.098073,0.692077,0.240348,3.53,gru,0.002133,0.011290,0.003281
2026-04-01T19:46:52.5569685Z,0.099569,0.669411,0.243714,0.094855,0.679812,0.246321,7.22,gru,0.004714,0.010401,0.002606
2026-04-01T19:46:52.5796243Z,0.102572,0.657750,0.250078,0.110914,0.662526,0.249801,7.54,gru,0.008342,0.004776,0.000278
2026-04-01T19:46:52.6098265Z,0.107100,0.643614,0.256778,0.114411,0.647777,0.258893,5.30,gru,0.007311,0.004163,0.002115
2026-04-01T19:46:52.6450855Z,0.107851,0.632321,0.263506,0.101852,0.637414,0.267033,8.04,gru,0.005999,0.005092,0.003527
2026-04-01T19:46:52.6871853Z,0.109452,0.619979,0.270451,0.105756,0.620966,0.273750,6.01,gru,0.003696,0.000987,0.003299
2026-04-01T19:46:52.7406106Z,0.108996,0.608007,0.278823,0.109182,0.605409,0.284211,5.53,gru,0.000186,0.002599,0.005388
2026-04-01T19:46:52.8110337Z,0.102337,0.587537,0.292468,0.091274,0.583404,0.306754,5.76,gru,0.011063,0.004132,0.014286
2026-04-01T19:46:52.8338989Z,0.097277,0.581853,0.299404,0.087103,0.585769,0.299757,4.05,gru,0.010174,0.003916,0.000354
2026-04-01T19:46:52.8533501Z,0.091211,0.579035,0.304914,0.086922,0.588517,0.301133,4.12,gru,0.004289,0.009482,0.003781
2026-04-01T19:46:52.8730419Z,0.083807,0.578166,0.308826,0.076479,0.581586,0.311055,6.57,gru,0.007327,0.003420,0.002229
2026-04-01T19:46:52.9078164Z,0.075479,0.579260,0.312037,0.064225,0.581288,0.314738,3.05,gru,0.011254,0.002028,0.002701
2026-04-01T19:46:52.9404838Z,0.066790,0.580166,0.314952,0.056440,0.585998,0.315789,3.57,gru,0.010350,0.005832,0.000837
2026-04-01T19:46:52.9727326Z,0.059971,0.586175,0.315378,0.054746,0.600457,0.312338,5.39,gru,0.005224,0.014282,0.003040
2026-04-01T19:46:53.0039404Z,0.050220,0.594639,0.315506,0.038839,0.611696,0.313642,3.52,gru,0.011380,0.017057,0.001864
2026-04-01T19:46:53.0412294Z,0.043880,0.604639,0.315935,0.036685,0.618766,0.316609,3.27,gru,0.007195,0.014126,0.000674
2026-04-01T19:46:53.0788540Z,0.036925,0.613053,0.316035,0.032245,0.627542,0.314371,6.26,gru,0.004680,0.014489,0.001663
2026-04-01T19:46:53.1069864Z,0.010533,0.630378,0.312205,-0.027776,0.665801,0.300733,4.02,gru,0.038309,0.035422,0.011472
2026-04-01T19:46:53.1450328Z,0.049558,0.646157,0.306550,0.114328,0.649991,0.300630,3.00,gru,0.064770,0.003834,0.005920
2026-04-01T19:46:53.1801939Z,0.036617,0.653580,0.303461,0.020987,0.670081,0.303424,5.63,gru,0.015630,0.016501,0.000037
2026-04-01T19:46:53.2204874Z,0.050340,0.671492,0.295418,0.023986,0.703400,0.283442,7.58,gru,0.026354,0.031907,0.011976
2026-04-01T19:46:53.2560344Z,-0.000194,0.672825,0.293917,-0.051981,0.685867,0.290833,6.92,gru,0.051787,0.013042,0.003084
2026-04-01T19:46:53.2921152Z,-0.003529,0.684411,0.288939,0.002013,0.686530,0.286994,7.09,gru,0.005541,0.002119,0.001946
2026-04-01T19:46:53.3300311Z,-0.010353,0.690291,0.285899,0.023549,0.696850,0.282203,8.06,gru,0.033902,0.006559,0.003696
2026-04-01T19:46:53.3462254Z,-0.017013,0.698456,0.281911,-0.047515,0.719837,0.276738,5.62,gru,0.030503,0.021381,0.005173
2026-04-01T19:46:53.3728455Z,-0.020962,0.707859,0.275901,-0.033938,0.712462,0.265266,6.04,gru,0.012976,0.004602,0.010635
2026-04-01T19:46:53.4171457Z,-0.025659,0.721669,0.270501,-0.016875,0.732349,0.263907,8.07,gru,0.008784,0.010680,0.006595
2026-04-01T19:46:53.4514770Z,-0.060167,0.734926,0.265090,-0.103248,0.758746,0.260619,7.71,gru,0.043080,0.023821,0.004471
2026-04-01T19:46:53.4839867Z,-0.040037,0.750994,0.259919,-0.002745,0.747437,0.257016,5.52,gru,0.037292,0.003557,0.002904
2026-04-01T19:46:53.5202673Z,-0.048177,0.764070,0.252206,-0.036384,0.776111,0.243026,9.33,gru,0.011793,0.012042,0.009180
2026-04-01T19:46:53.5514631Z,-0.056719,0.775301,0.245291,-0.091369,0.794850,0.237252,5.22,gru,0.034650,0.019549,0.008039
2026-04-01T19:46:53.5983020Z,-0.063178,0.784230,0.237685,-0.063661,0.775899,0.230949,8.59,gru,0.000483,0.008331,0.006736
2026-04-01T19:46:53.6133293Z,-0.068213,0.789939,0.232224,-0.059554,0.791621,0.227759,4.06,gru,0.008660,0.001682,0.004464
2026-04-01T19:46:53.6443015Z,-0.070844,0.791724,0.228536,-0.073858,0.795719,0.225778,3.02,gru,0.003013,0.003996,0.002758
2026-04-01T19:46:53.6837873Z,-0.067996,0.793376,0.225507,-0.068041,0.793169,0.221851,5.77,gru,0.000044,0.000207,0.003655
2026-04-01T19:46:53.7169720Z,-0.080350,0.791904,0.225564,-0.099736,0.795826,0.225405,7.59,gru,0.019386,0.003922,0.000160
2026-04-01T19:46:53.7545612Z,-0.075441,0.794205,0.224687,-0.066062,0.790460,0.223427,6.03,gru,0.009379,0.003744,0.001260
2026-04-01T19:46:53.7934604Z,-0.064408,0.795161,0.224776,-0.037150,0.793392,0.223755,6.54,gru,0.027258,0.001769,0.001020
2026-04-01T19:46:53.8170604Z,-0.028970,0.796689,0.218778,0.013174,0.792648,0.212069,4.54,gru,0.042143,0.004041,0.006709
2026-04-01T19:46:53.8424151Z,-0.013626,0.797287,0.216098,-0.009014,0.799411,0.212651,5.06,gru,0.004612,0.002124,0.003447
2026-04-01T19:46:53.8746118Z,0.000527,0.796027,0.213507,-0.008076,0.799082,0.213698,3.51,gru,0.008603,0.003054,0.000190
2026-04-01T19:46:53.9065417Z,0.013923,0.794298,0.210344,0.032566,0.785513,0.206284,3.51,gru,0.018642,0.008785,0.004060
2026-04-01T19:46:53.9406009Z,0.036448,0.793711,0.205210,0.066928,0.792144,0.198918,6.01,gru,0.030480,0.001567,0.006292
2026-04-01T19:46:53.9724241Z,0.047943,0.786805,0.204182,0.047850,0.780032,0.204456,4.02,gru,0.000093,0.006773,0.000274
2026-04-01T19:46:54.0079256Z,0.064603,0.779703,0.201713,0.068129,0.769236,0.200134,4.61,gru,0.003526,0.010467,0.001580
2026-04-01T19:46:54.0369696Z,0.073417,0.767447,0.202607,0.081951,0.755879,0.202039,3.95,gru,0.008534,0.011567,0.000568
2026-04-01T19:46:54.0710298Z,0.087039,0.753748,0.202581,0.098748,0.738818,0.201383,4.03,gru,0.011709,0.014930,0.001199
2026-04-01T19:46:54.1085031Z,0.097983,0.737475,0.204253,0.105477,0.721634,0.204448,4.52,gru,0.007494,0.015842,0.000195
2026-04-01T19:46:54.1416909Z,0.107231,0.717038,0.206554,0.107940,0.698164,0.209215,4.56,gru,0.000709,0.018875,0.002661
2026-04-01T19:46:54.1704424Z,0.114574,0.695739,0.209133,0.117749,0.677225,0.209854,4.52,gru,0.003175,0.018515,0.000721
2026-04-01T19:46:54.2076418Z,0.120263,0.671335,0.211425,0.124267,0.653382,0.211253,4.48,gru,0.004004,0.017953,0.000171
2026-04-01T19:46:54.2431525Z,0.135499,0.644006,0.210128,0.152755,0.620609,0.205131,5.02,gru,0.017256,0.023397,0.004997
2026-04-01T19:46:54.2739190Z,0.142756,0.615408,0.213362,0.147839,0.599842,0.215835,4.54,gru,0.005083,0.015566,0.002474
2026-04-01T19:46:54.3049695Z,0.148405,0.583701,0.216793,0.144387,0.570395,0.221766,3.51,gru,0.004018,0.013305,0.004972
2026-04-01T19:46:54.3380896Z,0.161069,0.548223,0.218040,0.172745,0.524907,0.216016,3.05,gru,0.011676,0.023316,0.002024
2026-04-01T19:46:54.3757615Z,0.162656,0.511869,0.224369,0.162565,0.503068,0.229529,6.02,gru,0.000091,0.008801,0.005160
2026-04-01T19:46:54.4043338Z,0.162291,0.471260,0.230521,0.151873,0.463889,0.238600,3.01,gru,0.010418,0.007371,0.008079
2026-04-01T19:46:54.4419729Z,0.153780,0.432700,0.238295,0.141644,0.423486,0.243535,5.76,gru,0.012135,0.009214,0.005240
2026-04-01T19:46:54.4789737Z,0.164375,0.389224,0.234940,0.174475,0.365232,0.229014,8.60,gru,0.010100,0.023992,0.005926
2026-04-01T19:46:54.5085003Z,0.159674,0.350801,0.235319,0.157835,0.346148,0.233665,4.01,gru,0.001839,0.004653,0.001654
2026-04-01T19:46:54.5372698Z,0.157461,0.309090,0.230197,0.145657,0.309408,0.232149,4.11,gru,0.011803,0.000318,0.001952
2026-04-01T19:46:54.5705673Z,0.134096,0.280000,0.234642,0.112655,0.287935,0.245149,3.51,gru,0.021442,0.007935,0.010506
2026-04-01T19:46:54.6073417Z,0.123571,0.237264,0.229719,0.121368,0.221339,0.230892,6.12,gru,0.002203,0.015925,0.001174
2026-04-01T19:46:54.6443581Z,0.112335,0.201488,0.224308,0.114777,0.185696,0.219861,4.01,gru,0.002442,0.015792,0.004447
2026-04-01T19:46:54.6735288Z,0.096154,0.173094,0.221688,0.085452,0.193654,0.233260,4.00,gru,0.010702,0.020560,0.011571
2026-04-01T19:46:54.7061037Z,0.077474,0.147887,0.220688,0.066150,0.157231,0.233168,4.51,gru,0.011324,0.009344,0.012480
2026-04-01T19:46:54.7368765Z,0.059678,0.129796,0.219590,0.056235,0.127447,0.227629,5.03,gru,0.003443,0.002349,0.008039
2026-04-01T19:46:54.7727342Z,0.043330,0.111620,0.216463,0.042326,0.107044,0.221672,3.51,gru,0.001004,0.004576,0.005208
2026-04-01T19:46:54.8091583Z,0.026797,0.102383,0.214623,0.022895,0.109318,0.226638,6.43,gru,0.003902,0.006935,0.012015
2026-04-01T19:46:54.8413178Z,0.014136,0.097584,0.212960,0.015425,0.108804,0.226949,4.28,gru,0.001289,0.011219,0.013989
2026-04-01T19:46:54.8707145Z,0.003176,0.096774,0.211497,0.010680,0.114477,0.221401,4.89,gru,0.007503,0.017704,0.009904
2026-04-01T19:46:54.9058461Z,-0.003112,0.098263,0.211068,0.004316,0.129965,0.219932,5.00,gru,0.007428,0.031702,0.008864
2026-04-01T19:46:54.9483148Z,-0.006930,0.102687,0.212016,-0.002033,0.144132,0.223082,8.81,gru,0.004898,0.041444,0.011066
2026-04-01T19:46:54.9830983Z,-0.005997,0.110394,0.213884,0.000227,0.150325,0.223856,7.61,gru,0.006224,0.039930,0.009972
2026-04-01T19:46:55.0218790Z,-0.001201,0.122917,0.217570,0.007457,0.160562,0.226082,10.33,gru,0.008658,0.037645,0.008512
2026-04-01T19:46:55.0649271Z,0.007490,0.144061,0.222790,0.014358,0.188257,0.231753,5.43,gru,0.006868,0.044196,0.008962
2026-04-01T19:46:55.0817521Z,0.021150,0.169021,0.227797,0.029570,0.214453,0.235026,5.61,gru,0.008420,0.045432,0.007229
2026-04-01T19:46:55.1185848Z,0.021502,0.222760,0.240393,0.009922,0.314914,0.255266,5.55,gru,0.011580,0.092154,0.014873
2026-04-01T19:46:55.1528504Z,0.047408,0.247038,0.237540,0.077673,0.283296,0.233567,8.61,gru,0.030265,0.036258,0.003973
2026-04-01T19:46:55.1768578Z,0.061637,0.295062,0.240579,0.080076,0.341620,0.235402,4.52,gru,0.018439,0.046557,0.005177
2026-04-01T19:46:55.2138251Z,0.084281,0.337373,0.239978,0.092739,0.419925,0.245296,5.54,gru,0.008458,0.082552,0.005318
2026-04-01T19:46:55.2472141Z,0.096291,0.377770,0.244909,0.105585,0.430634,0.248877,5.84,gru,0.009293,0.052864,0.003968
2026-04-01T19:46:55.2818145Z,0.107851,0.418516,0.248216,0.111258,0.468167,0.249463,5.08,gru,0.003407,0.049651,0.001246
2026-04-01T19:46:55.3169741Z,0.118952,0.456564,0.252518,0.132240,0.496919,0.251006,5.56,gru,0.013288,0.040355,0.001512
2026-04-01T19:46:55.3402012Z,0.126246,0.494378,0.254611,0.132200,0.541600,0.254772,3.27,gru,0.005955,0.047221,0.000162
2026-04-01T19:46:55.3757810Z,0.106957,0.532221,0.262740,0.068845,0.583062,0.273900,5.90,gru,0.038112,0.050841,0.011160
2026-04-01T19:46:55.4212148Z,0.103550,0.558910,0.263645,0.104265,0.578176,0.265215,7.06,gru,0.000715,0.019266,0.001570
2026-04-01T19:46:55.4420888Z,0.100227,0.582876,0.262927,0.120986,0.594987,0.259326,5.05,gru,0.020759,0.012111,0.003601
2026-04-01T19:46:55.4751087Z,0.095797,0.605011,0.260187,0.087411,0.638916,0.261430,7.53,gru,0.008386,0.033905,0.001243
2026-04-01T19:46:55.5096638Z,0.088681,0.627161,0.255115,0.074970,0.653819,0.252958,4.99,gru,0.013711,0.026658,0.002157
2026-04-01T19:46:55.5413599Z,0.082284,0.645965,0.248874,0.079376,0.658358,0.245270,5.01,gru,0.002908,0.012393,0.003603
2026-04-01T19:46:55.5747301Z,0.073214,0.663936,0.241695,0.068975,0.674071,0.236912,6.01,gru,0.004239,0.010135,0.004784
2026-04-01T19:46:55.6048549Z,0.063117,0.681149,0.233391,0.051312,0.694092,0.228841,5.52,gru,0.011806,0.012942,0.004549
2026-04-01T19:46:55.6415482Z,0.055906,0.696442,0.225428,0.049798,0.702903,0.222349,5.23,gru,0.006108,0.006461,0.003080
2026-04-01T19:46:55.6757939Z,0.045802,0.710874,0.216677,0.038737,0.712015,0.212338,3.51,gru,0.007064,0.001141,0.004339
2026-04-01T19:46:55.7170107Z,0.036983,0.722812,0.208035,0.029026,0.722262,0.202266,10.14,gru,0.007958,0.000550,0.005769
2026-04-01T19:46:55.7449458Z,0.026875,0.732881,0.200096,0.017278,0.736955,0.194849,4.92,gru,0.009597,0.004074,0.005247
2026-04-01T19:46:55.7856642Z,0.008177,0.740379,0.194631,-0.014724,0.745004,0.192779,3.51,gru,0.022901,0.004625,0.001852
2026-04-01T19:46:55.8213013Z,0.000630,0.748217,0.186715,-0.003685,0.748847,0.180197,5.46,gru,0.004314,0.000630,0.006518
2026-04-01T19:46:55.8452101Z,-0.006192,0.753278,0.180399,-0.004993,0.753431,0.173561,4.00,gru,0.001200,0.000153,0.006838
2026-04-01T19:46:55.8729106Z,-0.011686,0.757647,0.174451,-0.021557,0.761205,0.171044,4.02,gru,0.009871,0.003557,0.003407
2026-04-01T19:46:55.9058451Z,-0.017772,0.760712,0.170999,-0.028364,0.762772,0.168508,5.29,gru,0.010592,0.002059,0.002490
2026-04-01T19:46:55.9616301Z,-0.022055,0.763097,0.170381,-0.025881,0.763125,0.171164,12.45,gru,0.003826,0.000028,0.000783
2026-04-01T19:46:55.9929008Z,-0.022344,0.764145,0.172268,-0.017518,0.763802,0.174532,4.60,gru,0.004826,0.000343,0.002264
2026-04-01T19:46:56.0159450Z,-0.023881,0.760133,0.177268,-0.025557,0.754840,0.183453,4.17,gru,0.001675,0.005293,0.006186
2026-04-01T19:46:56.0486749Z,-0.021879,0.754586,0.184942,-0.021877,0.746523,0.193550,5.05,gru,0.000001,0.008063,0.008608
2026-04-01T19:46:56.0845260Z,-0.018130,0.748702,0.193069,-0.012041,0.741933,0.200363,7.32,gru,0.006089,0.006768,0.007294
2026-04-01T19:46:56.1115474Z,-0.014603,0.743400,0.203525,-0.011046,0.740577,0.213191,5.37,gru,0.003557,0.002822,0.009666
2026-04-01T19:46:56.1402370Z,-0.005431,0.735827,0.212654,0.004779,0.726962,0.220709,6.29,gru,0.010210,0.008865,0.008055
2026-04-01T19:46:56.1725320Z,-0.002965,0.728794,0.222901,-0.003403,0.721779,0.231137,5.02,gru,0.000437,0.007015,0.008236
2026-04-01T19:46:56.2117113Z,0.007391,0.721316,0.229711,0.016115,0.713711,0.234101,5.06,gru,0.008724,0.007605,0.004390
2026-04-01T19:46:56.2450908Z,0.017016,0.715380,0.235687,0.030528,0.708822,0.238420,9.57,gru,0.013512,0.006558,0.002733
2026-04-01T19:46:56.2744254Z,0.027585,0.705885,0.239328,0.034238,0.697625,0.241948,4.02,gru,0.006653,0.008260,0.002620
2026-04-01T19:46:56.3061566Z,0.036128,0.701070,0.242790,0.039909,0.694204,0.244922,5.01,gru,0.003781,0.006867,0.002132
2026-04-01T19:46:56.3401876Z,0.047613,0.692929,0.245009,0.057941,0.683874,0.246427,5.78,gru,0.010328,0.009055,0.001417
2026-04-01T19:46:56.3723122Z,0.056808,0.686508,0.248084,0.064749,0.678578,0.250701,4.02,gru,0.007941,0.007930,0.002617
2026-04-01T19:46:56.4114002Z,0.067404,0.679885,0.250298,0.072519,0.673376,0.252722,5.59,gru,0.005115,0.006509,0.002424
2026-04-01T19:46:56.4411392Z,0.076239,0.672517,0.252514,0.080404,0.663772,0.254010,3.31,gru,0.004164,0.008744,0.001496
2026-04-01T19:46:56.4745285Z,0.085914,0.662593,0.255405,0.091635,0.653078,0.258180,4.91,gru,0.005721,0.009515,0.002775
2026-04-01T19:46:56.5068028Z,0.091570,0.654866,0.259016,0.091814,0.650703,0.262546,4.01,gru,0.000244,0.004163,0.003530
2026-04-01T19:46:56.5368339Z,0.101853,0.641847,0.260430,0.109398,0.632988,0.259289,4.98,gru,0.007545,0.008860,0.001141
2026-04-01T19:46:56.5749403Z,0.106286,0.629718,0.262525,0.106725,0.625778,0.261058,5.23,gru,0.000438,0.003940,0.001467
2026-04-01T19:46:56.6032546Z,0.114370,0.612152,0.263485,0.116540,0.607306,0.261714,3.88,gru,0.002171,0.004846,0.001771
2026-04-01T19:46:56.6430950Z,0.122443,0.595089,0.262595,0.128656,0.589250,0.256846,6.06,gru,0.006213,0.005839,0.005749
2026-04-01T19:46:56.6759941Z,0.139624,0.570922,0.257129,0.155569,0.558164,0.245985,3.14,gru,0.015945,0.012758,0.011144
2026-04-01T19:46:56.7096624Z,0.152177,0.548798,0.253194,0.158349,0.544988,0.245875,3.52,gru,0.006172,0.003810,0.007320
2026-04-01T19:46:56.7391843Z,0.155768,0.523542,0.252080,0.143356,0.525039,0.254027,4.24,gru,0.012412,0.001497,0.001947
2026-04-01T19:46:56.7717909Z,0.166573,0.492026,0.248249,0.172336,0.476162,0.243486,4.52,gru,0.005764,0.015864,0.004763
2026-04-01T19:46:56.8103477Z,0.167069,0.460544,0.248192,0.165632,0.452891,0.245168,5.59,gru,0.001437,0.007653,0.003024
2026-04-01T19:46:56.8501008Z,0.167672,0.429932,0.247695,0.157272,0.433472,0.248489,7.72,gru,0.010400,0.003540,0.000795
2026-04-01T19:46:56.8768416Z,0.164434,0.394416,0.247261,0.157166,0.387335,0.247060,4.15,gru,0.007268,0.007081,0.000201
2026-04-01T19:46:56.9088482Z,0.155364,0.365234,0.246412,0.142543,0.363347,0.244928,5.02,gru,0.012822,0.001887,0.001484
2026-04-01T19:46:56.9549149Z,0.146793,0.332035,0.242002,0.138026,0.326524,0.237139,4.02,gru,0.008767,0.005510,0.004863
2026-04-01T19:46:56.9851812Z,0.134909,0.301997,0.237324,0.125541,0.299896,0.235073,4.51,gru,0.009368,0.002100,0.002251
2026-04-01T19:46:57.0162561Z,0.132363,0.261593,0.223796,0.135052,0.247237,0.216038,5.74,gru,0.002689,0.014356,0.007758
2026-04-01T19:46:57.0411055Z,0.117967,0.234806,0.212712,0.108637,0.243193,0.207166,3.61,gru,0.009329,0.008386,0.005546
2026-04-01T19:46:57.0705689Z,0.102493,0.211494,0.200577,0.087684,0.231674,0.200847,4.52,gru,0.014809,0.020180,0.000270
2026-04-01T19:46:57.1070621Z,0.086009,0.193390,0.189869,0.080016,0.198142,0.190206,5.21,gru,0.005993,0.004752,0.000337
2026-04-01T19:46:57.1383602Z,0.068621,0.180692,0.182633,0.063153,0.186848,0.186664,3.02,gru,0.005469,0.006156,0.004031
2026-04-01T19:46:57.1885145Z,0.051804,0.172102,0.175419,0.045784,0.186121,0.179242,10.08,gru,0.006021,0.014018,0.003823
2026-04-01T19:46:57.2145246Z,0.038120,0.163565,0.170499,0.036011,0.179332,0.176174,2.54,gru,0.002109,0.015767,0.005674
2026-04-01T19:46:57.2539703Z,0.028218,0.155192,0.167196,0.030859,0.173617,0.174696,4.51,gru,0.002641,0.018426,0.007500
2026-04-01T19:46:57.2868552Z,0.023548,0.148572,0.163367,0.028119,0.174778,0.168313,5.56,gru,0.004570,0.026206,0.004947
2026-04-01T19:46:57.3317291Z,0.023752,0.143991,0.161547,0.029958,0.180209,0.167136,7.13,gru,0.006205,0.036217,0.005589
2026-04-01T19:46:57.3601717Z,0.029576,0.140747,0.161015,0.038444,0.174068,0.168002,9.35,gru,0.008868,0.033321,0.006988
2026-04-01T19:46:57.3914831Z,0.040697,0.139662,0.160830,0.051597,0.167354,0.165720,10.36,gru,0.010900,0.027692,0.004890
2026-04-01T19:46:57.4258754Z,0.055054,0.140175,0.160563,0.066784,0.162453,0.163487,13.93,gru,0.011730,0.022278,0.002924
2026-04-01T19:46:57.4706544Z,0.071930,0.143932,0.160544,0.082955,0.166221,0.163337,11.18,gru,0.011025,0.022288,0.002793
2026-04-01T19:46:57.4985108Z,0.090578,0.150650,0.161502,0.103850,0.171686,0.164969,8.73,gru,0.013272,0.021036,0.003467
2026-04-01T19:46:57.5202432Z,0.108879,0.159288,0.163663,0.122982,0.177614,0.167287,6.54,gru,0.014102,0.018326,0.003625
2026-04-01T19:46:57.5548661Z,0.128373,0.168946,0.166545,0.144521,0.184678,0.169307,7.68,gru,0.016148,0.015732,0.002762
2026-04-01T19:46:57.5832873Z,0.145891,0.181386,0.170592,0.161054,0.200138,0.173724,5.57,gru,0.015163,0.018752,0.003132
2026-04-01T19:46:57.6197698Z,0.163944,0.196162,0.174353,0.180229,0.216800,0.176469,7.53,gru,0.016285,0.020639,0.002116
2026-04-01T19:46:57.6707552Z,0.180188,0.213579,0.179393,0.197009,0.230656,0.182171,13.34,gru,0.016821,0.017077,0.002778
2026-04-01T19:46:57.6971422Z,0.193293,0.232962,0.185495,0.205571,0.250379,0.189707,12.93,gru,0.012278,0.017417,0.004212
2026-04-01T19:46:57.7169077Z,0.204600,0.254496,0.189857,0.215792,0.271482,0.190418,6.05,gru,0.011192,0.016986,0.000560
2026-04-01T19:46:57.7658292Z,0.213924,0.275846,0.193632,0.224243,0.291656,0.192629,12.29,gru,0.010319,0.015810,0.001003
2026-04-01T19:46:57.8105617Z,0.211540,0.329100,0.208154,0.204073,0.407140,0.226454,5.43,gru,0.007466,0.078040,0.018300
2026-04-01T19:46:57.8505369Z,0.223026,0.344684,0.198455,0.249005,0.362692,0.189406,7.60,gru,0.025979,0.018008,0.009049
2026-04-01T19:46:57.8930885Z,0.209742,0.372615,0.207983,0.192130,0.386227,0.211157,11.90,gru,0.017612,0.013612,0.003174
2026-04-01T19:46:57.9581187Z,0.197546,0.393806,0.215286,0.173442,0.432605,0.243320,7.55,gru,0.024104,0.038799,0.028034
2026-04-01T19:46:57.9893089Z,0.181516,0.429364,0.220893,0.178840,0.487255,0.228502,6.12,gru,0.002677,0.057892,0.007609
2026-04-01T19:46:58.0317453Z,0.179060,0.440146,0.217232,0.195564,0.456936,0.212832,7.06,gru,0.016504,0.016791,0.004400
2026-04-01T19:46:58.0580891Z,0.175614,0.455053,0.214049,0.175148,0.454097,0.209615,6.67,gru,0.000466,0.000956,0.004434
2026-04-01T19:46:58.0705929Z,0.168864,0.469895,0.214570,0.152660,0.505850,0.230182,5.02,gru,0.016204,0.035955,0.015613
2026-04-01T19:46:58.1104860Z,0.165609,0.479432,0.209743,0.164443,0.502612,0.211898,6.14,gru,0.001165,0.023180,0.002155
2026-04-01T19:46:58.1457739Z,0.158849,0.494223,0.209621,0.155473,0.509055,0.207510,6.19,gru,0.003377,0.014832,0.002111
2026-04-01T19:46:58.1743653Z,0.151688,0.507582,0.208889,0.139614,0.525036,0.213540,3.46,gru,0.012075,0.017454,0.004651
2026-04-01T19:46:58.2112513Z,0.155863,0.512488,0.196724,0.164534,0.512229,0.187870,3.02,gru,0.008671,0.000260,0.008855
2026-04-01T19:46:58.2428995Z,0.143201,0.528867,0.204543,0.125463,0.559384,0.222836,3.07,gru,0.017738,0.030517,0.018293
2026-04-01T19:46:58.2799072Z,0.145335,0.533338,0.198472,0.145250,0.542358,0.199416,7.53,gru,0.000085,0.009020,0.000944
2026-04-01T19:46:58.3193470Z,0.144410,0.540755,0.197578,0.153769,0.541033,0.192632,9.01,gru,0.009359,0.000278,0.004947
2026-04-01T19:46:58.3503873Z,0.144922,0.547930,0.199659,0.141289,0.565162,0.211881,4.72,gru,0.003633,0.017231,0.012222
2026-04-01T19:46:58.3831889Z,0.134370,0.562042,0.214013,0.116524,0.586170,0.239636,4.97,gru,0.017846,0.024128,0.025623
2026-04-01T19:46:58.4116306Z,0.145618,0.562928,0.210626,0.170345,0.558078,0.215881,5.08,gru,0.024728,0.004850,0.005255
2026-04-01T19:46:58.4449747Z,0.140234,0.574345,0.225432,0.138380,0.579415,0.238167,4.52,gru,0.001854,0.005070,0.012735
2026-04-01T19:46:58.4757934Z,0.144458,0.580501,0.232225,0.137868,0.599915,0.251346,6.02,gru,0.006590,0.019414,0.019121
2026-04-01T19:46:58.5118708Z,0.147591,0.588889,0.243381,0.160965,0.591786,0.255082,7.07,gru,0.013374,0.002897,0.011700
2026-04-01T19:46:58.5464416Z,0.141428,0.600894,0.262537,0.128823,0.616664,0.288970,5.68,gru,0.012605,0.015769,0.026433
2026-04-01T19:46:58.5805870Z,0.146712,0.605125,0.272144,0.156799,0.600958,0.278716,4.44,gru,0.010087,0.004167,0.006572
2026-04-01T19:46:58.6095183Z,0.154990,0.610858,0.278231,0.173958,0.610925,0.277005,4.55,gru,0.018968,0.000068,0.001226
2026-04-01T19:46:58.6415170Z,0.162352,0.615923,0.283841,0.164608,0.630689,0.291022,5.48,gru,0.002255,0.014766,0.007182
2026-04-01T19:46:58.6775256Z,0.167259,0.620240,0.287712,0.165476,0.627028,0.292445,5.67,gru,0.001783,0.006788,0.004733
2026-04-01T19:46:58.7065272Z,0.171086,0.626924,0.288718,0.172967,0.632504,0.287952,4.00,gru,0.001881,0.005580,0.000766
2026-04-01T19:46:58.7440853Z,0.148142,0.637758,0.300157,0.110458,0.655620,0.318113,5.63,gru,0.037684,0.017861,0.017956
2026-04-01T19:46:58.7766035Z,0.168516,0.639229,0.286090,0.210707,0.625710,0.281543,6.88,gru,0.042191,0.013519,0.004546
2026-04-01T19:46:58.8060211Z,0.139489,0.649351,0.296111,0.107902,0.665720,0.312668,6.78,gru,0.031587,0.016370,0.016557
2026-04-01T19:46:58.8391141Z,0.152174,0.652340,0.280837,0.152440,0.658816,0.274863,5.13,gru,0.000267,0.006477,0.005974
2026-04-01T19:46:58.8771488Z,0.145554,0.656789,0.275053,0.163042,0.650810,0.270107,5.77,gru,0.017488,0.005979,0.004946
2026-04-01T19:46:58.9108200Z,0.120495,0.664415,0.280182,0.078089,0.686487,0.317571,5.70,gru,0.042406,0.022072,0.037389
2026-04-01T19:46:58.9429944Z,0.116444,0.669863,0.269288,0.123674,0.668777,0.270631,6.28,gru,0.007230,0.001086,0.001343
2026-04-01T19:46:58.9788550Z,0.109585,0.672413,0.261632,0.126237,0.667657,0.250187,5.59,gru,0.016652,0.004756,0.011445
2026-04-01T19:46:59.0119458Z,0.103628,0.671869,0.252138,0.090432,0.679058,0.253133,6.21,gru,0.013196,0.007189,0.000995
2026-04-01T19:46:59.0439816Z,0.101951,0.671537,0.239430,0.096485,0.670884,0.230643,6.07,gru,0.005466,0.000653,0.008787
2026-04-01T19:46:59.0766725Z,0.095606,0.671944,0.233241,0.088440,0.676435,0.230794,4.02,gru,0.007165,0.004490,0.002446
2026-04-01T19:46:59.1103481Z,0.090599,0.674161,0.229240,0.087970,0.679524,0.228852,4.52,gru,0.002629,0.005363,0.000388
2026-04-01T19:46:59.1403540Z,0.087890,0.674712,0.226047,0.088831,0.675982,0.221330,4.02,gru,0.000942,0.001270,0.004716
2026-04-01T19:46:59.1742615Z,0.087366,0.674865,0.225619,0.086402,0.676546,0.225285,4.85,gru,0.000964,0.001681,0.000334
2026-04-01T19:46:59.2128437Z,0.087795,0.677175,0.228770,0.088932,0.685003,0.233087,7.78,gru,0.001136,0.007828,0.004317
2026-04-01T19:46:59.2451057Z,0.090819,0.679186,0.233676,0.096192,0.686260,0.238542,5.51,gru,0.005373,0.007074,0.004865
2026-04-01T19:46:59.2862443Z,0.092937,0.681965,0.242377,0.094543,0.688991,0.250598,6.54,gru,0.001606,0.007026,0.008221
2026-04-01T19:46:59.3200958Z,0.095702,0.684276,0.252326,0.097911,0.689360,0.260630,8.00,gru,0.002209,0.005084,0.008304
2026-04-01T19:46:59.3528782Z,0.097763,0.687761,0.264654,0.101959,0.694549,0.274724,7.65,gru,0.004196,0.006788,0.010070
2026-04-01T19:46:59.3804646Z,0.102269,0.689271,0.276547,0.108763,0.694047,0.286286,3.79,gru,0.006494,0.004776,0.009739
2026-04-01T19:46:59.4144548Z,0.105974,0.691950,0.288342,0.112741,0.695445,0.295724,5.73,gru,0.006768,0.003495,0.007382
2026-04-01T19:46:59.4389192Z,0.108201,0.695466,0.300003,0.106537,0.701958,0.308653,4.53,gru,0.001665,0.006492,0.008650
2026-04-01T19:46:59.4718399Z,0.109809,0.696906,0.311802,0.112546,0.698668,0.320198,4.51,gru,0.002736,0.001761,0.008396
2026-04-01T19:46:59.5179346Z,0.113931,0.699034,0.321224,0.124595,0.698625,0.325696,5.03,gru,0.010664,0.000410,0.004472
2026-04-01T19:46:59.5460141Z,0.115269,0.701494,0.330208,0.116459,0.704307,0.334630,4.55,gru,0.001190,0.002813,0.004421
2026-04-01T19:46:59.5790551Z,0.118320,0.702429,0.337285,0.119667,0.702940,0.340629,5.64,gru,0.001346,0.000511,0.003344
2026-04-01T19:46:59.6065555Z,0.118404,0.705491,0.342073,0.117929,0.705844,0.342433,4.51,gru,0.000475,0.000353,0.000359
2026-04-01T19:46:59.6459310Z,0.132187,0.707357,0.338197,0.156184,0.701778,0.329914,7.07,gru,0.023997,0.005578,0.008283
2026-04-01T19:46:59.6766326Z,0.132804,0.712418,0.337314,0.129178,0.718127,0.333939,6.58,gru,0.003626,0.005709,0.003375
2026-04-01T19:46:59.7062440Z,0.135596,0.715820,0.332696,0.123985,0.719357,0.329227,3.71,gru,0.011610,0.003538,0.003470
2026-04-01T19:46:59.7434297Z,0.127092,0.721271,0.329457,0.115763,0.720250,0.323628,3.72,gru,0.011329,0.001021,0.005828
2026-04-01T19:46:59.7897680Z,0.122503,0.726509,0.322329,0.118830,0.729386,0.312765,4.02,gru,0.003673,0.002877,0.009564
2026-04-01T19:46:59.8177862Z,0.130946,0.733016,0.305576,0.152802,0.731671,0.285940,4.61,gru,0.021856,0.001345,0.019636
2026-04-01T19:46:59.8422117Z,0.108043,0.742024,0.302425,0.065932,0.757553,0.308705,4.06,gru,0.042111,0.015528,0.006280
2026-04-01T19:46:59.8750827Z,0.111851,0.747726,0.284178,0.111852,0.743406,0.271662,4.88,gru,0.000001,0.004320,0.012516
2026-04-01T19:46:59.9085921Z,0.105428,0.761474,0.267636,0.118861,0.768213,0.247008,6.24,gru,0.013433,0.006739,0.020629
2026-04-01T19:46:59.9388038Z,0.097049,0.772185,0.250056,0.074259,0.793692,0.239202,4.01,gru,0.022789,0.021507,0.010854
2026-04-01T19:46:59.9706677Z,0.083637,0.786416,0.233531,0.059444,0.795245,0.221226,4.01,gru,0.024193,0.008830,0.012305
2026-04-01T19:47:00.0040443Z,0.068637,0.801091,0.215225,0.053971,0.809901,0.200230,4.67,gru,0.014666,0.008810,0.014995
2026-04-01T19:47:00.0560471Z,0.059121,0.816394,0.192300,0.058676,0.826138,0.170919,5.20,gru,0.000445,0.009744,0.021381
2026-04-01T19:47:00.0832836Z,0.039169,0.832555,0.175698,0.013380,0.850608,0.164568,4.05,gru,0.025789,0.018053,0.011130
2026-04-01T19:47:00.1103209Z,0.014431,0.847832,0.162436,-0.020742,0.861357,0.159096,6.16,gru,0.035173,0.013525,0.003340
2026-04-01T19:47:00.1387106Z,-0.008026,0.862019,0.150456,-0.021711,0.863946,0.143959,6.70,gru,0.013685,0.001926,0.006497
2026-04-01T19:47:00.1716509Z,-0.027095,0.877644,0.138580,-0.036383,0.889763,0.128807,5.01,gru,0.009288,0.012119,0.009773
2026-04-01T19:47:00.2057876Z,-0.048906,0.889317,0.132432,-0.072972,0.900789,0.131491,6.52,gru,0.024066,0.011472,0.000941
2026-04-01T19:47:00.2400623Z,-0.064025,0.901538,0.121755,-0.079435,0.906746,0.115283,3.53,gru,0.015410,0.005208,0.006472
2026-04-01T19:47:00.2765141Z,-0.076864,0.912599,0.113068,-0.083547,0.918944,0.105031,4.36,gru,0.006683,0.006345,0.008037
2026-04-01T19:47:00.3133148Z,-0.091201,0.923854,0.109340,-0.106464,0.937037,0.111777,6.53,gru,0.015264,0.013183,0.002437
2026-04-01T19:47:00.3403251Z,-0.105476,0.930256,0.107145,-0.120515,0.936135,0.108630,6.59,gru,0.015039,0.005879,0.001485
2026-04-01T19:47:00.3801525Z,-0.116106,0.932937,0.104867,-0.123542,0.932737,0.102973,5.87,gru,0.007435,0.000201,0.001894
2026-04-01T19:47:00.4143673Z,-0.123353,0.937258,0.102309,-0.128107,0.944683,0.098856,4.15,gru,0.004754,0.007426,0.003454
2026-04-01T19:47:00.4471970Z,-0.126622,0.939133,0.100106,-0.129283,0.946767,0.097935,4.50,gru,0.002661,0.007634,0.002171
2026-04-01T19:47:00.4838497Z,-0.126226,0.939975,0.097517,-0.127500,0.944172,0.095140,7.03,gru,0.001275,0.004196,0.002377
2026-04-01T19:47:00.5101612Z,-0.122188,0.937644,0.099495,-0.120113,0.937661,0.102226,5.33,gru,0.002075,0.000017,0.002731
2026-04-01T19:47:00.5429473Z,-0.112740,0.935060,0.101930,-0.105290,0.935485,0.105539,5.77,gru,0.007450,0.000425,0.003609
2026-04-01T19:47:00.5733799Z,-0.095576,0.930137,0.102840,-0.079627,0.927695,0.102326,5.90,gru,0.015949,0.002442,0.000514
2026-04-01T19:47:00.6041593Z,-0.078204,0.919016,0.110022,-0.065073,0.910569,0.118897,3.84,gru,0.013131,0.008447,0.008875
2026-04-01T19:47:00.6390938Z,-0.059748,0.907103,0.122706,-0.048303,0.896988,0.141763,6.53,gru,0.011445,0.010115,0.019056
2026-04-01T19:47:00.6745633Z,-0.034175,0.899970,0.130990,-0.008507,0.893277,0.138222,5.31,gru,0.025668,0.006693,0.007232
2026-04-01T19:47:00.7083109Z,-0.009016,0.887220,0.140133,0.017175,0.874177,0.145205,5.02,gru,0.026191,0.013043,0.005072
2026-04-01T19:47:00.7475964Z,0.021350,0.875572,0.146293,0.047865,0.860355,0.151697,7.18,gru,0.026515,0.015217,0.005403
2026-04-01T19:47:00.7706025Z,0.049495,0.863314,0.154746,0.073220,0.850578,0.162990,4.58,gru,0.023725,0.012736,0.008244
2026-04-01T19:47:00.8036219Z,0.072595,0.851019,0.166439,0.087593,0.839856,0.182219,4.58,gru,0.014998,0.011163,0.015780
2026-04-01T19:47:00.8405728Z,0.089959,0.836752,0.182994,0.100247,0.821313,0.202376,4.76,gru,0.010288,0.015439,0.019382
2026-04-01T19:47:00.8759002Z,0.112774,0.825044,0.194925,0.137291,0.808043,0.204185,3.51,gru,0.024516,0.017001,0.009259
2026-04-01T19:47:00.9103386Z,0.133021,0.812894,0.205471,0.156057,0.801103,0.210068,4.57,gru,0.023036,0.011791,0.004596
2026-04-01T19:47:00.9422239Z,0.139160,0.799068,0.220962,0.132175,0.793285,0.241674,5.50,gru,0.006985,0.005783,0.020712
2026-04-01T19:47:00.9734107Z,0.139579,0.787027,0.234586,0.130678,0.778046,0.250746,4.42,gru,0.008901,0.008981,0.016160
2026-04-01T19:47:01.0059829Z,0.144456,0.776380,0.241722,0.162576,0.765400,0.245305,4.22,gru,0.018121,0.010980,0.003583
2026-04-01T19:47:01.0405120Z,0.146327,0.766820,0.246166,0.159032,0.765409,0.246990,5.80,gru,0.012705,0.001411,0.000824
2026-04-01T19:47:01.0803089Z,0.149866,0.752878,0.246688,0.153435,0.749152,0.249032,6.48,gru,0.003569,0.003727,0.002344
2026-04-01T19:47:01.1105448Z,0.189799,0.738295,0.224652,0.240518,0.716364,0.212107,5.36,gru,0.050719,0.021930,0.012545
2026-04-01T19:47:01.1429822Z,0.191015,0.720163,0.220907,0.194461,0.730341,0.225526,4.04,gru,0.003446,0.010178,0.004619
2026-04-01T19:47:01.1769799Z,0.192106,0.697530,0.216042,0.171385,0.708923,0.234689,5.67,gru,0.020721,0.011393,0.018647
2026-04-01T19:47:01.2128002Z,0.189355,0.672811,0.213645,0.197444,0.664016,0.217900,5.62,gru,0.008089,0.008796,0.004255
2026-04-01T19:47:01.2590662Z,0.176465,0.648668,0.217993,0.174217,0.654352,0.221601,8.38,gru,0.002248,0.005684,0.003608
2026-04-01T19:47:01.2785274Z,0.179367,0.620973,0.213037,0.188861,0.615405,0.204217,7.28,gru,0.009495,0.005568,0.008820
2026-04-01T19:47:01.3145540Z,0.175829,0.594526,0.214472,0.176453,0.592062,0.212833,5.56,gru,0.000623,0.002465,0.001638
2026-04-01T19:47:01.3462141Z,0.172354,0.574269,0.215900,0.164990,0.584313,0.219680,4.00,gru,0.007363,0.010044,0.003780
2026-04-01T19:47:01.3805760Z,0.174302,0.551568,0.215846,0.183373,0.548269,0.210720,6.53,gru,0.009071,0.003299,0.005126
2026-04-01T19:47:01.4104898Z,0.174929,0.531908,0.217743,0.178786,0.530670,0.216115,6.56,gru,0.003857,0.001238,0.001628
2026-04-01T19:47:01.4406690Z,0.179221,0.507684,0.219419,0.181411,0.502832,0.221140,6.27,gru,0.002190,0.004852,0.001721
2026-04-01T19:47:01.4740955Z,0.174205,0.488665,0.227083,0.166808,0.491618,0.236136,3.74,gru,0.007397,0.002954,0.009052
2026-04-01T19:47:01.5098779Z,0.183064,0.463604,0.227242,0.194508,0.451096,0.225556,7.67,gru,0.011444,0.012508,0.001686
2026-04-01T19:47:01.5431343Z,0.183528,0.441554,0.231151,0.188861,0.435527,0.229068,6.21,gru,0.005333,0.006027,0.002083
2026-04-01T19:47:01.5781471Z,0.185145,0.417991,0.233895,0.180408,0.424344,0.238449,4.12,gru,0.004737,0.006353,0.004554
2026-04-01T19:47:01.6092453Z,0.181996,0.398322,0.235841,0.178523,0.399406,0.236210,4.01,gru,0.003473,0.001084,0.000368
2026-04-01T19:47:01.6382274Z,0.181809,0.375981,0.232846,0.185689,0.370164,0.227191,5.03,gru,0.003879,0.005818,0.005655
2026-04-01T19:47:01.6726847Z,0.166625,0.368470,0.236382,0.150487,0.386543,0.245074,4.56,gru,0.016137,0.018073,0.008692
2026-04-01T19:47:01.7083347Z,0.167251,0.342274,0.225025,0.172104,0.332561,0.222269,5.14,gru,0.004853,0.009713,0.002756
2026-04-01T19:47:01.7401675Z,0.156344,0.327619,0.221445,0.156309,0.330301,0.219032,4.04,gru,0.000034,0.002683,0.002413
2026-04-01T19:47:01.7750418Z,0.146984,0.310674,0.215579,0.140063,0.334692,0.222479,5.02,gru,0.006921,0.024017,0.006900
2026-04-01T19:47:01.8246369Z,0.137640,0.292500,0.210320,0.141788,0.302572,0.211554,9.64,gru,0.004147,0.010072,0.001235
2026-04-01T19:47:01.8565845Z,0.127872,0.277638,0.206128,0.130286,0.288433,0.206738,5.76,gru,0.002414,0.010795,0.000610
2026-04-01T19:47:01.8820137Z,0.117686,0.261892,0.204448,0.116810,0.279412,0.208980,4.56,gru,0.000876,0.017520,0.004533
2026-04-01T19:47:01.9162839Z,0.109629,0.247061,0.202160,0.111155,0.268592,0.204643,6.03,gru,0.001526,0.021531,0.002483
2026-04-01T19:47:01.9658884Z,0.101670,0.233324,0.202495,0.103401,0.254736,0.206512,13.40,gru,0.001731,0.021412,0.004017
2026-04-01T19:47:01.9909621Z,0.094766,0.216291,0.203331,0.097343,0.231995,0.208607,6.63,gru,0.002577,0.015705,0.005276
2026-04-01T19:47:02.0242958Z,0.090553,0.198250,0.207403,0.093812,0.213068,0.215222,6.51,gru,0.003259,0.014818,0.007819
2026-04-01T19:47:02.0529482Z,0.089283,0.178563,0.213564,0.093977,0.194753,0.223659,5.97,gru,0.004693,0.016190,0.010095
2026-04-01T19:47:02.0732964Z,0.091651,0.160180,0.222827,0.098428,0.177252,0.233343,4.52,gru,0.006777,0.017072,0.010516
2026-04-01T19:47:02.1065298Z,0.097280,0.141347,0.233055,0.105072,0.153412,0.243635,3.52,gru,0.007792,0.012065,0.010580
2026-04-01T19:47:02.1413964Z,0.104871,0.123165,0.241609,0.112219,0.130755,0.248161,6.06,gru,0.007349,0.007590,0.006552
2026-04-01T19:47:02.1795853Z,0.113038,0.110008,0.250609,0.118310,0.119420,0.257498,8.37,gru,0.005272,0.009412,0.006889
2026-04-01T19:47:02.2042399Z,0.121715,0.097577,0.256837,0.127649,0.101455,0.261837,3.75,gru,0.005934,0.003878,0.005000
2026-04-01T19:47:02.2523051Z,0.129129,0.086550,0.259265,0.134425,0.081311,0.259390,9.04,gru,0.005297,0.005238,0.000126
2026-04-01T19:47:02.2847318Z,0.135146,0.076470,0.258164,0.137719,0.067326,0.255030,7.48,gru,0.002573,0.009144,0.003134
2026-04-01T19:47:02.3196825Z,0.138562,0.071541,0.255130,0.138097,0.070856,0.252966,6.56,gru,0.000464,0.000685,0.002163
2026-04-01T19:47:02.3513073Z,0.139486,0.067661,0.246274,0.138789,0.061879,0.238403,8.15,gru,0.000698,0.005782,0.007872
2026-04-01T19:47:02.3791113Z,0.136676,0.066125,0.234930,0.133812,0.058600,0.224119,4.95,gru,0.002865,0.007525,0.010811
2026-04-01T19:47:02.4160172Z,0.132411,0.064892,0.218913,0.128497,0.056675,0.205245,6.40,gru,0.003914,0.008218,0.013668
2026-04-01T19:47:02.4486847Z,0.123389,0.067392,0.204247,0.115340,0.067015,0.194149,5.02,gru,0.008049,0.000377,0.010098
2026-04-01T19:47:02.4914734Z,0.110602,0.072565,0.191208,0.099121,0.078225,0.185283,8.18,gru,0.011480,0.005659,0.005925
2026-04-01T19:47:02.5145117Z,0.097188,0.076676,0.180544,0.088320,0.077797,0.174389,3.04,gru,0.008868,0.001122,0.006155
2026-04-01T19:47:02.5458958Z,0.083876,0.085599,0.177089,0.074901,0.093398,0.178175,3.51,gru,0.008975,0.007799,0.001086
2026-04-01T19:47:02.5786407Z,0.072530,0.084393,0.167121,0.067940,0.087600,0.158462,3.01,gru,0.004590,0.003207,0.008659
2026-04-01T19:47:02.6066249Z,0.063315,0.087953,0.165263,0.057761,0.097439,0.161388,4.20,gru,0.005554,0.009486,0.003875
2026-04-01T19:47:02.6412832Z,0.054691,0.093223,0.165060,0.047726,0.114779,0.169195,4.38,gru,0.006964,0.021556,0.004135
2026-04-01T19:47:02.6725924Z,0.047737,0.097376,0.168028,0.043526,0.114794,0.169799,4.52,gru,0.004211,0.017417,0.001771
2026-04-01T19:47:02.7143991Z,0.042290,0.101292,0.172370,0.039541,0.115928,0.173533,6.07,gru,0.002749,0.014636,0.001162
2026-04-01T19:47:02.7488709Z,0.037653,0.107554,0.177706,0.033806,0.125268,0.179376,5.96,gru,0.003847,0.017714,0.001670
2026-04-01T19:47:02.7744277Z,0.035095,0.114528,0.183835,0.033179,0.132735,0.187957,3.51,gru,0.001916,0.018207,0.004122
2026-04-01T19:47:02.8080363Z,0.034521,0.119792,0.190815,0.035616,0.132706,0.195717,5.52,gru,0.001095,0.012914,0.004902
2026-04-01T19:47:02.8406863Z,0.036550,0.126581,0.196536,0.039305,0.136866,0.199106,3.11,gru,0.002755,0.010285,0.002570
2026-04-01T19:47:02.8775882Z,0.040072,0.133737,0.203658,0.043354,0.144680,0.208310,3.59,gru,0.003282,0.010942,0.004651
2026-04-01T19:47:02.9113192Z,0.046071,0.143549,0.213016,0.051852,0.155503,0.223019,4.51,gru,0.005782,0.011954,0.010003
2026-04-01T19:47:02.9442467Z,0.053814,0.151560,0.220641,0.062577,0.157937,0.226866,4.14,gru,0.008763,0.006377,0.006224
2026-04-01T19:47:02.9761413Z,0.060149,0.162964,0.232185,0.065596,0.170855,0.241761,4.05,gru,0.005447,0.007891,0.009576
2026-04-01T19:47:03.0064919Z,0.069383,0.170624,0.238761,0.078520,0.173497,0.243201,4.06,gru,0.009137,0.002873,0.004440
2026-04-01T19:47:03.0413013Z,0.077392,0.182819,0.247704,0.086684,0.189126,0.253376,4.03,gru,0.009292,0.006307,0.005672
2026-04-01T19:47:03.0774331Z,0.086386,0.193504,0.255728,0.095093,0.202044,0.263752,3.51,gru,0.008707,0.008540,0.008024
2026-04-01T19:47:03.1076445Z,0.095525,0.205487,0.262793,0.106189,0.210872,0.267058,4.60,gru,0.010664,0.005385,0.004265
2026-04-01T19:47:03.1449087Z,0.102892,0.219961,0.270806,0.109939,0.230979,0.276608,3.08,gru,0.007047,0.011017,0.005802
2026-04-01T19:47:03.1806565Z,0.110656,0.235504,0.276568,0.118720,0.249822,0.279844,4.78,gru,0.008064,0.014318,0.003276
2026-04-01T19:47:03.2086139Z,0.116502,0.250908,0.283687,0.123308,0.263086,0.288248,4.53,gru,0.006806,0.012178,0.004561
2026-04-01T19:47:03.2442405Z,0.121909,0.267201,0.287957,0.127206,0.280300,0.289984,6.17,gru,0.005297,0.013099,0.002026
2026-04-01T19:47:03.2751459Z,0.126009,0.281069,0.290832,0.130819,0.291769,0.289711,3.51,gru,0.004810,0.010700,0.001121
2026-04-01T19:47:03.3060984Z,0.129441,0.293540,0.293714,0.133096,0.304245,0.295067,4.00,gru,0.003655,0.010706,0.001353
2026-04-01T19:47:03.3390265Z,0.132236,0.305237,0.296419,0.135602,0.316620,0.298750,4.53,gru,0.003366,0.011383,0.002331
2026-04-01T19:47:03.3734717Z,0.133853,0.316751,0.299033,0.135701,0.329053,0.300284,4.03,gru,0.001849,0.012302,0.001251
2026-04-01T19:47:03.4066415Z,0.135141,0.326337,0.301016,0.136745,0.336068,0.300823,4.47,gru,0.001604,0.009731,0.000193
2026-04-01T19:47:03.4412008Z,0.136715,0.335045,0.303150,0.139106,0.343731,0.303767,3.07,gru,0.002392,0.008686,0.000616
2026-04-01T19:47:03.4785620Z,0.136611,0.343313,0.304927,0.135853,0.353503,0.305798,4.97,gru,0.000758,0.010191,0.000871
2026-04-01T19:47:03.5087681Z,0.137012,0.350877,0.306813,0.137060,0.360464,0.307338,5.65,gru,0.000049,0.009586,0.000525
2026-04-01T19:47:03.5538856Z,0.136902,0.358760,0.307984,0.137561,0.367778,0.307440,8.30,gru,0.000658,0.009018,0.000544
2026-04-01T19:47:03.5859725Z,0.137280,0.363869,0.308756,0.137884,0.369196,0.307625,7.08,gru,0.000604,0.005327,0.001131
2026-04-01T19:47:03.6140695Z,0.136809,0.370603,0.309627,0.135584,0.379891,0.309512,4.02,gru,0.001225,0.009288,0.000115
2026-04-01T19:47:03.6391983Z,0.136717,0.374487,0.309855,0.136282,0.381177,0.308845,4.60,gru,0.000435,0.006690,0.001009
2026-04-01T19:47:03.6735188Z,0.136804,0.381259,0.310545,0.137580,0.390233,0.309903,6.04,gru,0.000776,0.008974,0.000642
2026-04-01T19:47:03.7042629Z,0.137086,0.384589,0.311620,0.137611,0.390573,0.311917,5.03,gru,0.000525,0.005984,0.000297
2026-04-01T19:47:03.7382668Z,0.136851,0.388078,0.312096,0.135963,0.391870,0.311186,4.21,gru,0.000888,0.003792,0.000910
2026-04-01T19:47:03.7770944Z,0.136626,0.391846,0.313031,0.135546,0.398582,0.312540,5.70,gru,0.001080,0.006736,0.000490
2026-04-01T19:47:03.8081466Z,0.136234,0.393865,0.313208,0.136273,0.398065,0.312215,6.25,gru,0.000039,0.004201,0.000993
2026-04-01T19:47:03.8402624Z,0.136241,0.397878,0.313631,0.136414,0.403445,0.312911,6.87,gru,0.000174,0.005567,0.000721
2026-04-01T19:47:03.8739015Z,0.135906,0.398032,0.313860,0.135336,0.400756,0.313230,3.56,gru,0.000570,0.002724,0.000630
2026-04-01T19:47:03.9098350Z,0.135435,0.401301,0.313276,0.134069,0.406844,0.311159,5.78,gru,0.001366,0.005543,0.002116
2026-04-01T19:47:03.9459761Z,0.135282,0.403031,0.312755,0.135253,0.409481,0.311021,3.37,gru,0.000029,0.006450,0.001733
2026-04-01T19:47:03.9761268Z,0.133691,0.403487,0.312139,0.132005,0.406671,0.311110,3.02,gru,0.001686,0.003184,0.001029
2026-04-01T19:47:04.0107391Z,0.133004,0.405388,0.311940,0.131726,0.410585,0.311195,6.08,gru,0.001278,0.005197,0.000745
2026-04-01T19:47:04.0402672Z,0.132219,0.406430,0.311841,0.132373,0.412349,0.311053,5.24,gru,0.000154,0.005919,0.000789
2026-04-01T19:47:04.0809952Z,0.130577,0.406920,0.311102,0.128746,0.411764,0.309092,6.35,gru,0.001830,0.004844,0.002010
2026-04-01T19:47:04.1094554Z,0.129631,0.408474,0.311466,0.128583,0.414455,0.311402,5.01,gru,0.001048,0.005982,0.000065
2026-04-01T19:47:04.1431936Z,0.128469,0.408713,0.312031,0.128371,0.414074,0.312733,3.13,gru,0.000099,0.005361,0.000702
2026-04-01T19:47:04.1842592Z,0.127824,0.410898,0.312788,0.127778,0.418792,0.312504,5.77,gru,0.000046,0.007894,0.000284
2026-04-01T19:47:04.2151387Z,0.125496,0.414127,0.315369,0.122638,0.424796,0.317770,5.87,gru,0.002858,0.010669,0.002402
2026-04-01T19:47:04.2457266Z,0.122968,0.420389,0.319303,0.120202,0.433404,0.323682,6.17,gru,0.002766,0.013015,0.004379
2026-04-01T19:47:04.2765734Z,0.117080,0.433781,0.324983,0.110825,0.455156,0.330103,4.97,gru,0.006256,0.021375,0.005120
2026-04-01T19:47:04.3080545Z,0.108263,0.457218,0.330612,0.097606,0.491874,0.333833,6.03,gru,0.010657,0.034656,0.003221
2026-04-01T19:47:04.3411380Z,0.100258,0.490828,0.332532,0.095046,0.533246,0.329884,3.61,gru,0.005212,0.042418,0.002648
2026-04-01T19:47:04.3784438Z,0.100864,0.520457,0.328616,0.114722,0.547837,0.320625,5.11,gru,0.013859,0.027379,0.007990
2026-04-01T19:47:04.4138682Z,0.091463,0.552402,0.323519,0.079057,0.585026,0.316239,5.80,gru,0.012406,0.032624,0.007280
2026-04-01T19:47:04.4444478Z,0.082939,0.582681,0.316209,0.065891,0.621129,0.308975,3.68,gru,0.017049,0.038448,0.007234
2026-04-01T19:47:04.4801262Z,0.070150,0.616036,0.304283,0.061808,0.655564,0.290382,8.13,gru,0.008342,0.039529,0.013900
2026-04-01T19:47:04.5149793Z,0.046958,0.649864,0.288942,0.019818,0.691313,0.268784,4.32,gru,0.027140,0.041449,0.020158
2026-04-01T19:47:04.5562065Z,0.001931,0.678985,0.271342,-0.051205,0.714179,0.251396,10.90,gru,0.053136,0.035194,0.019946
2026-04-01T19:47:04.5892232Z,-0.041796,0.704666,0.249512,-0.082208,0.724698,0.227302,7.11,gru,0.040413,0.020032,0.022210
2026-04-01T19:47:04.6214796Z,-0.054223,0.730709,0.232764,-0.039147,0.737263,0.220022,5.78,gru,0.015077,0.006554,0.012742
2026-04-01T19:47:04.6500708Z,-0.109929,0.745500,0.206336,-0.167626,0.775619,0.172118,5.35,gru,0.057697,0.030119,0.034218
2026-04-01T19:47:04.6801583Z,-0.158085,0.756771,0.177661,-0.212847,0.772318,0.140981,4.14,gru,0.054761,0.015547,0.036681
2026-04-01T19:47:04.7243682Z,-0.198533,0.766718,0.148969,-0.226223,0.735268,0.123860,4.11,gru,0.027690,0.031450,0.025109
2026-04-01T19:47:04.7724132Z,-0.232257,0.795363,0.097170,-0.267410,0.856857,0.055221,5.12,gru,0.035153,0.061494,0.041949
2026-04-01T19:47:04.8043072Z,-0.247304,0.801457,0.074051,-0.262767,0.811167,0.058868,6.03,gru,0.015463,0.009710,0.015184
2026-04-01T19:47:04.8422040Z,-0.266978,0.808928,0.046930,-0.279673,0.800538,0.041708,4.18,gru,0.012695,0.008390,0.005222
