timestamp,actual_x,actual_y,actual_z,predicted_x,predicted_y,predicted_z,inference_ms,model_name,abs_err_x,abs_err_y,abs_err_z
2026-04-03T21:26:51.6105007Z,-0.025895,0.017581,0.098072,-0.025895,0.017581,0.098072,6.24,gru,0.000000,0.000000,0.000000
2026-04-03T21:26:51.6452660Z,-0.025627,0.017059,0.100406,-0.025627,0.017059,0.100406,4.84,gru,0.000000,0.000000,0.000000
2026-04-03T21:26:51.6811225Z,-0.025322,0.017365,0.103810,-0.025322,0.017365,0.103810,4.15,gru,0.000000,0.000000,0.000000
2026-04-03T21:26:51.7184607Z,-0.024103,0.016706,0.107269,0.042409,0.011305,0.101399,3.83,gru,0.066512,0.005401,0.005870
2026-04-03T21:26:51.7508235Z,-0.024182,0.018285,0.112778,0.039503,0.015371,0.108577,4.05,gru,0.063685,0.002914,0.004201
2026-04-03T21:26:51.7923244Z,-0.024239,0.018737,0.118528,0.036802,0.015988,0.114530,4.92,gru,0.061041,0.002749,0.003999
2026-04-03T21:26:51.8441436Z,-0.024098,0.019416,0.123981,0.035050,0.015300,0.118123,6.31,gru,0.059148,0.004116,0.005858
2026-04-03T21:26:51.8811087Z,-0.023564,0.020382,0.129638,0.032830,0.017166,0.123486,5.77,gru,0.056394,0.003216,0.006152
2026-04-03T21:26:51.9185071Z,-0.022898,0.022238,0.133630,0.030531,0.019864,0.126036,3.40,gru,0.053428,0.002374,0.007594
2026-04-03T21:26:51.9371697Z,-0.020816,0.022753,0.141312,0.029317,0.020274,0.137302,3.13,gru,0.050133,0.002480,0.004010
2026-04-03T21:26:51.9848562Z,-0.019911,0.024564,0.145974,0.026332,0.022569,0.139525,7.63,gru,0.046243,0.001995,0.006449
2026-04-03T21:26:52.0191020Z,-0.018488,0.024480,0.151028,0.024083,0.022021,0.142511,7.32,gru,0.042570,0.002459,0.008517
2026-04-03T21:26:52.0526953Z,-0.018211,0.026159,0.157501,0.019976,0.026301,0.152844,4.56,gru,0.038188,0.000142,0.004657
2026-04-03T21:26:52.0809411Z,-0.016310,0.027742,0.162723,0.019486,0.028016,0.156537,4.03,gru,0.035796,0.000274,0.006186
2026-04-03T21:26:52.1153691Z,-0.015853,0.030807,0.168574,0.016325,0.032246,0.162245,3.73,gru,0.032178,0.001439,0.006329
2026-04-03T21:26:52.1543539Z,-0.015305,0.033370,0.174547,0.013100,0.035208,0.169193,7.40,gru,0.028405,0.001839,0.005354
2026-04-03T21:26:52.1800751Z,-0.014170,0.035252,0.179690,0.013022,0.035492,0.173327,6.81,gru,0.027192,0.000240,0.006363
2026-04-03T21:26:52.2173523Z,-0.013390,0.036951,0.186173,0.010864,0.038593,0.181783,5.79,gru,0.024253,0.001642,0.004390
2026-04-03T21:26:52.2435684Z,-0.012391,0.040364,0.192164,0.009376,0.044408,0.188106,4.00,gru,0.021766,0.004045,0.004058
2026-04-03T21:26:52.2732108Z,-0.011070,0.042820,0.197881,0.009710,0.045824,0.192779,3.89,gru,0.020781,0.003004,0.005102
2026-04-03T21:26:52.3118904Z,-0.009606,0.045816,0.203321,0.009551,0.048819,0.198565,5.07,gru,0.019157,0.003004,0.004756
2026-04-03T21:26:52.3386720Z,-0.008246,0.049586,0.209097,0.008665,0.054451,0.205579,5.00,gru,0.016911,0.004865,0.003519
2026-04-03T21:26:52.3839451Z,-0.006872,0.052531,0.214737,0.008852,0.057038,0.211723,7.76,gru,0.015724,0.004508,0.003014
2026-04-03T21:26:52.4123324Z,-0.004377,0.055741,0.219645,0.011458,0.059653,0.215614,6.23,gru,0.015835,0.003912,0.004031
2026-04-03T21:26:52.4459177Z,-0.001782,0.059993,0.224274,0.012638,0.065971,0.220413,7.43,gru,0.014420,0.005978,0.003861
2026-04-03T21:26:52.4728482Z,0.000812,0.064230,0.229303,0.013492,0.071543,0.227180,4.80,gru,0.012680,0.007312,0.002123
2026-04-03T21:26:52.5100595Z,0.003107,0.067876,0.234594,0.014803,0.074475,0.233346,6.34,gru,0.011696,0.006599,0.001248
2026-04-03T21:26:52.5424197Z,0.006366,0.071881,0.239198,0.018496,0.077621,0.236567,4.53,gru,0.012130,0.005740,0.002632
2026-04-03T21:26:52.5774907Z,0.010188,0.076075,0.244381,0.022098,0.083747,0.242792,3.76,gru,0.011910,0.007672,0.001589
2026-04-03T21:26:52.6128731Z,0.012426,0.080048,0.249105,0.021349,0.088651,0.248207,4.13,gru,0.008922,0.008603,0.000898
2026-04-03T21:26:52.6653374Z,0.014940,0.085736,0.254520,0.023215,0.094871,0.254448,5.33,gru,0.008274,0.009135,0.000073
2026-04-03T21:26:52.6924439Z,0.017031,0.090986,0.260059,0.025633,0.099723,0.260419,9.27,gru,0.008602,0.008737,0.000359
2026-04-03T21:26:52.7176753Z,0.018879,0.097585,0.265279,0.026354,0.107227,0.265090,7.85,gru,0.007475,0.009642,0.000189
2026-04-03T21:26:52.7394498Z,0.021122,0.104615,0.269974,0.028563,0.115165,0.269495,3.67,gru,0.007441,0.010549,0.000479
2026-04-03T21:26:52.7728248Z,0.022922,0.109493,0.275478,0.029744,0.118497,0.276676,6.54,gru,0.006822,0.009004,0.001198
2026-04-03T21:26:52.8084471Z,0.024250,0.116621,0.280682,0.029448,0.127533,0.282044,3.99,gru,0.005199,0.010912,0.001361
2026-04-03T21:26:52.8448580Z,0.025567,0.124277,0.286090,0.030845,0.137011,0.287233,7.49,gru,0.005278,0.012734,0.001143
2026-04-03T21:26:52.8827069Z,0.027791,0.131777,0.292452,0.034668,0.143507,0.295293,6.67,gru,0.006876,0.011731,0.002840
2026-04-03T21:26:52.9226719Z,0.029842,0.138280,0.298133,0.035780,0.148406,0.300123,7.98,gru,0.005938,0.010126,0.001991
2026-04-03T21:26:52.9547708Z,0.031523,0.145477,0.303968,0.035530,0.157028,0.305681,7.12,gru,0.004008,0.011552,0.001713
2026-04-03T21:26:52.9813066Z,0.034415,0.153306,0.310280,0.040447,0.166631,0.313441,4.11,gru,0.006033,0.013326,0.003161
2026-04-03T21:26:53.0123249Z,0.034947,0.160115,0.317163,0.038112,0.172892,0.321226,2.79,gru,0.003165,0.012777,0.004063
2026-04-03T21:26:53.0466899Z,0.036345,0.169645,0.323482,0.039374,0.183267,0.326228,4.12,gru,0.003029,0.013621,0.002746
2026-04-03T21:26:53.0779572Z,0.038473,0.177206,0.329936,0.044497,0.189034,0.332407,3.82,gru,0.006024,0.011827,0.002471
2026-04-03T21:26:53.1114819Z,0.040188,0.185362,0.336551,0.044371,0.198366,0.340108,8.50,gru,0.004183,0.013003,0.003557
2026-04-03T21:26:53.1510205Z,0.041373,0.194336,0.342696,0.043545,0.208974,0.345558,9.53,gru,0.002172,0.014638,0.002862
2026-04-03T21:26:53.1970259Z,0.042737,0.202349,0.349128,0.046329,0.214919,0.351935,3.65,gru,0.003592,0.012571,0.002807
2026-04-03T21:26:53.2105748Z,0.044507,0.210679,0.354690,0.049213,0.222471,0.356535,4.75,gru,0.004705,0.011793,0.001845
2026-04-03T21:26:53.2455822Z,0.046727,0.218517,0.359506,0.051148,0.230242,0.360264,6.68,gru,0.004421,0.011724,0.000758
2026-04-03T21:26:53.2804496Z,0.048020,0.225373,0.365299,0.050293,0.237340,0.368192,4.70,gru,0.002274,0.011967,0.002894
2026-04-03T21:26:53.3125638Z,0.048956,0.236183,0.370030,0.050706,0.251912,0.371591,4.89,gru,0.001750,0.015729,0.001561
2026-04-03T21:26:53.3498613Z,0.050370,0.243510,0.374866,0.054774,0.254825,0.375305,5.26,gru,0.004404,0.011316,0.000439
2026-04-03T21:26:53.3830534Z,0.051367,0.249296,0.379951,0.054589,0.257733,0.381447,3.56,gru,0.003223,0.008437,0.001495
2026-04-03T21:26:53.4058585Z,0.051874,0.257446,0.383701,0.052523,0.270576,0.383299,4.08,gru,0.000649,0.013131,0.000402
2026-04-03T21:26:53.4440549Z,0.052304,0.265018,0.387111,0.054469,0.278742,0.385775,5.81,gru,0.002165,0.013724,0.001336
2026-04-03T21:26:53.4775816Z,0.053018,0.271444,0.390407,0.056724,0.281474,0.389692,4.80,gru,0.003706,0.010031,0.000715
2026-04-03T21:26:53.5117956Z,0.052993,0.276719,0.393320,0.054203,0.285066,0.392204,6.46,gru,0.001209,0.008347,0.001117
2026-04-03T21:26:53.5444688Z,0.054120,0.282105,0.396052,0.056798,0.292090,0.394248,4.00,gru,0.002678,0.009985,0.001804
2026-04-03T21:26:53.5841552Z,0.054589,0.288372,0.399084,0.057330,0.301242,0.397770,4.15,gru,0.002741,0.012870,0.001314
2026-04-03T21:26:53.6156000Z,0.055458,0.294066,0.401893,0.058098,0.303938,0.400458,3.50,gru,0.002640,0.009872,0.001435
2026-04-03T21:26:53.6507074Z,0.056710,0.298587,0.403941,0.060220,0.304057,0.400997,4.03,gru,0.003510,0.005470,0.002944
2026-04-03T21:26:53.6816515Z,0.056963,0.303024,0.405526,0.057932,0.310929,0.401783,4.27,gru,0.000969,0.007904,0.003743
2026-04-03T21:26:53.7140628Z,0.057868,0.307645,0.407332,0.060193,0.317334,0.404791,4.00,gru,0.002324,0.009688,0.002541
2026-04-03T21:26:53.7594113Z,0.058259,0.311770,0.408505,0.061026,0.318968,0.405408,8.74,gru,0.002767,0.007198,0.003097
2026-04-03T21:26:53.7924629Z,0.058768,0.315371,0.410247,0.060649,0.320958,0.407425,9.68,gru,0.001882,0.005587,0.002823
2026-04-03T21:26:53.8290540Z,0.018925,0.339512,0.407317,-0.019351,0.386350,0.393327,11.43,gru,0.038276,0.046838,0.013990
2026-04-03T21:26:53.8582624Z,0.018799,0.342876,0.408434,0.037260,0.337603,0.403729,9.21,gru,0.018461,0.005274,0.004705
2026-04-03T21:26:53.8840862Z,0.018268,0.346448,0.409077,0.060631,0.335220,0.406373,8.49,gru,0.042363,0.011228,0.002704
2026-04-03T21:26:53.9118442Z,0.017893,0.349193,0.411064,0.002504,0.371181,0.406988,6.43,gru,0.015390,0.021989,0.004075
2026-04-03T21:26:53.9508925Z,0.012965,0.355226,0.410840,-0.006298,0.370916,0.401447,9.87,gru,0.019264,0.015690,0.009393
2026-04-03T21:26:53.9826243Z,0.013035,0.358882,0.412355,0.025590,0.360922,0.405748,4.63,gru,0.012555,0.002040,0.006607
2026-04-03T21:26:54.0188239Z,0.012412,0.361120,0.413772,0.024780,0.363048,0.410900,5.19,gru,0.012368,0.001928,0.002872
2026-04-03T21:26:54.0507774Z,0.012496,0.364722,0.415452,0.005552,0.377903,0.410999,4.36,gru,0.006944,0.013181,0.004453
2026-04-03T21:26:54.0857304Z,0.012366,0.369055,0.417154,0.008040,0.380847,0.411181,4.43,gru,0.004326,0.011792,0.005973
2026-04-03T21:26:54.1290325Z,0.011228,0.372491,0.418806,0.016814,0.376212,0.414405,6.28,gru,0.005586,0.003721,0.004401
2026-04-03T21:26:54.1593453Z,0.011087,0.375356,0.421131,0.015475,0.378519,0.419881,6.61,gru,0.004389,0.003163,0.001250
2026-04-03T21:26:54.1832302Z,0.008012,0.381156,0.422609,0.001882,0.392607,0.419439,6.62,gru,0.006130,0.011451,0.003170
2026-04-03T21:26:54.2160269Z,0.006992,0.386700,0.424672,0.006743,0.396697,0.421314,4.71,gru,0.000249,0.009997,0.003358
2026-04-03T21:26:54.2511546Z,0.003840,0.391877,0.425834,0.006186,0.397777,0.423232,4.71,gru,0.002346,0.005900,0.002601
2026-04-03T21:26:54.2875190Z,0.001921,0.396537,0.427392,0.002242,0.403482,0.425808,5.54,gru,0.000321,0.006945,0.001583
2026-04-03T21:26:54.3119501Z,0.003073,0.401506,0.429756,0.009850,0.407953,0.430005,5.40,gru,0.006777,0.006447,0.000250
2026-04-03T21:26:54.3507735Z,0.004135,0.405304,0.432513,0.008473,0.412614,0.432105,4.34,gru,0.004337,0.007310,0.000408
2026-04-03T21:26:54.3890374Z,-0.001117,0.412146,0.433281,-0.010062,0.418642,0.429266,6.79,gru,0.008945,0.006496,0.004015
2026-04-03T21:26:54.4115790Z,-0.014195,0.423114,0.431540,-0.030574,0.430342,0.424342,4.22,gru,0.016379,0.007228,0.007198
2026-04-03T21:26:54.4395242Z,-0.014329,0.429333,0.433449,0.000600,0.430045,0.433289,4.53,gru,0.014929,0.000712,0.000160
2026-04-03T21:26:54.4695330Z,-0.014519,0.434575,0.435421,-0.000864,0.437697,0.437301,3.76,gru,0.013655,0.003123,0.001880
2026-04-03T21:26:54.5083350Z,-0.016930,0.441022,0.436698,-0.029037,0.451153,0.431744,5.00,gru,0.012107,0.010131,0.004954
2026-04-03T21:26:54.5427426Z,-0.016360,0.447107,0.437846,-0.015519,0.450149,0.432993,4.70,gru,0.000841,0.003042,0.004853
2026-04-03T21:26:54.5770370Z,-0.016756,0.452746,0.438304,-0.007992,0.455826,0.434480,5.81,gru,0.008765,0.003080,0.003824
2026-04-03T21:26:54.6158157Z,-0.017117,0.458119,0.439085,-0.016221,0.464359,0.436745,7.73,gru,0.000896,0.006239,0.002340
2026-04-03T21:26:54.6466009Z,-0.015739,0.463027,0.439750,-0.014862,0.467162,0.436114,3.26,gru,0.000878,0.004135,0.003636
2026-04-03T21:26:54.6775434Z,-0.012896,0.467518,0.440661,-0.005872,0.470383,0.436391,3.45,gru,0.007024,0.002865,0.004270
2026-04-03T21:26:54.7098957Z,-0.012360,0.472445,0.440461,-0.009892,0.476758,0.435588,5.98,gru,0.002468,0.004314,0.004872
2026-04-03T21:26:54.7393734Z,-0.012751,0.478195,0.440448,-0.014739,0.483550,0.436195,4.99,gru,0.001988,0.005355,0.004253
2026-04-03T21:26:54.7883430Z,-0.013288,0.484178,0.440375,-0.011827,0.488126,0.436528,10.56,gru,0.001461,0.003948,0.003847
2026-04-03T21:26:54.8223650Z,-0.012441,0.490227,0.439910,-0.006498,0.493420,0.435190,7.57,gru,0.005943,0.003193,0.004720
2026-04-03T21:26:54.8439990Z,-0.011771,0.495297,0.438830,-0.008543,0.498224,0.433570,6.00,gru,0.003228,0.002927,0.005260
2026-04-03T21:26:54.8741755Z,-0.011487,0.498763,0.438650,-0.011405,0.501106,0.435093,6.24,gru,0.000083,0.002344,0.003558
2026-04-03T21:26:54.9151030Z,-0.011845,0.506252,0.437191,-0.010824,0.512231,0.432224,4.63,gru,0.001021,0.005979,0.004968
2026-04-03T21:26:54.9649104Z,-0.011678,0.512647,0.436250,-0.008081,0.517697,0.431406,8.48,gru,0.003597,0.005050,0.004844
2026-04-03T21:26:54.9856515Z,-0.012091,0.516779,0.435109,-0.009644,0.516406,0.431276,4.20,gru,0.002447,0.000373,0.003833
2026-04-03T21:26:55.0107228Z,-0.012957,0.524201,0.433692,-0.012934,0.527447,0.429264,5.66,gru,0.000023,0.003246,0.004428
2026-04-03T21:26:55.0470759Z,-0.019171,0.533410,0.430370,-0.028123,0.542308,0.422506,6.84,gru,0.008951,0.008899,0.007865
2026-04-03T21:26:55.0729915Z,-0.019230,0.538631,0.429354,-0.012800,0.539148,0.425734,6.59,gru,0.006430,0.000517,0.003619
2026-04-03T21:26:55.1132807Z,-0.019692,0.544586,0.428451,-0.012757,0.544864,0.427114,6.83,gru,0.006935,0.000278,0.001338
2026-04-03T21:26:55.1528749Z,-0.019619,0.550942,0.427966,-0.022303,0.557307,0.424072,9.06,gru,0.002684,0.006365,0.003894
2026-04-03T21:26:55.1771977Z,-0.019476,0.556307,0.426511,-0.019300,0.558807,0.420879,4.58,gru,0.000177,0.002500,0.005632
2026-04-03T21:26:55.2101353Z,-0.019716,0.561059,0.425757,-0.017175,0.562180,0.421907,6.66,gru,0.002541,0.001121,0.003850
2026-04-03T21:26:55.2479928Z,-0.022503,0.567756,0.422982,-0.025997,0.571722,0.417720,5.08,gru,0.003494,0.003966,0.005262
2026-04-03T21:26:55.2802213Z,-0.022837,0.573705,0.421528,-0.022120,0.577595,0.417170,3.35,gru,0.000717,0.003890,0.004358
2026-04-03T21:26:55.3138398Z,-0.022390,0.576998,0.419905,-0.017568,0.576412,0.416587,7.59,gru,0.004822,0.000585,0.003318
2026-04-03T21:26:55.3396061Z,-0.022368,0.582828,0.418355,-0.021998,0.585511,0.414409,4.28,gru,0.000371,0.002683,0.003946
2026-04-03T21:26:55.3781427Z,-0.022572,0.587385,0.417019,-0.023493,0.590619,0.413551,6.30,gru,0.000921,0.003234,0.003469
2026-04-03T21:26:55.4090975Z,-0.022786,0.591579,0.416372,-0.021437,0.592705,0.413694,4.81,gru,0.001349,0.001126,0.002678
2026-04-03T21:26:55.4442598Z,-0.023083,0.595356,0.414547,-0.021725,0.595595,0.410375,4.30,gru,0.001359,0.000239,0.004172
2026-04-03T21:26:55.4823409Z,-0.022926,0.601262,0.413678,-0.021728,0.605261,0.410764,7.78,gru,0.001198,0.003999,0.002913
2026-04-03T21:26:55.5158321Z,-0.026998,0.606546,0.412300,-0.033479,0.610172,0.409462,5.54,gru,0.006481,0.003626,0.002837
2026-04-03T21:26:55.5539510Z,-0.026537,0.610438,0.412071,-0.021979,0.609046,0.410309,9.79,gru,0.004558,0.001392,0.001762
2026-04-03T21:26:55.5787139Z,-0.026660,0.615125,0.411695,-0.021109,0.615453,0.410404,5.08,gru,0.005551,0.000327,0.001290
2026-04-03T21:26:55.6123251Z,-0.026979,0.620786,0.411667,-0.029122,0.625769,0.409456,4.21,gru,0.002143,0.004983,0.002211
2026-04-03T21:26:55.6502145Z,-0.027194,0.623710,0.411471,-0.026812,0.622113,0.409198,5.16,gru,0.000383,0.001598,0.002273
2026-04-03T21:26:55.6960406Z,-0.029566,0.630195,0.410059,-0.030992,0.631744,0.406045,9.31,gru,0.001426,0.001549,0.004014
2026-04-03T21:26:55.7187359Z,-0.034842,0.634900,0.408101,-0.041455,0.637728,0.403521,5.59,gru,0.006613,0.002828,0.004581
2026-04-03T21:26:55.7467627Z,-0.034775,0.638981,0.407781,-0.029380,0.638258,0.406640,4.67,gru,0.005395,0.000723,0.001140
2026-04-03T21:26:55.7852287Z,-0.034614,0.644603,0.407016,-0.029440,0.646900,0.405504,3.21,gru,0.005174,0.002297,0.001513
2026-04-03T21:26:55.8151142Z,-0.039191,0.649632,0.404988,-0.049564,0.652950,0.399233,4.92,gru,0.010374,0.003318,0.005755
2026-04-03T21:26:55.8602105Z,-0.044943,0.656590,0.402659,-0.053368,0.658803,0.397444,6.80,gru,0.008425,0.002213,0.005216
2026-04-03T21:26:55.8849010Z,-0.002935,0.655449,0.417103,0.026632,0.651649,0.425576,3.83,gru,0.029567,0.003800,0.008473
2026-04-03T21:26:55.9223872Z,-0.006631,0.663512,0.414821,-0.031219,0.667330,0.403494,6.05,gru,0.024587,0.003818,0.011327
2026-04-03T21:26:55.9428303Z,-0.076150,0.673780,0.388694,-0.111219,0.699053,0.323494,5.62,gru,0.035069,0.025273,0.065200
2026-04-03T21:26:55.9713341Z,-0.102112,0.673735,0.379491,-0.103990,0.619053,0.343780,2.58,gru,0.001877,0.054682,0.035711
2026-04-03T21:26:56.0131541Z,-0.103390,0.680427,0.377622,-0.027941,0.643362,0.365887,5.18,gru,0.075449,0.037065,0.011734
2026-04-03T21:26:56.0488919Z,-0.103378,0.685097,0.376549,-0.107941,0.692026,0.357887,5.71,gru,0.004563,0.006929,0.018662
2026-04-03T21:26:56.0846837Z,-0.059815,0.692491,0.391937,-0.034859,0.671479,0.381628,9.43,gru,0.024955,0.021012,0.010309
2026-04-03T21:26:56.1120400Z,-0.019691,0.698460,0.402882,0.044166,0.693460,0.393033,3.56,gru,0.063857,0.004999,0.009849
2026-04-03T21:26:56.1512828Z,-0.020216,0.702372,0.401393,-0.035835,0.696091,0.371873,9.47,gru,0.015618,0.006281,0.029520
2026-04-03T21:26:56.1933428Z,-0.019819,0.705332,0.401222,-0.052552,0.697116,0.379661,8.99,gru,0.032733,0.008216,0.021561
2026-04-03T21:26:56.2189517Z,-0.068797,0.710360,0.384086,-0.119793,0.704457,0.348399,8.18,gru,0.050996,0.005903,0.035687
2026-04-03T21:26:56.2389104Z,-0.067642,0.712217,0.383886,-0.039793,0.688198,0.367945,3.28,gru,0.027849,0.024019,0.015941
2026-04-03T21:26:56.2746002Z,-0.068089,0.714863,0.383425,-0.033562,0.716291,0.384561,7.24,gru,0.034527,0.001428,0.001136
2026-04-03T21:26:56.3127540Z,-0.020965,0.720328,0.399156,0.023233,0.727798,0.402803,5.52,gru,0.044198,0.007470,0.003647
2026-04-03T21:26:56.3456959Z,-0.020726,0.725125,0.398456,-0.046931,0.717802,0.375600,7.68,gru,0.026205,0.007323,0.022856
2026-04-03T21:26:56.3786608Z,-0.020739,0.731632,0.397805,-0.058059,0.735170,0.367961,6.36,gru,0.037320,0.003539,0.029843
2026-04-03T21:26:56.4083015Z,-0.021243,0.738423,0.397410,0.006862,0.724694,0.389452,3.04,gru,0.028104,0.013729,0.007958
2026-04-03T21:26:56.4384461Z,-0.042206,0.742430,0.391059,-0.066216,0.746029,0.376643,4.54,gru,0.024011,0.003599,0.014416
2026-04-03T21:26:56.4785447Z,-0.092801,0.747032,0.372997,-0.146216,0.741418,0.336482,6.01,gru,0.053415,0.005614,0.036515
2026-04-03T21:26:56.5220364Z,-0.056862,0.757445,0.386006,-0.066216,0.702387,0.379911,6.92,gru,0.009354,0.055058,0.006094
2026-04-03T21:26:56.5499128Z,-0.056569,0.762885,0.385703,-0.017850,0.763071,0.396748,6.81,gru,0.038719,0.000186,0.011045
2026-04-03T21:26:56.5886168Z,-0.098317,0.766454,0.369058,-0.097850,0.748132,0.316748,4.83,gru,0.000467,0.018322,0.052310
2026-04-03T21:26:56.6291734Z,-0.102437,0.773982,0.367229,-0.122502,0.698998,0.334747,4.73,gru,0.020065,0.074985,0.032482
2026-04-03T21:26:56.6411330Z,-0.103618,0.782684,0.365347,-0.049061,0.767493,0.356010,4.94,gru,0.054557,0.015190,0.009337
2026-04-03T21:26:56.6773205Z,-0.072948,0.794601,0.376142,-0.053935,0.811848,0.388128,4.34,gru,0.019013,0.017247,0.011985
2026-04-03T21:26:56.7104129Z,-0.070273,0.803036,0.375713,-0.112215,0.771961,0.358717,4.00,gru,0.041941,0.031075,0.016996
2026-04-03T21:26:56.7392775Z,-0.073597,0.812732,0.373546,-0.102197,0.789604,0.346565,4.00,gru,0.028601,0.023128,0.026980
2026-04-03T21:26:56.7772285Z,-0.084192,0.819656,0.368895,-0.060292,0.801137,0.359957,7.30,gru,0.023900,0.018519,0.008937
2026-04-03T21:26:56.8115356Z,-0.095165,0.828552,0.363148,-0.098845,0.826247,0.354799,3.17,gru,0.003681,0.002306,0.008350
2026-04-03T21:26:56.8470999Z,-0.101476,0.838033,0.358309,-0.114553,0.832723,0.344761,3.02,gru,0.013077,0.005311,0.013548
2026-04-03T21:26:56.8769530Z,-0.106412,0.848968,0.354571,-0.098105,0.843064,0.344539,4.20,gru,0.008307,0.005903,0.010032
2026-04-03T21:26:56.9093153Z,-0.097739,0.862627,0.354345,-0.068285,0.872190,0.355068,4.21,gru,0.029454,0.009563,0.000723
2026-04-03T21:26:56.9403076Z,-0.108730,0.871084,0.347723,-0.129288,0.868966,0.334303,5.40,gru,0.020557,0.002117,0.013420
2026-04-03T21:26:56.9733378Z,-0.114368,0.879708,0.342712,-0.128667,0.875682,0.330132,3.01,gru,0.014299,0.004026,0.012579
2026-04-03T21:26:57.0141355Z,-0.107950,0.893004,0.341777,-0.071906,0.891180,0.341924,6.03,gru,0.036044,0.001823,0.000147
2026-04-03T21:26:57.0460849Z,-0.110332,0.902284,0.337389,-0.102384,0.906971,0.334004,4.06,gru,0.007949,0.004687,0.003385
2026-04-03T21:26:57.0890876Z,-0.112303,0.909414,0.334075,-0.124342,0.905456,0.327238,7.01,gru,0.012038,0.003957,0.006837
2026-04-03T21:26:57.1131320Z,-0.116885,0.920573,0.330412,-0.121956,0.915917,0.326281,5.69,gru,0.005071,0.004657,0.004130
2026-04-03T21:26:57.1517169Z,-0.119447,0.925572,0.327076,-0.110108,0.929787,0.322670,6.46,gru,0.009339,0.004215,0.004407
2026-04-03T21:26:57.1704818Z,-0.122194,0.933438,0.323571,-0.120465,0.936929,0.319639,4.74,gru,0.001730,0.003491,0.003933
2026-04-03T21:26:57.2059965Z,-0.141732,0.931501,0.316047,-0.176142,0.927603,0.301115,5.03,gru,0.034410,0.003898,0.014932
2026-04-03T21:26:57.2442605Z,-0.131570,0.944562,0.316202,-0.106229,0.947645,0.316144,5.54,gru,0.025341,0.003083,0.000058
2026-04-03T21:26:57.2704124Z,-0.132663,0.949371,0.313172,-0.116984,0.958822,0.312572,4.73,gru,0.015679,0.009451,0.000600
2026-04-03T21:26:57.3115309Z,-0.158687,0.944596,0.303960,-0.196984,0.937595,0.281405,6.67,gru,0.038297,0.007001,0.022555
2026-04-03T21:26:57.3459024Z,-0.140767,0.962566,0.304331,-0.116984,0.955221,0.302259,5.27,gru,0.023783,0.007345,0.002072
2026-04-03T21:26:57.3751032Z,-0.145502,0.965772,0.300299,-0.119224,0.982400,0.300183,3.51,gru,0.026278,0.016629,0.000116
2026-04-03T21:26:57.4078251Z,-0.145672,0.972709,0.296635,-0.174635,0.971599,0.285473,4.88,gru,0.028963,0.001110,0.011162
2026-04-03T21:26:57.4438936Z,-0.150277,0.979248,0.291390,-0.158597,0.967377,0.281721,4.54,gru,0.008320,0.011871,0.009668
2026-04-03T21:26:57.4771635Z,-0.183529,0.969868,0.279729,-0.221046,0.961869,0.259702,5.07,gru,0.037517,0.008000,0.020027
2026-04-03T21:26:57.5132687Z,-0.185488,0.976962,0.275023,-0.172306,0.978051,0.271189,6.06,gru,0.013182,0.001089,0.003834
2026-04-03T21:26:57.5472229Z,-0.192210,0.981086,0.269691,-0.178876,0.988416,0.267805,4.61,gru,0.013334,0.007330,0.001886
2026-04-03T21:26:57.5817564Z,-0.197188,0.986008,0.263639,-0.216147,0.986642,0.250943,5.33,gru,0.018959,0.000634,0.012695
2026-04-03T21:26:57.6137696Z,-0.202580,0.991517,0.258532,-0.204067,0.984384,0.250235,4.44,gru,0.001486,0.007133,0.008298
2026-04-03T21:26:57.6407168Z,-0.204375,0.998000,0.254675,-0.194691,1.005298,0.250958,4.32,gru,0.009684,0.007299,0.003717
2026-04-03T21:26:57.6702621Z,-0.222266,0.995308,0.246508,-0.242244,0.994631,0.234606,4.04,gru,0.019978,0.000677,0.011901
2026-04-03T21:26:57.7046281Z,-0.224126,1.002918,0.241793,-0.221105,1.005210,0.234103,3.88,gru,0.003021,0.002292,0.007690
2026-04-03T21:26:57.7416911Z,-0.223413,1.010756,0.237119,-0.200830,1.019737,0.233551,3.73,gru,0.022582,0.008980,0.003568
2026-04-03T21:26:57.7727751Z,-0.214958,1.027097,0.233863,-0.197400,1.051283,0.230912,5.27,gru,0.017557,0.024186,0.002951
2026-04-03T21:26:57.8057269Z,-0.217755,1.030920,0.229172,-0.225585,1.037274,0.221278,4.20,gru,0.007830,0.006354,0.007894
2026-04-03T21:26:57.8459710Z,-0.221861,1.036189,0.223119,-0.229917,1.038031,0.210863,3.81,gru,0.008056,0.001842,0.012256
2026-04-03T21:26:57.8786277Z,-0.223087,1.041661,0.218138,-0.210766,1.049206,0.211315,6.06,gru,0.012321,0.007546,0.006823
2026-04-03T21:26:57.9104032Z,-0.224079,1.048218,0.213105,-0.215136,1.059858,0.208254,3.28,gru,0.008943,0.011640,0.004851
2026-04-03T21:26:57.9449868Z,-0.228106,1.052845,0.206935,-0.232224,1.058632,0.197178,6.40,gru,0.004118,0.005787,0.009757
2026-04-03T21:26:57.9703896Z,-0.230794,1.056255,0.201094,-0.227019,1.055103,0.192007,4.22,gru,0.003775,0.001152,0.009087
2026-04-03T21:26:58.0084555Z,-0.234370,1.062949,0.195411,-0.227721,1.075189,0.188025,4.83,gru,0.006649,0.012240,0.007386
2026-04-03T21:26:58.0407012Z,-0.236110,1.067237,0.189526,-0.229921,1.077764,0.181533,3.78,gru,0.006189,0.010527,0.007993
2026-04-03T21:26:58.1002102Z,-0.242207,1.071362,0.182306,-0.241742,1.075196,0.172133,5.93,gru,0.000465,0.003833,0.010173
2026-04-03T21:26:58.1304254Z,-0.245004,1.074762,0.175039,-0.239241,1.081837,0.164448,5.09,gru,0.005762,0.007075,0.010591
2026-04-03T21:26:58.1696825Z,-0.247311,1.079475,0.168961,-0.236725,1.089804,0.161856,6.22,gru,0.010587,0.010329,0.007105
2026-04-03T21:26:58.1970517Z,-0.251051,1.081008,0.162863,-0.247583,1.090105,0.155155,7.55,gru,0.003468,0.009097,0.007709
2026-04-03T21:26:58.2229093Z,-0.254660,1.084986,0.156424,-0.250350,1.095146,0.146822,8.62,gru,0.004310,0.010160,0.009602
2026-04-03T21:26:58.2502927Z,-0.259003,1.087921,0.150273,-0.251835,1.099931,0.141056,6.85,gru,0.007168,0.012010,0.009217
2026-04-03T21:26:58.2784912Z,-0.261344,1.089711,0.146163,-0.249952,1.096734,0.140827,4.34,gru,0.011392,0.007023,0.005336
2026-04-03T21:26:58.3091974Z,-0.263909,1.090683,0.141966,-0.253763,1.095755,0.136320,6.71,gru,0.010145,0.005072,0.005646
2026-04-03T21:26:58.3448975Z,-0.265561,1.095241,0.137335,-0.256354,1.105521,0.129830,5.03,gru,0.009207,0.010280,0.007505
2026-04-03T21:26:58.3775217Z,-0.267300,1.096139,0.132820,-0.255388,1.103451,0.125762,6.90,gru,0.011912,0.007312,0.007058
2026-04-03T21:26:58.4115481Z,-0.266515,1.096710,0.130210,-0.250139,1.099323,0.126435,5.57,gru,0.016376,0.002612,0.003775
2026-04-03T21:26:58.4485513Z,-0.266200,1.098403,0.128837,-0.252031,1.104251,0.127012,5.27,gru,0.014169,0.005848,0.001825
2026-04-03T21:26:58.4824397Z,-0.264597,1.098359,0.125984,-0.248604,1.102571,0.120766,7.69,gru,0.015993,0.004212,0.005218
2026-04-03T21:26:58.5050308Z,-0.262317,1.098880,0.124741,-0.243762,1.101224,0.121191,3.73,gru,0.018556,0.002345,0.003550
2026-04-03T21:26:58.5446651Z,-0.259647,1.096004,0.124081,-0.240602,1.095115,0.122988,5.76,gru,0.019044,0.000889,0.001092
2026-04-03T21:26:58.5727990Z,-0.254077,1.094808,0.123073,-0.231734,1.093635,0.120516,4.25,gru,0.022343,0.001173,0.002557
2026-04-03T21:26:58.6078941Z,-0.250100,1.094044,0.123582,-0.230437,1.096224,0.123093,3.99,gru,0.019664,0.002181,0.000489
2026-04-03T21:26:58.6449215Z,-0.243192,1.089379,0.123578,-0.219483,1.084733,0.122732,3.50,gru,0.023709,0.004646,0.000846
2026-04-03T21:26:58.6799264Z,-0.240308,1.083260,0.124246,-0.220729,1.075887,0.123633,4.00,gru,0.019580,0.007373,0.000613
2026-04-03T21:26:58.7140860Z,-0.233877,1.079432,0.123084,-0.212478,1.076550,0.121062,4.31,gru,0.021399,0.002882,0.002022
2026-04-03T21:26:58.7476774Z,-0.231827,1.070160,0.123197,-0.212250,1.061394,0.122234,5.41,gru,0.019576,0.008766,0.000963
2026-04-03T21:26:58.7768085Z,-0.225715,1.067266,0.120879,-0.204151,1.062813,0.118640,5.89,gru,0.021564,0.004453,0.002239
2026-04-03T21:26:58.8118948Z,-0.203365,1.070120,0.121767,-0.159902,1.070878,0.122916,5.14,gru,0.043462,0.000757,0.001148
2026-04-03T21:26:58.8454026Z,-0.184387,1.070964,0.120934,-0.151192,1.073863,0.121915,4.50,gru,0.033196,0.002900,0.000981
2026-04-03T21:26:58.8710636Z,-0.169426,1.068470,0.120589,-0.155834,1.065015,0.118928,5.04,gru,0.013592,0.003455,0.001661
2026-04-03T21:26:58.9050886Z,-0.160594,1.064616,0.118333,-0.147898,1.056905,0.115619,4.70,gru,0.012696,0.007711,0.002714
2026-04-03T21:26:58.9454391Z,-0.149327,1.062130,0.117947,-0.127335,1.059169,0.118012,6.91,gru,0.021991,0.002961,0.000065
2026-04-03T21:26:58.9839630Z,-0.137468,1.056435,0.117149,-0.113536,1.050567,0.118309,5.69,gru,0.023932,0.005868,0.001160
2026-04-03T21:26:59.0139603Z,-0.129627,1.052160,0.115859,-0.119009,1.046994,0.114124,4.16,gru,0.010618,0.005166,0.001735
2026-04-03T21:26:59.0473324Z,-0.109729,1.051409,0.115620,-0.083231,1.047486,0.115780,5.53,gru,0.026497,0.003923,0.000160
2026-04-03T21:26:59.0763776Z,-0.106260,1.044893,0.114299,-0.097829,1.040313,0.113867,5.16,gru,0.008431,0.004580,0.000432
2026-04-03T21:26:59.1078061Z,-0.100918,1.037589,0.114112,-0.099046,1.029963,0.114555,4.49,gru,0.001872,0.007626,0.000443
2026-04-03T21:26:59.1451893Z,-0.090456,1.031445,0.113666,-0.070534,1.019842,0.114059,7.04,gru,0.019923,0.011603,0.000393
2026-04-03T21:26:59.1737558Z,-0.063419,1.035508,0.111629,-0.024590,1.047267,0.110713,4.11,gru,0.038830,0.011758,0.000916
2026-04-03T21:26:59.2180337Z,-0.055463,1.030863,0.110966,-0.054611,1.031507,0.112092,6.50,gru,0.000852,0.000644,0.001126
2026-04-03T21:26:59.2473066Z,-0.047933,1.024802,0.110936,-0.055030,1.016366,0.113210,4.51,gru,0.007097,0.008437,0.002273
2026-04-03T21:26:59.2775006Z,-0.045025,1.017472,0.109268,-0.038035,1.005313,0.107758,5.36,gru,0.006990,0.012158,0.001510
2026-04-03T21:26:59.3078200Z,-0.039210,1.010243,0.108028,-0.026490,1.009036,0.106692,4.50,gru,0.012720,0.001207,0.001336
2026-04-03T21:26:59.3503226Z,-0.030996,1.004403,0.106026,-0.020269,0.999373,0.105191,6.04,gru,0.010727,0.005030,0.000835
2026-04-03T21:26:59.3780763Z,-0.031312,0.994197,0.105405,-0.037411,0.982786,0.106263,8.25,gru,0.006099,0.011411,0.000858
2026-04-03T21:26:59.4129656Z,-0.027967,0.986637,0.102818,-0.027517,0.974909,0.100902,7.24,gru,0.000450,0.011728,0.001916
2026-04-03T21:26:59.4484705Z,-0.030767,0.975338,0.102686,-0.029522,0.965524,0.102738,4.03,gru,0.001245,0.009814,0.000052
2026-04-03T21:26:59.4836175Z,-0.029553,0.965899,0.100934,-0.029006,0.958647,0.100183,7.57,gru,0.000547,0.007252,0.000751
2026-04-03T21:26:59.5165998Z,-0.024436,0.959045,0.099410,-0.016963,0.952559,0.096648,6.36,gru,0.007473,0.006485,0.002762
2026-04-03T21:26:59.5473513Z,-0.013155,0.953506,0.096685,-0.000552,0.950905,0.093426,4.66,gru,0.012603,0.002601,0.003259
2026-04-03T21:26:59.5783501Z,-0.012268,0.948237,0.093820,-0.016074,0.947084,0.090288,3.62,gru,0.003806,0.001153,0.003532
2026-04-03T21:26:59.6115664Z,-0.002801,0.942989,0.090945,0.001886,0.938457,0.088061,4.72,gru,0.004687,0.004532,0.002884
2026-04-03T21:26:59.6473257Z,-0.002509,0.934115,0.089253,-0.000068,0.929060,0.087590,6.24,gru,0.002440,0.005055,0.001663
2026-04-03T21:26:59.6812193Z,0.050558,0.946330,0.080926,0.079932,0.965200,0.075449,5.99,gru,0.029373,0.018870,0.005477
2026-04-03T21:26:59.7239659Z,0.052214,0.939462,0.078818,0.042908,0.940436,0.079655,5.26,gru,0.009306,0.000974,0.000838
2026-04-03T21:26:59.7442125Z,0.054129,0.933748,0.077340,0.016554,0.927065,0.086029,4.33,gru,0.037574,0.006683,0.008689
2026-04-03T21:26:59.7737539Z,0.089887,0.939251,0.070800,0.096225,0.926081,0.070768,4.74,gru,0.006338,0.013170,0.000031
2026-04-03T21:26:59.8123588Z,0.093168,0.933485,0.068844,0.099615,0.937527,0.067302,3.89,gru,0.006447,0.004043,0.001542
2026-04-03T21:26:59.8429981Z,0.094100,0.928123,0.065820,0.063713,0.921487,0.069260,4.65,gru,0.030387,0.006636,0.003440
2026-04-03T21:26:59.8775811Z,0.092122,0.922378,0.064737,0.077103,0.902506,0.065746,4.68,gru,0.015019,0.019872,0.001008
2026-04-03T21:26:59.9164024Z,0.092064,0.918232,0.063173,0.091735,0.910287,0.061905,4.50,gru,0.000329,0.007945,0.001268
2026-04-03T21:26:59.9461776Z,0.091355,0.913246,0.062697,0.090507,0.910045,0.061220,3.53,gru,0.000848,0.003201,0.001477
2026-04-03T21:26:59.9747845Z,0.095539,0.910268,0.060562,0.092582,0.905555,0.057711,5.52,gru,0.002957,0.004714,0.002851
2026-04-03T21:27:00.0082222Z,0.094494,0.907282,0.059784,0.088595,0.904729,0.057415,4.99,gru,0.005899,0.002553,0.002368
2026-04-03T21:27:00.0461500Z,0.098073,0.904925,0.057937,0.101011,0.903429,0.055274,4.80,gru,0.002938,0.001496,0.002662
2026-04-03T21:27:00.0825172Z,0.098353,0.903763,0.056847,0.100303,0.905862,0.054433,4.08,gru,0.001951,0.002099,0.002414
2026-04-03T21:27:00.1157062Z,0.099479,0.901054,0.056409,0.098509,0.903187,0.055894,4.49,gru,0.000971,0.002134,0.000515
2026-04-03T21:27:00.1519083Z,0.099609,0.898155,0.056792,0.101473,0.899607,0.056131,5.51,gru,0.001864,0.001453,0.000661
2026-04-03T21:27:00.1845399Z,0.103250,0.896704,0.057398,0.108061,0.901872,0.056585,6.17,gru,0.004810,0.005168,0.000813
2026-04-03T21:27:00.2150816Z,0.098479,0.892338,0.059319,0.093401,0.892850,0.060858,3.59,gru,0.005078,0.000512,0.001539
2026-04-03T21:27:00.2480700Z,0.103248,0.889666,0.061951,0.106672,0.888180,0.064161,3.79,gru,0.003423,0.001486,0.002210
2026-04-03T21:27:00.2787561Z,0.104044,0.884477,0.064838,0.106621,0.888180,0.066198,6.70,gru,0.002577,0.003703,0.001360
2026-04-03T21:27:00.3126203Z,0.103500,0.879499,0.069348,0.098370,0.878902,0.073149,4.41,gru,0.005130,0.000597,0.003802
2026-04-03T21:27:00.3492907Z,0.108122,0.876253,0.074487,0.111326,0.874570,0.079013,5.97,gru,0.003204,0.001683,0.004526
2026-04-03T21:27:00.3824962Z,0.108618,0.870517,0.081212,0.108793,0.872851,0.086845,4.49,gru,0.000176,0.002334,0.005633
2026-04-03T21:27:00.4100156Z,0.101643,0.860873,0.087948,0.089171,0.859451,0.093647,4.98,gru,0.012472,0.001422,0.005699
2026-04-03T21:27:00.4440444Z,0.117670,0.856506,0.095344,0.135681,0.853720,0.099727,7.53,gru,0.018011,0.002786,0.004383
2026-04-03T21:27:00.4776428Z,0.121224,0.847555,0.104793,0.130304,0.849790,0.113011,6.46,gru,0.009080,0.002235,0.008218
2026-04-03T21:27:00.5092756Z,0.121892,0.838273,0.114894,0.107218,0.838705,0.124985,5.46,gru,0.014673,0.000432,0.010092
2026-04-03T21:27:00.5428767Z,0.125502,0.828365,0.126439,0.127021,0.821285,0.136077,5.70,gru,0.001519,0.007080,0.009638
2026-04-03T21:27:00.5749251Z,0.124266,0.818655,0.137207,0.125752,0.818072,0.145340,3.80,gru,0.001487,0.000582,0.008134
2026-04-03T21:27:00.6114548Z,0.117822,0.806515,0.149260,0.106911,0.805798,0.159982,6.62,gru,0.010911,0.000716,0.010723
2026-04-03T21:27:00.6472056Z,0.121076,0.798677,0.160994,0.126080,0.796095,0.171777,5.65,gru,0.005004,0.002583,0.010783
2026-04-03T21:27:00.6802774Z,0.116283,0.786965,0.173602,0.113966,0.785583,0.184515,4.77,gru,0.002317,0.001382,0.010913
2026-04-03T21:27:00.7184514Z,0.057603,0.770262,0.180186,0.033966,0.777549,0.185278,5.83,gru,0.023637,0.007287,0.005092
2026-04-03T21:27:00.7423434Z,0.056182,0.759567,0.192768,0.054852,0.735539,0.203413,4.46,gru,0.001330,0.024029,0.010645
2026-04-03T21:27:00.7806573Z,0.050805,0.749171,0.202985,0.089401,0.744071,0.212962,3.74,gru,0.038596,0.005100,0.009977
2026-04-03T21:27:00.8116621Z,0.054314,0.735944,0.214778,0.039844,0.742246,0.224486,6.57,gru,0.014470,0.006301,0.009708
2026-04-03T21:27:00.8467052Z,0.062615,0.727112,0.226536,0.057880,0.720243,0.236647,5.51,gru,0.004735,0.006869,0.010111
2026-04-03T21:27:00.8784262Z,0.062477,0.716152,0.237548,0.058329,0.718187,0.244092,4.35,gru,0.004148,0.002034,0.006544
2026-04-03T21:27:00.9099944Z,0.061475,0.707128,0.247508,0.061895,0.714892,0.254346,4.61,gru,0.000420,0.007764,0.006839
2026-04-03T21:27:00.9465185Z,0.063527,0.696879,0.256642,0.068022,0.702614,0.264035,3.64,gru,0.004494,0.005735,0.007393
2026-04-03T21:27:00.9847418Z,0.062767,0.685491,0.264714,0.058306,0.686711,0.270385,6.52,gru,0.004461,0.001220,0.005670
2026-04-03T21:27:01.0128067Z,0.066691,0.674784,0.274155,0.071597,0.675854,0.281771,5.02,gru,0.004906,0.001070,0.007616
2026-04-03T21:27:01.0426241Z,0.053888,0.664120,0.277955,0.032685,0.673141,0.277073,4.01,gru,0.021204,0.009021,0.000882
2026-04-03T21:27:01.0790442Z,0.047883,0.652730,0.282745,0.036319,0.657517,0.282221,4.05,gru,0.011564,0.004787,0.000524
2026-04-03T21:27:01.1130924Z,0.045086,0.642168,0.287734,0.053604,0.643020,0.291652,4.74,gru,0.008519,0.000852,0.003918
2026-04-03T21:27:01.1464311Z,0.043643,0.629807,0.294016,0.042784,0.631760,0.298619,3.67,gru,0.000859,0.001953,0.004603
2026-04-03T21:27:01.1778253Z,0.047565,0.616779,0.301681,0.046865,0.612728,0.305776,5.45,gru,0.000700,0.004051,0.004095
2026-04-03T21:27:01.2193378Z,0.042554,0.606220,0.305414,0.028799,0.609425,0.301418,6.44,gru,0.013755,0.003205,0.003995
2026-04-03T21:27:01.2469529Z,0.044969,0.593810,0.309034,0.047928,0.593306,0.306306,5.67,gru,0.002959,0.000505,0.002728
2026-04-03T21:27:01.2750701Z,0.046043,0.578284,0.315206,0.055534,0.571890,0.320107,5.13,gru,0.009491,0.006394,0.004901
2026-04-03T21:27:01.3087156Z,0.042722,0.565354,0.320098,0.032125,0.556831,0.322250,7.07,gru,0.010597,0.008522,0.002152
2026-04-03T21:27:01.3454390Z,0.047277,0.551740,0.326413,0.050527,0.549574,0.326224,6.59,gru,0.003249,0.002166,0.000189
2026-04-03T21:27:01.3776943Z,0.037705,0.538083,0.330431,0.023480,0.539597,0.328788,7.17,gru,0.014224,0.001513,0.001643
2026-04-03T21:27:01.4093662Z,0.033175,0.527779,0.332595,0.020182,0.532621,0.328010,5.96,gru,0.012993,0.004842,0.004585
2026-04-03T21:27:01.4453011Z,0.033226,0.514051,0.336224,0.040971,0.511761,0.335859,3.50,gru,0.007746,0.002290,0.000365
2026-04-03T21:27:01.4787797Z,0.039511,0.499566,0.340885,0.050051,0.500747,0.342439,5.60,gru,0.010541,0.001181,0.001554
2026-04-03T21:27:01.5111608Z,0.043361,0.485622,0.344237,0.040016,0.489061,0.341488,4.06,gru,0.003345,0.003439,0.002749
2026-04-03T21:27:01.5558404Z,0.044247,0.472602,0.347133,0.034558,0.476763,0.342871,7.03,gru,0.009690,0.004161,0.004262
2026-04-03T21:27:01.5807633Z,0.044030,0.460378,0.348483,0.042328,0.461430,0.344315,7.70,gru,0.001701,0.001052,0.004168
2026-04-03T21:27:01.6067885Z,0.042584,0.448000,0.350352,0.043133,0.449391,0.348553,5.80,gru,0.000549,0.001391,0.001800
2026-04-03T21:27:01.6390194Z,0.037589,0.437647,0.349943,0.029087,0.438958,0.346578,7.00,gru,0.008502,0.001311,0.003366
2026-04-03T21:27:01.6842217Z,0.022891,0.431662,0.347195,0.000839,0.439423,0.338739,7.22,gru,0.022053,0.007761,0.008456
2026-04-03T21:27:01.7228276Z,0.023024,0.419851,0.347132,0.033565,0.415377,0.345176,10.73,gru,0.010541,0.004474,0.001956
2026-04-03T21:27:01.7553274Z,0.020550,0.409551,0.346809,0.029828,0.411034,0.347133,5.85,gru,0.009278,0.001483,0.000325
2026-04-03T21:27:01.7887885Z,0.021000,0.399342,0.346741,0.013700,0.410307,0.343515,6.61,gru,0.007301,0.010966,0.003226
2026-04-03T21:27:01.8180113Z,0.025275,0.385341,0.347567,0.030203,0.386790,0.345991,4.72,gru,0.004928,0.001449,0.001575
2026-04-03T21:27:01.8544596Z,0.025539,0.375242,0.346884,0.026237,0.382265,0.343678,6.79,gru,0.000698,0.007023,0.003205
2026-04-03T21:27:01.8918466Z,0.024624,0.364880,0.346180,0.020754,0.376519,0.343401,8.24,gru,0.003870,0.011639,0.002779
2026-04-03T21:27:01.9230594Z,0.024160,0.353898,0.344826,0.024423,0.359944,0.342531,8.50,gru,0.000263,0.006046,0.002295
2026-04-03T21:27:01.9560264Z,0.027966,0.341066,0.344122,0.035767,0.343180,0.342469,8.98,gru,0.007800,0.002114,0.001653
2026-04-03T21:27:01.9922387Z,0.028546,0.329402,0.342484,0.029869,0.336463,0.341007,9.22,gru,0.001323,0.007062,0.001477
2026-04-03T21:27:02.0384062Z,0.027362,0.320156,0.339010,0.021083,0.332152,0.334276,10.96,gru,0.006279,0.011997,0.004734
2026-04-03T21:27:02.0517650Z,0.026778,0.310189,0.336152,0.026815,0.317713,0.333611,6.06,gru,0.000037,0.007523,0.002541
2026-04-03T21:27:02.0766206Z,0.026552,0.300477,0.333420,0.029298,0.306277,0.332879,3.15,gru,0.002746,0.005801,0.000540
2026-04-03T21:27:02.1103229Z,0.022322,0.291727,0.329536,0.015535,0.300959,0.326810,5.83,gru,0.006786,0.009231,0.002726
2026-04-03T21:27:02.1664914Z,0.060899,0.259278,0.331989,0.095535,0.245387,0.333343,8.81,gru,0.034636,0.013891,0.001355
2026-04-03T21:27:02.2027526Z,0.058896,0.240504,0.321283,0.049358,0.270549,0.320435,6.62,gru,0.009538,0.030045,0.000848
2026-04-03T21:27:02.2469351Z,0.057220,0.232045,0.316488,0.061706,0.223398,0.311281,5.51,gru,0.004487,0.008647,0.005208
2026-04-03T21:27:02.2789051Z,0.055845,0.223055,0.311781,0.062968,0.213750,0.309211,4.98,gru,0.007123,0.009305,0.002570
2026-04-03T21:27:02.3134041Z,0.054401,0.215513,0.306700,0.044221,0.220953,0.302440,3.91,gru,0.010179,0.005440,0.004260
2026-04-03T21:27:02.3445898Z,0.051267,0.208222,0.301055,0.037804,0.214902,0.296109,4.59,gru,0.013463,0.006680,0.004947
2026-04-03T21:27:02.3819818Z,0.050248,0.200099,0.295487,0.048979,0.198244,0.292022,6.89,gru,0.001269,0.001855,0.003466
2026-04-03T21:27:02.4082323Z,0.047979,0.193648,0.290766,0.047482,0.192159,0.289878,3.57,gru,0.000498,0.001489,0.000888
2026-04-03T21:27:02.4433895Z,0.045939,0.186063,0.285948,0.039064,0.190118,0.284879,8.29,gru,0.006874,0.004055,0.001069
2026-04-03T21:27:02.4789371Z,0.046652,0.177227,0.280752,0.044887,0.176717,0.278629,4.95,gru,0.001765,0.000510,0.002123
2026-04-03T21:27:02.5090942Z,0.045335,0.170106,0.276598,0.042627,0.171614,0.275895,5.07,gru,0.002708,0.001508,0.000703
2026-04-03T21:27:02.5442801Z,0.044180,0.163236,0.272856,0.039965,0.165788,0.273690,3.50,gru,0.004215,0.002552,0.000835
2026-04-03T21:27:02.5792676Z,0.042685,0.156114,0.270578,0.039523,0.156747,0.272637,7.07,gru,0.003161,0.000633,0.002059
2026-04-03T21:27:02.6163071Z,0.039991,0.151671,0.267803,0.035620,0.153917,0.268230,8.02,gru,0.004371,0.002246,0.000428
2026-04-03T21:27:02.6553840Z,0.036557,0.145423,0.266182,0.031064,0.147987,0.266946,8.83,gru,0.005493,0.002564,0.000764
2026-04-03T21:27:02.6858607Z,0.034381,0.139389,0.263670,0.031874,0.141900,0.263568,10.18,gru,0.002507,0.002510,0.000101
2026-04-03T21:27:02.7272717Z,0.031283,0.133895,0.261618,0.026543,0.142324,0.260939,11.03,gru,0.004740,0.008429,0.000678
2026-04-03T21:27:02.7579193Z,0.030057,0.126723,0.258826,0.026648,0.134238,0.257259,12.00,gru,0.003409,0.007515,0.001567
2026-04-03T21:27:02.7853302Z,0.027286,0.121089,0.256514,0.023835,0.124738,0.256023,5.06,gru,0.003451,0.003649,0.000491
2026-04-03T21:27:02.8139079Z,0.025801,0.115277,0.253835,0.022891,0.119291,0.253127,5.26,gru,0.002910,0.004013,0.000708
2026-04-03T21:27:02.8505571Z,0.023315,0.110216,0.251407,0.020823,0.113486,0.250338,3.35,gru,0.002492,0.003270,0.001068
2026-04-03T21:27:02.8827238Z,0.021763,0.105095,0.248345,0.019740,0.108038,0.246445,4.16,gru,0.002023,0.002943,0.001900
2026-04-03T21:27:02.9195144Z,0.019616,0.099624,0.245596,0.017762,0.101907,0.243908,7.41,gru,0.001855,0.002283,0.001687
2026-04-03T21:27:02.9629127Z,0.016144,0.093106,0.242486,0.012779,0.095802,0.240679,7.49,gru,0.003365,0.002696,0.001807
2026-04-03T21:27:02.9825529Z,0.011561,0.087106,0.238580,0.007431,0.090739,0.235102,5.25,gru,0.004130,0.003633,0.003478
2026-04-03T21:27:03.0185227Z,0.008147,0.078437,0.232917,0.006957,0.079110,0.227213,8.31,gru,0.001190,0.000673,0.005704
2026-04-03T21:27:03.0597072Z,0.002872,0.070887,0.227489,-0.000058,0.074876,0.222456,7.17,gru,0.002931,0.003988,0.005032
2026-04-03T21:27:03.0776512Z,-0.002360,0.062858,0.221424,-0.006020,0.068821,0.216565,3.85,gru,0.003661,0.005962,0.004859
2026-04-03T21:27:03.1126227Z,-0.007675,0.055444,0.214509,-0.009673,0.060072,0.207819,5.06,gru,0.001998,0.004628,0.006690
2026-04-03T21:27:03.1509958Z,-0.013491,0.047598,0.206010,-0.015007,0.052044,0.197193,7.35,gru,0.001516,0.004447,0.008817
2026-04-03T21:27:03.1804180Z,-0.019729,0.040462,0.196850,-0.021423,0.046226,0.187766,6.57,gru,0.001693,0.005764,0.009084
2026-04-03T21:27:03.2134733Z,-0.022173,0.028509,0.184842,-0.019145,0.029177,0.173514,6.91,gru,0.003029,0.000668,0.011328
2026-04-03T21:27:03.2383599Z,-0.027388,0.022233,0.175018,-0.027152,0.031816,0.165830,4.33,gru,0.000236,0.009583,0.009188
2026-04-03T21:27:03.2735751Z,-0.032352,0.016647,0.164558,-0.033121,0.030747,0.155807,5.06,gru,0.000769,0.014100,0.008750
2026-04-03T21:27:03.3073490Z,-0.036546,0.010963,0.155833,-0.034149,0.020266,0.147061,4.45,gru,0.002397,0.009303,0.008771
2026-04-03T21:27:03.3463327Z,-0.041109,0.007579,0.147306,-0.038344,0.018629,0.138497,6.51,gru,0.002766,0.011050,0.008809
2026-04-03T21:27:03.3790475Z,-0.044728,0.004809,0.138555,-0.040806,0.017498,0.128384,7.29,gru,0.003923,0.012690,0.010171
2026-04-03T21:27:03.4101583Z,-0.047931,0.001974,0.130582,-0.041972,0.014681,0.121193,4.02,gru,0.005959,0.012706,0.009389
2026-04-03T21:27:03.4386240Z,-0.050563,-0.000361,0.121802,-0.042136,0.012076,0.111218,4.03,gru,0.008427,0.012436,0.010584
2026-04-03T21:27:03.4763377Z,-0.053305,-0.003131,0.114702,-0.042150,0.009497,0.104908,4.78,gru,0.011155,0.012629,0.009794
2026-04-03T21:27:03.5139210Z,-0.056021,-0.003932,0.106689,-0.041287,0.010238,0.096057,4.50,gru,0.014734,0.014171,0.010632
2026-04-03T21:27:03.5438721Z,-0.060001,-0.004883,0.100731,-0.040566,0.009350,0.091234,5.52,gru,0.019435,0.014233,0.009497
2026-04-03T21:27:03.5743928Z,-0.061805,-0.007165,0.093175,-0.034405,0.002753,0.082076,4.51,gru,0.027400,0.009918,0.011099
2026-04-03T21:27:03.6139633Z,-0.064225,-0.007996,0.087658,-0.028292,0.002007,0.077304,4.14,gru,0.035933,0.010004,0.010354
2026-04-03T21:27:03.6492473Z,-0.066077,-0.008327,0.082657,-0.021079,0.001944,0.074220,3.52,gru,0.044998,0.010272,0.008437
2026-04-03T21:27:03.6977108Z,-0.067556,-0.008189,0.077682,-0.010085,-0.000485,0.068665,9.61,gru,0.057471,0.007704,0.009017
2026-04-03T21:27:03.7249228Z,-0.068654,-0.008250,0.073300,0.001668,-0.002607,0.065024,9.66,gru,0.070321,0.005643,0.008276
2026-04-03T21:27:03.7526974Z,-0.069719,-0.008101,0.069338,0.013624,-0.003455,0.062297,7.48,gru,0.083342,0.004646,0.007040
2026-04-03T21:27:03.7796726Z,-0.070666,-0.006757,0.066164,0.027051,-0.001711,0.060760,5.24,gru,0.097717,0.005045,0.005404
2026-04-03T21:27:03.8142402Z,-0.070852,-0.006638,0.064026,0.041654,-0.002215,0.060547,6.55,gru,0.112506,0.004423,0.003479
2026-04-03T21:27:03.8635732Z,-0.070741,-0.005108,0.062986,0.052880,-0.000402,0.060902,9.18,gru,0.123622,0.004705,0.002084
2026-04-03T21:27:03.9132727Z,-0.068310,-0.004533,0.065944,0.063280,0.001516,0.066726,4.36,gru,0.131590,0.006050,0.000782
2026-04-03T21:27:03.9497648Z,-0.066272,-0.002906,0.068474,0.072694,0.004392,0.069350,5.52,gru,0.138966,0.007298,0.000876
2026-04-03T21:27:03.9882813Z,-0.063901,-0.004857,0.072363,0.079221,0.003974,0.073103,5.38,gru,0.143122,0.008831,0.000740
2026-04-03T21:27:04.0264116Z,-0.061635,-0.003083,0.075548,0.084974,0.007901,0.075694,9.82,gru,0.146610,0.010983,0.000145
2026-04-03T21:27:04.0642008Z,-0.059851,-0.001297,0.079992,0.088553,0.011944,0.080246,8.38,gru,0.148403,0.013241,0.000254
2026-04-03T21:27:04.0748436Z,-0.057683,0.000258,0.084565,0.090407,0.013199,0.084976,4.81,gru,0.148091,0.012942,0.000410
2026-04-03T21:27:04.1084827Z,-0.058927,0.003709,0.091684,0.089303,0.017549,0.092734,4.99,gru,0.148229,0.013841,0.001050
2026-04-03T21:27:04.1409299Z,-0.058115,0.006995,0.096421,0.088689,0.018641,0.095012,4.80,gru,0.146804,0.011646,0.001408
2026-04-03T21:27:04.1977117Z,-0.057486,0.009851,0.102903,0.086094,0.019124,0.100523,7.55,gru,0.143580,0.009273,0.002381
2026-04-03T21:27:04.2229382Z,-0.056503,0.012421,0.110884,0.081564,0.020888,0.109477,7.55,gru,0.138066,0.008467,0.001407
2026-04-03T21:27:04.2492336Z,-0.054950,0.017479,0.121983,0.075947,0.025534,0.120834,8.74,gru,0.130897,0.008055,0.001149
2026-04-03T21:27:04.2729602Z,-0.051160,0.020945,0.134055,0.069905,0.026161,0.131188,3.50,gru,0.121065,0.005216,0.002866
2026-04-03T21:27:04.3083794Z,-0.047484,0.025155,0.147431,0.062160,0.028358,0.142554,6.26,gru,0.109644,0.003203,0.004877
2026-04-03T21:27:04.3428182Z,-0.042795,0.032135,0.163032,0.053854,0.037077,0.158776,4.53,gru,0.096650,0.004942,0.004256
2026-04-03T21:27:04.3748246Z,-0.038923,0.039429,0.179399,0.044238,0.043589,0.175007,6.09,gru,0.083161,0.004160,0.004392
2026-04-03T21:27:04.4091393Z,-0.034778,0.044734,0.194970,0.035659,0.045422,0.187810,3.49,gru,0.070436,0.000689,0.007160
2026-04-03T21:27:04.4457242Z,-0.030950,0.052972,0.210387,0.027602,0.054896,0.202537,5.66,gru,0.058552,0.001925,0.007850
2026-04-03T21:27:04.4774359Z,-0.025405,0.059679,0.225935,0.024626,0.061973,0.219667,6.38,gru,0.050031,0.002294,0.006268
2026-04-03T21:27:04.5118643Z,-0.019867,0.070527,0.241524,0.022231,0.075229,0.236820,4.05,gru,0.042098,0.004702,0.004705
2026-04-03T21:27:04.5456113Z,-0.014000,0.078912,0.256751,0.020990,0.082666,0.252133,3.51,gru,0.034990,0.003754,0.004618
2026-04-03T21:27:04.5775113Z,-0.007128,0.087399,0.270914,0.024145,0.088876,0.265905,5.17,gru,0.031273,0.001476,0.005009
2026-04-03T21:27:04.6037868Z,-0.000830,0.097338,0.285244,0.024897,0.102596,0.282889,2.47,gru,0.025726,0.005258,0.002354
2026-04-03T21:27:04.6413359Z,0.003193,0.106787,0.300519,0.022331,0.113706,0.302202,4.03,gru,0.019138,0.006919,0.001683
2026-04-03T21:27:04.6821701Z,0.006627,0.117713,0.313869,0.023466,0.123521,0.313628,4.12,gru,0.016839,0.005809,0.000241
2026-04-03T21:27:04.7295932Z,0.012808,0.125903,0.327218,0.032927,0.128909,0.327136,9.31,gru,0.020119,0.003006,0.000082
2026-04-03T21:27:04.7579022Z,0.015708,0.136459,0.338480,0.028459,0.144592,0.339060,5.92,gru,0.012751,0.008133,0.000580
2026-04-03T21:27:04.7871322Z,0.021804,0.148271,0.348680,0.035475,0.160008,0.349244,7.54,gru,0.013672,0.011737,0.000564
2026-04-03T21:27:04.8234421Z,0.023690,0.160715,0.357016,0.033002,0.172287,0.357008,5.78,gru,0.009312,0.011572,0.000008
2026-04-03T21:27:04.8591205Z,0.026607,0.172051,0.365881,0.033774,0.182361,0.367688,6.27,gru,0.007167,0.010311,0.001807
2026-04-03T21:27:04.9098231Z,0.031328,0.182342,0.374146,0.043761,0.191079,0.376741,9.25,gru,0.012433,0.008737,0.002594
2026-04-03T21:27:04.9463391Z,0.038775,0.204855,0.387548,0.053098,0.234498,0.397978,5.27,gru,0.014323,0.029643,0.010431
2026-04-03T21:27:04.9764189Z,0.038763,0.220224,0.393350,0.038165,0.240514,0.392177,4.93,gru,0.000597,0.020290,0.001173
2026-04-03T21:27:05.0200122Z,0.037071,0.237272,0.395741,0.032909,0.247710,0.386494,7.28,gru,0.004162,0.010438,0.009247
2026-04-03T21:27:05.0598194Z,0.046023,0.244005,0.405338,0.065433,0.251858,0.412134,4.25,gru,0.019410,0.007853,0.006796
2026-04-03T21:27:05.0761105Z,0.049553,0.255231,0.411379,0.058762,0.274834,0.416395,3.76,gru,0.009209,0.019604,0.005016
2026-04-03T21:27:05.1121426Z,0.051535,0.268914,0.416260,0.044976,0.295157,0.409434,6.18,gru,0.006559,0.026243,0.006826
2026-04-03T21:27:05.1651606Z,0.052698,0.285232,0.420148,0.054522,0.301716,0.415236,12.34,gru,0.001824,0.016485,0.004912
2026-04-03T21:27:05.1868858Z,0.054259,0.299524,0.423858,0.060829,0.313743,0.422069,5.87,gru,0.006570,0.014220,0.001789
2026-04-03T21:27:05.2156885Z,0.056367,0.313510,0.427214,0.060673,0.331918,0.424983,7.58,gru,0.004306,0.018408,0.002231
2026-04-03T21:27:05.2415743Z,0.057405,0.329357,0.429619,0.056754,0.352118,0.423801,3.66,gru,0.000651,0.022761,0.005818
2026-04-03T21:27:05.2749908Z,0.013128,0.369610,0.414706,-0.023246,0.432118,0.372567,4.17,gru,0.036374,0.062508,0.042139
2026-04-03T21:27:05.3080191Z,0.016498,0.382771,0.416003,0.040465,0.383289,0.399767,5.06,gru,0.023967,0.000519,0.016236
2026-04-03T21:27:05.3453767Z,0.015840,0.395415,0.415446,0.057831,0.396835,0.411416,7.55,gru,0.041991,0.001420,0.004030
2026-04-03T21:27:05.3733571Z,0.016577,0.407758,0.414891,-0.005696,0.444939,0.392304,5.61,gru,0.022272,0.037180,0.022587
2026-04-03T21:27:05.4090062Z,0.016328,0.420589,0.413528,0.003696,0.441224,0.392208,4.54,gru,0.012632,0.020635,0.021320
2026-04-03T21:27:05.4498572Z,0.015531,0.432861,0.411392,0.024802,0.444338,0.394308,6.50,gru,0.009271,0.011477,0.017083
2026-04-03T21:27:05.4742087Z,0.012737,0.444657,0.408478,0.015609,0.455468,0.395818,4.07,gru,0.002872,0.010811,0.012660
2026-04-03T21:27:05.5048481Z,0.013767,0.453986,0.406356,0.011375,0.467803,0.393514,4.53,gru,0.002392,0.013816,0.012841
2026-04-03T21:27:05.5421517Z,0.016971,0.462226,0.405018,0.021774,0.473154,0.393246,5.05,gru,0.004804,0.010928,0.011772
2026-04-03T21:27:05.5782460Z,0.017906,0.471373,0.402060,0.022754,0.481028,0.391266,4.39,gru,0.004848,0.009655,0.010795
2026-04-03T21:27:05.6155662Z,0.021252,0.479561,0.399083,0.025963,0.487634,0.390050,7.45,gru,0.004711,0.008074,0.009032
2026-04-03T21:27:05.6411991Z,0.022208,0.490002,0.394829,0.021674,0.503965,0.385308,4.12,gru,0.000534,0.013963,0.009521
2026-04-03T21:27:05.6749735Z,0.022079,0.500373,0.389337,0.019758,0.514515,0.378274,4.77,gru,0.002321,0.014141,0.011063
2026-04-03T21:27:05.7103269Z,0.031885,0.506125,0.386635,0.052275,0.509992,0.381669,6.21,gru,0.020390,0.003866,0.004966
2026-04-03T21:27:05.7438861Z,0.040343,0.514439,0.382214,0.053450,0.524188,0.376567,3.01,gru,0.013107,0.009749,0.005647
2026-04-03T21:27:05.7757999Z,0.045207,0.524190,0.376053,0.040824,0.539901,0.365122,4.02,gru,0.004383,0.015711,0.010931
2026-04-03T21:27:05.8085000Z,0.046574,0.536175,0.368333,0.042803,0.548500,0.357331,5.23,gru,0.003770,0.012325,0.011002
2026-04-03T21:27:05.8406783Z,0.046181,0.546992,0.359244,0.049891,0.551370,0.349550,5.49,gru,0.003709,0.004379,0.009694
2026-04-03T21:27:05.8781092Z,0.050008,0.557657,0.351466,0.064064,0.557845,0.346675,4.92,gru,0.014055,0.000189,0.004791
2026-04-03T21:27:05.9105056Z,0.050521,0.568354,0.342640,0.048507,0.578887,0.334062,5.78,gru,0.002014,0.010533,0.008578
2026-04-03T21:27:05.9535946Z,0.059509,0.577011,0.335337,0.069782,0.581961,0.327949,4.69,gru,0.010273,0.004950,0.007388
2026-04-03T21:27:05.9796206Z,0.064507,0.589326,0.326560,0.071894,0.597838,0.318877,4.16,gru,0.007387,0.008512,0.007683
2026-04-03T21:27:06.0108481Z,0.069698,0.599833,0.318127,0.069228,0.609658,0.310125,5.62,gru,0.000469,0.009825,0.008002
2026-04-03T21:27:06.0377746Z,0.069157,0.610051,0.308225,0.063838,0.615301,0.299094,3.99,gru,0.005318,0.005250,0.009132
2026-04-03T21:27:06.0927069Z,0.068533,0.621321,0.298374,0.065766,0.628989,0.289479,4.51,gru,0.002767,0.007668,0.008895
2026-04-03T21:27:06.1213432Z,0.097427,0.630051,0.293578,0.145501,0.628100,0.291492,7.61,gru,0.048074,0.001951,0.002086
2026-04-03T21:27:06.1429322Z,0.096231,0.640537,0.283111,0.082617,0.650707,0.272272,5.54,gru,0.013615,0.010170,0.010838
2026-04-03T21:27:06.1771923Z,0.103042,0.649224,0.275462,0.081885,0.656474,0.264926,7.02,gru,0.021157,0.007250,0.010536
2026-04-03T21:27:06.2171606Z,0.107631,0.656911,0.267725,0.121747,0.647436,0.261819,8.17,gru,0.014116,0.009476,0.005906
2026-04-03T21:27:06.2593181Z,0.110109,0.666316,0.259747,0.114377,0.676523,0.253203,10.59,gru,0.004268,0.010207,0.006543
2026-04-03T21:27:06.2861849Z,0.137990,0.674888,0.253807,0.174180,0.678197,0.250068,6.59,gru,0.036191,0.003309,0.003739
2026-04-03T21:27:06.3255183Z,0.094405,0.682078,0.241198,0.094180,0.694446,0.222551,8.84,gru,0.000225,0.012367,0.018647
2026-04-03T21:27:06.3547060Z,0.093032,0.687955,0.233353,0.074683,0.677252,0.224204,6.58,gru,0.018349,0.010703,0.009150
2026-04-03T21:27:06.3851664Z,0.063661,0.685978,0.225722,0.069043,0.666611,0.222105,3.67,gru,0.005382,0.019367,0.003616
2026-04-03T21:27:06.4241047Z,0.084928,0.699592,0.218951,0.109493,0.724015,0.214176,7.66,gru,0.024565,0.024424,0.004775
2026-04-03T21:27:06.4518411Z,0.091144,0.707192,0.212520,0.098012,0.715174,0.205354,4.55,gru,0.006868,0.007982,0.007166
2026-04-03T21:27:06.4859234Z,0.090530,0.714979,0.206526,0.056953,0.719813,0.199690,5.56,gru,0.033577,0.004834,0.006836
2026-04-03T21:27:06.5111320Z,0.092284,0.722770,0.201565,0.091840,0.715553,0.197217,3.48,gru,0.000444,0.007217,0.004349
2026-04-03T21:27:06.5446478Z,0.092483,0.729211,0.198084,0.102331,0.735935,0.196148,5.50,gru,0.009848,0.006724,0.001936
2026-04-03T21:27:06.5729914Z,0.091152,0.738672,0.193772,0.083078,0.751739,0.189307,4.52,gru,0.008075,0.013067,0.004466
2026-04-03T21:27:06.6114475Z,0.093338,0.746503,0.192303,0.091019,0.748096,0.190803,4.27,gru,0.002319,0.001593,0.001500
2026-04-03T21:27:06.6511300Z,0.093389,0.755645,0.191505,0.095311,0.759125,0.192271,8.16,gru,0.001922,0.003480,0.000767
2026-04-03T21:27:06.6898243Z,0.095936,0.766032,0.190468,0.099932,0.778555,0.189092,8.01,gru,0.003996,0.012524,0.001376
2026-04-03T21:27:06.7157046Z,0.045073,0.763932,0.189315,0.019932,0.773229,0.188584,5.99,gru,0.025140,0.009297,0.000731
2026-04-03T21:27:06.7527954Z,0.128714,0.789010,0.191916,0.099932,0.767972,0.192302,6.60,gru,0.028782,0.021038,0.000386
2026-04-03T21:27:06.7801735Z,0.067056,0.791055,0.189360,0.019932,0.791740,0.187229,4.01,gru,0.047124,0.000685,0.002131
2026-04-03T21:27:06.8103678Z,0.116150,0.808777,0.191791,0.099932,0.815450,0.192290,3.95,gru,0.016218,0.006673,0.000499
2026-04-03T21:27:06.8421237Z,0.110473,0.817682,0.192304,0.122619,0.779874,0.192031,3.53,gru,0.012146,0.037808,0.000272
2026-04-03T21:27:06.8752939Z,0.104530,0.825984,0.193055,0.055391,0.833803,0.190302,5.01,gru,0.049138,0.007819,0.002754
2026-04-03T21:27:06.9162348Z,0.054793,0.829386,0.191970,-0.003227,0.822053,0.192406,6.51,gru,0.058020,0.007332,0.000436
2026-04-03T21:27:06.9462871Z,0.017147,0.832344,0.191732,-0.019644,0.816286,0.191898,4.49,gru,0.036791,0.016058,0.000167
2026-04-03T21:27:06.9836290Z,0.016930,0.841963,0.192851,0.059086,0.819873,0.195878,5.57,gru,0.042156,0.022089,0.003027
2026-04-03T21:27:07.0147729Z,0.005576,0.849037,0.193704,-0.002885,0.862804,0.195220,3.70,gru,0.008461,0.013767,0.001516
2026-04-03T21:27:07.0500817Z,-0.004264,0.856935,0.194855,-0.048367,0.859254,0.193641,6.78,gru,0.044103,0.002319,0.001213
2026-04-03T21:27:07.0774546Z,-0.009126,0.866243,0.195929,-0.011130,0.846957,0.196277,6.17,gru,0.002003,0.019286,0.000349
2026-04-03T21:27:07.1066690Z,-0.016531,0.874619,0.196251,-0.006985,0.883150,0.196396,3.47,gru,0.009546,0.008531,0.000145
2026-04-03T21:27:07.1459585Z,-0.026406,0.883894,0.196973,-0.042753,0.893979,0.198804,7.73,gru,0.016347,0.010085,0.001832
2026-04-03T21:27:07.1787158Z,-0.030431,0.893030,0.198082,-0.038148,0.891042,0.200168,6.66,gru,0.007717,0.001988,0.002086
2026-04-03T21:27:07.2136147Z,-0.033207,0.904677,0.198747,-0.026330,0.906289,0.200019,5.60,gru,0.006877,0.001612,0.001272
2026-04-03T21:27:07.2666779Z,-0.045708,0.912938,0.198327,-0.056122,0.921059,0.198123,7.47,gru,0.010415,0.008121,0.000204
2026-04-03T21:27:07.3129828Z,-0.074055,0.926752,0.196219,-0.112197,0.943471,0.192165,7.66,gru,0.038142,0.016719,0.004053
2026-04-03T21:27:07.3412684Z,-0.097614,0.929283,0.194695,-0.114975,0.920450,0.193192,4.04,gru,0.017361,0.008832,0.001503
2026-04-03T21:27:07.3747716Z,-0.119331,0.932050,0.193291,-0.124314,0.919891,0.193020,5.11,gru,0.004983,0.012159,0.000272
2026-04-03T21:27:07.4130665Z,-0.117993,0.943381,0.192374,-0.103977,0.961121,0.192288,4.62,gru,0.014016,0.017740,0.000086
2026-04-03T21:27:07.4553581Z,-0.132361,0.946869,0.190281,-0.154618,0.956732,0.185003,5.73,gru,0.022256,0.009864,0.005279
2026-04-03T21:27:07.4866926Z,-0.140736,0.954707,0.186027,-0.159449,0.959131,0.177759,4.81,gru,0.018713,0.004424,0.008268
2026-04-03T21:27:07.5187653Z,-0.152038,0.958265,0.183428,-0.151160,0.953097,0.179863,4.59,gru,0.000877,0.005168,0.003564
2026-04-03T21:27:07.5516468Z,-0.205802,0.945046,0.176938,-0.231160,0.947026,0.169622,6.29,gru,0.025358,0.001980,0.007316
2026-04-03T21:27:07.5792755Z,-0.199698,0.955567,0.175576,-0.187562,0.944161,0.174808,3.09,gru,0.012136,0.011405,0.000768
2026-04-03T21:27:07.6124567Z,-0.197013,0.966838,0.171487,-0.158942,0.984210,0.170370,5.56,gru,0.038070,0.017373,0.001117
2026-04-03T21:27:07.6477662Z,-0.204616,0.971063,0.167162,-0.238942,0.980147,0.158690,5.67,gru,0.034326,0.009084,0.008472
2026-04-03T21:27:07.6803023Z,-0.206135,0.979257,0.163270,-0.217378,0.965860,0.156407,6.25,gru,0.011242,0.013397,0.006863
2026-04-03T21:27:07.7154105Z,-0.212776,0.982843,0.158967,-0.209701,0.978971,0.153617,4.54,gru,0.003075,0.003873,0.005351
2026-04-03T21:27:07.7485778Z,-0.219756,0.988347,0.154049,-0.224828,0.997837,0.148254,3.78,gru,0.005073,0.009490,0.005796
2026-04-03T21:27:07.7779996Z,-0.226326,0.991904,0.150339,-0.233180,0.990229,0.145383,4.47,gru,0.006854,0.001675,0.004955
2026-04-03T21:27:07.8102509Z,-0.236060,0.994793,0.145363,-0.243126,0.987128,0.138573,4.63,gru,0.007065,0.007666,0.006790
2026-04-03T21:27:07.8429424Z,-0.241487,0.998303,0.141235,-0.236697,0.992912,0.135741,4.42,gru,0.004790,0.005391,0.005494
2026-04-03T21:27:07.8758962Z,-0.247259,1.002102,0.137007,-0.242728,1.003561,0.132671,4.34,gru,0.004531,0.001459,0.004336
2026-04-03T21:27:07.9124674Z,-0.275291,0.992501,0.132371,-0.297307,0.989395,0.126278,6.82,gru,0.022016,0.003106,0.006093
2026-04-03T21:27:07.9529434Z,-0.278327,0.996906,0.128932,-0.272969,0.981769,0.124580,5.50,gru,0.005358,0.015137,0.004352
2026-04-03T21:27:07.9960636Z,-0.285703,0.997959,0.126057,-0.271544,0.996866,0.122790,9.46,gru,0.014160,0.001093,0.003267
2026-04-03T21:27:08.0225178Z,-0.285359,1.002643,0.122733,-0.281344,1.009320,0.117939,8.37,gru,0.004016,0.006677,0.004794
2026-04-03T21:27:08.0487940Z,-0.289446,1.007663,0.117821,-0.288592,1.005534,0.110084,5.05,gru,0.000854,0.002130,0.007737
2026-04-03T21:27:08.0819988Z,-0.293703,1.008701,0.115619,-0.284936,1.007029,0.111981,8.13,gru,0.008767,0.001672,0.003638
2026-04-03T21:27:08.1154303Z,-0.291776,1.013029,0.112168,-0.274053,1.013985,0.108268,6.33,gru,0.017723,0.000956,0.003900
2026-04-03T21:27:08.1638789Z,-0.293580,1.012228,0.110937,-0.280770,1.010747,0.107945,7.95,gru,0.012810,0.001481,0.002991
2026-04-03T21:27:08.1870642Z,-0.307763,1.007428,0.108738,-0.291963,0.996634,0.108018,7.91,gru,0.015800,0.010795,0.000720
2026-04-03T21:27:08.2171939Z,-0.296997,1.015683,0.107239,-0.258024,1.002698,0.105861,8.48,gru,0.038973,0.012986,0.001377
2026-04-03T21:27:08.2535647Z,-0.298763,1.014511,0.106579,-0.265014,1.007837,0.106762,9.29,gru,0.033750,0.006674,0.000183
2026-04-03T21:27:08.2793510Z,-0.300195,1.016050,0.106844,-0.280237,1.010206,0.108386,6.50,gru,0.019958,0.005844,0.001542
2026-04-03T21:27:08.3250504Z,-0.301412,1.016275,0.106128,-0.270186,0.997501,0.105051,9.56,gru,0.031226,0.018774,0.001077
2026-04-03T21:27:08.3612221Z,-0.311951,1.008561,0.108465,-0.282528,0.990763,0.111446,9.69,gru,0.029423,0.017798,0.002981
2026-04-03T21:27:08.3911270Z,-0.313326,1.008347,0.110030,-0.272267,0.989284,0.113649,9.12,gru,0.041059,0.019063,0.003619
2026-04-03T21:27:08.4185614Z,-0.314228,1.008248,0.111283,-0.274148,0.993765,0.112203,4.56,gru,0.040080,0.014483,0.000920
2026-04-03T21:27:08.4502585Z,-0.313276,1.009402,0.111536,-0.262839,0.993505,0.113199,7.01,gru,0.050437,0.015897,0.001662
2026-04-03T21:27:08.4870701Z,-0.306286,1.017314,0.111469,-0.257541,1.008252,0.111867,6.84,gru,0.048746,0.009063,0.000398
2026-04-03T21:27:08.5154647Z,-0.315565,1.010682,0.112765,-0.284918,0.998979,0.115652,5.03,gru,0.030648,0.011703,0.002888
2026-04-03T21:27:08.5591896Z,-0.315553,1.011656,0.113612,-0.256548,0.984123,0.117314,8.78,gru,0.059006,0.027533,0.003702
2026-04-03T21:27:08.5780447Z,-0.337342,0.997622,0.115493,-0.282169,0.968782,0.120850,5.19,gru,0.055173,0.028839,0.005358
2026-04-03T21:27:08.6157425Z,-0.318425,1.015643,0.112690,-0.238379,0.997974,0.116655,6.09,gru,0.080046,0.017669,0.003965
2026-04-03T21:27:08.6443679Z,-0.324807,1.014973,0.111448,-0.253258,0.993061,0.114087,5.32,gru,0.071548,0.021912,0.002639
2026-04-03T21:27:08.6800859Z,-0.325570,1.016610,0.108960,-0.270666,0.995276,0.113142,4.96,gru,0.054904,0.021334,0.004182
2026-04-03T21:27:08.7104006Z,-0.326709,1.018209,0.106474,-0.255534,0.978094,0.107823,5.17,gru,0.071175,0.040114,0.001350
2026-04-03T21:27:08.7484290Z,-0.331162,1.019444,0.103239,-0.266808,0.998066,0.105221,4.57,gru,0.064354,0.021378,0.001983
2026-04-03T21:27:08.7779269Z,-0.334475,1.024986,0.098663,-0.267435,1.001613,0.099643,6.02,gru,0.067039,0.023374,0.000980
2026-04-03T21:27:08.8101027Z,-0.340232,1.023421,0.096384,-0.259093,0.982978,0.100080,4.00,gru,0.081138,0.040443,0.003697
2026-04-03T21:27:08.8416171Z,-0.339822,1.030380,0.090844,-0.260922,0.996499,0.091920,5.31,gru,0.078900,0.033880,0.001076
2026-04-03T21:27:08.8844186Z,-0.343062,1.032912,0.086536,-0.265215,1.003706,0.087295,5.96,gru,0.077847,0.029206,0.000759
2026-04-03T21:27:08.9135995Z,-0.360300,1.021540,0.085520,-0.287928,0.993105,0.093299,3.99,gru,0.072372,0.028435,0.007778
2026-04-03T21:27:08.9422620Z,-0.365019,1.023463,0.081169,-0.289313,0.984696,0.082451,4.02,gru,0.075706,0.038767,0.001282
2026-04-03T21:27:08.9756567Z,-0.367503,1.027435,0.076158,-0.271998,0.992118,0.077811,4.21,gru,0.095505,0.035317,0.001653
2026-04-03T21:27:09.0096541Z,-0.371724,1.025477,0.072450,-0.277494,0.985703,0.077515,5.79,gru,0.094230,0.039774,0.005065
2026-04-03T21:27:09.0438328Z,-0.370678,1.025008,0.068050,-0.265273,0.969759,0.072284,3.79,gru,0.105405,0.055249,0.004234
2026-04-03T21:27:09.0822405Z,-0.370661,1.023160,0.064257,-0.267065,0.976212,0.067720,5.14,gru,0.103596,0.046949,0.003462
2026-04-03T21:27:09.1175171Z,-0.369493,1.017115,0.061585,-0.274187,0.976966,0.065352,4.83,gru,0.095306,0.040149,0.003768
2026-04-03T21:27:09.1455046Z,-0.365434,1.014747,0.059421,-0.265862,0.969999,0.063630,6.52,gru,0.099571,0.044748,0.004209
2026-04-03T21:27:09.1731772Z,-0.362440,1.005582,0.058390,-0.261277,0.955592,0.063707,4.02,gru,0.101163,0.049989,0.005317
2026-04-03T21:27:09.2112215Z,-0.358695,0.997840,0.057905,-0.241043,0.938687,0.064887,5.43,gru,0.117652,0.059153,0.006982
2026-04-03T21:27:09.2413949Z,-0.354025,0.984443,0.060112,-0.246852,0.930459,0.068065,5.04,gru,0.107172,0.053984,0.007953
2026-04-03T21:27:09.2784276Z,-0.318241,0.998526,0.054970,-0.215103,0.954029,0.058531,5.52,gru,0.103138,0.044496,0.003562
2026-04-03T21:27:09.3123948Z,-0.298964,0.996970,0.054597,-0.202849,0.955930,0.058422,3.75,gru,0.096115,0.041039,0.003825
2026-04-03T21:27:09.3431454Z,-0.289420,0.989280,0.055473,-0.209491,0.951829,0.067543,4.00,gru,0.079929,0.037452,0.012071
2026-04-03T21:27:09.3773357Z,-0.256515,0.997110,0.052178,-0.173320,0.941741,0.055004,6.74,gru,0.083195,0.055369,0.002826
2026-04-03T21:27:09.4098122Z,-0.242530,0.992172,0.051603,-0.158728,0.947438,0.056408,5.00,gru,0.083803,0.044734,0.004806
2026-04-03T21:27:09.4493386Z,-0.229181,0.986052,0.052901,-0.159789,0.945240,0.063521,4.97,gru,0.069392,0.040812,0.010620
2026-04-03T21:27:09.4826471Z,-0.214477,0.980257,0.053812,-0.148496,0.933902,0.058758,6.06,gru,0.065982,0.046355,0.004946
2026-04-03T21:27:09.5125950Z,-0.207970,0.969850,0.055853,-0.148803,0.932760,0.061684,4.64,gru,0.059166,0.037090,0.005831
2026-04-03T21:27:09.5658552Z,-0.205512,0.952282,0.060395,-0.145474,0.906842,0.071098,7.24,gru,0.060038,0.045441,0.010703
2026-04-03T21:27:09.5905578Z,-0.178743,0.955109,0.056384,-0.115672,0.917151,0.058114,5.31,gru,0.063071,0.037957,0.001730
2026-04-03T21:27:09.6071852Z,-0.130595,0.970185,0.048915,-0.067907,0.960939,0.047364,3.24,gru,0.062689,0.009246,0.001551
2026-04-03T21:27:09.6447714Z,-0.124806,0.956649,0.049932,-0.116627,0.938731,0.064845,5.92,gru,0.008179,0.017918,0.014913
2026-04-03T21:27:09.6790477Z,-0.090896,0.957135,0.048675,-0.064940,0.919343,0.054312,7.58,gru,0.025955,0.037792,0.005637
2026-04-03T21:27:09.7085380Z,-0.071371,0.955766,0.046251,-0.040975,0.938791,0.045952,3.59,gru,0.030396,0.016975,0.000299
2026-04-03T21:27:09.7452503Z,-0.073814,0.939791,0.050977,-0.083268,0.928348,0.065424,4.20,gru,0.009454,0.011443,0.014447
2026-04-03T21:27:09.7774550Z,-0.066950,0.931871,0.053070,-0.063333,0.910565,0.059037,3.86,gru,0.003617,0.021306,0.005967
2026-04-03T21:27:09.8108498Z,-0.065483,0.918671,0.057309,-0.054666,0.898737,0.061382,4.52,gru,0.010817,0.019934,0.004074
2026-04-03T21:27:09.8439171Z,-0.040983,0.919757,0.054503,-0.015641,0.916332,0.053181,6.30,gru,0.025343,0.003425,0.001322
2026-04-03T21:27:09.8784848Z,0.011894,0.930685,0.047670,0.060082,0.943800,0.042451,4.08,gru,0.048188,0.013116,0.005219
2026-04-03T21:27:09.9080381Z,0.033834,0.927987,0.046802,0.036021,0.929259,0.054948,5.19,gru,0.002188,0.001272,0.008145
2026-04-03T21:27:09.9445410Z,0.040102,0.919104,0.048449,0.015985,0.909684,0.062162,6.35,gru,0.024117,0.009419,0.013713
2026-04-03T21:27:09.9777021Z,0.049683,0.912849,0.049956,0.048269,0.896177,0.055433,3.58,gru,0.001414,0.016672,0.005477
2026-04-03T21:27:10.0091241Z,0.061853,0.905820,0.051429,0.080207,0.902380,0.052921,7.32,gru,0.018353,0.003440,0.001492
2026-04-03T21:27:10.0370270Z,0.039855,0.885912,0.058327,0.007468,0.880845,0.073452,3.20,gru,0.032387,0.005067,0.015125
2026-04-03T21:27:10.0899136Z,0.019303,0.866811,0.065480,-0.012740,0.859972,0.078201,5.99,gru,0.032043,0.006839,0.012721
2026-04-03T21:27:10.1193028Z,0.087274,0.881926,0.058600,0.067260,0.888831,0.068721,4.28,gru,0.020014,0.006905,0.010121
2026-04-03T21:27:10.1471454Z,0.089770,0.872347,0.063415,0.074295,0.870352,0.074078,4.53,gru,0.015475,0.001995,0.010664
2026-04-03T21:27:10.1720657Z,0.094075,0.863659,0.068958,0.028068,0.846567,0.100806,5.35,gru,0.066007,0.017092,0.031848
2026-04-03T21:27:10.2207498Z,0.101628,0.853141,0.077066,0.063601,0.816050,0.098564,8.65,gru,0.038028,0.037091,0.021498
2026-04-03T21:27:10.2498844Z,0.108619,0.844719,0.086077,0.110280,0.830417,0.098240,5.54,gru,0.001661,0.014302,0.012163
2026-04-03T21:27:10.2827040Z,0.114306,0.834195,0.096051,0.103858,0.824669,0.110729,7.71,gru,0.010448,0.009527,0.014678
2026-04-03T21:27:10.3232148Z,0.071368,0.813774,0.109842,0.023858,0.807452,0.137852,6.06,gru,0.047511,0.006322,0.028010
2026-04-03T21:27:10.3537392Z,0.060952,0.800294,0.121432,0.037432,0.774661,0.138072,4.54,gru,0.023520,0.025632,0.016640
2026-04-03T21:27:10.3930846Z,0.063667,0.788893,0.134185,0.090148,0.770538,0.147303,9.65,gru,0.026481,0.018354,0.013119
2026-04-03T21:27:10.4240382Z,0.042173,0.774041,0.145828,0.010148,0.765448,0.165777,9.22,gru,0.032025,0.008592,0.019948
2026-04-03T21:27:10.4589394Z,0.121825,0.769463,0.165249,0.090148,0.750963,0.180776,6.07,gru,0.031677,0.018500,0.015527
2026-04-03T21:27:10.4853232Z,0.119247,0.755784,0.181313,0.114544,0.755285,0.200514,10.03,gru,0.004703,0.000499,0.019201
2026-04-03T21:27:10.5333607Z,0.118413,0.739568,0.198055,0.057869,0.734214,0.213533,11.77,gru,0.060543,0.005354,0.015479
2026-04-03T21:27:10.5602058Z,0.119696,0.723329,0.215535,0.118513,0.688906,0.229455,7.20,gru,0.001183,0.034423,0.013919
2026-04-03T21:27:10.5757350Z,0.062220,0.703108,0.224223,0.038513,0.716538,0.225157,5.50,gru,0.023707,0.013430,0.000935
2026-04-03T21:27:10.6140291Z,0.056901,0.685704,0.238799,0.061990,0.680961,0.250112,8.62,gru,0.005088,0.004743,0.011313
2026-04-03T21:27:10.6515577Z,0.061120,0.670568,0.254525,0.106842,0.650692,0.270755,6.16,gru,0.045723,0.019876,0.016231
2026-04-03T21:27:10.6804276Z,0.060753,0.650466,0.270153,0.050161,0.655094,0.284135,6.13,gru,0.010592,0.004629,0.013982
2026-04-03T21:27:10.7185190Z,0.054972,0.635031,0.280935,0.030020,0.641335,0.287028,6.39,gru,0.024952,0.006304,0.006093
2026-04-03T21:27:10.7535174Z,0.059669,0.615136,0.296938,0.069529,0.612060,0.307935,8.72,gru,0.009860,0.003076,0.010997
2026-04-03T21:27:10.7790930Z,0.061989,0.594268,0.310095,0.076501,0.597138,0.322250,4.51,gru,0.014511,0.002869,0.012155
2026-04-03T21:27:10.8075265Z,0.057447,0.573571,0.321010,0.039891,0.580976,0.323901,3.85,gru,0.017556,0.007405,0.002891
2026-04-03T21:27:10.8545703Z,0.051818,0.553792,0.329291,0.035496,0.557392,0.329137,8.66,gru,0.016323,0.003600,0.000154
2026-04-03T21:27:10.8988849Z,0.034334,0.535077,0.333076,0.019684,0.539991,0.328326,8.03,gru,0.014651,0.004914,0.004750
2026-04-03T21:27:10.9250610Z,0.034353,0.513864,0.341931,0.051219,0.516673,0.347013,4.79,gru,0.016866,0.002809,0.005082
2026-04-03T21:27:10.9438816Z,0.022899,0.495635,0.345927,0.014329,0.509089,0.345771,4.39,gru,0.008570,0.013454,0.000156
2026-04-03T21:27:10.9731990Z,0.016387,0.475792,0.349449,-0.001530,0.475891,0.342055,3.69,gru,0.017917,0.000099,0.007393
2026-04-03T21:27:11.0048012Z,0.012103,0.458099,0.353173,0.012011,0.452278,0.350553,3.00,gru,0.000092,0.005821,0.002619
2026-04-03T21:27:11.0412187Z,0.015828,0.436858,0.358805,0.022730,0.449302,0.358548,6.22,gru,0.006902,0.012444,0.000257
2026-04-03T21:27:11.0811366Z,0.016399,0.416007,0.362234,0.010076,0.421688,0.358005,5.52,gru,0.006323,0.005681,0.004229
2026-04-03T21:27:11.1092369Z,0.017181,0.394673,0.365041,0.010857,0.403538,0.357694,5.26,gru,0.006324,0.008865,0.007346
2026-04-03T21:27:11.1418316Z,0.018246,0.374254,0.366593,0.025217,0.378208,0.360637,4.53,gru,0.006971,0.003954,0.005956
2026-04-03T21:27:11.1965422Z,0.012612,0.356324,0.365144,0.012197,0.350216,0.359011,6.51,gru,0.000415,0.006108,0.006133
2026-04-03T21:27:11.2087137Z,0.012111,0.336348,0.364752,0.009775,0.339984,0.360215,3.31,gru,0.002336,0.003636,0.004537
2026-04-03T21:27:11.2423174Z,0.007296,0.319191,0.362297,0.003981,0.323200,0.356286,4.05,gru,0.003315,0.004008,0.006011
2026-04-03T21:27:11.2826916Z,0.003771,0.302923,0.359784,-0.000142,0.309535,0.353648,6.58,gru,0.003914,0.006611,0.006136
2026-04-03T21:27:11.3100798Z,0.037435,0.267497,0.364381,0.079858,0.258890,0.364863,4.70,gru,0.042423,0.008607,0.000482
2026-04-03T21:27:11.3480454Z,0.034517,0.253343,0.359690,0.019710,0.277720,0.348016,6.97,gru,0.014807,0.024376,0.011674
2026-04-03T21:27:11.3739500Z,0.030048,0.241290,0.354765,-0.005943,0.278825,0.336135,3.62,gru,0.035991,0.037535,0.018630
2026-04-03T21:27:11.4107019Z,0.025808,0.231227,0.350119,0.030622,0.228470,0.341739,4.03,gru,0.004814,0.002757,0.008380
2026-04-03T21:27:11.4465482Z,0.024418,0.218726,0.346788,0.038305,0.217563,0.344222,6.54,gru,0.013887,0.001164,0.002566
2026-04-03T21:27:11.4853951Z,0.022169,0.210202,0.343918,0.015178,0.224798,0.342181,9.32,gru,0.006991,0.014596,0.001737
2026-04-03T21:27:11.5157766Z,0.019774,0.201770,0.340804,0.008514,0.216706,0.336357,5.91,gru,0.011259,0.014936,0.004447
2026-04-03T21:27:11.5639615Z,0.016791,0.196299,0.337908,0.017081,0.204502,0.336412,7.03,gru,0.000290,0.008203,0.001495
2026-04-03T21:27:11.5793240Z,0.014752,0.188059,0.335986,0.018722,0.192266,0.338443,4.30,gru,0.003971,0.004207,0.002457
2026-04-03T21:27:11.6099393Z,0.013280,0.181676,0.333538,0.009723,0.190320,0.334910,4.74,gru,0.003558,0.008645,0.001372
2026-04-03T21:27:11.6559656Z,0.012386,0.176134,0.331335,0.007151,0.186195,0.331662,8.49,gru,0.005235,0.010061,0.000327
2026-04-03T21:27:11.6805569Z,0.010564,0.171238,0.329776,0.007547,0.177249,0.332270,6.58,gru,0.003017,0.006011,0.002494
2026-04-03T21:27:11.7125376Z,0.009716,0.167280,0.327921,0.007563,0.168883,0.330593,8.26,gru,0.002153,0.001602,0.002673
2026-04-03T21:27:11.7432135Z,0.008952,0.163388,0.325954,0.005952,0.164539,0.327797,4.53,gru,0.003001,0.001151,0.001843
2026-04-03T21:27:11.7760841Z,0.008970,0.160721,0.324426,0.005976,0.164103,0.326751,5.24,gru,0.002994,0.003382,0.002325
2026-04-03T21:27:11.8171754Z,0.008503,0.158479,0.322856,0.003983,0.163190,0.324811,7.49,gru,0.004520,0.004710,0.001955
2026-04-03T21:27:11.8507968Z,0.008389,0.156139,0.321848,0.005737,0.159506,0.323636,7.54,gru,0.002652,0.003367,0.001788
2026-04-03T21:27:11.8834029Z,0.007911,0.154946,0.320824,0.003803,0.162168,0.321938,6.72,gru,0.004108,0.007222,0.001114
2026-04-03T21:27:11.9072784Z,0.009086,0.155638,0.319574,0.006557,0.165458,0.319568,3.76,gru,0.002528,0.009820,0.000006
2026-04-03T21:27:11.9548530Z,0.008648,0.154686,0.319373,0.006450,0.162440,0.321131,4.15,gru,0.002198,0.007754,0.001758
2026-04-03T21:27:11.9832500Z,0.009346,0.154747,0.318978,0.007857,0.161700,0.319896,3.83,gru,0.001489,0.006953,0.000917
2026-04-03T21:27:12.0205898Z,0.009507,0.155708,0.318541,0.008454,0.164785,0.317932,8.01,gru,0.001053,0.009077,0.000609
2026-04-03T21:27:12.0564530Z,0.010208,0.156328,0.318513,0.009756,0.166442,0.318456,7.78,gru,0.000452,0.010114,0.000057
2026-04-03T21:27:12.0790501Z,0.010158,0.156858,0.318438,0.009295,0.165523,0.318277,5.01,gru,0.000864,0.008665,0.000161
2026-04-03T21:27:12.1120346Z,0.011174,0.157347,0.318190,0.011488,0.165292,0.317071,4.36,gru,0.000314,0.007945,0.001119
2026-04-03T21:27:12.1503912Z,0.011359,0.157863,0.317899,0.011338,0.166932,0.316393,7.58,gru,0.000021,0.009069,0.001505
2026-04-03T21:27:12.1928788Z,0.012006,0.158524,0.316872,0.012042,0.168244,0.314475,8.32,gru,0.000036,0.009720,0.002397
2026-04-03T21:27:12.2310876Z,0.011905,0.157768,0.316183,0.011945,0.165449,0.314295,9.16,gru,0.000040,0.007681,0.001887
2026-04-03T21:27:12.2477143Z,0.011526,0.157541,0.314783,0.010918,0.165383,0.312186,6.53,gru,0.000608,0.007842,0.002597
2026-04-03T21:27:12.2913122Z,0.011855,0.154907,0.311678,0.013131,0.160137,0.306292,8.14,gru,0.001276,0.005230,0.005386
2026-04-03T21:27:12.3260469Z,0.011661,0.153192,0.307474,0.011970,0.159472,0.301239,8.25,gru,0.000309,0.006280,0.006235
2026-04-03T21:27:12.3577409Z,0.010762,0.149572,0.302883,0.009698,0.155764,0.297599,9.52,gru,0.001064,0.006191,0.005284
2026-04-03T21:27:12.3832799Z,0.009916,0.145759,0.297737,0.009749,0.150160,0.292203,4.76,gru,0.000167,0.004401,0.005534
2026-04-03T21:27:12.4126250Z,0.008258,0.140671,0.290209,0.007724,0.143742,0.281214,4.88,gru,0.000533,0.003071,0.008995
2026-04-03T21:27:12.4599179Z,0.006011,0.135928,0.283188,0.004242,0.140481,0.275366,8.58,gru,0.001769,0.004553,0.007823
2026-04-03T21:27:12.4879510Z,0.005461,0.127817,0.273849,0.006743,0.128019,0.265044,8.05,gru,0.001282,0.000202,0.008804
2026-04-03T21:27:12.5137719Z,0.002214,0.121222,0.264005,0.000144,0.123611,0.253953,3.26,gru,0.002070,0.002389,0.010052
2026-04-03T21:27:12.5470826Z,-0.002545,0.115647,0.253136,-0.007765,0.121782,0.242959,5.67,gru,0.005219,0.006135,0.010176
2026-04-03T21:27:12.5793458Z,-0.008004,0.111616,0.243115,-0.012096,0.116761,0.234659,10.06,gru,0.004091,0.005145,0.008456
2026-04-03T21:27:12.6046815Z,-0.013019,0.107413,0.232211,-0.015264,0.110003,0.223195,4.00,gru,0.002245,0.002590,0.009016
2026-04-03T21:27:12.6470607Z,-0.017854,0.102345,0.220481,-0.019798,0.103466,0.209636,5.74,gru,0.001943,0.001121,0.010845
2026-04-03T21:27:12.6908110Z,-0.023671,0.099484,0.209609,-0.028220,0.105459,0.200621,7.10,gru,0.004549,0.005975,0.008988
2026-04-03T21:27:12.7315220Z,-0.027925,0.093782,0.197767,-0.030298,0.096650,0.188269,4.61,gru,0.002373,0.002868,0.009499
2026-04-03T21:27:12.7635542Z,-0.032265,0.087974,0.188513,-0.033904,0.089731,0.181085,4.43,gru,0.001639,0.001757,0.007427
2026-04-03T21:27:12.8229397Z,-0.038799,0.076977,0.181422,-0.042161,0.078971,0.177266,8.53,gru,0.003362,0.001993,0.004156
2026-04-03T21:27:12.8571773Z,-0.043615,0.072747,0.178922,-0.047837,0.081047,0.178651,4.99,gru,0.004222,0.008300,0.000271
2026-04-03T21:27:12.8942687Z,-0.047376,0.068684,0.177820,-0.049218,0.078258,0.177507,6.17,gru,0.001842,0.009574,0.000313
2026-04-03T21:27:12.9151044Z,-0.051294,0.063421,0.177420,-0.051460,0.068993,0.175334,7.73,gru,0.000165,0.005572,0.002087
2026-04-03T21:27:12.9602263Z,-0.056371,0.058043,0.177189,-0.057338,0.063706,0.174933,8.33,gru,0.000966,0.005663,0.002255
2026-04-03T21:27:12.9809038Z,-0.062421,0.053560,0.176392,-0.063057,0.062459,0.173736,7.63,gru,0.000636,0.008899,0.002657
2026-04-03T21:27:13.0248540Z,-0.070047,0.049178,0.175133,-0.068757,0.059182,0.171775,8.56,gru,0.001290,0.010004,0.003359
2026-04-03T21:27:13.0650893Z,-0.078598,0.043695,0.173494,-0.073921,0.051693,0.169316,8.12,gru,0.004677,0.007997,0.004178
2026-04-03T21:27:13.0890839Z,-0.087909,0.039649,0.172078,-0.079885,0.048092,0.167835,6.76,gru,0.008024,0.008443,0.004243
2026-04-03T21:27:13.1273727Z,-0.097816,0.037034,0.169520,-0.085192,0.047163,0.163874,7.02,gru,0.012624,0.010129,0.005646
2026-04-03T21:27:13.1571087Z,-0.106592,0.033883,0.166420,-0.086638,0.040814,0.159565,5.33,gru,0.019954,0.006932,0.006855
2026-04-03T21:27:13.1776881Z,-0.116018,0.033410,0.163140,-0.089527,0.040304,0.156275,4.04,gru,0.026491,0.006894,0.006865
2026-04-03T21:27:13.2029635Z,-0.126483,0.030897,0.160872,-0.091868,0.035943,0.155347,3.70,gru,0.034616,0.005047,0.005525
2026-04-03T21:27:13.2441783Z,-0.137788,0.031928,0.157878,-0.092439,0.036174,0.151360,5.53,gru,0.045349,0.004245,0.006518
2026-04-03T21:27:13.2724143Z,-0.151165,0.035250,0.157814,-0.093916,0.040185,0.153690,4.45,gru,0.057249,0.004935,0.004124
2026-04-03T21:27:13.3036801Z,-0.169101,0.040519,0.160419,-0.097684,0.043167,0.160158,3.46,gru,0.071417,0.002648,0.000261
2026-04-03T21:27:13.3441557Z,-0.189328,0.050681,0.164803,-0.095887,0.048710,0.164533,5.53,gru,0.093441,0.001971,0.000270
2026-04-03T21:27:13.4110693Z,-0.211551,0.067131,0.171493,-0.093038,0.060145,0.172202,7.32,gru,0.118514,0.006986,0.000709
2026-04-03T21:27:13.4568322Z,-0.263877,0.120266,0.183575,-0.128674,0.140145,0.193155,8.34,gru,0.135203,0.019879,0.009579
2026-04-03T21:27:13.4894285Z,-0.287291,0.151283,0.187349,-0.098022,0.112215,0.184911,7.63,gru,0.189268,0.039069,0.002438
2026-04-03T21:27:13.5236888Z,-0.311323,0.184742,0.184819,-0.080678,0.114812,0.177255,8.64,gru,0.230646,0.069930,0.007564
2026-04-03T21:27:13.5650504Z,-0.340675,0.209580,0.185690,-0.092731,0.159068,0.187885,8.29,gru,0.247943,0.050512,0.002195
2026-04-03T21:27:13.5904421Z,-0.344332,0.169318,0.196702,-0.076136,0.118134,0.200850,9.16,gru,0.268197,0.051184,0.004148
2026-04-03T21:27:13.6337744Z,-0.360487,0.183310,0.202160,-0.071490,0.142067,0.203981,8.09,gru,0.288998,0.041243,0.001821
2026-04-03T21:27:13.6606421Z,-0.332702,0.296697,0.249346,-0.052999,0.222067,0.271467,9.23,gru,0.279703,0.074630,0.022121
2026-04-03T21:27:13.6831467Z,-0.368518,0.382430,0.164268,-0.085795,0.302067,0.191467,7.76,gru,0.282723,0.080363,0.027199
2026-04-03T21:27:13.7256520Z,-0.528318,0.598198,0.107102,-0.165795,0.382067,0.111467,9.11,gru,0.362523,0.216131,0.004366
2026-04-03T21:27:13.7548051Z,-0.545351,0.614418,0.112053,-0.245795,0.403136,0.085962,10.98,gru,0.299555,0.211282,0.026090
2026-04-03T21:27:13.8034450Z,-0.369473,0.501017,0.128203,-0.244221,0.325934,0.105788,8.25,gru,0.125252,0.175083,0.022415
2026-04-03T21:27:13.8327812Z,-0.368329,0.535407,0.114298,-0.273391,0.363882,0.108264,6.41,gru,0.094938,0.171525,0.006034
2026-04-03T21:27:13.8605882Z,-0.368809,0.560892,0.099371,-0.353391,0.443882,0.063062,9.10,gru,0.015418,0.117010,0.036309
2026-04-03T21:27:13.9090223Z,-0.370723,0.581697,0.084215,-0.416956,0.419275,0.036744,9.83,gru,0.046233,0.162422,0.047471
2026-04-03T21:27:13.9561799Z,-0.363690,0.604352,0.041482,-0.395992,0.461190,-0.005437,7.81,gru,0.032303,0.143162,0.046920
2026-04-03T21:27:14.0013378Z,-0.354023,0.605970,0.027522,-0.374385,0.468153,-0.001025,9.14,gru,0.020362,0.137817,0.028547
2026-04-03T21:27:14.0272994Z,-0.349378,0.603746,0.020737,-0.370492,0.489057,0.028667,8.83,gru,0.021114,0.114689,0.007930
2026-04-03T21:27:14.0563137Z,-0.342367,0.600730,0.011778,-0.370762,0.513033,0.001258,7.73,gru,0.028395,0.087698,0.010520
2026-04-03T21:27:14.0989701Z,-0.341656,0.594138,0.009691,-0.374545,0.512606,-0.001429,7.82,gru,0.032889,0.081532,0.011120
2026-04-03T21:27:14.1206241Z,-0.341861,0.588607,0.007187,-0.389647,0.559396,-0.001716,7.66,gru,0.047786,0.029210,0.008903
2026-04-03T21:27:14.1582772Z,-0.338584,0.585630,0.007431,-0.385315,0.533827,-0.000919,8.51,gru,0.046732,0.051803,0.008350
2026-04-03T21:27:14.1997308Z,-0.331286,0.584725,0.006215,-0.376019,0.517478,-0.001336,6.75,gru,0.044733,0.067247,0.007551
2026-04-03T21:27:14.2253383Z,-0.332983,0.584623,0.005584,-0.357000,0.520342,0.007367,8.14,gru,0.024017,0.064281,0.001783
2026-04-03T21:27:14.2617097Z,-0.332160,0.582494,0.005339,-0.354256,0.493359,0.006028,7.57,gru,0.022096,0.089135,0.000689
2026-04-03T21:27:14.2814188Z,-0.333829,0.580445,0.004070,-0.315590,0.481903,0.014426,7.30,gru,0.018239,0.098543,0.010356
2026-04-03T21:27:14.3203589Z,-0.337416,0.579350,0.002380,-0.241969,0.480898,0.006496,7.25,gru,0.095447,0.098453,0.004116
2026-04-03T21:27:14.3649776Z,-0.339549,0.578875,0.002708,-0.288509,0.462223,0.010354,7.44,gru,0.051040,0.116652,0.007646
2026-04-03T21:27:14.3891315Z,-0.337546,0.579231,0.004436,-0.368509,0.542223,0.005650,7.16,gru,0.030963,0.037008,0.001214
2026-04-03T21:27:14.4343831Z,-0.339057,0.580098,0.004234,-0.448509,0.555520,0.010258,8.10,gru,0.109453,0.024578,0.006025
2026-04-03T21:27:14.4684717Z,-0.332771,0.579408,0.003074,-0.395915,0.515028,-0.003547,10.93,gru,0.063144,0.064380,0.006621
2026-04-03T21:27:14.4960953Z,-0.335998,0.579493,0.003594,-0.421920,0.538444,0.000645,10.08,gru,0.085922,0.041049,0.002949
2026-04-03T21:27:14.5204896Z,-0.342020,0.581290,0.004135,-0.444934,0.570789,0.001357,8.10,gru,0.102914,0.010501,0.002778
2026-04-03T21:27:14.5613827Z,-0.340348,0.581134,0.004016,-0.453015,0.582658,-0.004541,6.95,gru,0.112667,0.001524,0.008557
2026-04-03T21:27:14.5856062Z,-0.334546,0.582708,0.004184,-0.483557,0.603394,-0.010858,8.85,gru,0.149010,0.020686,0.015042
2026-04-03T21:27:14.6278372Z,-0.338523,0.585285,0.005062,-0.502673,0.613959,-0.010061,7.70,gru,0.164150,0.028674,0.015122
2026-04-03T21:27:14.6548514Z,-0.333368,0.588814,0.004598,-0.510339,0.597056,-0.017924,8.52,gru,0.176970,0.008242,0.022522
2026-04-03T21:27:14.6972918Z,-0.332571,0.592727,0.004043,-0.528632,0.576930,-0.025778,8.03,gru,0.196061,0.015798,0.029821
2026-04-03T21:27:14.7230119Z,-0.333581,0.592868,0.004553,-0.543439,0.553930,-0.026043,8.19,gru,0.209859,0.038939,0.030596
2026-04-03T21:27:14.7671601Z,-0.330478,0.592085,0.004094,-0.553393,0.521323,-0.033002,6.75,gru,0.222915,0.070762,0.037096
2026-04-03T21:27:14.7873930Z,-0.331121,0.592958,0.003896,-0.555328,0.516634,-0.033506,6.74,gru,0.224208,0.076324,0.037402
2026-04-03T21:27:14.8288348Z,-0.340831,0.595006,0.003228,-0.558583,0.522563,-0.032099,5.24,gru,0.217751,0.072443,0.035327
2026-04-03T21:27:14.8520061Z,-0.341258,0.594381,0.003744,-0.561626,0.504750,-0.034669,8.01,gru,0.220368,0.089631,0.038413
2026-04-03T21:27:14.9039671Z,-0.338218,0.595310,0.002337,-0.563817,0.493613,-0.040431,7.16,gru,0.225599,0.101697,0.042768
2026-04-03T21:27:14.9320832Z,-0.329685,0.591083,0.003340,-0.567703,0.480215,-0.040906,6.36,gru,0.238018,0.110867,0.044246
2026-04-03T21:27:14.9528520Z,-0.342346,0.595247,0.002294,-0.575746,0.505784,-0.036595,6.15,gru,0.233400,0.089462,0.038889
2026-04-03T21:27:14.9983668Z,-0.340926,0.593388,0.002190,-0.576780,0.487670,-0.040807,7.47,gru,0.235855,0.105718,0.042997
2026-04-03T21:27:15.0192572Z,-0.344316,0.593728,0.002403,-0.573910,0.485203,-0.039015,7.79,gru,0.229594,0.108525,0.041418
2026-04-03T21:27:15.0619516Z,-0.352668,0.595388,0.001280,-0.579927,0.507240,-0.038600,6.76,gru,0.227259,0.088148,0.039880
2026-04-03T21:27:15.0824552Z,-0.353006,0.595294,0.001133,-0.584508,0.485053,-0.042705,5.95,gru,0.231502,0.110241,0.043838
2026-04-03T21:27:15.1158127Z,-0.348299,0.592206,0.002026,-0.584759,0.478466,-0.041888,6.95,gru,0.236460,0.113741,0.043914
2026-04-03T21:27:15.1457835Z,-0.350067,0.593103,0.001687,-0.584994,0.502253,-0.039609,6.02,gru,0.234927,0.090850,0.041296
2026-04-03T21:27:15.1914920Z,-0.349872,0.592945,0.002036,-0.587759,0.498731,-0.039979,6.72,gru,0.237888,0.094214,0.042015
2026-04-03T21:27:15.2339607Z,-0.347215,0.592494,0.002178,-0.585037,0.494583,-0.041091,5.82,gru,0.237822,0.097911,0.043270
2026-04-03T21:27:15.2521126Z,-0.344571,0.591586,0.002147,-0.581942,0.506705,-0.039957,6.07,gru,0.237371,0.084881,0.042104
2026-04-03T21:27:15.2850876Z,-0.345579,0.593058,0.001897,-0.577167,0.525637,-0.038008,5.73,gru,0.231588,0.067421,0.039905
2026-04-03T21:27:15.3266903Z,-0.342812,0.593319,0.001200,-0.570233,0.533947,-0.038786,6.45,gru,0.227421,0.059372,0.039986
2026-04-03T21:27:15.3590484Z,-0.343617,0.591519,0.002869,-0.567805,0.530408,-0.033766,5.65,gru,0.224189,0.061111,0.036635
2026-04-03T21:27:15.3793303Z,-0.343165,0.591288,0.002458,-0.571371,0.527151,-0.037179,6.93,gru,0.228206,0.064137,0.039636
2026-04-03T21:27:15.4211127Z,-0.343415,0.592832,0.002102,-0.569356,0.535573,-0.038282,7.88,gru,0.225941,0.057259,0.040384
2026-04-03T21:27:15.4588641Z,-0.339812,0.593350,0.002506,-0.565389,0.542392,-0.035073,7.16,gru,0.225576,0.050958,0.037580
2026-04-03T21:27:15.4988742Z,-0.340308,0.591828,0.003052,-0.564992,0.540822,-0.033803,6.97,gru,0.224684,0.051006,0.036854
2026-04-03T21:27:15.5231268Z,-0.340967,0.593097,0.002717,-0.568915,0.541622,-0.036367,7.76,gru,0.227948,0.051475,0.039083
2026-04-03T21:27:15.5641366Z,-0.338339,0.591869,0.002588,-0.567808,0.522243,-0.039002,7.34,gru,0.229469,0.069626,0.041590
2026-04-03T21:27:15.5825051Z,-0.337372,0.591871,0.002232,-0.565142,0.538853,-0.036647,5.54,gru,0.227770,0.053018,0.038879
2026-04-03T21:27:15.6331403Z,-0.325337,0.587758,0.002848,-0.565868,0.517599,-0.040071,7.53,gru,0.240531,0.070159,0.042918
2026-04-03T21:27:15.6710519Z,-0.323988,0.588453,0.002487,-0.559086,0.535935,-0.036668,7.56,gru,0.235098,0.052517,0.039155
2026-04-03T21:27:15.6909196Z,-0.325839,0.589206,0.002471,-0.556271,0.553981,-0.033073,7.67,gru,0.230432,0.035225,0.035544
2026-04-03T21:27:15.7266847Z,-0.327178,0.587981,0.002770,-0.557736,0.537609,-0.034139,7.12,gru,0.230558,0.050372,0.036909
2026-04-03T21:27:15.7539806Z,-0.324649,0.589495,0.001217,-0.557965,0.529944,-0.039642,8.16,gru,0.233315,0.059552,0.040859
2026-04-03T21:27:15.7986751Z,-0.320173,0.585428,0.001596,-0.554312,0.526706,-0.037591,7.77,gru,0.234139,0.058721,0.039187
2026-04-03T21:27:15.8383185Z,-0.325924,0.587357,0.001536,-0.554643,0.542632,-0.032388,7.23,gru,0.228719,0.044725,0.033924
2026-04-03T21:27:15.8944092Z,-0.324272,0.586847,0.001681,-0.555010,0.531583,-0.036105,8.39,gru,0.230738,0.055264,0.037786
2026-04-03T21:27:15.9253678Z,-0.322081,0.583767,0.001400,-0.554748,0.516456,-0.038591,8.32,gru,0.232667,0.067311,0.039991
2026-04-03T21:27:15.9575617Z,-0.323128,0.584558,0.001484,-0.554119,0.534439,-0.035643,9.00,gru,0.230991,0.050119,0.037127
2026-04-03T21:27:16.0018346Z,-0.323266,0.585123,0.000721,-0.555889,0.532294,-0.037896,10.35,gru,0.232623,0.052829,0.038616
2026-04-03T21:27:16.0285538Z,-0.319175,0.583551,0.000902,-0.554341,0.518865,-0.038729,7.34,gru,0.235167,0.064686,0.039631
2026-04-03T21:27:16.0542097Z,-0.325475,0.586005,0.001301,-0.556338,0.532907,-0.034302,8.58,gru,0.230863,0.053098,0.035603
2026-04-03T21:27:16.0959892Z,-0.325872,0.585765,0.001110,-0.553473,0.532217,-0.036029,7.10,gru,0.227600,0.053548,0.037139
2026-04-03T21:27:16.1311871Z,-0.325216,0.585022,0.001164,-0.552247,0.523849,-0.037322,6.96,gru,0.227031,0.061174,0.038486
2026-04-03T21:27:16.1516376Z,-0.330169,0.585858,0.002171,-0.555930,0.532938,-0.032335,7.69,gru,0.225761,0.052920,0.034506
2026-04-03T21:27:16.1939973Z,-0.328042,0.586625,0.000893,-0.554523,0.531607,-0.037767,6.27,gru,0.226481,0.055017,0.038659
2026-04-03T21:27:16.2312066Z,-0.327261,0.583811,0.002174,-0.555796,0.520500,-0.035971,7.15,gru,0.228535,0.063312,0.038145
2026-04-03T21:27:16.2882688Z,-0.327143,0.585554,0.001666,-0.557440,0.526883,-0.036276,8.27,gru,0.230297,0.058671,0.037942
2026-04-03T21:27:16.3341062Z,-0.323544,0.584090,0.000991,-0.560559,0.502330,-0.043204,8.11,gru,0.237015,0.081760,0.044195
2026-04-03T21:27:16.3598307Z,-0.325989,0.583899,0.002178,-0.561223,0.507573,-0.037504,6.49,gru,0.235234,0.076326,0.039682
2026-04-03T21:27:16.4177791Z,-0.327732,0.585819,0.001809,-0.559340,0.516800,-0.038310,7.41,gru,0.231608,0.069019,0.040119
2026-04-03T21:27:16.4557963Z,-0.332897,0.586582,0.003527,-0.561780,0.512950,-0.035249,6.52,gru,0.228883,0.073632,0.038777
2026-04-03T21:27:16.4909082Z,-0.330530,0.586744,0.002714,-0.564539,0.505981,-0.041048,6.66,gru,0.234010,0.080763,0.043762
2026-04-03T21:27:16.5276001Z,-0.330317,0.587165,0.002317,-0.564488,0.496555,-0.043330,6.52,gru,0.234172,0.090610,0.045647
2026-04-03T21:27:16.5456539Z,-0.330149,0.586704,0.002967,-0.564918,0.507496,-0.037848,6.00,gru,0.234769,0.079207,0.040814
2026-04-03T21:27:16.6013166Z,-0.333691,0.585799,0.003643,-0.568109,0.502102,-0.037898,5.81,gru,0.234418,0.083697,0.041541
2026-04-03T21:27:16.6198772Z,-0.328239,0.582488,0.002504,-0.570069,0.480217,-0.045046,6.88,gru,0.241830,0.102271,0.047550
2026-04-03T21:27:16.6518256Z,-0.328176,0.585442,0.002832,-0.570199,0.495649,-0.042294,5.54,gru,0.242024,0.089793,0.045127
2026-04-03T21:27:16.6912339Z,-0.333246,0.585407,0.004215,-0.573047,0.500665,-0.036439,5.49,gru,0.239801,0.084742,0.040654
2026-04-03T21:27:16.7241890Z,-0.334835,0.586661,0.004036,-0.571017,0.488393,-0.041422,5.87,gru,0.236182,0.098268,0.045458
2026-04-03T21:27:16.7571634Z,-0.330702,0.585011,0.003198,-0.569476,0.491554,-0.043802,8.38,gru,0.238774,0.093457,0.047000
2026-04-03T21:27:16.7985913Z,-0.331509,0.584660,0.003221,-0.570411,0.497704,-0.040736,7.68,gru,0.238902,0.086956,0.043957
2026-04-03T21:27:16.8227895Z,-0.331871,0.586465,0.003065,-0.569984,0.502122,-0.039856,8.57,gru,0.238113,0.084343,0.042921
2026-04-03T21:27:16.8620806Z,-0.331897,0.585782,0.003257,-0.568922,0.500644,-0.039662,8.49,gru,0.237025,0.085137,0.042919
2026-04-03T21:27:16.8855747Z,-0.331855,0.586633,0.002867,-0.571271,0.500709,-0.041673,7.74,gru,0.239416,0.085924,0.044540
2026-04-03T21:27:16.9270081Z,-0.329489,0.583455,0.002840,-0.569953,0.488140,-0.041949,8.76,gru,0.240464,0.095315,0.044789
2026-04-03T21:27:16.9509812Z,-0.329804,0.583261,0.002877,-0.570195,0.495671,-0.040392,7.05,gru,0.240391,0.087591,0.043269
2026-04-03T21:27:16.9927379Z,-0.329421,0.584251,0.002464,-0.571481,0.492192,-0.042784,8.29,gru,0.242059,0.092060,0.045248
2026-04-03T21:27:17.0304908Z,-0.329655,0.584793,0.002248,-0.570256,0.491744,-0.042530,5.74,gru,0.240601,0.093049,0.044777
2026-04-03T21:27:17.0643003Z,-0.330556,0.583514,0.003440,-0.567950,0.497093,-0.038164,7.01,gru,0.237394,0.086422,0.041604
2026-04-03T21:27:17.0872012Z,-0.332523,0.584647,0.003181,-0.564461,0.508388,-0.037022,6.99,gru,0.231938,0.076259,0.040203
2026-04-03T21:27:17.1334615Z,-0.332689,0.584028,0.003338,-0.566973,0.503915,-0.038799,8.63,gru,0.234284,0.080113,0.042137
2026-04-03T21:27:17.1519538Z,-0.330856,0.583887,0.002445,-0.567268,0.502255,-0.041016,7.58,gru,0.236412,0.081632,0.043462
2026-04-03T21:27:17.1929456Z,-0.334164,0.584959,0.002816,-0.566321,0.511432,-0.037242,8.33,gru,0.232157,0.073527,0.040058
2026-04-03T21:27:17.2387263Z,-0.331219,0.582381,0.003261,-0.568856,0.495852,-0.038208,8.44,gru,0.237636,0.086528,0.041468
2026-04-03T21:27:17.2608896Z,-0.331613,0.583741,0.002540,-0.573663,0.486501,-0.043150,7.52,gru,0.242050,0.097241,0.045690
2026-04-03T21:27:17.2850989Z,-0.333065,0.582725,0.003350,-0.570381,0.500307,-0.038021,7.47,gru,0.237316,0.082418,0.041371
2026-04-03T21:27:17.3231220Z,-0.332211,0.583869,0.002930,-0.567149,0.502440,-0.038373,7.06,gru,0.234937,0.081430,0.041304
2026-04-03T21:27:17.3660047Z,-0.332908,0.583339,0.002918,-0.567305,0.506727,-0.038459,7.26,gru,0.234396,0.076611,0.041377
2026-04-03T21:27:17.4030973Z,-0.331014,0.580840,0.003316,-0.570475,0.491504,-0.039288,6.47,gru,0.239461,0.089336,0.042604
2026-04-03T21:27:17.4389502Z,-0.331782,0.583888,0.002337,-0.570269,0.502409,-0.041002,7.27,gru,0.238486,0.081479,0.043339
2026-04-03T21:27:17.4929817Z,-0.334014,0.584283,0.003039,-0.569176,0.508574,-0.037416,7.54,gru,0.235162,0.075709,0.040455
2026-04-03T21:27:17.5174297Z,-0.331038,0.581130,0.002884,-0.568879,0.493618,-0.039995,7.05,gru,0.237840,0.087512,0.042879
2026-04-03T21:27:17.5519920Z,-0.333483,0.583494,0.003424,-0.570721,0.506750,-0.038310,6.06,gru,0.237237,0.076744,0.041734
2026-04-03T21:27:17.5928713Z,-0.333783,0.582910,0.003402,-0.573812,0.494409,-0.039462,6.22,gru,0.240029,0.088501,0.042864
2026-04-03T21:27:17.6325181Z,-0.333807,0.583321,0.003249,-0.573134,0.489329,-0.041146,7.62,gru,0.239327,0.093992,0.044395
2026-04-03T21:27:17.6530404Z,-0.331940,0.583478,0.002696,-0.573547,0.493067,-0.042355,6.88,gru,0.241607,0.090411,0.045051
2026-04-03T21:27:17.6841949Z,-0.323023,0.585482,0.003442,-0.570750,0.490826,-0.042696,7.82,gru,0.247727,0.094656,0.046137
2026-04-03T21:27:17.7244981Z,-0.333524,0.583120,0.003535,-0.569230,0.502436,-0.035457,6.63,gru,0.235706,0.080684,0.038992
2026-04-03T21:27:17.7607801Z,-0.332086,0.582814,0.003369,-0.569691,0.496262,-0.038866,6.80,gru,0.237605,0.086552,0.042235
2026-04-03T21:27:17.7975404Z,-0.332048,0.582785,0.003301,-0.571623,0.488694,-0.040677,6.68,gru,0.239575,0.094091,0.043977
2026-04-03T21:27:17.8179018Z,-0.331745,0.582940,0.002687,-0.571642,0.496804,-0.040780,7.01,gru,0.239897,0.086136,0.043467
2026-04-03T21:27:17.8531123Z,-0.330175,0.582650,0.002262,-0.570137,0.495842,-0.041226,6.80,gru,0.239961,0.086808,0.043487
2026-04-03T21:27:17.8879036Z,-0.335351,0.583174,0.003831,-0.572968,0.493346,-0.035996,7.27,gru,0.237617,0.089829,0.039827
2026-04-03T21:27:17.9311840Z,-0.332173,0.583020,0.003450,-0.573498,0.489326,-0.040936,6.97,gru,0.241326,0.093694,0.044386
2026-04-03T21:27:17.9707715Z,-0.333292,0.582997,0.003592,-0.572417,0.490108,-0.040402,6.06,gru,0.239125,0.092889,0.043993
2026-04-03T21:27:18.0011639Z,-0.334006,0.585044,0.002705,-0.572714,0.502094,-0.040015,6.04,gru,0.238709,0.082950,0.042720
2026-04-03T21:27:18.0115012Z,-0.328525,0.581038,0.001871,-0.573818,0.481214,-0.044726,5.17,gru,0.245292,0.099825,0.046596
2026-04-03T21:27:18.0584882Z,-0.331540,0.583511,0.002944,-0.573945,0.487796,-0.038629,7.60,gru,0.242406,0.095715,0.041573
2026-04-03T21:27:18.0954936Z,-0.331758,0.583104,0.002984,-0.573150,0.497591,-0.039277,7.11,gru,0.241392,0.085513,0.042261
2026-04-03T21:27:18.1305471Z,-0.331563,0.583845,0.002807,-0.570768,0.492700,-0.041119,7.34,gru,0.239205,0.091145,0.043925
2026-04-03T21:27:18.1481926Z,-0.333267,0.584191,0.003204,-0.574413,0.487231,-0.040031,5.99,gru,0.241146,0.096959,0.043235
2026-04-03T21:27:18.1975558Z,-0.332904,0.584052,0.002681,-0.572024,0.493667,-0.040492,6.94,gru,0.239119,0.090385,0.043173
2026-04-03T21:27:18.2346434Z,-0.330494,0.583148,0.002759,-0.571457,0.489730,-0.040963,8.17,gru,0.240963,0.093419,0.043722
2026-04-03T21:27:18.2498372Z,-0.332134,0.582165,0.003030,-0.570920,0.493632,-0.038262,6.60,gru,0.238786,0.088533,0.041292
2026-04-03T21:27:18.2833779Z,-0.335413,0.584269,0.003538,-0.572987,0.498591,-0.037923,6.41,gru,0.237575,0.085678,0.041461
2026-04-03T21:27:18.3164888Z,-0.331184,0.582400,0.002813,-0.569173,0.490181,-0.042544,6.67,gru,0.237989,0.092219,0.045357
2026-04-03T21:27:18.3551663Z,-0.322770,0.583878,0.004000,-0.570032,0.485894,-0.041375,8.57,gru,0.247262,0.097984,0.045375
2026-04-03T21:27:18.3871589Z,-0.333927,0.583753,0.003447,-0.570493,0.506985,-0.035526,6.52,gru,0.236567,0.076768,0.038973
2026-04-03T21:27:18.4255478Z,-0.322808,0.583579,0.003737,-0.569016,0.483247,-0.042146,7.39,gru,0.246209,0.100332,0.045883
2026-04-03T21:27:18.4729346Z,-0.327597,0.581793,0.001832,-0.569219,0.485999,-0.043837,8.60,gru,0.241623,0.095793,0.045670
2026-04-03T21:27:18.5290280Z,-0.317071,0.583870,0.001367,-0.566845,0.489210,-0.045221,8.53,gru,0.249774,0.094660,0.046588
2026-04-03T21:27:18.5654001Z,-0.327165,0.582419,0.002044,-0.566208,0.498192,-0.036206,7.33,gru,0.239043,0.084227,0.038250
2026-04-03T21:27:18.6007609Z,-0.328987,0.583629,0.002477,-0.566255,0.497449,-0.037356,7.64,gru,0.237269,0.086180,0.039833
2026-04-03T21:27:18.6198961Z,-0.315564,0.581449,0.001220,-0.564537,0.476383,-0.046228,8.28,gru,0.248974,0.105067,0.047448
2026-04-03T21:27:18.6654928Z,-0.329030,0.582264,0.003147,-0.567253,0.510723,-0.032457,7.12,gru,0.238223,0.071541,0.035603
2026-04-03T21:27:18.6904761Z,-0.327706,0.582826,0.002260,-0.569013,0.487854,-0.040590,7.60,gru,0.241307,0.094972,0.042850
2026-04-03T21:27:18.7383670Z,-0.330172,0.582242,0.003398,-0.568242,0.484325,-0.039974,9.74,gru,0.238070,0.097917,0.043372
2026-04-03T21:27:18.7605128Z,-0.329360,0.583383,0.002595,-0.569428,0.494295,-0.040251,7.92,gru,0.240068,0.089087,0.042847
2026-04-03T21:27:18.7890237Z,-0.326526,0.581838,0.002068,-0.568197,0.489422,-0.043087,10.22,gru,0.241671,0.092415,0.045154
2026-04-03T21:27:18.8332535Z,-0.329295,0.583515,0.002796,-0.565687,0.502001,-0.036293,8.42,gru,0.236392,0.081514,0.039089
2026-04-03T21:27:18.8578952Z,-0.329126,0.582785,0.003004,-0.570553,0.493608,-0.039480,8.30,gru,0.241427,0.089176,0.042484
2026-04-03T21:27:18.9066051Z,-0.329168,0.583366,0.002930,-0.570005,0.487352,-0.041504,5.98,gru,0.240837,0.096014,0.044434
2026-04-03T21:27:18.9533302Z,-0.327207,0.580766,0.002840,-0.569773,0.485197,-0.041074,9.01,gru,0.242567,0.095569,0.043914
2026-04-03T21:27:18.9917670Z,-0.328952,0.582781,0.002737,-0.566541,0.500522,-0.038130,6.15,gru,0.237588,0.082259,0.040868
2026-04-03T21:27:19.0285157Z,-0.329433,0.584259,0.002323,-0.570010,0.493512,-0.041222,2.63,gru,0.240577,0.090747,0.043545
2026-04-03T21:27:19.0788664Z,-0.331286,0.584107,0.002826,-0.565803,0.493180,-0.039424,7.40,gru,0.234517,0.090927,0.042249
2026-04-03T21:27:19.1183931Z,-0.314790,0.581876,0.000526,-0.562960,0.481386,-0.047743,7.47,gru,0.248170,0.100490,0.048269
2026-04-03T21:27:19.1601960Z,-0.329760,0.584921,0.002285,-0.564410,0.510632,-0.033954,8.54,gru,0.234649,0.074289,0.036239
2026-04-03T21:27:19.2046623Z,-0.329216,0.581809,0.002966,-0.572353,0.485119,-0.037676,7.17,gru,0.243137,0.096690,0.040642
2026-04-03T21:27:19.2262443Z,-0.329884,0.584143,0.002678,-0.570008,0.479070,-0.044659,6.02,gru,0.240124,0.105073,0.047337
2026-04-03T21:27:19.2625853Z,-0.327846,0.582256,0.002742,-0.569360,0.488666,-0.041185,6.29,gru,0.241515,0.093589,0.043927
2026-04-03T21:27:19.3067274Z,-0.324438,0.581911,0.001225,-0.568503,0.486196,-0.045065,6.82,gru,0.244064,0.095716,0.046290
2026-04-03T21:27:19.3268108Z,-0.326950,0.582723,0.002211,-0.569151,0.482866,-0.041995,9.94,gru,0.242202,0.099857,0.044206
2026-04-03T21:27:19.3651937Z,-0.327552,0.583075,0.002195,-0.568916,0.488999,-0.040133,7.12,gru,0.241364,0.094076,0.042328
2026-04-03T21:27:19.3980717Z,-0.329355,0.581718,0.002995,-0.570324,0.484350,-0.040958,7.00,gru,0.240969,0.097368,0.043952
2026-04-03T21:27:19.4303017Z,-0.328706,0.582771,0.002538,-0.568762,0.489695,-0.040812,8.13,gru,0.240056,0.093076,0.043350
2026-04-03T21:27:19.4658605Z,-0.330541,0.582283,0.003944,-0.571058,0.490117,-0.038343,8.24,gru,0.240518,0.092166,0.042286
2026-04-03T21:27:19.4842745Z,-0.315149,0.583128,0.000100,-0.567743,0.474953,-0.051350,7.05,gru,0.252594,0.108175,0.051450
2026-04-03T21:27:19.5252080Z,-0.327456,0.582784,0.002418,-0.567165,0.502779,-0.035621,8.98,gru,0.239710,0.080005,0.038038
2026-04-03T21:27:19.5604861Z,-0.329511,0.583059,0.003152,-0.565934,0.497193,-0.033265,7.51,gru,0.236422,0.085866,0.036417
2026-04-03T21:27:19.5988593Z,-0.328764,0.582445,0.002783,-0.569763,0.480339,-0.042651,9.02,gru,0.240999,0.102106,0.045434
2026-04-03T21:27:19.6184863Z,-0.329507,0.583169,0.003161,-0.572215,0.483276,-0.040610,8.98,gru,0.242708,0.099893,0.043771
2026-04-03T21:27:19.6667955Z,-0.315534,0.583563,0.000505,-0.564989,0.482850,-0.048856,8.98,gru,0.249455,0.100713,0.049361
2026-04-03T21:27:19.6925365Z,-0.314141,0.581427,0.000332,-0.559031,0.493511,-0.043665,8.30,gru,0.244890,0.087917,0.043997
2026-04-03T21:27:19.7152818Z,-0.328916,0.583203,0.002413,-0.566243,0.510929,-0.028737,6.75,gru,0.237327,0.072274,0.031150
2026-04-03T21:27:19.7565267Z,-0.314972,0.580484,0.001218,-0.567765,0.461055,-0.048644,8.87,gru,0.252793,0.119428,0.049861
2026-04-03T21:27:19.8040810Z,-0.327876,0.582902,0.002272,-0.564652,0.501213,-0.038449,8.06,gru,0.236776,0.081689,0.040721
2026-04-03T21:27:19.8319813Z,-0.329326,0.583140,0.002675,-0.566200,0.498630,-0.035582,7.95,gru,0.236874,0.084510,0.038256
2026-04-03T21:27:19.8578218Z,-0.331844,0.584221,0.002888,-0.565933,0.489889,-0.039955,7.98,gru,0.234090,0.094332,0.042843
2026-04-03T21:27:19.8844403Z,-0.329181,0.583001,0.002965,-0.569554,0.484488,-0.041433,8.53,gru,0.240374,0.098513,0.044397
2026-04-03T21:27:19.9300522Z,-0.328066,0.582719,0.002367,-0.569548,0.481030,-0.043850,7.56,gru,0.241482,0.101688,0.046217
2026-04-03T21:27:19.9529937Z,-0.329838,0.582482,0.002966,-0.571020,0.490936,-0.039690,7.84,gru,0.241182,0.091547,0.042656
2026-04-03T21:27:19.9913781Z,-0.327789,0.581013,0.003269,-0.573239,0.481959,-0.041315,6.56,gru,0.245450,0.099054,0.044583
2026-04-03T21:27:20.0312330Z,-0.326243,0.580787,0.002766,-0.571494,0.482435,-0.043079,7.01,gru,0.245251,0.098352,0.045844
2026-04-03T21:27:20.0533793Z,-0.331299,0.582890,0.003346,-0.570285,0.498760,-0.037692,7.68,gru,0.238986,0.084130,0.041038
2026-04-03T21:27:20.0951122Z,-0.311947,0.584424,-0.000601,-0.565400,0.478129,-0.051585,6.87,gru,0.253454,0.106295,0.050984
2026-04-03T21:27:20.1363180Z,-0.328825,0.582464,0.003005,-0.567384,0.491515,-0.034999,7.88,gru,0.238559,0.090950,0.038004
2026-04-03T21:27:20.1909699Z,-0.329731,0.581338,0.002991,-0.569977,0.491828,-0.035360,8.57,gru,0.240246,0.089509,0.038350
2026-04-03T21:27:20.2346038Z,-0.329929,0.582594,0.003172,-0.568368,0.483259,-0.041269,8.46,gru,0.238439,0.099335,0.044441
2026-04-03T21:27:20.2596149Z,-0.327651,0.583239,0.002042,-0.566636,0.494083,-0.041130,7.87,gru,0.238986,0.089157,0.043172
2026-04-03T21:27:20.2838002Z,-0.327607,0.582239,0.002462,-0.567275,0.491087,-0.040245,7.91,gru,0.239668,0.091152,0.042707
2026-04-03T21:27:20.3262817Z,-0.329082,0.582946,0.003069,-0.571693,0.484008,-0.041611,7.82,gru,0.242610,0.098938,0.044680
2026-04-03T21:27:20.3685402Z,-0.329559,0.582287,0.003449,-0.570377,0.476877,-0.042820,6.00,gru,0.240818,0.105410,0.046268
2026-04-03T21:27:20.3926571Z,-0.324540,0.581301,0.002257,-0.570861,0.480213,-0.045075,7.56,gru,0.246322,0.101089,0.047332
2026-04-03T21:27:20.4273959Z,-0.325342,0.583613,0.001861,-0.570821,0.478246,-0.045843,6.93,gru,0.245480,0.105367,0.047704
2026-04-03T21:27:20.4472414Z,-0.324513,0.582898,0.001674,-0.568937,0.488530,-0.041832,5.52,gru,0.244424,0.094368,0.043505
2026-04-03T21:27:20.4847958Z,-0.325500,0.581725,0.002034,-0.565919,0.486806,-0.040825,6.03,gru,0.240419,0.094919,0.042858
2026-04-03T21:27:20.5237289Z,-0.325116,0.580629,0.002886,-0.567089,0.491383,-0.038934,6.87,gru,0.241974,0.089246,0.041820
2026-04-03T21:27:20.5672563Z,-0.329067,0.584119,0.002739,-0.564951,0.498606,-0.038977,6.74,gru,0.235884,0.085513,0.041715
2026-04-03T21:27:20.5879652Z,-0.321197,0.579393,0.001675,-0.565887,0.477433,-0.045629,8.14,gru,0.244690,0.101960,0.047304
2026-04-03T21:27:20.6264111Z,-0.325816,0.582356,0.002368,-0.567770,0.491562,-0.039522,7.76,gru,0.241954,0.090794,0.041890
2026-04-03T21:27:20.6672872Z,-0.325494,0.581821,0.002123,-0.568173,0.488710,-0.040684,7.77,gru,0.242679,0.093112,0.042806
2026-04-03T21:27:20.6925386Z,-0.326991,0.583118,0.002402,-0.565648,0.481908,-0.041460,8.51,gru,0.238656,0.101210,0.043862
2026-04-03T21:27:20.7199654Z,-0.324960,0.581519,0.002460,-0.567161,0.486254,-0.041316,8.59,gru,0.242200,0.095265,0.043776
2026-04-03T21:27:20.7627553Z,-0.326961,0.582700,0.002169,-0.568650,0.485113,-0.045222,8.70,gru,0.241689,0.097587,0.047391
2026-04-03T21:27:20.7914434Z,-0.329024,0.582977,0.002698,-0.568656,0.491859,-0.039247,8.54,gru,0.239632,0.091118,0.041945
2026-04-03T21:27:20.8409317Z,-0.327700,0.583490,0.001585,-0.567813,0.483487,-0.043314,10.34,gru,0.240113,0.100003,0.044899
2026-04-03T21:27:20.8669096Z,-0.328974,0.582390,0.003139,-0.568233,0.487752,-0.038852,8.75,gru,0.239259,0.094638,0.041992
2026-04-03T21:27:20.8927228Z,-0.315229,0.582249,0.000886,-0.566909,0.477378,-0.048564,9.21,gru,0.251680,0.104871,0.049449
2026-04-03T21:27:20.9340265Z,-0.313476,0.581503,0.000478,-0.562603,0.485197,-0.046304,9.50,gru,0.249127,0.096306,0.046782
2026-04-03T21:27:20.9580028Z,-0.315595,0.582452,0.000829,-0.559581,0.499741,-0.037427,8.62,gru,0.243986,0.082711,0.038256
2026-04-03T21:27:21.0058278Z,-0.315469,0.582437,0.000667,-0.559894,0.484684,-0.042764,7.69,gru,0.244425,0.097753,0.043432
2026-04-03T21:27:21.0469208Z,-0.328628,0.583147,0.002392,-0.562886,0.491143,-0.035804,6.54,gru,0.234257,0.092004,0.038196
2026-04-03T21:27:21.0929454Z,-0.325243,0.581320,0.001672,-0.562818,0.482591,-0.042460,6.97,gru,0.237574,0.098730,0.044132
2026-04-03T21:27:21.1326557Z,-0.329722,0.581566,0.003611,-0.566367,0.483216,-0.039346,6.82,gru,0.236646,0.098350,0.042957
2026-04-03T21:27:21.1593275Z,-0.326609,0.581582,0.001617,-0.566292,0.484819,-0.043706,6.89,gru,0.239683,0.096763,0.045323
2026-04-03T21:27:21.1965845Z,-0.321070,0.579968,0.000869,-0.564140,0.474731,-0.046833,7.86,gru,0.243071,0.105237,0.047702
2026-04-03T21:27:21.2331026Z,-0.325029,0.582212,0.001710,-0.567277,0.498926,-0.037662,6.52,gru,0.242248,0.083286,0.039372
2026-04-03T21:27:21.2691794Z,-0.325437,0.581750,0.001928,-0.571800,0.473636,-0.043640,6.02,gru,0.246363,0.108114,0.045568
2026-04-03T21:27:21.3004362Z,-0.323861,0.581264,0.002182,-0.569317,0.477455,-0.043776,6.05,gru,0.245456,0.103810,0.045958
2026-04-03T21:27:21.3164792Z,-0.324579,0.582581,0.001799,-0.568781,0.486741,-0.043250,6.13,gru,0.244202,0.095840,0.045049
2026-04-03T21:27:21.3526713Z,-0.327105,0.582454,0.002546,-0.566461,0.491070,-0.039532,6.93,gru,0.239356,0.091384,0.042078
2026-04-03T21:27:21.3847828Z,-0.315173,0.582278,0.000672,-0.563820,0.472331,-0.048521,7.08,gru,0.248647,0.109946,0.049194
2026-04-03T21:27:21.4259283Z,-0.327846,0.581709,0.003251,-0.566268,0.495961,-0.034469,6.70,gru,0.238423,0.085748,0.037720
2026-04-03T21:27:21.4566862Z,-0.325428,0.581042,0.002681,-0.565293,0.490445,-0.038918,5.99,gru,0.239865,0.090597,0.041598
2026-04-03T21:27:21.4914105Z,-0.326937,0.582981,0.001820,-0.567747,0.487753,-0.044604,7.44,gru,0.240810,0.095228,0.046424
2026-04-03T21:27:21.5252909Z,-0.324971,0.581156,0.002136,-0.566866,0.487964,-0.040259,6.60,gru,0.241895,0.093192,0.042395
2026-04-03T21:27:21.5578006Z,-0.327034,0.583558,0.001722,-0.568701,0.482589,-0.044637,5.93,gru,0.241668,0.100970,0.046359
2026-04-03T21:27:21.5920271Z,-0.313644,0.582033,0.000101,-0.566937,0.465415,-0.052478,6.27,gru,0.253293,0.116617,0.052579
2026-04-03T21:27:21.6243969Z,-0.314062,0.582045,0.000632,-0.563364,0.477058,-0.046359,6.68,gru,0.249302,0.104987,0.046991
2026-04-03T21:27:21.6546938Z,-0.326140,0.582873,0.002030,-0.565794,0.498017,-0.035397,5.54,gru,0.239654,0.084857,0.037427
2026-04-03T21:27:21.6945777Z,-0.315313,0.582080,0.001064,-0.565343,0.474894,-0.045906,6.93,gru,0.250030,0.107186,0.046970
2026-04-03T21:27:21.7130501Z,-0.314586,0.582602,0.000621,-0.561525,0.477469,-0.046751,6.60,gru,0.246939,0.105133,0.047372
2026-04-03T21:27:21.7421361Z,-0.315187,0.582292,0.000393,-0.556837,0.496403,-0.039426,5.86,gru,0.241650,0.085889,0.039819
2026-04-03T21:27:21.7792752Z,-0.326792,0.581514,0.002068,-0.565639,0.485950,-0.036856,6.02,gru,0.238846,0.095564,0.038924
2026-04-03T21:27:21.8129129Z,-0.315607,0.581509,0.000938,-0.564214,0.463078,-0.047500,5.03,gru,0.248607,0.118431,0.048438
2026-04-03T21:27:21.8472941Z,-0.314541,0.583101,0.000520,-0.561522,0.482582,-0.047001,5.51,gru,0.246981,0.100519,0.047522
2026-04-03T21:27:21.8815729Z,-0.315103,0.581859,0.000504,-0.561849,0.488942,-0.041137,6.75,gru,0.246746,0.092917,0.041641
2026-04-03T21:27:21.9189263Z,-0.314686,0.583207,0.000288,-0.560045,0.480150,-0.044488,6.80,gru,0.245359,0.103057,0.044775
2026-04-03T21:27:21.9612719Z,-0.327053,0.579634,0.003101,-0.562125,0.489194,-0.033162,5.94,gru,0.235073,0.090440,0.036263
2026-04-03T21:27:21.9945012Z,-0.327145,0.581067,0.002753,-0.566363,0.482522,-0.040477,6.43,gru,0.239219,0.098546,0.043231
2026-04-03T21:27:22.0127792Z,-0.327105,0.583335,0.002275,-0.565574,0.480038,-0.045884,6.81,gru,0.238469,0.103298,0.048159
2026-04-03T21:27:22.0544422Z,-0.329075,0.584083,0.002394,-0.563967,0.491587,-0.038807,6.26,gru,0.234892,0.092496,0.041201
2026-04-03T21:27:22.0881360Z,-0.328972,0.583614,0.002387,-0.568940,0.481015,-0.042197,5.99,gru,0.239968,0.102599,0.044583
2026-04-03T21:27:22.1834823Z,-0.329085,0.582892,0.002779,-0.570096,0.484970,-0.041567,6.40,gru,0.241011,0.097922,0.044347
2026-04-03T21:27:22.2136522Z,-0.327466,0.582348,0.002493,-0.568619,0.482334,-0.042314,5.86,gru,0.241153,0.100014,0.044808
2026-04-03T21:27:22.3123764Z,-0.327446,0.582066,0.002617,-0.570505,0.487477,-0.042062,7.17,gru,0.243059,0.094589,0.044678
2026-04-03T21:27:22.3428827Z,-0.329311,0.581759,0.002913,-0.574956,0.475659,-0.044363,6.32,gru,0.245645,0.106101,0.047276
2026-04-03T21:27:22.3605246Z,-0.314478,0.583233,0.000400,-0.567160,0.470263,-0.052518,5.77,gru,0.252682,0.112970,0.052917
2026-04-03T21:27:22.4409058Z,-0.315289,0.581079,0.001513,-0.562126,0.486321,-0.042470,6.05,gru,0.246837,0.094758,0.043983
2026-04-03T21:27:22.4786654Z,-0.327338,0.581532,0.002598,-0.565945,0.494325,-0.034168,6.33,gru,0.238607,0.087208,0.036766
2026-04-03T21:27:22.5428540Z,-0.328365,0.582442,0.002658,-0.568216,0.476633,-0.043634,6.41,gru,0.239851,0.105809,0.046292
2026-04-03T21:27:22.5707751Z,-0.329226,0.582671,0.002729,-0.569925,0.475768,-0.044794,5.91,gru,0.240699,0.106903,0.047523
2026-04-03T21:27:22.6156176Z,-0.328164,0.582581,0.002538,-0.569856,0.484179,-0.042111,6.33,gru,0.241691,0.098401,0.044650
2026-04-03T21:27:22.6441431Z,-0.329050,0.582930,0.002727,-0.568730,0.480572,-0.042944,5.00,gru,0.239681,0.102357,0.045670
2026-04-03T21:27:22.6812302Z,-0.329320,0.583251,0.003068,-0.569118,0.482167,-0.042509,8.10,gru,0.239797,0.101084,0.045578
2026-04-03T21:27:22.7213034Z,-0.328227,0.582233,0.003059,-0.572593,0.473101,-0.045267,6.09,gru,0.244366,0.109132,0.048326
2026-04-03T21:27:22.7491019Z,-0.329545,0.583142,0.002986,-0.572951,0.482204,-0.044213,6.55,gru,0.243406,0.100938,0.047200
2026-04-03T21:27:22.7800420Z,-0.327932,0.584091,0.002254,-0.572154,0.478705,-0.043631,5.86,gru,0.244222,0.105386,0.045884
2026-04-03T21:27:22.8219236Z,-0.328334,0.581932,0.002627,-0.570706,0.478167,-0.041880,6.87,gru,0.242372,0.103765,0.044507
2026-04-03T21:27:22.8614123Z,-0.327447,0.582008,0.002433,-0.569890,0.487600,-0.041708,7.59,gru,0.242443,0.094408,0.044140
2026-04-03T21:27:22.8800788Z,-0.328865,0.582481,0.002825,-0.567339,0.494938,-0.039764,6.69,gru,0.238475,0.087543,0.042589
2026-04-03T21:27:22.9212969Z,-0.326212,0.581308,0.002635,-0.566431,0.487719,-0.041353,7.00,gru,0.240219,0.093589,0.043988
2026-04-03T21:27:22.9616661Z,-0.328721,0.582836,0.002699,-0.569413,0.491483,-0.040822,7.60,gru,0.240692,0.091353,0.043520
2026-04-03T21:27:22.9849245Z,-0.328984,0.582619,0.003104,-0.571058,0.488631,-0.040377,7.98,gru,0.242074,0.093989,0.043480
2026-04-03T21:27:23.0255308Z,-0.327742,0.582784,0.002154,-0.567619,0.485649,-0.042948,7.02,gru,0.239877,0.097135,0.045103
2026-04-03T21:27:23.0671946Z,-0.329341,0.580944,0.003311,-0.569392,0.484968,-0.039045,6.59,gru,0.240051,0.095976,0.042356
2026-04-03T21:27:23.0783082Z,-0.327053,0.581024,0.002711,-0.571486,0.477068,-0.045157,6.10,gru,0.244433,0.103956,0.047868
2026-04-03T21:27:23.1199149Z,-0.331105,0.583122,0.003216,-0.571278,0.482137,-0.042692,6.24,gru,0.240173,0.100986,0.045908
2026-04-03T21:27:23.1596576Z,-0.325664,0.581406,0.002360,-0.570289,0.478027,-0.044072,6.88,gru,0.244625,0.103379,0.046433
2026-04-03T21:27:23.2576766Z,-0.327540,0.581849,0.002476,-0.569517,0.486036,-0.042137,6.91,gru,0.241977,0.095813,0.044613
2026-04-03T21:27:23.2782474Z,-0.329817,0.582204,0.003321,-0.570378,0.493671,-0.037379,6.43,gru,0.240561,0.088533,0.040700
2026-04-03T21:27:23.2955971Z,-0.323440,0.581723,0.001841,-0.568826,0.479729,-0.045536,5.79,gru,0.245385,0.101994,0.047377
2026-04-03T21:27:23.3635420Z,-0.328769,0.584361,0.002366,-0.568041,0.497952,-0.039793,6.45,gru,0.239271,0.086409,0.042158
2026-04-03T21:27:23.4184028Z,-0.322611,0.581649,0.000727,-0.566521,0.485488,-0.044750,6.82,gru,0.243910,0.096160,0.045477
2026-04-03T21:27:23.5043582Z,-0.313200,0.581070,0.000312,-0.563677,0.474050,-0.047936,6.95,gru,0.250476,0.107021,0.048248
2026-04-03T21:27:23.5336393Z,-0.315275,0.581803,0.000990,-0.560891,0.498977,-0.038515,4.90,gru,0.245616,0.082826,0.039505
2026-04-03T21:27:23.6312568Z,-0.315344,0.581713,0.001093,-0.559835,0.493673,-0.041238,6.59,gru,0.244490,0.088040,0.042331
2026-04-03T21:27:23.7040845Z,-0.326115,0.582527,0.002184,-0.562767,0.490569,-0.037633,7.41,gru,0.236652,0.091958,0.039817
2026-04-03T21:27:23.7346587Z,-0.327183,0.582961,0.002495,-0.564364,0.485520,-0.039799,6.98,gru,0.237181,0.097441,0.042294
2026-04-03T21:27:23.7956104Z,-0.326946,0.581387,0.002653,-0.564448,0.480036,-0.041535,7.14,gru,0.237503,0.101351,0.044188
2026-04-03T21:27:23.8158070Z,-0.325789,0.582647,0.002051,-0.565132,0.485927,-0.042229,8.10,gru,0.239342,0.096720,0.044279
2026-04-03T21:27:23.8500582Z,-0.323657,0.579867,0.001945,-0.563696,0.484563,-0.041854,7.59,gru,0.240039,0.095303,0.043800
2026-04-03T21:27:23.8914114Z,-0.324302,0.584464,0.000478,-0.564758,0.495958,-0.043595,8.28,gru,0.240456,0.088506,0.044073
2026-04-03T21:27:23.9157420Z,-0.325561,0.581985,0.002421,-0.569926,0.485571,-0.039940,7.57,gru,0.244366,0.096414,0.042360
2026-04-03T21:27:23.9641419Z,-0.328761,0.582272,0.002834,-0.569640,0.480511,-0.039094,8.63,gru,0.240879,0.101761,0.041928
2026-04-03T21:27:23.9906361Z,-0.325488,0.581704,0.002367,-0.568310,0.479871,-0.043939,8.03,gru,0.242822,0.101834,0.046306
2026-04-03T21:27:24.0365424Z,-0.328546,0.581802,0.002904,-0.567932,0.491848,-0.038862,7.74,gru,0.239386,0.089954,0.041765
2026-04-03T21:27:24.0623231Z,-0.329615,0.581405,0.003691,-0.568431,0.484300,-0.038794,8.29,gru,0.238816,0.097105,0.042485
2026-04-03T21:27:24.1060543Z,-0.315603,0.582747,0.000483,-0.568575,0.481839,-0.042220,8.39,gru,0.252972,0.100908,0.042703
2026-04-03T21:27:24.1529490Z,-0.327479,0.580753,0.002922,-0.568982,0.493490,-0.034553,7.69,gru,0.241503,0.087263,0.037474
2026-04-03T21:27:24.1921720Z,-0.313449,0.582894,0.000064,-0.563782,0.489364,-0.046942,7.36,gru,0.250333,0.093530,0.047007
2026-04-03T21:27:24.2356240Z,-0.314355,0.580540,0.000923,-0.566397,0.471338,-0.048178,6.93,gru,0.252042,0.109203,0.049102
2026-04-03T21:27:24.2573681Z,-0.325839,0.581214,0.002658,-0.567078,0.489763,-0.033285,8.71,gru,0.241238,0.091451,0.035942
2026-04-03T21:27:24.2981718Z,-0.331686,0.583292,0.003378,-0.567952,0.479792,-0.040778,7.49,gru,0.236267,0.103500,0.044156
2026-04-03T21:27:24.3225850Z,-0.327177,0.581257,0.002757,-0.567848,0.466562,-0.045761,7.48,gru,0.240672,0.114695,0.048519
2026-04-03T21:27:24.3638122Z,-0.330344,0.584133,0.002098,-0.567305,0.494444,-0.041803,6.48,gru,0.236961,0.089689,0.043902
2026-04-03T21:27:24.3877586Z,-0.327188,0.582793,0.002315,-0.567336,0.489872,-0.040661,6.13,gru,0.240148,0.092921,0.042976
2026-04-03T21:27:24.4247453Z,-0.327117,0.582433,0.002431,-0.568583,0.481013,-0.041673,6.00,gru,0.241466,0.101419,0.044104
2026-04-03T21:27:24.4811887Z,-0.329569,0.581401,0.003680,-0.571849,0.485644,-0.038769,6.95,gru,0.242280,0.095757,0.042449
2026-04-03T21:27:24.5161943Z,-0.315940,0.581280,0.001734,-0.571277,0.463591,-0.049653,6.37,gru,0.255336,0.117689,0.051387
2026-04-03T21:27:24.5484456Z,-0.323119,0.580513,0.001252,-0.569675,0.493254,-0.043921,5.52,gru,0.246555,0.087259,0.045173
2026-04-03T21:27:24.5805074Z,-0.326196,0.582780,0.002061,-0.565665,0.494881,-0.036471,5.50,gru,0.239469,0.087899,0.038532
2026-04-03T21:27:24.6140822Z,-0.325053,0.580115,0.002917,-0.568539,0.474769,-0.041372,6.70,gru,0.243486,0.105346,0.044290
2026-04-03T21:27:24.6463020Z,-0.324714,0.582081,0.001794,-0.566507,0.483664,-0.044198,5.99,gru,0.241793,0.098418,0.045992
2026-04-03T21:27:24.6791956Z,-0.326840,0.583935,0.001762,-0.564451,0.495993,-0.040722,7.60,gru,0.237611,0.087942,0.042484
2026-04-03T21:27:24.7196334Z,-0.315160,0.583338,0.000319,-0.562067,0.478000,-0.046656,7.04,gru,0.246907,0.105338,0.046975
2026-04-03T21:27:24.7473223Z,-0.313161,0.581401,-0.000096,-0.564029,0.478999,-0.046786,5.65,gru,0.250867,0.102402,0.046691
2026-04-03T21:27:24.7822368Z,-0.317020,0.582624,0.000466,-0.561583,0.492322,-0.040731,5.63,gru,0.244563,0.090302,0.041197
2026-04-03T21:27:24.8232151Z,-0.323703,0.582127,0.000880,-0.563405,0.484836,-0.040053,7.34,gru,0.239702,0.097292,0.040933
2026-04-03T21:27:24.8659360Z,-0.326193,0.580452,0.002831,-0.568232,0.470671,-0.042277,6.36,gru,0.242039,0.109782,0.045108
2026-04-03T21:27:24.9353151Z,-0.326802,0.582857,0.002518,-0.566587,0.473018,-0.044460,6.46,gru,0.239785,0.109839,0.046978
2026-04-03T21:27:24.9675387Z,-0.324827,0.581863,0.001572,-0.564486,0.483173,-0.044395,6.49,gru,0.239660,0.098690,0.045967
2026-04-03T21:27:24.9981651Z,-0.323321,0.580803,0.001717,-0.561569,0.488462,-0.040373,5.87,gru,0.238248,0.092341,0.042090
2026-04-03T21:27:25.0158687Z,-0.326844,0.580880,0.002685,-0.566097,0.486777,-0.038164,6.26,gru,0.239253,0.094103,0.040849
2026-04-03T21:27:25.0810713Z,-0.331250,0.583604,0.002947,-0.569994,0.499085,-0.038787,7.86,gru,0.238744,0.084518,0.041734
2026-04-03T21:27:25.0910220Z,-0.325845,0.582236,0.002274,-0.570590,0.480275,-0.045015,6.65,gru,0.244745,0.101960,0.047289
2026-04-03T21:27:25.1546076Z,-0.326737,0.582999,0.002021,-0.567369,0.488116,-0.042342,5.07,gru,0.240632,0.094883,0.044363
2026-04-03T21:27:25.1853884Z,-0.328795,0.582860,0.002181,-0.569393,0.490986,-0.039416,6.61,gru,0.240598,0.091873,0.041597
2026-04-03T21:27:25.2777304Z,-0.327654,0.581323,0.003059,-0.569575,0.470809,-0.042961,6.12,gru,0.241921,0.110513,0.046020
2026-04-03T21:27:25.3244384Z,-0.327431,0.582237,0.002430,-0.570902,0.477530,-0.044418,5.31,gru,0.243472,0.104707,0.046848
2026-04-03T21:27:25.3417629Z,-0.330926,0.582543,0.003564,-0.571425,0.490049,-0.039233,7.03,gru,0.240499,0.092495,0.042797
2026-04-03T21:27:25.3591901Z,-0.317520,0.582645,0.001144,-0.569712,0.468295,-0.049522,6.51,gru,0.252192,0.114351,0.050667
2026-04-03T21:27:25.3906226Z,-0.316944,0.583164,0.000468,-0.564264,0.486983,-0.046793,6.52,gru,0.247320,0.096180,0.047261
2026-04-03T21:27:25.4230539Z,-0.329655,0.581822,0.003195,-0.567720,0.506274,-0.028624,6.52,gru,0.238065,0.075549,0.031819
2026-04-03T21:27:25.4551023Z,-0.329320,0.582482,0.003150,-0.569849,0.476202,-0.042530,6.01,gru,0.240529,0.106280,0.045680
2026-04-03T21:27:25.4870974Z,-0.330161,0.583517,0.003350,-0.571110,0.471059,-0.045838,6.03,gru,0.240948,0.112458,0.049188
2026-04-03T21:27:25.5192068Z,-0.328737,0.583046,0.002556,-0.570549,0.482129,-0.044457,6.63,gru,0.241812,0.100917,0.047013
2026-04-03T21:27:25.5539767Z,-0.330691,0.582988,0.003245,-0.572504,0.482684,-0.041411,6.60,gru,0.241813,0.100304,0.044656
2026-04-03T21:27:25.5952891Z,-0.327252,0.580793,0.002960,-0.568794,0.475962,-0.041667,7.60,gru,0.241541,0.104831,0.044627
2026-04-03T21:27:25.6376171Z,-0.329324,0.583283,0.003048,-0.569140,0.492020,-0.040859,10.17,gru,0.239816,0.091262,0.043907
2026-04-03T21:27:25.6615236Z,-0.328212,0.582063,0.002183,-0.574028,0.481495,-0.044431,7.56,gru,0.245816,0.100568,0.046614
2026-04-03T21:27:25.6813227Z,-0.329102,0.583711,0.002484,-0.574168,0.477054,-0.043806,5.98,gru,0.245066,0.106657,0.046290
2026-04-03T21:27:25.7212701Z,-0.329579,0.582753,0.002927,-0.570775,0.483152,-0.040179,8.47,gru,0.241195,0.099601,0.043105
2026-04-03T21:27:25.7643868Z,-0.326075,0.582305,0.001894,-0.568973,0.487527,-0.043704,7.22,gru,0.242898,0.094778,0.045598
2026-04-03T21:27:25.7924507Z,-0.327381,0.581829,0.002611,-0.568795,0.485938,-0.040930,9.57,gru,0.241414,0.095891,0.043541
2026-04-03T21:27:25.8200464Z,-0.327526,0.580640,0.003163,-0.568037,0.486981,-0.039198,7.67,gru,0.240512,0.093659,0.042361
2026-04-03T21:27:25.8663839Z,-0.327575,0.582855,0.002079,-0.570814,0.488667,-0.043825,8.06,gru,0.243239,0.094188,0.045904
2026-04-03T21:27:25.8922880Z,-0.326035,0.581129,0.002858,-0.570580,0.480508,-0.041851,8.44,gru,0.244545,0.100621,0.044709
2026-04-03T21:27:25.9192394Z,-0.327111,0.580252,0.002726,-0.567685,0.486083,-0.040205,7.96,gru,0.240573,0.094169,0.042931
2026-04-03T21:27:25.9674781Z,-0.328051,0.581736,0.002755,-0.566771,0.493358,-0.039795,9.24,gru,0.238720,0.088378,0.042550
2026-04-03T21:27:25.9901157Z,-0.325675,0.581821,0.002534,-0.570622,0.477775,-0.045212,7.12,gru,0.244947,0.104046,0.047745
2026-04-03T21:27:26.0310838Z,-0.327000,0.581851,0.003039,-0.569944,0.481662,-0.043173,8.84,gru,0.242944,0.100188,0.046211
2026-04-03T21:27:26.0538275Z,-0.326640,0.583350,0.001800,-0.567801,0.489474,-0.042781,7.24,gru,0.241162,0.093876,0.044581
2026-04-03T21:27:26.0996097Z,-0.328445,0.581896,0.002781,-0.567872,0.487163,-0.039654,8.39,gru,0.239427,0.094733,0.042435
2026-04-03T21:27:26.1222496Z,-0.327263,0.582018,0.002127,-0.566918,0.490170,-0.040874,6.95,gru,0.239654,0.091848,0.043001
2026-04-03T21:27:26.1658717Z,-0.314396,0.583154,-0.000203,-0.565339,0.482365,-0.050110,6.58,gru,0.250943,0.100789,0.049906
2026-04-03T21:27:26.1880558Z,-0.314337,0.581792,0.001081,-0.561851,0.489600,-0.040553,6.94,gru,0.247513,0.092192,0.041634
2026-04-03T21:27:26.2317765Z,-0.318731,0.583946,0.000497,-0.561844,0.493649,-0.039817,7.01,gru,0.243113,0.090297,0.040314
2026-04-03T21:27:26.2498203Z,-0.329809,0.582030,0.002969,-0.564319,0.492069,-0.034812,7.13,gru,0.234510,0.089962,0.037780
2026-04-03T21:27:26.2952996Z,-0.326700,0.580698,0.002328,-0.567338,0.474935,-0.041875,8.03,gru,0.240639,0.105763,0.044202
2026-04-03T21:27:26.3284346Z,-0.316493,0.580237,0.000470,-0.561945,0.480877,-0.047825,5.77,gru,0.245451,0.099360,0.048295
2026-04-03T21:27:26.3518383Z,-0.328269,0.581777,0.003121,-0.565378,0.506220,-0.029724,6.66,gru,0.237109,0.075557,0.032845
2026-04-03T21:27:26.3862879Z,-0.328587,0.582208,0.002849,-0.567775,0.488006,-0.039094,5.70,gru,0.239187,0.094202,0.041942
2026-04-03T21:27:26.4181157Z,-0.327598,0.582618,0.002466,-0.569030,0.476165,-0.044272,6.13,gru,0.241433,0.106454,0.046738
2026-04-03T21:27:26.4523670Z,-0.317111,0.583077,0.000305,-0.567143,0.477104,-0.048430,5.61,gru,0.250032,0.105973,0.048735
2026-04-03T21:27:26.4818714Z,-0.317598,0.582235,0.001484,-0.566823,0.488409,-0.041430,5.63,gru,0.249225,0.093825,0.042915
2026-04-03T21:27:26.5167075Z,-0.327372,0.582864,0.002381,-0.567993,0.494071,-0.034617,5.70,gru,0.240621,0.088793,0.036998
2026-04-03T21:27:26.5560594Z,-0.327982,0.582670,0.002565,-0.569850,0.475559,-0.041745,6.28,gru,0.241868,0.107110,0.044310
2026-04-03T21:27:26.5900613Z,-0.314989,0.580655,0.001215,-0.566295,0.467214,-0.048116,6.56,gru,0.251306,0.113440,0.049330
2026-04-03T21:27:26.6202494Z,-0.317656,0.581547,0.001566,-0.562896,0.490171,-0.040827,6.83,gru,0.245239,0.091376,0.042393
2026-04-03T21:27:26.6524504Z,-0.318012,0.582346,0.000835,-0.561479,0.493609,-0.040605,5.72,gru,0.243466,0.088736,0.041440
2026-04-03T21:27:26.6840538Z,-0.327205,0.580413,0.002993,-0.566721,0.487478,-0.037144,5.48,gru,0.239516,0.092935,0.040137
2026-04-03T21:27:26.7194008Z,-0.324115,0.580963,0.001698,-0.566280,0.482247,-0.042586,6.72,gru,0.242165,0.098716,0.044284
2026-04-03T21:27:26.7501206Z,-0.328338,0.581101,0.002975,-0.567129,0.486109,-0.040267,6.33,gru,0.238792,0.094992,0.043242
2026-04-03T21:27:26.7894235Z,-0.327534,0.581384,0.002662,-0.569956,0.480572,-0.042934,6.26,gru,0.242422,0.100812,0.045596
2026-04-03T21:27:26.8249591Z,-0.331166,0.583306,0.003154,-0.570499,0.479974,-0.043471,6.01,gru,0.239333,0.103332,0.046625
2026-04-03T21:27:26.8623578Z,-0.328463,0.582000,0.003195,-0.570433,0.483621,-0.042999,7.76,gru,0.241971,0.098379,0.046194
2026-04-03T21:27:26.8835290Z,-0.327650,0.580607,0.002854,-0.568413,0.482714,-0.041817,6.09,gru,0.240763,0.097893,0.044671
2026-04-03T21:27:26.9259091Z,-0.330415,0.583529,0.002768,-0.573909,0.486839,-0.041328,7.93,gru,0.243494,0.096690,0.044096
2026-04-03T21:27:26.9477009Z,-0.326953,0.580497,0.002485,-0.575095,0.464832,-0.046775,5.92,gru,0.248142,0.115666,0.049260
2026-04-03T21:27:26.9830834Z,-0.331590,0.583437,0.003161,-0.572768,0.489942,-0.039482,6.00,gru,0.241178,0.093495,0.042643
2026-04-03T21:27:27.0333041Z,-0.329953,0.582043,0.003483,-0.568581,0.488607,-0.039226,6.64,gru,0.238628,0.093436,0.042708
2026-04-03T21:27:27.0527448Z,-0.327499,0.581421,0.002877,-0.569534,0.480288,-0.043474,7.62,gru,0.242035,0.101133,0.046351
2026-04-03T21:27:27.1050361Z,-0.315963,0.582503,0.000904,-0.569185,0.474863,-0.051545,6.23,gru,0.253222,0.107639,0.052449
2026-04-03T21:27:27.1384069Z,-0.327719,0.580919,0.002781,-0.568964,0.491127,-0.036467,6.45,gru,0.241245,0.089792,0.039248
2026-04-03T21:27:27.1691404Z,-0.327538,0.580193,0.003114,-0.567302,0.489523,-0.037318,6.13,gru,0.239764,0.090669,0.040432
2026-04-03T21:27:27.2091553Z,-0.327433,0.581252,0.002605,-0.569819,0.480859,-0.043615,5.98,gru,0.242386,0.100393,0.046220
2026-04-03T21:27:27.2426958Z,-0.316172,0.582120,0.000342,-0.570336,0.478384,-0.042282,7.24,gru,0.254164,0.103735,0.042624
2026-04-03T21:27:27.2821136Z,-0.328489,0.583586,0.002609,-0.568056,0.493648,-0.037140,5.55,gru,0.239566,0.089938,0.039749
2026-04-03T21:27:27.3244810Z,-0.328288,0.581021,0.003181,-0.568954,0.479395,-0.037312,7.01,gru,0.240665,0.101625,0.040493
2026-04-03T21:27:27.3656352Z,-0.327202,0.581054,0.002482,-0.572392,0.468474,-0.045742,5.81,gru,0.245190,0.112580,0.048224
2026-04-03T21:27:27.3827281Z,-0.329356,0.582655,0.003016,-0.570876,0.489521,-0.039154,7.02,gru,0.241520,0.093134,0.042170
2026-04-03T21:27:27.4125691Z,-0.328811,0.582038,0.002609,-0.569394,0.483555,-0.041292,6.23,gru,0.240583,0.098484,0.043901
2026-04-03T21:27:27.4471812Z,-0.328899,0.582139,0.002906,-0.568123,0.489973,-0.040226,6.72,gru,0.239224,0.092166,0.043132
2026-04-03T21:27:27.4775533Z,-0.317108,0.585113,0.000504,-0.566418,0.482296,-0.048510,5.66,gru,0.249310,0.102816,0.049014
2026-04-03T21:27:27.5265254Z,-0.318916,0.582289,0.001523,-0.563649,0.482629,-0.041680,6.44,gru,0.244733,0.099660,0.043203
2026-04-03T21:27:27.6103463Z,-0.328157,0.582624,0.002550,-0.567518,0.500075,-0.033216,7.33,gru,0.239361,0.082548,0.035766
2026-04-03T21:27:27.6288289Z,-0.327348,0.580129,0.003078,-0.570365,0.471011,-0.041253,7.18,gru,0.243017,0.109119,0.044332
2026-04-03T21:27:27.7075829Z,-0.327691,0.580902,0.002656,-0.566109,0.489470,-0.040707,6.36,gru,0.238418,0.091432,0.043363
2026-04-03T21:27:27.7255148Z,-0.328957,0.582161,0.002805,-0.566093,0.495113,-0.038633,5.79,gru,0.237136,0.087048,0.041438
2026-04-03T21:27:27.7677678Z,-0.315830,0.579885,0.001667,-0.564624,0.469748,-0.047024,5.58,gru,0.248793,0.110137,0.048690
2026-04-03T21:27:27.7850338Z,-0.316463,0.581568,0.000620,-0.563418,0.482869,-0.047551,6.15,gru,0.246955,0.098699,0.048171
2026-04-03T21:27:27.8224051Z,-0.327851,0.580402,0.002394,-0.568968,0.495073,-0.033387,7.47,gru,0.241117,0.085329,0.035781
2026-04-03T21:27:27.8750045Z,-0.329936,0.582768,0.002898,-0.570406,0.478460,-0.039544,6.36,gru,0.240471,0.104308,0.042441
2026-04-03T21:27:27.8938580Z,-0.330205,0.583089,0.002897,-0.569821,0.480351,-0.042278,5.27,gru,0.239616,0.102738,0.045174
2026-04-03T21:27:27.9275507Z,-0.329131,0.581909,0.003034,-0.570057,0.482399,-0.041145,6.03,gru,0.240927,0.099510,0.044179
2026-04-03T21:27:27.9598601Z,-0.329816,0.583546,0.002515,-0.570671,0.483555,-0.044152,6.04,gru,0.240855,0.099990,0.046668
2026-04-03T21:27:27.9921157Z,-0.318315,0.583038,0.000759,-0.564868,0.483840,-0.047205,5.22,gru,0.246553,0.099198,0.047963
2026-04-03T21:27:28.0264253Z,-0.318342,0.582409,0.000847,-0.565265,0.481103,-0.043758,6.54,gru,0.246923,0.101306,0.044605
2026-04-03T21:27:28.0592861Z,-0.316354,0.581410,0.000911,-0.566858,0.481898,-0.042526,5.10,gru,0.250504,0.099513,0.043436
2026-04-03T21:27:28.0913666Z,-0.330514,0.582667,0.003176,-0.568524,0.497911,-0.033549,7.49,gru,0.238009,0.084756,0.036725
2026-04-03T21:27:28.1228800Z,-0.329293,0.581035,0.003171,-0.567129,0.482018,-0.038967,5.49,gru,0.237837,0.099017,0.042138
2026-04-03T21:27:28.1536451Z,-0.329474,0.580999,0.003167,-0.567548,0.480046,-0.042065,6.27,gru,0.238074,0.100953,0.045232
2026-04-03T21:27:28.2233181Z,-0.316222,0.581008,0.000865,-0.563336,0.481991,-0.049506,5.80,gru,0.247115,0.099017,0.050371
2026-04-03T21:27:28.3107197Z,-0.327691,0.582261,0.002456,-0.564675,0.496238,-0.036748,6.42,gru,0.236984,0.086022,0.039204
2026-04-03T21:27:28.3575720Z,-0.330766,0.582538,0.003638,-0.570620,0.493214,-0.034926,5.73,gru,0.239854,0.089324,0.038564
2026-04-03T21:27:28.3901632Z,-0.327732,0.581961,0.002803,-0.573586,0.468410,-0.044694,6.51,gru,0.245853,0.113551,0.047497
2026-04-03T21:27:28.4106952Z,-0.329485,0.582215,0.002630,-0.571575,0.487664,-0.041407,6.56,gru,0.242090,0.094551,0.044037
2026-04-03T21:27:28.4289850Z,-0.324236,0.581865,0.002211,-0.569580,0.483655,-0.042589,6.54,gru,0.245344,0.098210,0.044800
2026-04-03T21:27:28.4456341Z,-0.325090,0.582002,0.001841,-0.571075,0.471030,-0.045967,5.49,gru,0.245985,0.110972,0.047809
2026-04-03T21:27:28.4769742Z,-0.329385,0.582993,0.003085,-0.571301,0.482213,-0.040478,6.16,gru,0.241917,0.100781,0.043563
2026-04-03T21:27:28.5084460Z,-0.329902,0.582405,0.002715,-0.571510,0.476880,-0.042224,5.50,gru,0.241608,0.105525,0.044939
2026-04-03T21:27:28.5425426Z,-0.327800,0.581952,0.002773,-0.569079,0.484254,-0.042169,6.03,gru,0.241278,0.097698,0.044942
2026-04-03T21:27:28.5772085Z,-0.324507,0.581047,0.001914,-0.569481,0.486775,-0.043143,6.34,gru,0.244974,0.094271,0.045057
2026-04-03T21:27:28.6166990Z,-0.328063,0.581135,0.003379,-0.568176,0.492073,-0.036948,6.38,gru,0.240113,0.089062,0.040326
2026-04-03T21:27:28.6479006Z,-0.328715,0.582967,0.002450,-0.568738,0.495820,-0.040697,6.03,gru,0.240023,0.087147,0.043147
2026-04-03T21:27:28.6885704Z,-0.328928,0.583677,0.002546,-0.568874,0.482399,-0.044508,6.50,gru,0.239947,0.101278,0.047054
2026-04-03T21:27:28.7351267Z,-0.318543,0.580717,0.001860,-0.570671,0.465383,-0.049025,8.12,gru,0.252128,0.115333,0.050885
2026-04-03T21:27:28.7557695Z,-0.319155,0.580895,0.002059,-0.568120,0.477352,-0.045046,6.52,gru,0.248965,0.103543,0.047104
2026-04-03T21:27:28.7851259Z,-0.316957,0.583548,0.000081,-0.561727,0.499917,-0.043862,6.58,gru,0.244770,0.083631,0.043943
2026-04-03T21:27:28.8181865Z,-0.331065,0.583245,0.003114,-0.565702,0.494007,-0.032750,5.87,gru,0.234638,0.089238,0.035865
2026-04-03T21:27:28.8560396Z,-0.329472,0.581750,0.002912,-0.569502,0.475213,-0.039980,6.00,gru,0.240030,0.106537,0.042893
2026-04-03T21:27:28.8948177Z,-0.329026,0.583106,0.002530,-0.569930,0.471333,-0.046776,8.08,gru,0.240904,0.111774,0.049307
2026-04-03T21:27:28.9155354Z,-0.328123,0.582005,0.002879,-0.568151,0.489921,-0.039056,5.89,gru,0.240028,0.092084,0.041936
2026-04-03T21:27:28.9622528Z,-0.327093,0.581285,0.002558,-0.566348,0.488001,-0.040491,6.35,gru,0.239255,0.093284,0.043048
2026-04-03T21:27:28.9838272Z,-0.331475,0.582402,0.003489,-0.569453,0.491561,-0.037829,6.19,gru,0.237978,0.090842,0.041318
2026-04-03T21:27:29.0252755Z,-0.329234,0.580557,0.003142,-0.571444,0.481099,-0.041515,7.26,gru,0.242210,0.099458,0.044656
2026-04-03T21:27:29.0624433Z,-0.328756,0.581550,0.003191,-0.573293,0.478832,-0.043490,5.97,gru,0.244538,0.102718,0.046681
2026-04-03T21:27:29.0940867Z,-0.327368,0.580735,0.002962,-0.572428,0.482862,-0.042366,5.03,gru,0.245060,0.097873,0.045328
2026-04-03T21:27:29.1176447Z,-0.327529,0.580668,0.002904,-0.569127,0.489010,-0.040825,7.57,gru,0.241597,0.091658,0.043729
2026-04-03T21:27:29.1571199Z,-0.327396,0.581051,0.002916,-0.568449,0.488795,-0.040497,7.20,gru,0.241053,0.092255,0.043413
2026-04-03T21:27:29.1943850Z,-0.326904,0.581000,0.002778,-0.569961,0.483043,-0.042238,8.02,gru,0.243057,0.097957,0.045016
2026-04-03T21:27:29.2257368Z,-0.328640,0.582444,0.002724,-0.571516,0.482165,-0.042459,8.49,gru,0.242877,0.100279,0.045183
2026-04-03T21:27:29.2603215Z,-0.328569,0.582044,0.002971,-0.570217,0.483521,-0.040920,6.51,gru,0.241648,0.098523,0.043892
2026-04-03T21:27:29.2809061Z,-0.327555,0.582550,0.002186,-0.568785,0.489633,-0.042604,7.05,gru,0.241230,0.092917,0.044791
2026-04-03T21:27:29.3167465Z,-0.328763,0.581103,0.003295,-0.569275,0.490655,-0.039032,5.71,gru,0.240512,0.090448,0.042327
2026-04-03T21:27:29.3530374Z,-0.327080,0.582165,0.002310,-0.570101,0.475454,-0.044523,6.49,gru,0.243021,0.106711,0.046833
2026-04-03T21:27:29.3875054Z,-0.327979,0.583393,0.002304,-0.570505,0.478815,-0.044686,6.53,gru,0.242526,0.104578,0.046990
2026-04-03T21:27:29.4255876Z,-0.327141,0.582789,0.002177,-0.570813,0.481922,-0.044296,6.51,gru,0.243672,0.100866,0.046473
2026-04-03T21:27:29.4572339Z,-0.329561,0.582169,0.002664,-0.568527,0.490212,-0.039480,5.71,gru,0.238967,0.091956,0.042143
2026-04-03T21:27:29.4953944Z,-0.328423,0.583140,0.002417,-0.568983,0.486858,-0.041245,6.74,gru,0.240559,0.096281,0.043661
2026-04-03T21:27:29.5156071Z,-0.318418,0.582540,0.000978,-0.566209,0.480739,-0.047268,6.32,gru,0.247791,0.101801,0.048246
2026-04-03T21:27:29.5612330Z,-0.319572,0.582150,0.001752,-0.564997,0.486393,-0.041106,7.97,gru,0.245425,0.095757,0.042858
2026-04-03T21:27:29.5862318Z,-0.327461,0.580522,0.003171,-0.566825,0.490304,-0.034394,6.70,gru,0.239364,0.090218,0.037565
2026-04-03T21:27:29.6282994Z,-0.329066,0.581692,0.003215,-0.566535,0.486637,-0.038894,7.87,gru,0.237468,0.095055,0.042109
2026-04-03T21:27:29.6570619Z,-0.330751,0.582483,0.003232,-0.568952,0.481977,-0.040988,8.57,gru,0.238201,0.100506,0.044220
2026-04-03T21:27:29.6942504Z,-0.318947,0.582254,0.001603,-0.565983,0.476922,-0.046787,6.31,gru,0.247036,0.105331,0.048390
2026-04-03T21:27:29.7377676Z,-0.327381,0.581537,0.002725,-0.566941,0.488752,-0.037545,6.12,gru,0.239559,0.092785,0.040270
2026-04-03T21:27:29.7643922Z,-0.326978,0.582505,0.002338,-0.568232,0.486590,-0.039696,7.06,gru,0.241254,0.095915,0.042034
2026-04-03T21:27:29.8020325Z,-0.317918,0.582461,0.000335,-0.568223,0.470278,-0.049338,6.79,gru,0.250305,0.112183,0.049673
2026-04-03T21:27:29.8193900Z,-0.327489,0.583214,0.002019,-0.569144,0.493013,-0.036627,6.74,gru,0.241655,0.090201,0.038647
2026-04-03T21:27:29.8545807Z,-0.327739,0.581315,0.002559,-0.568242,0.486358,-0.038023,6.05,gru,0.240503,0.094956,0.040582
2026-04-03T21:27:29.8912068Z,-0.328786,0.583303,0.002635,-0.568776,0.482787,-0.042002,7.04,gru,0.239990,0.100516,0.044637
2026-04-03T21:27:29.9283505Z,-0.328092,0.580267,0.003495,-0.569901,0.483018,-0.039890,6.38,gru,0.241809,0.097248,0.043385
2026-04-03T21:27:29.9667314Z,-0.326220,0.580016,0.003059,-0.567198,0.479481,-0.041462,6.53,gru,0.240978,0.100535,0.044522
2026-04-03T21:27:29.9883328Z,-0.327388,0.580236,0.003241,-0.567854,0.487994,-0.040393,5.69,gru,0.240466,0.092243,0.043634
2026-04-03T21:27:30.0258207Z,-0.328446,0.581839,0.002967,-0.570323,0.491745,-0.040708,7.05,gru,0.241877,0.090095,0.043675
2026-04-03T21:27:30.0578355Z,-0.327209,0.580554,0.003214,-0.571160,0.482711,-0.042290,5.80,gru,0.243952,0.097842,0.045504
2026-04-03T21:27:30.0984685Z,-0.330619,0.583316,0.002999,-0.570675,0.494082,-0.039880,5.53,gru,0.240056,0.089234,0.042878
2026-04-03T21:27:30.1327579Z,-0.319253,0.581712,0.001689,-0.566734,0.480062,-0.046609,7.28,gru,0.247481,0.101650,0.048298
2026-04-03T21:27:30.1514782Z,-0.316977,0.582562,0.000382,-0.566419,0.478532,-0.049217,5.41,gru,0.249443,0.104030,0.049599
2026-04-03T21:27:30.1960044Z,-0.327710,0.580806,0.002878,-0.569518,0.492217,-0.033741,6.63,gru,0.241809,0.088589,0.036619
2026-04-03T21:27:30.2158402Z,-0.325974,0.579681,0.002284,-0.567355,0.473362,-0.041288,7.20,gru,0.241380,0.106319,0.043573
2026-04-03T21:27:30.2561816Z,-0.319245,0.582944,0.001197,-0.564424,0.481737,-0.046150,6.94,gru,0.245179,0.101207,0.047348
2026-04-03T21:27:30.2951079Z,-0.319252,0.582261,-0.000483,-0.564254,0.492765,-0.044627,6.53,gru,0.245001,0.089496,0.044145
2026-04-03T21:27:30.3301257Z,-0.326791,0.582469,0.002333,-0.565943,0.488974,-0.035670,6.21,gru,0.239152,0.093495,0.038003
2026-04-03T21:27:30.3554644Z,-0.326528,0.581161,0.002960,-0.565766,0.479321,-0.038325,7.57,gru,0.239238,0.101840,0.041285
2026-04-03T21:27:30.3888534Z,-0.323890,0.581932,0.001929,-0.566718,0.480070,-0.045227,7.00,gru,0.242828,0.101862,0.047156
2026-04-03T21:27:30.4242360Z,-0.323319,0.580748,0.002324,-0.568355,0.480236,-0.043492,7.75,gru,0.245036,0.100512,0.045816
2026-04-03T21:27:30.4626474Z,-0.326518,0.581015,0.003058,-0.567667,0.489594,-0.037947,8.54,gru,0.241149,0.091421,0.041005
2026-04-03T21:27:30.4877771Z,-0.324972,0.580659,0.002634,-0.566856,0.480795,-0.041977,7.13,gru,0.241884,0.099864,0.044612
2026-04-03T21:27:30.5324460Z,-0.327449,0.580476,0.003201,-0.567819,0.488383,-0.039856,8.06,gru,0.240370,0.092093,0.043057
2026-04-03T21:27:30.5594863Z,-0.325788,0.581869,0.002625,-0.568063,0.482007,-0.041894,8.28,gru,0.242274,0.099863,0.044519
2026-04-03T21:27:30.5897306Z,-0.324665,0.581374,0.001930,-0.567068,0.476000,-0.044269,9.07,gru,0.242402,0.105374,0.046198
2026-04-03T21:27:30.6403950Z,-0.327233,0.580336,0.003205,-0.569864,0.479767,-0.038736,7.74,gru,0.242631,0.100569,0.041941
2026-04-03T21:27:30.6871402Z,-0.328636,0.580990,0.003308,-0.570902,0.484946,-0.040053,7.90,gru,0.242266,0.096044,0.043361
2026-04-03T21:27:30.7338398Z,-0.328598,0.581106,0.003239,-0.567301,0.482938,-0.041159,8.14,gru,0.238703,0.098167,0.044397
2026-04-03T21:27:30.7641151Z,-0.327795,0.581649,0.002845,-0.567099,0.490559,-0.040804,9.96,gru,0.239303,0.091090,0.043649
2026-04-03T21:27:30.7898198Z,-0.329185,0.581989,0.003078,-0.571623,0.480259,-0.042898,7.69,gru,0.242438,0.101730,0.045976
2026-04-03T21:27:30.8322391Z,-0.328481,0.581991,0.003078,-0.572592,0.479602,-0.043968,7.54,gru,0.244112,0.102388,0.047046
2026-04-03T21:27:30.8577764Z,-0.318797,0.582891,0.001085,-0.567441,0.475674,-0.048113,6.49,gru,0.248645,0.107218,0.049197
2026-04-03T21:27:30.8961028Z,-0.327108,0.581234,0.002802,-0.569239,0.482909,-0.037694,8.47,gru,0.242130,0.098325,0.040496
2026-04-03T21:27:30.9228276Z,-0.329065,0.583149,0.002582,-0.570572,0.487250,-0.040708,7.55,gru,0.241507,0.095899,0.043290
2026-04-03T21:27:30.9663866Z,-0.330570,0.581677,0.003297,-0.573649,0.472577,-0.044331,6.60,gru,0.243079,0.109101,0.047628
2026-04-03T21:27:30.9852157Z,-0.327227,0.580794,0.002708,-0.569016,0.480786,-0.042432,7.54,gru,0.241789,0.100008,0.045140
2026-04-03T21:27:31.0261219Z,-0.324606,0.582825,0.001651,-0.567353,0.485279,-0.044641,7.28,gru,0.242747,0.097546,0.046292
2026-04-03T21:27:31.0701937Z,-0.316351,0.580719,0.001018,-0.565964,0.475481,-0.046807,8.57,gru,0.249613,0.105238,0.047825
2026-04-03T21:27:31.0891799Z,-0.325747,0.581172,0.002573,-0.566956,0.486243,-0.036943,7.01,gru,0.241209,0.094929,0.039516
2026-04-03T21:27:31.1327411Z,-0.326487,0.580410,0.002456,-0.568288,0.482364,-0.040308,9.59,gru,0.241801,0.098045,0.042763
2026-04-03T21:27:31.1650344Z,-0.325193,0.581853,0.002128,-0.568864,0.474048,-0.044719,6.32,gru,0.243671,0.107805,0.046847
2026-04-03T21:27:31.2009091Z,-0.326546,0.582446,0.002162,-0.567067,0.485767,-0.040669,7.54,gru,0.240521,0.096679,0.042831
2026-04-03T21:27:31.2590463Z,-0.328797,0.583278,0.002716,-0.567619,0.487541,-0.039848,7.07,gru,0.238822,0.095737,0.042564
2026-04-03T21:27:31.2906644Z,-0.326944,0.580335,0.003381,-0.570038,0.473228,-0.041890,7.06,gru,0.243095,0.107107,0.045270
2026-04-03T21:27:31.3240493Z,-0.329440,0.582864,0.003235,-0.567720,0.485025,-0.040334,6.05,gru,0.238279,0.097839,0.043568
2026-04-03T21:27:31.3543686Z,-0.319358,0.580975,0.001786,-0.567258,0.475484,-0.046388,6.41,gru,0.247900,0.105491,0.048174
2026-04-03T21:27:31.3862254Z,-0.329264,0.582410,0.003037,-0.569812,0.490722,-0.036823,7.04,gru,0.240549,0.091688,0.039859
2026-04-03T21:27:31.4245505Z,-0.328801,0.582297,0.003089,-0.570023,0.488606,-0.038888,7.27,gru,0.241222,0.093691,0.041977
2026-04-03T21:27:31.4601360Z,-0.326945,0.580096,0.002681,-0.567774,0.475939,-0.042975,8.47,gru,0.240829,0.104158,0.045656
2026-04-03T21:27:31.5022836Z,-0.327825,0.582587,0.002465,-0.569481,0.491670,-0.040940,9.82,gru,0.241655,0.090918,0.043405
2026-04-03T21:27:31.5231954Z,-0.329258,0.581553,0.003133,-0.569280,0.483491,-0.041117,8.96,gru,0.240023,0.098063,0.044251
2026-04-03T21:27:31.5674242Z,-0.318890,0.583247,0.000988,-0.567189,0.476039,-0.048070,7.76,gru,0.248299,0.107208,0.049058
2026-04-03T21:27:31.5946894Z,-0.317073,0.582488,0.000958,-0.564505,0.489423,-0.044683,8.63,gru,0.247431,0.093065,0.045641
2026-04-03T21:27:31.6216267Z,-0.329294,0.582628,0.002783,-0.567058,0.501297,-0.030688,7.57,gru,0.237764,0.081331,0.033471
2026-04-03T21:27:31.6663271Z,-0.319146,0.582851,0.001136,-0.565783,0.473608,-0.045625,8.10,gru,0.246637,0.109243,0.046761
2026-04-03T21:27:31.6917348Z,-0.319116,0.582115,0.001581,-0.566111,0.477686,-0.045746,7.62,gru,0.246996,0.104429,0.047326
2026-04-03T21:27:31.7189556Z,-0.328903,0.582713,0.002881,-0.567487,0.491155,-0.035094,8.80,gru,0.238584,0.091558,0.037975
2026-04-03T21:27:31.7658471Z,-0.326266,0.579555,0.002576,-0.567288,0.471879,-0.042289,9.91,gru,0.241022,0.107676,0.044865
2026-04-03T21:27:31.7908061Z,-0.328211,0.581481,0.003068,-0.567749,0.477043,-0.041424,8.27,gru,0.239538,0.104437,0.044493
2026-04-03T21:27:31.8365043Z,-0.327297,0.581944,0.002121,-0.568437,0.487168,-0.042747,8.41,gru,0.241140,0.094776,0.044867
2026-04-03T21:27:31.8611358Z,-0.331206,0.582787,0.003439,-0.570445,0.488703,-0.039041,8.66,gru,0.239240,0.094084,0.042480
2026-04-03T21:27:31.9068321Z,-0.329655,0.581941,0.003137,-0.569630,0.487117,-0.040385,9.09,gru,0.239975,0.094824,0.043523
2026-04-03T21:27:31.9309453Z,-0.329155,0.581423,0.003608,-0.569153,0.478634,-0.041094,7.17,gru,0.239997,0.102789,0.044702
2026-04-03T21:27:31.9575374Z,-0.318925,0.581653,0.001483,-0.568980,0.482140,-0.047075,7.78,gru,0.250055,0.099513,0.048558
2026-04-03T21:27:32.0056664Z,-0.317694,0.582205,0.001035,-0.565771,0.479501,-0.046559,8.55,gru,0.248077,0.102703,0.047594
2026-04-03T21:27:32.0296869Z,-0.319302,0.582526,0.001004,-0.562404,0.494755,-0.039371,7.57,gru,0.243103,0.087771,0.040374
2026-04-03T21:27:32.0696892Z,-0.323208,0.579935,0.001949,-0.566403,0.481210,-0.040162,6.35,gru,0.243196,0.098725,0.042111
2026-04-03T21:27:32.0924927Z,-0.327798,0.580578,0.003100,-0.568539,0.479535,-0.038612,6.94,gru,0.240741,0.101044,0.041712
2026-04-03T21:27:32.1337114Z,-0.324858,0.579243,0.002190,-0.563620,0.483108,-0.042471,8.06,gru,0.238763,0.096135,0.044661
2026-04-03T21:27:32.1572678Z,-0.328285,0.581504,0.002928,-0.566486,0.489254,-0.039223,7.24,gru,0.238201,0.092249,0.042150
2026-04-03T21:27:32.1943193Z,-0.326532,0.580679,0.002847,-0.568952,0.482265,-0.042878,7.04,gru,0.242420,0.098413,0.045725
2026-04-03T21:27:32.2375105Z,-0.329536,0.580887,0.003068,-0.567920,0.481437,-0.042451,8.07,gru,0.238384,0.099450,0.045520
2026-04-03T21:27:32.2617568Z,-0.330686,0.582436,0.003272,-0.569999,0.492291,-0.039228,7.41,gru,0.239313,0.090145,0.042500
2026-04-03T21:27:32.3024834Z,-0.328729,0.580357,0.003376,-0.572992,0.474535,-0.044219,6.96,gru,0.244263,0.105822,0.047595
2026-04-03T21:27:32.3484077Z,-0.329719,0.582074,0.002978,-0.571630,0.483726,-0.043130,6.55,gru,0.241911,0.098348,0.046108
2026-04-03T21:27:32.3928262Z,-0.330952,0.581717,0.003806,-0.572388,0.488972,-0.038995,8.37,gru,0.241435,0.092745,0.042801
2026-04-03T21:27:32.4336099Z,-0.328503,0.580592,0.003454,-0.572295,0.470223,-0.042853,7.08,gru,0.243791,0.110369,0.046307
2026-04-03T21:27:32.4576705Z,-0.330118,0.583253,0.003127,-0.570573,0.488337,-0.041653,8.85,gru,0.240456,0.094916,0.044780
2026-04-03T21:27:32.4970577Z,-0.318229,0.580819,0.001440,-0.569110,0.473758,-0.048156,7.38,gru,0.250881,0.107061,0.049596
2026-04-03T21:27:32.5344296Z,-0.328598,0.581091,0.003245,-0.567721,0.497566,-0.034658,7.29,gru,0.239124,0.083525,0.037903
2026-04-03T21:27:32.5570036Z,-0.328805,0.582539,0.003138,-0.568450,0.495124,-0.037290,6.44,gru,0.239645,0.087415,0.040429
2026-04-03T21:27:32.5953554Z,-0.333010,0.583077,0.004429,-0.569172,0.483201,-0.038429,7.28,gru,0.236162,0.099877,0.042858
2026-04-03T21:27:32.6142587Z,-0.332634,0.584936,0.003168,-0.570822,0.484192,-0.043208,7.13,gru,0.238188,0.100745,0.046376
2026-04-03T21:27:32.6509344Z,-0.329391,0.582811,0.003009,-0.570604,0.475363,-0.045491,6.43,gru,0.241213,0.107448,0.048501
2026-04-03T21:27:32.6906557Z,-0.330323,0.582915,0.003384,-0.571680,0.482588,-0.040915,6.82,gru,0.241356,0.100327,0.044299
2026-04-03T21:27:32.7289108Z,-0.328826,0.582736,0.003010,-0.572202,0.477630,-0.043053,7.05,gru,0.243376,0.105106,0.046063
2026-04-03T21:27:32.7472210Z,-0.328368,0.582202,0.003079,-0.571751,0.477591,-0.042157,6.94,gru,0.243383,0.104612,0.045235
2026-04-03T21:27:32.7848289Z,-0.329422,0.583261,0.002901,-0.572685,0.477681,-0.042297,7.23,gru,0.243263,0.105580,0.045199
2026-04-03T21:27:32.8279813Z,-0.317524,0.583506,0.001670,-0.568775,0.475183,-0.047475,7.14,gru,0.251251,0.108323,0.049145
2026-04-03T21:27:32.8718897Z,-0.316411,0.582218,0.001345,-0.563840,0.478551,-0.044522,7.88,gru,0.247429,0.103667,0.045867
2026-04-03T21:27:32.8943757Z,-0.330073,0.583394,0.003048,-0.566798,0.502466,-0.031031,5.47,gru,0.236724,0.080927,0.034079
2026-04-03T21:27:32.9377092Z,-0.328058,0.580083,0.003489,-0.565449,0.478307,-0.038313,7.47,gru,0.237391,0.101776,0.041802
2026-04-03T21:27:32.9571135Z,-0.325875,0.582325,0.002289,-0.566853,0.475642,-0.044332,7.19,gru,0.240978,0.106683,0.046621
2026-04-03T21:27:33.0085141Z,-0.327533,0.583622,0.002304,-0.567156,0.497775,-0.039447,7.45,gru,0.239623,0.085847,0.041751
2026-04-03T21:27:33.0281193Z,-0.327073,0.582444,0.002399,-0.565685,0.486618,-0.039497,6.88,gru,0.238611,0.095826,0.041896
2026-04-03T21:27:33.0632344Z,-0.327369,0.581419,0.002865,-0.565978,0.480938,-0.039853,7.45,gru,0.238610,0.100481,0.042718
2026-04-03T21:27:33.0822484Z,-0.329796,0.581737,0.003796,-0.569309,0.491671,-0.037669,5.36,gru,0.239513,0.090066,0.041465
2026-04-03T21:27:33.1165332Z,-0.332100,0.582915,0.004043,-0.572728,0.478960,-0.041453,6.12,gru,0.240628,0.103956,0.045496
2026-04-03T21:27:33.1498379Z,-0.328384,0.582937,0.002993,-0.571228,0.479230,-0.043749,5.57,gru,0.242844,0.103707,0.046742
2026-04-03T21:27:33.1820814Z,-0.332508,0.584116,0.003453,-0.569294,0.493328,-0.038469,1.00,gru,0.236786,0.090788,0.041922
2026-04-03T21:27:33.2189807Z,-0.329249,0.583446,0.002929,-0.566583,0.494205,-0.039269,7.54,gru,0.237335,0.089241,0.042198
2026-04-03T21:27:33.2500427Z,-0.330287,0.581728,0.003429,-0.567175,0.493645,-0.038832,6.05,gru,0.236889,0.088083,0.042261
2026-04-03T21:27:33.2816073Z,-0.327742,0.581459,0.002934,-0.567817,0.488794,-0.040507,6.55,gru,0.240075,0.092666,0.043441
2026-04-03T21:27:33.3141821Z,-0.330601,0.582340,0.003537,-0.570619,0.493011,-0.038904,6.23,gru,0.240018,0.089329,0.042441
2026-04-03T21:27:33.3469294Z,-0.328831,0.581643,0.003134,-0.571215,0.487301,-0.041069,6.01,gru,0.242385,0.094342,0.044203
2026-04-03T21:27:33.3821181Z,-0.328109,0.581647,0.003183,-0.567358,0.486441,-0.040947,5.19,gru,0.239249,0.095206,0.044130
2026-04-03T21:27:33.4268403Z,-0.332493,0.582401,0.004329,-0.569243,0.497193,-0.035516,6.17,gru,0.236750,0.085208,0.039845
2026-04-03T21:27:33.4634779Z,-0.329461,0.584016,0.002609,-0.569734,0.484314,-0.045514,8.49,gru,0.240272,0.099702,0.048123
2026-04-03T21:27:33.4971192Z,-0.329436,0.582526,0.003359,-0.569800,0.478629,-0.043486,5.98,gru,0.240364,0.103897,0.046845
2026-04-03T21:27:33.5206370Z,-0.328853,0.581480,0.003581,-0.569312,0.489980,-0.038224,7.66,gru,0.240458,0.091500,0.041805
2026-04-03T21:27:33.6182934Z,-0.330281,0.582330,0.003376,-0.571190,0.482588,-0.041136,6.11,gru,0.240909,0.099742,0.044512
2026-04-03T21:27:33.6509815Z,-0.329336,0.582429,0.003309,-0.570037,0.485910,-0.041244,5.55,gru,0.240702,0.096519,0.044553
2026-04-03T21:27:33.6960316Z,-0.329246,0.581309,0.003043,-0.570130,0.486982,-0.041621,7.11,gru,0.240884,0.094327,0.044663
2026-04-03T21:27:33.7123859Z,-0.328540,0.581913,0.003002,-0.571185,0.485369,-0.041745,6.11,gru,0.242645,0.096543,0.044747
2026-04-03T21:27:33.7459523Z,-0.331622,0.583290,0.003626,-0.571188,0.488180,-0.038865,5.51,gru,0.239566,0.095110,0.042491
2026-04-03T21:27:33.7807749Z,-0.328706,0.580715,0.003628,-0.568104,0.481380,-0.040122,6.00,gru,0.239398,0.099336,0.043750
2026-04-03T21:27:33.8205140Z,-0.329765,0.582891,0.002978,-0.567944,0.493399,-0.040587,7.50,gru,0.238179,0.089492,0.043565
2026-04-03T21:27:33.8614066Z,-0.329526,0.583008,0.003022,-0.568426,0.493908,-0.039737,7.47,gru,0.238900,0.089100,0.042759
2026-04-03T21:27:33.8979993Z,-0.324676,0.581977,0.001395,-0.565549,0.489842,-0.043755,6.49,gru,0.240873,0.092135,0.045151
2026-04-03T21:27:33.9344368Z,-0.328250,0.582061,0.002856,-0.568580,0.493950,-0.038018,8.24,gru,0.240330,0.088111,0.040875
2026-04-03T21:27:33.9643111Z,-0.329408,0.583369,0.002613,-0.569553,0.490481,-0.039097,6.58,gru,0.240145,0.092889,0.041711
2026-04-03T21:27:33.9845652Z,-0.332291,0.584269,0.003463,-0.569694,0.486298,-0.039875,6.58,gru,0.237403,0.097971,0.043338
2026-04-03T21:27:34.0223154Z,-0.329957,0.583332,0.003115,-0.568644,0.485549,-0.040498,7.85,gru,0.238687,0.097783,0.043613
2026-04-03T21:27:34.0555655Z,-0.328568,0.582487,0.003076,-0.569991,0.481615,-0.042132,5.50,gru,0.241423,0.100872,0.045207
2026-04-03T21:27:34.0943615Z,-0.331690,0.582002,0.003708,-0.569152,0.489652,-0.037040,7.71,gru,0.237462,0.092350,0.040747
2026-04-03T21:27:34.1116051Z,-0.326983,0.580967,0.003135,-0.566506,0.486201,-0.040463,6.53,gru,0.239523,0.094766,0.043598
2026-04-03T21:27:34.1431394Z,-0.331857,0.582980,0.003265,-0.569329,0.498150,-0.039177,6.44,gru,0.237472,0.084830,0.042442
2026-04-03T21:27:34.1790527Z,-0.330179,0.582566,0.003350,-0.570545,0.489060,-0.039754,5.53,gru,0.240366,0.093506,0.043104
2026-04-03T21:27:34.2107933Z,-0.331964,0.582718,0.003751,-0.570310,0.483636,-0.039738,6.02,gru,0.238346,0.099082,0.043489
2026-04-03T21:27:34.2540922Z,-0.327692,0.580720,0.002853,-0.569119,0.484468,-0.042207,6.92,gru,0.241427,0.096252,0.045060
2026-04-03T21:27:34.2908239Z,-0.328897,0.582878,0.002901,-0.569963,0.491455,-0.040817,6.01,gru,0.241066,0.091423,0.043718
2026-04-03T21:27:34.3292444Z,-0.330541,0.582983,0.003505,-0.570887,0.488890,-0.038321,6.93,gru,0.240345,0.094093,0.041826
2026-04-03T21:27:34.3485375Z,-0.326478,0.581077,0.002907,-0.569264,0.478898,-0.043072,8.07,gru,0.242787,0.102178,0.045980
2026-04-03T21:27:34.3847416Z,-0.332351,0.583218,0.003342,-0.569915,0.499106,-0.037745,5.68,gru,0.237564,0.084112,0.041087
2026-04-03T21:27:34.4274331Z,-0.329275,0.581942,0.003360,-0.570518,0.482111,-0.040404,7.96,gru,0.241244,0.099831,0.043764
2026-04-03T21:27:34.4511940Z,-0.316124,0.581912,0.000814,-0.565988,0.477849,-0.048873,7.07,gru,0.249864,0.104063,0.049688
2026-04-03T21:27:34.4969747Z,-0.316419,0.582342,0.000908,-0.563511,0.495000,-0.042345,7.99,gru,0.247092,0.087342,0.043253
2026-04-03T21:27:34.5349785Z,-0.328656,0.581943,0.002562,-0.569939,0.495192,-0.033132,8.06,gru,0.241282,0.086751,0.035694
2026-04-03T21:27:34.5540438Z,-0.329893,0.581772,0.003655,-0.568741,0.479664,-0.038121,8.06,gru,0.238848,0.102108,0.041776
2026-04-03T21:27:34.5874712Z,-0.331469,0.582411,0.003624,-0.568125,0.487175,-0.040089,6.59,gru,0.236657,0.095236,0.043713
2026-04-03T21:27:34.6120569Z,-0.330195,0.581864,0.003837,-0.565814,0.497057,-0.037824,6.59,gru,0.235619,0.084807,0.041661
2026-04-03T21:27:34.6517168Z,-0.328814,0.582328,0.003220,-0.566777,0.491667,-0.040263,6.61,gru,0.237963,0.090661,0.043483
2026-04-03T21:27:34.6883418Z,-0.330016,0.582011,0.003431,-0.567562,0.490734,-0.038899,6.74,gru,0.237546,0.091277,0.042330
2026-04-03T21:27:34.7301850Z,-0.316918,0.582287,0.002008,-0.567235,0.476995,-0.046109,6.09,gru,0.250317,0.105292,0.048117
2026-04-03T21:27:34.7540445Z,-0.328024,0.583692,0.002350,-0.569327,0.495046,-0.038764,8.07,gru,0.241303,0.088646,0.041114
2026-04-03T21:27:34.7932375Z,-0.327593,0.581468,0.003128,-0.568043,0.491170,-0.036473,7.59,gru,0.240450,0.090298,0.039601
2026-04-03T21:27:34.8362384Z,-0.329448,0.585021,0.002337,-0.568276,0.488159,-0.041850,8.68,gru,0.238829,0.096862,0.044188
2026-04-03T21:27:34.8589194Z,-0.326646,0.582783,0.001854,-0.567757,0.488992,-0.042297,8.23,gru,0.241111,0.093791,0.044151
2026-04-03T21:27:34.8971337Z,-0.327349,0.582632,0.002247,-0.567089,0.480614,-0.040758,6.69,gru,0.239740,0.102018,0.043005
2026-04-03T21:27:34.9209542Z,-0.323024,0.580887,0.002111,-0.563923,0.486385,-0.041400,6.79,gru,0.240900,0.094502,0.043510
2026-04-03T21:27:34.9622405Z,-0.324655,0.582298,0.001454,-0.566647,0.491588,-0.042280,8.30,gru,0.241992,0.090710,0.043734
2026-04-03T21:27:34.9875373Z,-0.326059,0.582552,0.002086,-0.568624,0.487716,-0.040476,7.89,gru,0.242565,0.094836,0.042562
2026-04-03T21:27:35.0264685Z,-0.327421,0.583504,0.001924,-0.565354,0.494900,-0.039746,8.03,gru,0.237933,0.088603,0.041670
2026-04-03T21:27:35.0739405Z,-0.325989,0.582388,0.001976,-0.566822,0.483506,-0.042082,7.69,gru,0.240832,0.098882,0.044058
2026-04-03T21:27:35.1174096Z,-0.327266,0.581485,0.002116,-0.569410,0.475743,-0.044097,6.66,gru,0.242144,0.105742,0.046213
2026-04-03T21:27:35.1620971Z,-0.318061,0.578134,0.000315,-0.568156,0.467494,-0.050413,6.49,gru,0.250094,0.110640,0.050728
2026-04-03T21:27:35.1871445Z,-0.322473,0.581197,0.001180,-0.565391,0.491815,-0.040434,7.19,gru,0.242918,0.089382,0.041614
2026-04-03T21:27:35.2285045Z,-0.323099,0.582214,0.001172,-0.564999,0.493889,-0.039537,7.60,gru,0.241900,0.088325,0.040708
2026-04-03T21:27:35.2672764Z,-0.319764,0.580369,0.000160,-0.564762,0.479155,-0.045881,6.91,gru,0.244997,0.101214,0.046041
2026-04-03T21:27:35.3022305Z,-0.322345,0.582762,0.000413,-0.564496,0.493625,-0.041316,6.04,gru,0.242152,0.089138,0.041729
2026-04-03T21:27:35.3229200Z,-0.323201,0.580768,0.001389,-0.563346,0.489201,-0.038895,6.04,gru,0.240145,0.091567,0.040284
2026-04-03T21:27:35.3613461Z,-0.320943,0.580017,0.000754,-0.564544,0.478955,-0.044010,7.65,gru,0.243601,0.101062,0.044764
2026-04-03T21:27:35.3803673Z,-0.323774,0.582146,0.001247,-0.564434,0.487502,-0.043151,6.04,gru,0.240660,0.094644,0.044398
2026-04-03T21:27:35.4274448Z,-0.321932,0.582019,0.000985,-0.564974,0.488678,-0.042881,6.90,gru,0.243042,0.093342,0.043866
2026-04-03T21:27:35.4625709Z,-0.323763,0.583401,0.001026,-0.564521,0.486413,-0.042733,8.03,gru,0.240758,0.096989,0.043759
2026-04-03T21:27:35.4962819Z,-0.326330,0.582900,0.002274,-0.565484,0.497613,-0.038025,7.46,gru,0.239154,0.085287,0.040299
2026-04-03T21:27:35.5247012Z,-0.326465,0.581855,0.002518,-0.567246,0.483422,-0.041472,6.02,gru,0.240781,0.098434,0.043990
2026-04-03T21:27:35.5671743Z,-0.323856,0.583389,0.001406,-0.567607,0.485782,-0.045307,6.44,gru,0.243751,0.097607,0.046714
2026-04-03T21:27:35.5860790Z,-0.327728,0.583351,0.003209,-0.568393,0.483286,-0.038858,6.77,gru,0.240665,0.100065,0.042067
2026-04-03T21:27:35.6228979Z,-0.326103,0.583110,0.002293,-0.568476,0.481557,-0.043352,7.31,gru,0.242374,0.101553,0.045645
2026-04-03T21:27:35.6594204Z,-0.322998,0.581498,0.001848,-0.567212,0.479182,-0.045598,6.78,gru,0.244214,0.102316,0.047445
2026-04-03T21:27:35.6920079Z,-0.325700,0.582465,0.002429,-0.566734,0.494676,-0.038974,5.57,gru,0.241034,0.087789,0.041403
2026-04-03T21:27:35.7284197Z,-0.326954,0.585478,0.001810,-0.566793,0.495477,-0.042096,5.44,gru,0.239838,0.090001,0.043906
2026-04-03T21:27:35.7672676Z,-0.322693,0.583669,0.001089,-0.569790,0.474897,-0.047160,6.31,gru,0.247097,0.108772,0.048249
2026-04-03T21:27:35.8032269Z,-0.326878,0.582985,0.002692,-0.571313,0.467304,-0.042244,6.71,gru,0.244435,0.115681,0.044936
2026-04-03T21:27:35.8201165Z,-0.327880,0.584145,0.002872,-0.569394,0.485574,-0.041123,6.94,gru,0.241514,0.098571,0.043995
2026-04-03T21:27:35.8539645Z,-0.326880,0.582522,0.003151,-0.569581,0.476926,-0.043623,6.90,gru,0.242701,0.105596,0.046773
2026-04-03T21:27:35.8870873Z,-0.329885,0.585448,0.002803,-0.571322,0.482095,-0.043514,8.04,gru,0.241438,0.103353,0.046317
2026-04-03T21:27:35.9202270Z,-0.327825,0.583390,0.002567,-0.570680,0.481574,-0.044487,7.62,gru,0.242856,0.101816,0.047054
2026-04-03T21:27:35.9626400Z,-0.327649,0.583700,0.002888,-0.571809,0.475043,-0.043325,8.36,gru,0.244160,0.108657,0.046213
2026-04-03T21:27:35.9849982Z,-0.329927,0.585050,0.002808,-0.571715,0.482040,-0.042623,8.34,gru,0.241788,0.103011,0.045431
2026-04-03T21:27:36.0246519Z,-0.329488,0.583533,0.003171,-0.571389,0.479874,-0.042544,7.60,gru,0.241901,0.103659,0.045715
2026-04-03T21:27:36.0628618Z,-0.330514,0.583283,0.003401,-0.572196,0.479573,-0.042387,7.78,gru,0.241681,0.103710,0.045787
2026-04-03T21:27:36.0962916Z,-0.331874,0.583116,0.004186,-0.571180,0.489031,-0.039629,7.35,gru,0.239306,0.094085,0.043815
2026-04-03T21:27:36.1960348Z,-0.329563,0.582454,0.003499,-0.569735,0.484602,-0.042007,7.87,gru,0.240173,0.097852,0.045506
2026-04-03T21:27:36.2370077Z,-0.328490,0.582916,0.002898,-0.570690,0.484396,-0.043429,8.08,gru,0.242200,0.098520,0.046328
2026-04-03T21:27:36.2605433Z,-0.327043,0.581144,0.002802,-0.568904,0.485908,-0.042079,7.03,gru,0.241861,0.095235,0.044881
2026-04-03T21:27:36.2845516Z,-0.328400,0.581679,0.003257,-0.567259,0.492749,-0.038831,7.48,gru,0.238859,0.088931,0.042088
2026-04-03T21:27:36.3205063Z,-0.330605,0.582124,0.003679,-0.571744,0.490123,-0.039744,6.80,gru,0.241139,0.092001,0.043424
2026-04-03T21:27:36.3636074Z,-0.331531,0.583936,0.003634,-0.571943,0.483187,-0.042036,7.95,gru,0.240412,0.100749,0.045669
2026-04-03T21:27:36.3862072Z,-0.331117,0.582828,0.003684,-0.569702,0.485930,-0.041024,6.73,gru,0.238586,0.096898,0.044708
2026-04-03T21:27:36.4311394Z,-0.330085,0.582662,0.003649,-0.569685,0.493823,-0.040643,6.23,gru,0.239600,0.088840,0.044292
2026-04-03T21:27:36.4595759Z,-0.332562,0.584099,0.003786,-0.571464,0.492837,-0.040310,6.00,gru,0.238902,0.091262,0.044096
2026-04-03T21:27:36.4968546Z,-0.329372,0.583391,0.003032,-0.569839,0.487198,-0.042399,7.95,gru,0.240467,0.096193,0.045431
2026-04-03T21:27:36.5174462Z,-0.332777,0.582977,0.004370,-0.570325,0.492221,-0.037346,7.21,gru,0.237548,0.090756,0.041716
2026-04-03T21:27:36.5584061Z,-0.332679,0.583532,0.003818,-0.569997,0.491586,-0.039167,9.69,gru,0.237318,0.091946,0.042985
2026-04-03T21:27:36.6133826Z,-0.327729,0.582619,0.002657,-0.568365,0.491659,-0.043574,6.87,gru,0.240636,0.090961,0.046230
2026-04-03T21:27:36.6516255Z,-0.330341,0.585286,0.002764,-0.569657,0.497356,-0.039516,8.16,gru,0.239316,0.087929,0.042280
2026-04-03T21:27:36.6869524Z,-0.328283,0.582269,0.003099,-0.567233,0.489392,-0.039505,6.82,gru,0.238950,0.092877,0.042604
2026-04-03T21:27:36.7295493Z,-0.328644,0.582802,0.003106,-0.566649,0.493529,-0.039901,5.50,gru,0.238005,0.089273,0.043007
2026-04-03T21:27:36.7807504Z,-0.330696,0.582792,0.003647,-0.567959,0.496382,-0.037724,6.90,gru,0.237264,0.086410,0.041371
2026-04-03T21:27:36.8340318Z,-0.331118,0.582204,0.003822,-0.567811,0.491314,-0.038326,6.07,gru,0.236694,0.090889,0.042147
2026-04-03T21:27:36.8538966Z,-0.329955,0.583837,0.003274,-0.566122,0.494808,-0.039798,6.53,gru,0.236167,0.089029,0.043072
2026-04-03T21:27:36.8973260Z,-0.330545,0.583149,0.003397,-0.567666,0.491389,-0.039284,7.37,gru,0.237122,0.091760,0.042681
2026-04-03T21:27:36.9231851Z,-0.331990,0.583226,0.003943,-0.569649,0.490274,-0.038185,8.69,gru,0.237659,0.092953,0.042128
2026-04-03T21:27:36.9690967Z,-0.328932,0.582099,0.003210,-0.571627,0.478107,-0.043089,7.56,gru,0.242695,0.103992,0.046299
2026-04-03T21:27:36.9930967Z,-0.328897,0.581965,0.003144,-0.569867,0.484258,-0.041234,7.57,gru,0.240970,0.097707,0.044379
2026-04-03T21:27:37.0359956Z,-0.326087,0.582077,0.002814,-0.567818,0.488918,-0.040647,7.20,gru,0.241732,0.093158,0.043461
2026-04-03T21:27:37.0609771Z,-0.331157,0.583997,0.003621,-0.567956,0.501319,-0.036555,8.05,gru,0.236800,0.082677,0.040176
2026-04-03T21:27:37.1032669Z,-0.330382,0.583906,0.003306,-0.567724,0.491514,-0.039352,8.23,gru,0.237342,0.092392,0.042658
2026-04-03T21:27:37.1249515Z,-0.329269,0.582637,0.003551,-0.567006,0.485261,-0.040346,7.15,gru,0.237737,0.097376,0.043897
2026-04-03T21:27:37.1696431Z,-0.329631,0.583019,0.003728,-0.566807,0.498367,-0.037382,8.40,gru,0.237176,0.084652,0.041110
2026-04-03T21:27:37.1876135Z,-0.325688,0.581779,0.002548,-0.566029,0.488608,-0.042544,6.98,gru,0.240342,0.093171,0.045092
2026-04-03T21:27:37.2263762Z,-0.327893,0.584510,0.002828,-0.564534,0.500417,-0.038011,7.94,gru,0.236641,0.084093,0.040839
2026-04-03T21:27:37.2578216Z,-0.326486,0.581998,0.002850,-0.565955,0.491138,-0.039058,6.00,gru,0.239469,0.090860,0.041908
2026-04-03T21:27:37.2944502Z,-0.330237,0.582033,0.003813,-0.567901,0.487893,-0.038210,5.98,gru,0.237664,0.094140,0.042023
2026-04-03T21:27:37.3156923Z,-0.332694,0.584385,0.003721,-0.567435,0.504854,-0.037303,4.60,gru,0.234741,0.079530,0.041024
2026-04-03T21:27:37.3549577Z,-0.329064,0.582567,0.003377,-0.568805,0.481175,-0.042317,7.02,gru,0.239741,0.101392,0.045694
2026-04-03T21:27:37.3869774Z,-0.327083,0.583021,0.002729,-0.566898,0.488076,-0.041962,6.40,gru,0.239815,0.094945,0.044691
2026-04-03T21:27:37.4195799Z,-0.332112,0.582875,0.003692,-0.567619,0.498237,-0.035381,5.64,gru,0.235507,0.084638,0.039072
2026-04-03T21:27:37.4569009Z,-0.331159,0.582257,0.003782,-0.568249,0.487002,-0.038262,5.53,gru,0.237091,0.095255,0.042045
2026-04-03T21:27:37.4906690Z,-0.329386,0.582556,0.003353,-0.568540,0.489553,-0.041442,6.07,gru,0.239155,0.093003,0.044796
2026-04-03T21:27:37.5331398Z,-0.328723,0.581583,0.003126,-0.568247,0.492231,-0.039853,8.45,gru,0.239524,0.089351,0.042980
2026-04-03T21:27:37.5656700Z,-0.330109,0.583330,0.002987,-0.567369,0.497960,-0.038478,7.03,gru,0.237260,0.085369,0.041465
2026-04-03T21:27:37.5850976Z,-0.328389,0.582082,0.003377,-0.569421,0.484419,-0.040271,6.24,gru,0.241032,0.097663,0.043648
2026-04-03T21:27:37.6238836Z,-0.317019,0.582524,0.001363,-0.566865,0.475945,-0.047869,6.44,gru,0.249846,0.106579,0.049231
2026-04-03T21:27:37.6685544Z,-0.316459,0.583242,0.000913,-0.562686,0.490394,-0.044216,6.81,gru,0.246227,0.092848,0.045129
2026-04-03T21:27:37.7070318Z,-0.328727,0.582526,0.003264,-0.563596,0.508881,-0.028384,7.87,gru,0.234869,0.073645,0.031648
2026-04-03T21:27:37.7270733Z,-0.329067,0.582299,0.003659,-0.565173,0.488315,-0.037099,8.53,gru,0.236106,0.093984,0.040758
2026-04-03T21:27:37.7685235Z,-0.328207,0.581557,0.003219,-0.565620,0.483275,-0.041419,6.49,gru,0.237413,0.098282,0.044638
2026-04-03T21:27:37.7925583Z,-0.330740,0.583771,0.003250,-0.565617,0.499751,-0.037297,8.38,gru,0.234876,0.084020,0.040547
2026-04-03T21:27:37.8157241Z,-0.329685,0.583214,0.003262,-0.566272,0.486089,-0.039925,6.01,gru,0.236586,0.097125,0.043187
2026-04-03T21:27:37.8597030Z,-0.330196,0.583751,0.003154,-0.567242,0.492600,-0.040171,9.41,gru,0.237046,0.091151,0.043324
2026-04-03T21:27:37.8984426Z,-0.328382,0.581598,0.003077,-0.570241,0.480628,-0.041812,8.24,gru,0.241859,0.100970,0.044889
2026-04-03T21:27:37.9254993Z,-0.332675,0.583785,0.003851,-0.569164,0.495569,-0.036473,8.77,gru,0.236489,0.088217,0.040324
2026-04-03T21:27:37.9731046Z,-0.329424,0.581118,0.003985,-0.568155,0.491575,-0.038308,8.04,gru,0.238730,0.089543,0.042293
2026-04-03T21:27:37.9968570Z,-0.330937,0.583320,0.003473,-0.570198,0.488946,-0.041020,8.16,gru,0.239262,0.094375,0.044493
2026-04-03T21:27:38.0237238Z,-0.330248,0.583136,0.003367,-0.570052,0.492564,-0.040462,8.70,gru,0.239804,0.090573,0.043829
2026-04-03T21:27:38.0654206Z,-0.332465,0.583713,0.003786,-0.567630,0.493450,-0.037427,7.02,gru,0.235164,0.090262,0.041213
2026-04-03T21:27:38.0899619Z,-0.331530,0.584871,0.003363,-0.567745,0.492774,-0.039618,7.05,gru,0.236215,0.092097,0.042981
2026-04-03T21:27:38.1331185Z,-0.332482,0.583431,0.003771,-0.571205,0.486841,-0.039802,6.81,gru,0.238723,0.096590,0.043573
2026-04-03T21:27:38.1539001Z,-0.329264,0.582096,0.003559,-0.571510,0.482430,-0.041134,6.68,gru,0.242246,0.099667,0.044693
2026-04-03T21:27:38.1943177Z,-0.324862,0.581421,0.002090,-0.566597,0.489705,-0.043574,8.11,gru,0.241734,0.091717,0.045664
2026-04-03T21:27:38.2213304Z,-0.330170,0.583810,0.003187,-0.568849,0.497359,-0.036590,7.48,gru,0.238679,0.086451,0.039777
2026-04-03T21:27:38.2621127Z,-0.327113,0.583644,0.002455,-0.570381,0.479156,-0.044686,6.52,gru,0.243268,0.104488,0.047141
2026-04-03T21:27:38.3058664Z,-0.330175,0.583788,0.003377,-0.569414,0.481986,-0.042586,6.67,gru,0.239239,0.101803,0.045963
2026-04-03T21:27:38.3275515Z,-0.326646,0.582957,0.002506,-0.566701,0.487886,-0.041413,6.83,gru,0.240054,0.095071,0.043918
2026-04-03T21:27:38.3538534Z,-0.327310,0.583512,0.002757,-0.566758,0.488550,-0.040823,7.04,gru,0.239448,0.094963,0.043580
2026-04-03T21:27:38.3885472Z,-0.326869,0.582052,0.002888,-0.566717,0.486267,-0.039301,6.35,gru,0.239849,0.095785,0.042190
2026-04-03T21:27:38.4295067Z,-0.327900,0.583226,0.002848,-0.565108,0.494622,-0.039571,8.14,gru,0.237208,0.088605,0.042419
2026-04-03T21:27:38.4634905Z,-0.328715,0.583875,0.002574,-0.566128,0.495198,-0.040015,7.08,gru,0.237414,0.088676,0.042589
2026-04-03T21:27:38.4856105Z,-0.330216,0.582153,0.003476,-0.568088,0.489485,-0.038328,7.05,gru,0.237871,0.092668,0.041804
2026-04-03T21:27:38.5281711Z,-0.330645,0.582640,0.003287,-0.568882,0.486339,-0.039863,7.25,gru,0.238237,0.096301,0.043150
2026-04-03T21:27:38.5655529Z,-0.330994,0.584880,0.002701,-0.567144,0.499644,-0.040186,5.01,gru,0.236150,0.085236,0.042887
2026-04-03T21:27:38.5987588Z,-0.330994,0.584438,0.002990,-0.568564,0.486661,-0.039770,7.03,gru,0.237570,0.097778,0.042760
2026-04-03T21:27:38.6173873Z,-0.330650,0.583029,0.003547,-0.568118,0.489087,-0.038646,7.11,gru,0.237468,0.093942,0.042193
2026-04-03T21:27:38.6498499Z,-0.317446,0.582614,0.001338,-0.565887,0.480835,-0.047297,7.15,gru,0.248441,0.101779,0.048635
2026-04-03T21:27:38.6845832Z,-0.330224,0.585267,0.002489,-0.565736,0.514035,-0.034019,7.24,gru,0.235513,0.071232,0.036508
2026-04-03T21:27:38.7182922Z,-0.328928,0.581886,0.003370,-0.565439,0.497923,-0.035001,7.57,gru,0.236511,0.083963,0.038370
2026-04-03T21:27:38.7557686Z,-0.332985,0.584544,0.003539,-0.567514,0.491406,-0.038750,7.22,gru,0.234529,0.093138,0.042289
2026-04-03T21:27:38.7944872Z,-0.329193,0.581985,0.003670,-0.569588,0.484861,-0.040336,7.59,gru,0.240395,0.097124,0.044006
2026-04-03T21:27:38.8184103Z,-0.330584,0.583472,0.003082,-0.570239,0.484405,-0.042045,8.16,gru,0.239655,0.099067,0.045127
2026-04-03T21:27:38.8556460Z,-0.330693,0.582756,0.003873,-0.568241,0.497095,-0.037364,7.52,gru,0.237548,0.085661,0.041238
2026-04-03T21:27:38.8971766Z,-0.330353,0.582558,0.003565,-0.569164,0.489115,-0.040346,8.04,gru,0.238811,0.093444,0.043912
2026-04-03T21:27:38.9213647Z,-0.332641,0.584714,0.003516,-0.569692,0.500068,-0.039207,8.49,gru,0.237051,0.084645,0.042723
2026-04-03T21:27:38.9672744Z,-0.331037,0.583190,0.003659,-0.571774,0.486560,-0.040755,8.23,gru,0.240737,0.096630,0.044414
2026-04-03T21:27:39.0206803Z,-0.328599,0.581833,0.003091,-0.570740,0.484282,-0.042527,8.30,gru,0.242141,0.097550,0.045618
2026-04-03T21:27:39.0621343Z,-0.326672,0.582193,0.002671,-0.569559,0.486539,-0.042406,7.70,gru,0.242887,0.095654,0.045078
2026-04-03T21:27:39.0844642Z,-0.327070,0.582255,0.002713,-0.569077,0.492033,-0.040502,7.46,gru,0.242007,0.090222,0.043215
2026-04-03T21:27:39.1272215Z,-0.328882,0.583305,0.003087,-0.567218,0.494862,-0.039047,6.85,gru,0.238337,0.088444,0.042135
2026-04-03T21:27:39.1500766Z,-0.328082,0.582311,0.003522,-0.568715,0.484306,-0.039951,7.53,gru,0.240633,0.098005,0.043473
2026-04-03T21:27:39.1869080Z,-0.326767,0.583864,0.002213,-0.567362,0.490821,-0.042834,8.08,gru,0.240595,0.093042,0.045047
2026-04-03T21:27:39.2271151Z,-0.326445,0.581681,0.003166,-0.565769,0.496643,-0.038610,7.43,gru,0.239324,0.085038,0.041776
2026-04-03T21:27:39.2670863Z,-0.327427,0.584005,0.002297,-0.563592,0.501492,-0.039005,8.25,gru,0.236165,0.082513,0.041302
2026-04-03T21:27:39.2888463Z,-0.327426,0.583577,0.002331,-0.566327,0.490580,-0.041276,6.50,gru,0.238900,0.092997,0.043607
2026-04-03T21:27:39.3339696Z,-0.328632,0.584837,0.002909,-0.568252,0.484257,-0.041503,7.55,gru,0.239620,0.100580,0.044412
2026-04-03T21:27:39.3856808Z,-0.316776,0.582981,0.000825,-0.563515,0.485714,-0.047240,9.13,gru,0.246739,0.097267,0.048065
2026-04-03T21:27:39.4264160Z,-0.329102,0.580759,0.003082,-0.565673,0.494601,-0.033419,7.88,gru,0.236571,0.086158,0.036501
2026-04-03T21:27:39.4749127Z,-0.329696,0.581522,0.003854,-0.565672,0.500810,-0.033393,8.57,gru,0.235976,0.080712,0.037248
2026-04-03T21:27:39.5243034Z,-0.332419,0.583836,0.003296,-0.567403,0.487047,-0.040860,9.02,gru,0.234984,0.096790,0.044156
2026-04-03T21:27:39.5732271Z,-0.329387,0.582405,0.003176,-0.567606,0.490157,-0.040512,7.51,gru,0.238219,0.092247,0.043688
2026-04-03T21:27:39.5985191Z,-0.332197,0.581687,0.004192,-0.568230,0.490014,-0.036478,7.02,gru,0.236033,0.091673,0.040670
2026-04-03T21:27:39.6230968Z,-0.330393,0.583841,0.003057,-0.567870,0.496198,-0.040257,6.50,gru,0.237477,0.087644,0.043314
2026-04-03T21:27:39.6573650Z,-0.330593,0.582343,0.003873,-0.567192,0.496784,-0.038149,6.00,gru,0.236598,0.085559,0.042022
2026-04-03T21:27:39.7069002Z,-0.331019,0.583607,0.003264,-0.569310,0.495072,-0.039094,7.94,gru,0.238291,0.088535,0.042357
2026-04-03T21:27:39.7224955Z,-0.330879,0.582199,0.003404,-0.571892,0.484285,-0.041280,5.12,gru,0.241013,0.097914,0.044684
2026-04-03T21:27:39.7568076Z,-0.331294,0.582345,0.003907,-0.572908,0.483857,-0.039515,6.85,gru,0.241614,0.098488,0.043422
2026-04-03T21:27:39.8028674Z,-0.329087,0.582166,0.003342,-0.570815,0.485468,-0.042154,8.98,gru,0.241728,0.096698,0.045495
2026-04-03T21:27:39.8274199Z,-0.330205,0.583456,0.003402,-0.569405,0.493876,-0.039929,8.19,gru,0.239200,0.089580,0.043332
2026-04-03T21:27:39.8475112Z,-0.328573,0.581547,0.003315,-0.566898,0.486546,-0.039970,7.68,gru,0.238325,0.095001,0.043285
2026-04-03T21:27:39.8946973Z,-0.326942,0.583465,0.001965,-0.569000,0.490044,-0.044309,8.05,gru,0.242058,0.093421,0.046274
2026-04-03T21:27:39.9213221Z,-0.330449,0.583009,0.003848,-0.570610,0.489030,-0.037007,7.42,gru,0.240161,0.093978,0.040855
2026-04-03T21:27:39.9581164Z,-0.329099,0.583651,0.002681,-0.569103,0.491453,-0.041666,8.46,gru,0.240004,0.092198,0.044347
2026-04-03T21:27:39.9811129Z,-0.330691,0.582433,0.003535,-0.566688,0.490878,-0.039638,8.12,gru,0.235996,0.091555,0.043173
2026-04-03T21:27:40.0251796Z,-0.325098,0.582089,0.001620,-0.566931,0.490473,-0.043944,8.19,gru,0.241834,0.091617,0.045564
2026-04-03T21:27:40.0688610Z,-0.326440,0.582279,0.002195,-0.569908,0.482695,-0.044285,8.06,gru,0.243468,0.099584,0.046479
2026-04-03T21:27:40.0953252Z,-0.327502,0.581987,0.003098,-0.569454,0.484052,-0.037598,8.08,gru,0.241953,0.097935,0.040697
2026-04-03T21:27:40.1202957Z,-0.325451,0.581530,0.002193,-0.565751,0.482507,-0.042554,8.80,gru,0.240300,0.099023,0.044748
2026-04-03T21:27:40.1659744Z,-0.328471,0.582938,0.002189,-0.567023,0.498416,-0.039904,6.89,gru,0.238552,0.084522,0.042093
2026-04-03T21:27:40.1854150Z,-0.326899,0.582404,0.002628,-0.567609,0.486887,-0.039836,8.32,gru,0.240710,0.095517,0.042464
2026-04-03T21:27:40.2284430Z,-0.326802,0.582393,0.003005,-0.565657,0.486593,-0.039384,7.79,gru,0.238854,0.095800,0.042389
2026-04-03T21:27:40.2694852Z,-0.326533,0.583390,0.002448,-0.565166,0.496181,-0.040685,7.34,gru,0.238633,0.087209,0.043133
2026-04-03T21:27:40.2977005Z,-0.329860,0.583022,0.003473,-0.566043,0.492531,-0.037149,7.41,gru,0.236182,0.090490,0.040623
2026-04-03T21:27:40.3388721Z,-0.328417,0.581997,0.003384,-0.566658,0.489190,-0.039247,8.30,gru,0.238241,0.092807,0.042631
2026-04-03T21:27:40.3846061Z,-0.325851,0.580913,0.002797,-0.567503,0.483304,-0.042390,7.70,gru,0.241652,0.097609,0.045187
2026-04-03T21:27:40.4287717Z,-0.327364,0.582866,0.002717,-0.566611,0.495413,-0.039022,6.15,gru,0.239246,0.087453,0.041739
2026-04-03T21:27:40.4545847Z,-0.326841,0.580668,0.003313,-0.567225,0.485985,-0.039216,7.53,gru,0.240383,0.094682,0.042529
2026-04-03T21:27:40.4941225Z,-0.329734,0.582001,0.003710,-0.566857,0.492371,-0.037938,7.25,gru,0.237123,0.089629,0.041648
2026-04-03T21:27:40.5340813Z,-0.325943,0.581071,0.003092,-0.568290,0.481486,-0.042661,8.40,gru,0.242347,0.099585,0.045753
2026-04-03T21:27:40.5597294Z,-0.327706,0.581853,0.002972,-0.568593,0.489782,-0.041439,6.70,gru,0.240887,0.092071,0.044412
2026-04-03T21:27:40.5943243Z,-0.327640,0.583216,0.003185,-0.565503,0.497228,-0.038193,6.92,gru,0.237863,0.085988,0.041378
2026-04-03T21:27:40.6337758Z,-0.327963,0.584097,0.002156,-0.566313,0.493634,-0.042162,6.73,gru,0.238350,0.090463,0.044318
2026-04-03T21:27:40.6635568Z,-0.327169,0.582249,0.002766,-0.567449,0.486002,-0.040426,6.01,gru,0.240280,0.096247,0.043192
2026-04-03T21:27:40.6947637Z,-0.326496,0.581482,0.003047,-0.570142,0.480115,-0.041562,5.30,gru,0.243646,0.101367,0.044610
2026-04-03T21:27:40.7265030Z,-0.325467,0.580561,0.002683,-0.568032,0.483887,-0.042369,6.95,gru,0.242566,0.096674,0.045052
2026-04-03T21:27:40.8169442Z,-0.328108,0.582880,0.002651,-0.568207,0.490640,-0.040398,5.64,gru,0.240099,0.092240,0.043049
2026-04-03T21:27:40.8498834Z,-0.326183,0.581677,0.001845,-0.568971,0.480061,-0.044158,5.32,gru,0.242788,0.101617,0.046004
2026-04-03T21:27:40.8929704Z,-0.324370,0.581543,0.002429,-0.567590,0.483217,-0.042196,6.77,gru,0.243220,0.098326,0.044625
2026-04-03T21:27:40.9255512Z,-0.324638,0.581119,0.001643,-0.566504,0.487299,-0.042212,6.88,gru,0.241865,0.093820,0.043854
2026-04-03T21:27:40.9559839Z,-0.317023,0.582621,0.001279,-0.563573,0.483160,-0.045317,5.89,gru,0.246550,0.099461,0.046595
2026-04-03T21:27:40.9859233Z,-0.315163,0.580790,0.001027,-0.560986,0.486147,-0.043589,5.92,gru,0.245823,0.094642,0.044616
2026-04-03T21:27:41.0167427Z,-0.319913,0.581224,0.000504,-0.559412,0.498093,-0.040029,5.66,gru,0.239499,0.083131,0.040534
2026-04-03T21:27:41.0598699Z,-0.323458,0.581750,0.001626,-0.562654,0.487399,-0.038811,5.99,gru,0.239196,0.094351,0.040437
2026-04-03T21:27:41.0965505Z,-0.323166,0.581127,0.001680,-0.564236,0.476408,-0.042289,7.08,gru,0.241070,0.104719,0.043968
2026-04-03T21:27:41.1351486Z,-0.326209,0.581282,0.002890,-0.564170,0.488089,-0.039056,7.41,gru,0.237961,0.093193,0.041947
2026-04-03T21:27:41.1602148Z,-0.326274,0.582342,0.002342,-0.563654,0.485231,-0.040814,6.96,gru,0.237380,0.097111,0.043155
2026-04-03T21:27:41.2002407Z,-0.327934,0.582427,0.003050,-0.564598,0.487795,-0.039351,7.64,gru,0.236664,0.094632,0.042401
2026-04-03T21:27:41.2231678Z,-0.324970,0.582108,0.001842,-0.566406,0.479078,-0.043805,6.96,gru,0.241436,0.103031,0.045647
2026-04-03T21:27:41.2667855Z,-0.327651,0.582737,0.002732,-0.567637,0.487554,-0.040081,7.98,gru,0.239986,0.095182,0.042814
2026-04-03T21:27:41.2932635Z,-0.327236,0.581418,0.002857,-0.566900,0.489238,-0.039167,8.90,gru,0.239664,0.092179,0.042024
2026-04-03T21:27:41.3363581Z,-0.316787,0.582458,0.001030,-0.565009,0.483023,-0.047802,8.01,gru,0.248222,0.099435,0.048832
2026-04-03T21:27:41.3607322Z,-0.325655,0.581597,0.002220,-0.566634,0.494460,-0.037484,6.91,gru,0.240979,0.087137,0.039704
2026-04-03T21:27:41.4013985Z,-0.325016,0.580794,0.002053,-0.566033,0.482661,-0.040092,7.02,gru,0.241018,0.098133,0.042145
2026-04-03T21:27:41.4344697Z,-0.326311,0.581383,0.002844,-0.566703,0.475641,-0.041895,6.20,gru,0.240392,0.105741,0.044739
2026-04-03T21:27:41.4753152Z,-0.328904,0.581903,0.003229,-0.567327,0.492703,-0.038394,2.66,gru,0.238423,0.089200,0.041623
2026-04-03T21:27:41.5157269Z,-0.325853,0.581384,0.002374,-0.569377,0.479459,-0.044718,7.57,gru,0.243524,0.101925,0.047092
2026-04-03T21:27:41.5347421Z,-0.325435,0.581643,0.002153,-0.566796,0.482743,-0.043051,8.01,gru,0.241361,0.098900,0.045204
2026-04-03T21:27:41.5791950Z,-0.326286,0.582352,0.002247,-0.569054,0.484775,-0.041698,6.08,gru,0.242768,0.097578,0.043946
2026-04-03T21:27:41.6079688Z,-0.325570,0.583006,0.001378,-0.568678,0.480913,-0.046063,5.70,gru,0.243107,0.102093,0.047441
2026-04-03T21:27:41.6257589Z,-0.325871,0.581620,0.002369,-0.570841,0.470618,-0.044470,7.19,gru,0.244970,0.111002,0.046840
2026-04-03T21:27:41.6592394Z,-0.327609,0.581293,0.003135,-0.572016,0.475912,-0.041676,5.58,gru,0.244407,0.105381,0.044811
2026-04-03T21:27:41.6904628Z,-0.327769,0.582737,0.002694,-0.570398,0.482941,-0.043576,6.04,gru,0.242629,0.099796,0.046270
2026-04-03T21:27:41.7232821Z,-0.327889,0.583333,0.002451,-0.570719,0.479947,-0.043904,7.01,gru,0.242830,0.103386,0.046355
2026-04-03T21:27:41.7666822Z,-0.327716,0.583467,0.002401,-0.566713,0.483554,-0.041596,7.45,gru,0.238997,0.099913,0.043997
2026-04-03T21:27:41.7944095Z,-0.327001,0.582009,0.002555,-0.567817,0.483152,-0.041706,6.55,gru,0.240816,0.098857,0.044262
2026-04-03T21:27:41.8264739Z,-0.327233,0.583031,0.002299,-0.568357,0.488102,-0.041554,5.27,gru,0.241124,0.094930,0.043852
2026-04-03T21:27:41.8431193Z,-0.326212,0.582232,0.002456,-0.569160,0.483757,-0.042597,6.48,gru,0.242948,0.098475,0.045053
2026-04-03T21:27:41.8760803Z,-0.327513,0.583092,0.002588,-0.567010,0.490097,-0.040262,5.55,gru,0.239498,0.092994,0.042850
2026-04-03T21:27:41.9085981Z,-0.329138,0.582788,0.003151,-0.569220,0.484475,-0.040132,5.50,gru,0.240082,0.098313,0.043283
2026-04-03T21:27:41.9665986Z,-0.327167,0.583169,0.002313,-0.568569,0.478934,-0.045319,7.11,gru,0.241402,0.104234,0.047632
2026-04-03T21:27:42.0129287Z,-0.326907,0.582467,0.002305,-0.569538,0.481153,-0.043306,6.51,gru,0.242630,0.101314,0.045610
2026-04-03T21:27:42.0542115Z,-0.325606,0.581247,0.002810,-0.569953,0.476740,-0.041767,7.37,gru,0.244348,0.104507,0.044576
2026-04-03T21:27:42.0952673Z,-0.326009,0.580815,0.003016,-0.567276,0.482707,-0.040807,8.53,gru,0.241267,0.098108,0.043823
2026-04-03T21:27:42.1149865Z,-0.329657,0.582691,0.002871,-0.568336,0.492745,-0.039750,6.18,gru,0.238679,0.089946,0.042621
2026-04-03T21:27:42.1503296Z,-0.326984,0.580820,0.003185,-0.570447,0.476444,-0.042584,5.50,gru,0.243463,0.104376,0.045770
2026-04-03T21:27:42.1889106Z,-0.327707,0.582497,0.002673,-0.569546,0.483240,-0.042856,6.46,gru,0.241839,0.099257,0.045529
2026-04-03T21:27:42.2194881Z,-0.327034,0.583069,0.002379,-0.568734,0.489740,-0.042392,6.54,gru,0.241701,0.093328,0.044771
2026-04-03T21:27:42.2672612Z,-0.327369,0.581560,0.003151,-0.570462,0.482480,-0.041286,6.95,gru,0.243093,0.099080,0.044437
2026-04-03T21:27:42.2846945Z,-0.326894,0.582338,0.002581,-0.569568,0.482857,-0.042741,5.89,gru,0.242674,0.099481,0.045322
2026-04-03T21:27:42.3182465Z,-0.326911,0.582498,0.002504,-0.568416,0.484588,-0.042105,7.43,gru,0.241505,0.097909,0.044610
2026-04-03T21:27:42.3569241Z,-0.327344,0.581577,0.002731,-0.568104,0.486585,-0.040370,7.41,gru,0.240760,0.094992,0.043101
2026-04-03T21:27:42.3899962Z,-0.317080,0.582465,0.001246,-0.565627,0.482763,-0.046948,7.53,gru,0.248546,0.099702,0.048194
2026-04-03T21:27:42.4230061Z,-0.327183,0.582140,0.002793,-0.566235,0.498787,-0.036094,6.22,gru,0.239052,0.083353,0.038887
2026-04-03T21:27:42.4572975Z,-0.327928,0.582192,0.002955,-0.567078,0.488344,-0.038248,7.76,gru,0.239150,0.093847,0.041203
2026-04-03T21:27:42.4913857Z,-0.325625,0.581712,0.002420,-0.567669,0.478600,-0.044112,8.06,gru,0.242044,0.103112,0.046532
2026-04-03T21:27:42.5308893Z,-0.315774,0.583503,0.000572,-0.564294,0.482449,-0.047964,8.72,gru,0.248520,0.101054,0.048536
2026-04-03T21:27:42.5539973Z,-0.316227,0.581734,0.001427,-0.561493,0.490441,-0.040755,8.32,gru,0.245266,0.091293,0.042182
2026-04-03T21:27:42.5960663Z,-0.326247,0.582647,0.002814,-0.562658,0.501361,-0.032304,7.61,gru,0.236411,0.081286,0.035119
2026-04-03T21:27:42.6193518Z,-0.325864,0.582736,0.001586,-0.564415,0.485946,-0.042711,7.14,gru,0.238550,0.096790,0.044296
2026-04-03T21:27:42.6581143Z,-0.326992,0.581816,0.002988,-0.567398,0.479708,-0.041000,7.98,gru,0.240407,0.102108,0.043988
2026-04-03T21:27:42.6949506Z,-0.313027,0.582764,0.000172,-0.563499,0.474368,-0.049289,7.04,gru,0.250472,0.108396,0.049461
2026-04-03T21:27:42.7192735Z,-0.326003,0.581876,0.002043,-0.564081,0.494052,-0.036149,6.77,gru,0.238078,0.087824,0.038192
2026-04-03T21:27:42.7568884Z,-0.323800,0.583223,0.001035,-0.564306,0.491987,-0.039884,7.55,gru,0.240507,0.091236,0.040919
2026-04-03T21:27:42.7968129Z,-0.323717,0.581233,0.001770,-0.567188,0.470902,-0.043995,7.52,gru,0.243470,0.110331,0.045764
2026-04-03T21:27:42.8179139Z,-0.327642,0.581496,0.003096,-0.566791,0.492035,-0.035635,6.50,gru,0.239149,0.089461,0.038732
2026-04-03T21:27:42.8563867Z,-0.326605,0.582007,0.002398,-0.567293,0.487998,-0.042228,6.73,gru,0.240688,0.094009,0.044625
2026-04-03T21:27:42.9005729Z,-0.327832,0.582425,0.002831,-0.567876,0.484120,-0.041016,6.71,gru,0.240044,0.098304,0.043846
2026-04-03T21:27:42.9192882Z,-0.313614,0.580246,0.000865,-0.565254,0.473725,-0.048764,7.40,gru,0.251640,0.106522,0.049629
2026-04-03T21:27:42.9523856Z,-0.314603,0.581215,0.000486,-0.560702,0.489979,-0.044125,6.83,gru,0.246099,0.091236,0.044610
2026-04-03T21:27:42.9859115Z,-0.325096,0.581355,0.001677,-0.565709,0.498575,-0.033947,6.31,gru,0.240613,0.082780,0.035624
2026-04-03T21:27:43.0319940Z,-0.325844,0.582693,0.002258,-0.568646,0.476082,-0.042877,6.67,gru,0.242803,0.106612,0.045135
2026-04-03T21:27:43.0496470Z,-0.325714,0.580206,0.002288,-0.567431,0.477826,-0.042963,5.25,gru,0.241717,0.102380,0.045252
2026-04-03T21:27:43.0832658Z,-0.326229,0.582884,0.002302,-0.565936,0.493616,-0.040242,6.08,gru,0.239707,0.089268,0.042544
2026-04-03T21:27:43.1132038Z,-0.328422,0.581858,0.003150,-0.565447,0.487226,-0.038570,5.35,gru,0.237024,0.094632,0.041720
2026-04-03T21:27:43.1449241Z,-0.327263,0.582171,0.002930,-0.568627,0.479034,-0.044118,6.60,gru,0.241364,0.103137,0.047047
2026-04-03T21:27:43.1775214Z,-0.328008,0.583794,0.002437,-0.569799,0.481113,-0.044959,6.89,gru,0.241791,0.102681,0.047395
2026-04-03T21:27:43.2129326Z,-0.330086,0.582667,0.003566,-0.569640,0.489526,-0.038378,6.98,gru,0.239554,0.093140,0.041943
2026-04-03T21:27:43.2445349Z,-0.331351,0.581498,0.003830,-0.571500,0.483542,-0.039626,5.54,gru,0.240149,0.097956,0.043456
2026-04-03T21:27:43.2788732Z,-0.329420,0.582808,0.002772,-0.571528,0.483387,-0.043842,6.54,gru,0.242107,0.099421,0.046614
2026-04-03T21:27:43.3163615Z,-0.328970,0.582222,0.003193,-0.571916,0.478347,-0.044323,8.12,gru,0.242946,0.103875,0.047516
2026-04-03T21:27:43.3535699Z,-0.328471,0.582360,0.002841,-0.569809,0.484182,-0.041687,7.18,gru,0.241338,0.098178,0.044528
2026-04-03T21:27:43.3928443Z,-0.326391,0.582277,0.002499,-0.570127,0.482856,-0.044429,7.02,gru,0.243736,0.099421,0.046928
2026-04-03T21:27:43.4370770Z,-0.328082,0.582653,0.003326,-0.572269,0.480993,-0.041051,7.09,gru,0.244187,0.101660,0.044377
2026-04-03T21:27:43.4557108Z,-0.325806,0.581039,0.002895,-0.569079,0.481356,-0.042163,7.69,gru,0.243274,0.099683,0.045058
2026-04-03T21:27:43.5015625Z,-0.325575,0.581716,0.002138,-0.566488,0.487406,-0.043062,6.02,gru,0.240914,0.094309,0.045200
2026-04-03T21:27:43.5222354Z,-0.326082,0.582567,0.001942,-0.567180,0.490518,-0.041326,7.41,gru,0.241098,0.092049,0.043268
2026-04-03T21:27:43.5651509Z,-0.326194,0.581534,0.002954,-0.570865,0.468219,-0.043949,7.53,gru,0.244670,0.113314,0.046903
2026-04-03T21:27:43.5834624Z,-0.327727,0.581307,0.002719,-0.569871,0.473805,-0.044322,7.07,gru,0.242144,0.107502,0.047041
2026-04-03T21:27:43.6153711Z,-0.316136,0.581877,0.000755,-0.567299,0.474059,-0.049742,6.74,gru,0.251162,0.107818,0.050497
2026-04-03T21:27:43.6575798Z,-0.325978,0.581557,0.002251,-0.567058,0.493601,-0.037191,6.95,gru,0.241079,0.087956,0.039442
2026-04-03T21:27:43.6944835Z,-0.326453,0.582427,0.002504,-0.568933,0.482883,-0.039322,6.03,gru,0.242480,0.099544,0.041826
2026-04-03T21:27:43.7304668Z,-0.327514,0.582928,0.002490,-0.567633,0.482225,-0.042775,6.04,gru,0.240119,0.100703,0.045265
2026-04-03T21:27:43.7663364Z,-0.328501,0.581847,0.003251,-0.567453,0.485507,-0.038815,7.00,gru,0.238952,0.096340,0.042066
2026-04-03T21:27:43.7890675Z,-0.328285,0.581784,0.003397,-0.567418,0.485015,-0.040002,7.34,gru,0.239133,0.096769,0.043399
2026-04-03T21:27:43.8237969Z,-0.324986,0.581550,0.001435,-0.565881,0.489309,-0.044821,7.58,gru,0.240895,0.092242,0.046256
2026-04-03T21:27:43.8628945Z,-0.327839,0.583830,0.002346,-0.566466,0.496024,-0.038628,7.06,gru,0.238626,0.087805,0.040974
2026-04-03T21:27:43.8799712Z,-0.329291,0.582849,0.002736,-0.568310,0.488158,-0.038101,5.77,gru,0.239019,0.094692,0.040837
2026-04-03T21:27:43.9151135Z,-0.325734,0.580655,0.002879,-0.568572,0.479044,-0.042485,6.51,gru,0.242838,0.101610,0.045364
2026-04-03T21:27:43.9485081Z,-0.324898,0.580476,0.002713,-0.567873,0.485608,-0.041264,5.64,gru,0.242975,0.094868,0.043977
2026-04-03T21:27:43.9843400Z,-0.326433,0.583111,0.002222,-0.567389,0.495562,-0.041034,7.63,gru,0.240956,0.087549,0.043257
2026-04-03T21:27:44.0326474Z,-0.324361,0.582427,0.001812,-0.567192,0.484441,-0.043526,7.29,gru,0.242831,0.097986,0.045337
2026-04-03T21:27:44.0520774Z,-0.325973,0.580442,0.002142,-0.564536,0.484708,-0.040480,6.92,gru,0.238562,0.095734,0.042621
2026-04-03T21:27:44.0834351Z,-0.325117,0.580996,0.002209,-0.567865,0.481554,-0.041912,6.07,gru,0.242749,0.099443,0.044121
2026-04-03T21:27:44.1154882Z,-0.326731,0.582360,0.002473,-0.569504,0.485796,-0.041897,5.55,gru,0.242773,0.096564,0.044370
2026-04-03T21:27:44.1464701Z,-0.316444,0.582656,0.001095,-0.565937,0.479940,-0.047708,6.52,gru,0.249493,0.102716,0.048803
2026-04-03T21:27:44.1831658Z,-0.315468,0.580954,0.001045,-0.560922,0.481614,-0.044136,6.55,gru,0.245454,0.099339,0.045180
2026-04-03T21:27:44.2250626Z,-0.327667,0.584238,0.001963,-0.566852,0.502114,-0.034536,6.74,gru,0.239185,0.082125,0.036498
2026-04-03T21:27:44.2687716Z,-0.326668,0.582000,0.002329,-0.567899,0.471816,-0.043466,8.00,gru,0.241231,0.110185,0.045795
2026-04-03T21:27:44.2860408Z,-0.327259,0.582219,0.002495,-0.567832,0.475073,-0.042969,5.68,gru,0.240572,0.107146,0.045464
2026-04-03T21:27:44.3437515Z,-0.327300,0.583065,0.002150,-0.567156,0.491952,-0.041440,9.85,gru,0.239856,0.091114,0.043590
2026-04-03T21:27:44.3736239Z,-0.326648,0.581943,0.002430,-0.565917,0.486717,-0.040910,6.61,gru,0.239269,0.095226,0.043340
2026-04-03T21:27:44.4106102Z,-0.327290,0.580922,0.003142,-0.566068,0.484366,-0.038781,7.64,gru,0.238778,0.096556,0.041923
2026-04-03T21:27:44.4453827Z,-0.330038,0.581020,0.003732,-0.569640,0.485648,-0.038713,6.11,gru,0.239601,0.095372,0.042445
2026-04-03T21:27:44.4821384Z,-0.326113,0.583680,0.002078,-0.571172,0.482358,-0.046185,5.97,gru,0.245059,0.101322,0.048263
2026-04-03T21:27:44.5266588Z,-0.326232,0.583021,0.002285,-0.567574,0.491754,-0.042076,7.72,gru,0.241343,0.091267,0.044361
2026-04-03T21:27:44.5499977Z,-0.326586,0.581737,0.002534,-0.568502,0.487855,-0.039605,6.72,gru,0.241916,0.093882,0.042139
2026-04-03T21:27:44.5987467Z,-0.326760,0.581308,0.002964,-0.569833,0.477656,-0.041775,6.88,gru,0.243074,0.103652,0.044738
2026-04-03T21:27:44.6237819Z,-0.313504,0.580269,0.000324,-0.564737,0.468923,-0.050069,6.93,gru,0.251233,0.111346,0.050393
2026-04-03T21:27:44.6577383Z,-0.315806,0.579790,0.001780,-0.561798,0.489730,-0.040565,6.67,gru,0.245992,0.090059,0.042345
2026-04-03T21:27:44.6925844Z,-0.316739,0.581138,0.001267,-0.564442,0.490421,-0.040916,7.04,gru,0.247703,0.090717,0.042183
2026-04-03T21:27:44.7377885Z,-0.325897,0.580829,0.002580,-0.567033,0.480533,-0.039953,7.60,gru,0.241136,0.100296,0.042533
2026-04-03T21:27:44.7553403Z,-0.326376,0.580724,0.002947,-0.565147,0.479424,-0.039693,7.59,gru,0.238771,0.101300,0.042640
2026-04-03T21:27:44.7937734Z,-0.318104,0.582514,0.001706,-0.563007,0.480008,-0.046221,6.93,gru,0.244902,0.102506,0.047927
2026-04-03T21:27:44.8274833Z,-0.316577,0.580042,0.001796,-0.562621,0.477557,-0.044858,7.79,gru,0.246044,0.102484,0.046654
2026-04-03T21:27:44.8500466Z,-0.324157,0.579402,0.002415,-0.563674,0.483104,-0.038495,7.71,gru,0.239516,0.096299,0.040910
2026-04-03T21:27:44.8787111Z,-0.319025,0.580572,0.002211,-0.564515,0.485449,-0.042782,6.55,gru,0.245490,0.095123,0.044993
2026-04-03T21:27:44.9266420Z,-0.316371,0.579994,0.001244,-0.563814,0.477028,-0.046064,7.12,gru,0.247443,0.102967,0.047308
2026-04-03T21:27:44.9589101Z,-0.317072,0.580620,0.000957,-0.562009,0.489537,-0.042111,6.59,gru,0.244936,0.091083,0.043068
2026-04-03T21:27:45.0025668Z,-0.316570,0.581606,0.001342,-0.561245,0.487425,-0.041619,7.62,gru,0.244675,0.094182,0.042961
2026-04-03T21:27:45.0239578Z,-0.326462,0.582655,0.002170,-0.564129,0.491441,-0.037873,7.13,gru,0.237667,0.091214,0.040043
2026-04-03T21:27:45.0639759Z,-0.314809,0.580263,0.001273,-0.560018,0.468669,-0.045541,7.63,gru,0.245209,0.111594,0.046814
2026-04-03T21:27:45.0984177Z,-0.325848,0.581528,0.002426,-0.560734,0.491551,-0.036743,7.51,gru,0.234886,0.089977,0.039168
2026-04-03T21:27:45.1184354Z,-0.332128,0.582412,0.004007,-0.565664,0.502570,-0.032279,5.93,gru,0.233537,0.079842,0.036286
2026-04-03T21:27:45.1508821Z,-0.329488,0.580599,0.003551,-0.568568,0.475992,-0.041909,5.43,gru,0.239080,0.104607,0.045461
2026-04-03T21:27:45.1893966Z,-0.330763,0.583461,0.002783,-0.568488,0.490624,-0.042095,6.73,gru,0.237725,0.092837,0.044879
2026-04-03T21:27:45.2257817Z,-0.327691,0.579337,0.003407,-0.569316,0.478469,-0.040331,7.18,gru,0.241625,0.100867,0.043738
2026-04-03T21:27:45.2482158Z,-0.332265,0.582813,0.003575,-0.572035,0.475996,-0.042003,6.80,gru,0.239770,0.106817,0.045577
2026-04-03T21:27:45.2883546Z,-0.332886,0.582119,0.004365,-0.574297,0.472998,-0.041850,7.14,gru,0.241411,0.109121,0.046215
2026-04-03T21:27:45.3255242Z,-0.317554,0.580151,0.001031,-0.572478,0.459042,-0.053190,7.02,gru,0.254924,0.121109,0.054221
2026-04-03T21:27:45.3620841Z,-0.328040,0.580908,0.003148,-0.569412,0.493681,-0.035708,6.18,gru,0.241372,0.087227,0.038856
2026-04-03T21:27:45.3914647Z,-0.319859,0.580515,0.001727,-0.566808,0.480117,-0.042524,6.05,gru,0.246949,0.100397,0.044251
2026-04-03T21:27:45.4246707Z,-0.328997,0.580912,0.003615,-0.568078,0.480880,-0.040712,7.27,gru,0.239081,0.100032,0.044327
2026-04-03T21:27:45.4651205Z,-0.329774,0.581453,0.003775,-0.571063,0.479095,-0.039726,6.40,gru,0.241290,0.102358,0.043502
2026-04-03T21:27:45.5089637Z,-0.329407,0.582128,0.003054,-0.569221,0.473132,-0.044098,6.07,gru,0.239814,0.108995,0.047151
2026-04-03T21:27:45.5441940Z,-0.330279,0.583501,0.002926,-0.569250,0.482948,-0.041828,7.15,gru,0.238972,0.100553,0.044754
2026-04-03T21:27:45.5729577Z,-0.316814,0.582177,0.001453,-0.570309,0.461006,-0.050865,5.80,gru,0.253495,0.121171,0.052318
2026-04-03T21:27:45.6100726Z,-0.328609,0.581813,0.003282,-0.570680,0.483319,-0.037985,6.00,gru,0.242071,0.098494,0.041267
2026-04-03T21:27:45.6414746Z,-0.316963,0.581396,0.001405,-0.565154,0.474601,-0.046947,7.28,gru,0.248190,0.106795,0.048352
2026-04-03T21:27:45.6515118Z,-0.317114,0.581218,0.001163,-0.566193,0.476549,-0.046878,5.76,gru,0.249079,0.104668,0.048041
2026-04-03T21:27:45.6869649Z,-0.315060,0.581471,0.000916,-0.564144,0.476508,-0.044076,5.66,gru,0.249083,0.104963,0.044991
2026-04-03T21:27:45.7255153Z,-0.314587,0.582622,0.000029,-0.561066,0.482498,-0.045676,7.91,gru,0.246479,0.100124,0.045705
2026-04-03T21:27:45.7630444Z,-0.329318,0.581165,0.003399,-0.559421,0.499652,-0.028236,5.54,gru,0.230103,0.081513,0.031636
2026-04-03T21:27:45.7826380Z,-0.328973,0.581362,0.003391,-0.563631,0.479752,-0.037802,5.68,gru,0.234658,0.101611,0.041193
2026-04-03T21:27:45.8152521Z,-0.317256,0.582428,0.001038,-0.563116,0.478140,-0.047804,5.09,gru,0.245860,0.104288,0.048842
2026-04-03T21:27:45.8523635Z,-0.324965,0.580245,0.002137,-0.564075,0.487838,-0.036145,6.04,gru,0.239110,0.092407,0.038282
2026-04-03T21:27:45.8869807Z,-0.325531,0.581834,0.002196,-0.562012,0.498781,-0.035758,7.07,gru,0.236481,0.083053,0.037954
2026-04-03T21:27:45.9258670Z,-0.326540,0.580530,0.002588,-0.566245,0.481916,-0.040396,7.04,gru,0.239706,0.098614,0.042984
2026-04-03T21:27:45.9706577Z,-0.327277,0.581252,0.002988,-0.571425,0.473310,-0.042772,5.54,gru,0.244148,0.107942,0.045759
2026-04-03T21:27:46.0092314Z,-0.325810,0.580074,0.002283,-0.568542,0.477860,-0.043228,6.99,gru,0.242731,0.102214,0.045511
2026-04-03T21:27:46.0617281Z,-0.325836,0.580583,0.002580,-0.570392,0.474380,-0.043472,6.07,gru,0.244557,0.106202,0.046051
2026-04-03T21:27:46.0995498Z,-0.315738,0.580536,0.000977,-0.565121,0.475525,-0.046646,7.55,gru,0.249382,0.105012,0.047623
2026-04-03T21:27:46.1182002Z,-0.314214,0.580711,0.000758,-0.560589,0.485541,-0.044058,5.66,gru,0.246375,0.095170,0.044817
2026-04-03T21:27:46.1601094Z,-0.328357,0.580643,0.003305,-0.564844,0.503104,-0.028781,6.47,gru,0.236487,0.077538,0.032086
2026-04-03T21:27:46.1820950Z,-0.327216,0.582355,0.002279,-0.566353,0.487752,-0.040927,6.38,gru,0.239138,0.094602,0.043206
2026-04-03T21:27:46.2173614Z,-0.329240,0.582429,0.003280,-0.568097,0.477197,-0.043268,3.64,gru,0.238857,0.105231,0.046548
2026-04-03T21:27:46.2731502Z,-0.327026,0.580750,0.002789,-0.568241,0.484606,-0.040414,6.55,gru,0.241215,0.096144,0.043203
2026-04-03T21:27:46.3186070Z,-0.326086,0.581733,0.002407,-0.565973,0.479161,-0.044439,6.51,gru,0.239887,0.102572,0.046846
2026-04-03T21:27:46.3469769Z,-0.325783,0.579527,0.002828,-0.568745,0.473604,-0.042454,6.94,gru,0.242962,0.105922,0.045282
2026-04-03T21:27:46.4230215Z,-0.327734,0.581445,0.003222,-0.572582,0.475362,-0.043517,5.69,gru,0.244848,0.106083,0.046739
2026-04-03T21:27:46.4657491Z,-0.328255,0.582321,0.002680,-0.572341,0.481005,-0.045445,5.37,gru,0.244086,0.101315,0.048125
2026-04-03T21:27:46.4927147Z,-0.315013,0.581264,0.000582,-0.565492,0.472561,-0.048830,5.57,gru,0.250478,0.108703,0.049412
2026-04-03T21:27:46.5345638Z,-0.314750,0.581442,0.000564,-0.563301,0.485184,-0.043714,6.91,gru,0.248551,0.096258,0.044278
2026-04-03T21:27:46.5731358Z,-0.327316,0.581006,0.003063,-0.567307,0.494563,-0.032217,6.03,gru,0.239991,0.086443,0.035280
2026-04-03T21:27:46.6850019Z,-0.316528,0.580800,0.001183,-0.565925,0.465183,-0.046665,6.21,gru,0.249398,0.115617,0.047848
2026-04-03T21:27:46.7035135Z,-0.326868,0.582245,0.002277,-0.563780,0.488771,-0.040428,5.71,gru,0.236912,0.093474,0.042704
2026-04-03T21:27:46.7376282Z,-0.316968,0.582404,0.000696,-0.564264,0.479216,-0.045250,7.51,gru,0.247296,0.103187,0.045946
2026-04-03T21:27:46.7697369Z,-0.315257,0.581270,0.000961,-0.561818,0.475336,-0.045459,5.52,gru,0.246561,0.105934,0.046420
2026-04-03T21:27:46.8007362Z,-0.327162,0.581563,0.002745,-0.564876,0.496114,-0.031578,6.57,gru,0.237714,0.085449,0.034323
2026-04-03T21:27:46.8163425Z,-0.314097,0.578789,0.001443,-0.563912,0.463096,-0.046387,6.57,gru,0.249814,0.115694,0.047830
2026-04-03T21:27:46.8500680Z,-0.314484,0.581969,-0.000080,-0.563794,0.471574,-0.051013,5.45,gru,0.249310,0.110395,0.050932
2026-04-03T21:27:46.8810627Z,-0.328027,0.581623,0.002839,-0.566614,0.492693,-0.031352,5.97,gru,0.238587,0.088930,0.034191
2026-04-03T21:27:46.9147834Z,-0.326058,0.581296,0.002863,-0.565738,0.472870,-0.039746,5.63,gru,0.239680,0.108427,0.042609
2026-04-03T21:27:46.9472794Z,-0.327113,0.581625,0.002554,-0.566171,0.481868,-0.043369,6.52,gru,0.239057,0.099757,0.045924
2026-04-03T21:27:46.9894074Z,-0.325544,0.580684,0.002524,-0.563863,0.489427,-0.039345,5.54,gru,0.238318,0.091257,0.041869
2026-04-03T21:27:47.0185727Z,-0.327419,0.581248,0.002763,-0.566289,0.483487,-0.040082,7.86,gru,0.238870,0.097761,0.042845
2026-04-03T21:27:47.0838791Z,-0.331781,0.581904,0.003357,-0.572516,0.486203,-0.039197,6.03,gru,0.240735,0.095702,0.042554
2026-04-03T21:27:47.1271477Z,-0.331557,0.582156,0.003183,-0.572142,0.474949,-0.042160,7.14,gru,0.240586,0.107207,0.045343
2026-04-03T21:27:47.1585475Z,-0.326098,0.580805,0.002421,-0.569531,0.478735,-0.044304,5.74,gru,0.243433,0.102070,0.046725
2026-04-03T21:27:47.1780151Z,-0.325461,0.581130,0.001770,-0.570276,0.486670,-0.043046,6.24,gru,0.244816,0.094460,0.044815
2026-04-03T21:27:47.2177940Z,-0.326115,0.580408,0.002815,-0.571256,0.475624,-0.042488,6.63,gru,0.245141,0.104783,0.045303
2026-04-03T21:27:47.2482085Z,-0.327894,0.581488,0.002776,-0.572058,0.476393,-0.043873,6.04,gru,0.244164,0.105094,0.046649
2026-04-03T21:27:47.2915114Z,-0.329409,0.581452,0.003255,-0.571391,0.481251,-0.041315,6.31,gru,0.241982,0.100201,0.044570
2026-04-03T21:27:47.3128745Z,-0.327995,0.582799,0.002423,-0.568433,0.477137,-0.044797,6.52,gru,0.240437,0.105663,0.047220
2026-04-03T21:27:47.3526606Z,-0.326771,0.580484,0.002800,-0.570413,0.480801,-0.042423,5.72,gru,0.243642,0.099683,0.045222
2026-04-03T21:27:47.3893410Z,-0.316209,0.582441,0.000714,-0.569219,0.473227,-0.050992,6.14,gru,0.253010,0.109213,0.051706
2026-04-03T21:27:47.4247474Z,-0.316040,0.580925,0.001018,-0.563543,0.479431,-0.045866,8.07,gru,0.247503,0.101494,0.046884
2026-04-03T21:27:47.4573395Z,-0.318893,0.579731,0.001733,-0.564025,0.484167,-0.038348,6.08,gru,0.245133,0.095564,0.040081
2026-04-03T21:27:47.4770826Z,-0.318294,0.580255,0.000807,-0.565998,0.462809,-0.048232,6.62,gru,0.247704,0.117446,0.049039
2026-04-03T21:27:47.5114749Z,-0.329877,0.582414,0.002961,-0.568430,0.486563,-0.038503,5.77,gru,0.238553,0.095851,0.041463
2026-04-03T21:27:47.5461748Z,-0.318504,0.580026,0.001249,-0.564440,0.472015,-0.045869,7.04,gru,0.245936,0.108011,0.047117
2026-04-03T21:27:47.5765051Z,-0.325961,0.579347,0.002735,-0.563095,0.482366,-0.039744,5.82,gru,0.237135,0.096981,0.042479
2026-04-03T21:27:47.6153855Z,-0.319327,0.580908,0.001062,-0.563692,0.487024,-0.043331,6.01,gru,0.244365,0.093884,0.044394
2026-04-03T21:27:47.6474950Z,-0.317172,0.580807,0.001060,-0.564994,0.473028,-0.046714,4.43,gru,0.247821,0.107779,0.047774
2026-04-03T21:27:47.6808529Z,-0.327964,0.580951,0.002554,-0.567412,0.494382,-0.033654,5.52,gru,0.239448,0.086568,0.036208
2026-04-03T21:27:47.7133801Z,-0.319582,0.579928,0.001802,-0.565384,0.477457,-0.043489,6.40,gru,0.245803,0.102471,0.045291
2026-04-03T21:27:47.7628662Z,-0.325239,0.582494,0.001376,-0.565425,0.491449,-0.042300,8.66,gru,0.240185,0.091045,0.043676
2026-04-03T21:27:47.7939400Z,-0.329287,0.580944,0.003365,-0.569348,0.486420,-0.035580,5.87,gru,0.240061,0.094525,0.038945
2026-04-03T21:27:47.8266538Z,-0.324986,0.579958,0.002641,-0.569096,0.468092,-0.044300,6.26,gru,0.244110,0.111865,0.046941
2026-04-03T21:27:47.8556393Z,-0.324961,0.580275,0.002785,-0.567035,0.479081,-0.042967,6.53,gru,0.242074,0.101194,0.045752
2026-04-03T21:27:47.8885946Z,-0.325230,0.580795,0.003387,-0.567908,0.486300,-0.038687,6.50,gru,0.242679,0.094495,0.042074
2026-04-03T21:27:47.9196001Z,-0.325644,0.580985,0.004541,-0.566626,0.485035,-0.038043,6.02,gru,0.240982,0.095950,0.042585
2026-04-03T21:27:47.9624550Z,-0.325453,0.582980,0.004657,-0.567327,0.490308,-0.039485,7.83,gru,0.241874,0.092672,0.044142
2026-04-03T21:27:47.9833362Z,-0.326694,0.584692,0.004639,-0.565701,0.486508,-0.039960,6.84,gru,0.239007,0.098183,0.044599
2026-04-03T21:27:48.0214344Z,-0.328021,0.584478,0.005864,-0.566935,0.482244,-0.039176,6.91,gru,0.238915,0.102234,0.045041
2026-04-03T21:27:48.0586096Z,-0.321027,0.582916,0.003856,-0.565787,0.467420,-0.046783,5.51,gru,0.244759,0.115496,0.050639
2026-04-03T21:27:48.0910696Z,-0.323293,0.581667,0.004392,-0.564650,0.473431,-0.041801,7.54,gru,0.241357,0.108236,0.046193
2026-04-03T21:27:48.1247366Z,-0.324607,0.582522,0.004205,-0.565873,0.481314,-0.039527,5.54,gru,0.241266,0.101208,0.043732
2026-04-03T21:27:48.1643767Z,-0.322356,0.582284,0.003459,-0.563151,0.483875,-0.042107,5.18,gru,0.240795,0.098410,0.045566
2026-04-03T21:27:48.2018945Z,-0.323055,0.582624,0.002895,-0.563984,0.475392,-0.043684,6.87,gru,0.240929,0.107232,0.046578
2026-04-03T21:27:48.2731741Z,-0.314149,0.582436,0.001854,-0.562036,0.470741,-0.046265,6.70,gru,0.247886,0.111695,0.048119
2026-04-03T21:27:48.2922320Z,-0.324211,0.581258,0.002962,-0.563518,0.482860,-0.038475,6.49,gru,0.239307,0.098398,0.041437
2026-04-03T21:27:48.3356414Z,-0.324217,0.580384,0.003015,-0.562109,0.477648,-0.040321,6.11,gru,0.237892,0.102735,0.043336
2026-04-03T21:27:48.3744365Z,-0.323080,0.582137,0.002193,-0.563936,0.476297,-0.043974,5.45,gru,0.240856,0.105840,0.046166
2026-04-03T21:27:48.4055667Z,-0.324149,0.579380,0.003086,-0.564474,0.473749,-0.040848,6.40,gru,0.240325,0.105630,0.043934
2026-04-03T21:27:48.4307314Z,-0.324784,0.580940,0.002520,-0.563916,0.486553,-0.040981,6.04,gru,0.239132,0.094386,0.043501
2026-04-03T21:27:48.4604878Z,-0.323914,0.581001,0.002678,-0.563296,0.483320,-0.040816,6.99,gru,0.239383,0.097681,0.043494
2026-04-03T21:27:48.4927683Z,-0.325811,0.580638,0.002965,-0.566349,0.476890,-0.040403,6.79,gru,0.240538,0.103748,0.043368
2026-04-03T21:27:48.5245778Z,-0.324813,0.580839,0.002267,-0.565752,0.477813,-0.042906,7.01,gru,0.240939,0.103026,0.045173
2026-04-03T21:27:48.5565879Z,-0.324898,0.580337,0.002487,-0.565089,0.478536,-0.041291,5.13,gru,0.240191,0.101801,0.043777
2026-04-03T21:27:48.5857876Z,-0.324566,0.579792,0.002783,-0.563638,0.481069,-0.039244,6.43,gru,0.239072,0.098724,0.042026
2026-04-03T21:27:48.6270371Z,-0.324071,0.579196,0.002536,-0.560092,0.488417,-0.039880,6.84,gru,0.236022,0.090778,0.042416
2026-04-03T21:27:48.6607424Z,-0.314584,0.582264,0.000774,-0.554778,0.495862,-0.044362,7.03,gru,0.240194,0.086402,0.045136
2026-04-03T21:27:48.6947503Z,-0.323483,0.581576,0.002069,-0.554156,0.507475,-0.033652,6.03,gru,0.230673,0.074101,0.035721
2026-04-03T21:27:48.7116949Z,-0.325292,0.580293,0.002982,-0.560800,0.486960,-0.036376,6.50,gru,0.235509,0.093334,0.039358
2026-04-03T21:27:48.7557532Z,-0.315720,0.581261,0.000986,-0.560085,0.473717,-0.046538,7.10,gru,0.244365,0.107544,0.047524
2026-04-03T21:27:48.7961652Z,-0.311197,0.579754,0.000474,-0.555316,0.485639,-0.044449,6.50,gru,0.244119,0.094115,0.044923
2026-04-03T21:27:48.8180012Z,-0.320999,0.579829,0.000850,-0.557583,0.498540,-0.035236,6.79,gru,0.236584,0.081289,0.036087
2026-04-03T21:27:48.8606496Z,-0.324422,0.578916,0.002836,-0.562678,0.482167,-0.036955,8.51,gru,0.238257,0.096749,0.039791
2026-04-03T21:27:48.8846085Z,-0.324792,0.581137,0.002344,-0.563530,0.476198,-0.043732,8.63,gru,0.238737,0.104939,0.046076
2026-04-03T21:27:48.9223576Z,-0.330547,0.582489,0.003083,-0.565813,0.489626,-0.039147,8.21,gru,0.235266,0.092863,0.042229
2026-04-03T21:27:48.9635201Z,-0.314572,0.579838,0.001009,-0.564127,0.464590,-0.048872,6.63,gru,0.249555,0.115249,0.049881
2026-04-03T21:27:48.9850563Z,-0.316314,0.579841,0.001949,-0.562402,0.481352,-0.042665,6.43,gru,0.246088,0.098489,0.044614
2026-04-03T21:27:49.0194544Z,-0.314601,0.581415,0.000550,-0.561393,0.485930,-0.042572,5.54,gru,0.246792,0.095485,0.043122
2026-04-03T21:27:49.0570152Z,-0.313508,0.579662,0.001142,-0.562529,0.471962,-0.045065,6.99,gru,0.249020,0.107700,0.046207
2026-04-03T21:27:49.1113101Z,-0.325053,0.580712,0.002706,-0.562688,0.488956,-0.034391,7.19,gru,0.237635,0.091756,0.037096
2026-04-03T21:27:49.1442423Z,-0.324861,0.580213,0.002755,-0.563794,0.477446,-0.040739,7.44,gru,0.238933,0.102767,0.043494
2026-04-03T21:27:49.1818316Z,-0.323077,0.578749,0.001904,-0.565577,0.469776,-0.045348,6.02,gru,0.242500,0.108974,0.047252
2026-04-03T21:27:49.2362413Z,-0.314329,0.579621,0.001405,-0.561941,0.475136,-0.045748,6.68,gru,0.247612,0.104485,0.047153
2026-04-03T21:27:49.2761623Z,-0.324468,0.579670,0.002341,-0.562134,0.487672,-0.036424,5.52,gru,0.237667,0.091998,0.038765
2026-04-03T21:27:49.3072217Z,-0.324562,0.579905,0.002412,-0.567546,0.473335,-0.041617,7.02,gru,0.242985,0.106571,0.044029
2026-04-03T21:27:49.3322081Z,-0.325297,0.582292,0.001808,-0.569766,0.474989,-0.047140,8.55,gru,0.244469,0.107302,0.048948
2026-04-03T21:27:49.3479631Z,-0.317757,0.578786,0.000475,-0.565783,0.473261,-0.047746,6.03,gru,0.248025,0.105525,0.048220
2026-04-03T21:27:49.3852879Z,-0.292169,0.575841,-0.002569,-0.560933,0.453930,-0.057262,6.48,gru,0.268765,0.121910,0.054693
2026-04-03T21:27:49.4292984Z,-0.299920,0.578937,-0.002289,-0.555977,0.491526,-0.044034,7.02,gru,0.256057,0.087411,0.041745
2026-04-03T21:27:49.4716006Z,-0.303257,0.578431,-0.000594,-0.555102,0.476848,-0.040241,7.36,gru,0.251846,0.101582,0.039647
2026-04-03T21:27:49.5184973Z,-0.293121,0.575999,-0.002669,-0.557668,0.448935,-0.053335,7.46,gru,0.264547,0.127064,0.050666
2026-04-03T21:27:49.5557923Z,-0.312904,0.582632,0.000288,-0.553030,0.500451,-0.034248,8.90,gru,0.240126,0.082182,0.034536
2026-04-03T21:27:49.6114791Z,-0.311535,0.579766,0.000401,-0.549666,0.483877,-0.038774,6.30,gru,0.238131,0.095889,0.039174
2026-04-03T21:27:49.6593070Z,-0.322321,0.579120,0.002507,-0.553405,0.481681,-0.036841,7.18,gru,0.231084,0.097439,0.039348
2026-04-03T21:27:49.6945257Z,-0.309925,0.578309,0.000602,-0.556149,0.463315,-0.048126,7.05,gru,0.246223,0.114993,0.048728
2026-04-03T21:27:49.7118754Z,-0.314612,0.579088,0.001115,-0.555440,0.475372,-0.044065,6.02,gru,0.240829,0.103717,0.045180
2026-04-03T21:27:49.7528964Z,-0.291972,0.577035,-0.002048,-0.556929,0.458232,-0.056041,6.28,gru,0.264957,0.118804,0.053993
2026-04-03T21:27:49.7826956Z,-0.311876,0.580152,0.000394,-0.558337,0.485308,-0.038672,7.07,gru,0.246461,0.094844,0.039066
2026-04-03T21:27:49.8183034Z,-0.311208,0.579900,0.000145,-0.557683,0.487533,-0.039087,6.52,gru,0.246474,0.092368,0.039233
2026-04-03T21:27:49.8509216Z,-0.319892,0.579450,0.000129,-0.560929,0.469393,-0.044230,5.05,gru,0.241036,0.110057,0.044360
2026-04-03T21:27:49.8870015Z,-0.323847,0.579240,0.001906,-0.563238,0.474425,-0.037985,7.15,gru,0.239391,0.104814,0.039890
2026-04-03T21:27:49.9152902Z,-0.310626,0.580256,0.000520,-0.559907,0.458302,-0.050023,6.33,gru,0.249281,0.121954,0.050543
2026-04-03T21:27:49.9469873Z,-0.314500,0.580240,0.000376,-0.559709,0.480614,-0.044590,7.50,gru,0.245209,0.099626,0.044966
2026-04-03T21:27:49.9784545Z,-0.314478,0.580275,0.000734,-0.556036,0.485928,-0.039688,5.60,gru,0.241558,0.094347,0.040422
2026-04-03T21:27:50.0116478Z,-0.324149,0.580622,0.001700,-0.562862,0.488498,-0.038765,5.52,gru,0.238713,0.092124,0.040465
2026-04-03T21:27:50.0455567Z,-0.313022,0.580064,0.001558,-0.568951,0.452871,-0.049210,6.02,gru,0.255928,0.127192,0.050768
2026-04-03T21:27:50.0986222Z,-0.322910,0.579501,0.002345,-0.563904,0.450824,-0.047546,7.09,gru,0.240994,0.128677,0.049892
2026-04-03T21:27:50.1325026Z,-0.323076,0.580311,0.001841,-0.564388,0.467098,-0.046475,6.07,gru,0.241312,0.113213,0.048316
2026-04-03T21:27:50.1680510Z,-0.324891,0.580496,0.002326,-0.568900,0.450799,-0.048843,5.14,gru,0.244009,0.129696,0.051169
2026-04-03T21:27:50.1864492Z,-0.324492,0.578446,0.002701,-0.563326,0.445228,-0.047931,7.40,gru,0.238834,0.133218,0.050632
2026-04-03T21:27:50.2175785Z,-0.323666,0.579433,0.002105,-0.568254,0.475377,-0.046840,6.59,gru,0.244588,0.104056,0.048945
2026-04-03T21:27:50.2627667Z,-0.326649,0.581063,0.003239,-0.570249,0.474965,-0.042479,6.58,gru,0.243600,0.106097,0.045718
2026-04-03T21:27:50.2980189Z,-0.324516,0.578914,0.002639,-0.570228,0.467884,-0.044455,7.26,gru,0.245712,0.111030,0.047094
2026-04-03T21:27:50.3282437Z,-0.323915,0.579886,0.002005,-0.570044,0.463537,-0.048246,7.32,gru,0.246129,0.116349,0.050251
2026-04-03T21:27:50.3610680Z,-0.310057,0.578051,-0.000490,-0.568497,0.453391,-0.054992,6.01,gru,0.258440,0.124660,0.054501
2026-04-03T21:27:50.4012101Z,-0.314083,0.578675,0.001390,-0.561070,0.454271,-0.047116,6.00,gru,0.246986,0.124405,0.048506
2026-04-03T21:27:50.4198739Z,-0.313637,0.581632,0.000054,-0.563058,0.477695,-0.046747,7.10,gru,0.249421,0.103938,0.046801
2026-04-03T21:27:50.4553746Z,-0.321511,0.580501,0.001471,-0.566685,0.467197,-0.045744,6.15,gru,0.245174,0.113304,0.047214
2026-04-03T21:27:50.4942758Z,-0.315656,0.580194,0.001573,-0.564655,0.463363,-0.045513,5.51,gru,0.248999,0.116831,0.047086
2026-04-03T21:27:50.5197925Z,-0.313818,0.578645,0.001603,-0.561446,0.466966,-0.045744,7.99,gru,0.247628,0.111679,0.047348
2026-04-03T21:27:50.5615713Z,-0.323930,0.579782,0.001884,-0.562891,0.483885,-0.039831,5.76,gru,0.238961,0.095897,0.041715
2026-04-03T21:27:50.5788693Z,-0.325170,0.580288,0.002466,-0.566789,0.469997,-0.043521,5.25,gru,0.241619,0.110292,0.045988
2026-04-03T21:27:50.6155925Z,-0.315012,0.581240,0.000488,-0.564824,0.460746,-0.051241,6.05,gru,0.249812,0.120494,0.051730
2026-04-03T21:27:50.6561392Z,-0.324640,0.580003,0.002371,-0.567647,0.484267,-0.038166,7.53,gru,0.243007,0.095735,0.040537
2026-04-03T21:27:50.6922582Z,-0.323650,0.580068,0.001565,-0.566010,0.472142,-0.043523,6.56,gru,0.242360,0.107926,0.045088
2026-04-03T21:27:50.7258396Z,-0.325202,0.580111,0.001853,-0.568130,0.468291,-0.044702,6.53,gru,0.242928,0.111820,0.046555
2026-04-03T21:27:50.7597922Z,-0.324762,0.580033,0.002272,-0.569764,0.475831,-0.042102,6.51,gru,0.245002,0.104203,0.044374
2026-04-03T21:27:50.7784539Z,-0.324539,0.579778,0.002217,-0.567800,0.475213,-0.043328,6.25,gru,0.243261,0.104565,0.045545
2026-04-03T21:27:50.8207009Z,-0.325765,0.581415,0.002301,-0.568788,0.473998,-0.042666,7.15,gru,0.243023,0.107417,0.044967
2026-04-03T21:27:50.8624064Z,-0.324535,0.579324,0.002477,-0.568771,0.469959,-0.043337,7.05,gru,0.244237,0.109365,0.045815
2026-04-03T21:27:50.8853409Z,-0.315935,0.578812,0.002294,-0.565805,0.471811,-0.045266,7.83,gru,0.249871,0.107000,0.047560
2026-04-03T21:27:50.9261531Z,-0.322928,0.579665,0.001751,-0.565732,0.485384,-0.041365,7.74,gru,0.242804,0.094280,0.043117
2026-04-03T21:27:50.9656216Z,-0.314746,0.579253,0.001209,-0.566271,0.469355,-0.046838,6.60,gru,0.251525,0.109898,0.048047
2026-04-03T21:27:50.9832123Z,-0.314096,0.579604,0.000805,-0.566820,0.453868,-0.050820,6.97,gru,0.252724,0.125736,0.051624
2026-04-03T21:27:51.0333526Z,-0.323708,0.580213,0.001612,-0.567209,0.479497,-0.040518,7.09,gru,0.243501,0.100716,0.042131
2026-04-03T21:27:51.0529014Z,-0.324730,0.580568,0.002022,-0.564952,0.473699,-0.043529,6.60,gru,0.240223,0.106869,0.045551
2026-04-03T21:27:51.0871088Z,-0.323578,0.580514,0.002216,-0.566647,0.469660,-0.044736,7.78,gru,0.243068,0.110854,0.046951
2026-04-03T21:27:51.1274574Z,-0.324179,0.579472,0.002325,-0.567529,0.470407,-0.044328,7.43,gru,0.243351,0.109066,0.046653
2026-04-03T21:27:51.1687917Z,-0.325086,0.579959,0.002750,-0.567681,0.468741,-0.043495,6.00,gru,0.242595,0.111218,0.046245
2026-04-03T21:27:51.2015924Z,-0.315582,0.579413,0.001498,-0.566032,0.466511,-0.047690,6.70,gru,0.250450,0.112902,0.049188
2026-04-03T21:27:51.2493783Z,-0.315863,0.580198,0.002035,-0.565124,0.476945,-0.043684,6.62,gru,0.249260,0.103253,0.045719
2026-04-03T21:27:51.2862716Z,-0.325980,0.580060,0.002716,-0.567349,0.485859,-0.038238,6.65,gru,0.241369,0.094201,0.040954
2026-04-03T21:27:51.3198191Z,-0.324355,0.579024,0.002648,-0.568785,0.467747,-0.043265,6.87,gru,0.244430,0.111277,0.045913
2026-04-03T21:27:51.3529554Z,-0.324807,0.580676,0.002135,-0.567902,0.472326,-0.044872,6.01,gru,0.243095,0.108349,0.047007
2026-04-03T21:27:51.3847432Z,-0.327904,0.581136,0.003034,-0.569652,0.482419,-0.039778,6.11,gru,0.241747,0.098717,0.042811
2026-04-03T21:27:51.4186833Z,-0.323365,0.579992,0.002297,-0.567662,0.469209,-0.044673,7.25,gru,0.244297,0.110783,0.046970
2026-04-03T21:27:51.4524560Z,-0.322717,0.578492,0.001799,-0.566086,0.472134,-0.044890,6.52,gru,0.243368,0.106358,0.046689
2026-04-03T21:27:51.4918679Z,-0.313996,0.578748,0.001519,-0.565909,0.475760,-0.045492,6.36,gru,0.251913,0.102988,0.047011
2026-04-03T21:27:51.5155474Z,-0.325448,0.580895,0.002556,-0.569594,0.486078,-0.038324,7.68,gru,0.244146,0.094817,0.040879
2026-04-03T21:27:51.5517513Z,-0.326652,0.581963,0.002382,-0.566535,0.475679,-0.042140,6.87,gru,0.239883,0.106284,0.044521
2026-04-03T21:27:51.5968546Z,-0.318837,0.579966,0.000854,-0.568881,0.458526,-0.049846,6.64,gru,0.250044,0.121440,0.050700
2026-04-03T21:27:51.6185993Z,-0.326555,0.579283,0.003277,-0.569707,0.473513,-0.038443,7.66,gru,0.243152,0.105770,0.041720
2026-04-03T21:27:51.6545676Z,-0.318467,0.578858,0.000910,-0.566071,0.465545,-0.048690,6.52,gru,0.247603,0.113313,0.049600
2026-04-03T21:27:51.6858195Z,-0.311312,0.578867,-0.000751,-0.563444,0.466490,-0.051969,6.66,gru,0.252133,0.112377,0.051218
2026-04-03T21:27:51.7230607Z,-0.322054,0.579674,0.001952,-0.567418,0.490749,-0.032919,7.02,gru,0.245364,0.088924,0.034870
2026-04-03T21:27:51.7626640Z,-0.322973,0.582021,0.001268,-0.566961,0.480203,-0.042829,7.42,gru,0.243988,0.101819,0.044097
2026-04-03T21:27:51.7939158Z,-0.322912,0.580229,0.002001,-0.565848,0.467273,-0.044252,5.76,gru,0.242936,0.112956,0.046253
2026-04-03T21:27:51.8267011Z,-0.321350,0.579733,0.001228,-0.565502,0.473918,-0.043759,6.56,gru,0.244152,0.105815,0.044987
2026-04-03T21:27:51.8439639Z,-0.321864,0.579232,0.002106,-0.565439,0.469723,-0.043854,5.52,gru,0.243575,0.109510,0.045960
2026-04-03T21:27:51.8747127Z,-0.320448,0.580127,0.001040,-0.563768,0.474246,-0.045322,5.04,gru,0.243320,0.105880,0.046362
2026-04-03T21:27:51.9182587Z,-0.313484,0.579602,0.000834,-0.563185,0.469125,-0.047029,5.88,gru,0.249702,0.110476,0.047863
2026-04-03T21:27:51.9551047Z,-0.315631,0.580273,0.001177,-0.564314,0.474716,-0.042945,8.00,gru,0.248683,0.105558,0.044122
2026-04-03T21:27:51.9920910Z,-0.312614,0.577641,0.001231,-0.562546,0.473449,-0.044104,6.04,gru,0.249932,0.104192,0.045334
2026-04-03T21:27:52.0260494Z,-0.314503,0.579254,0.000810,-0.558439,0.482766,-0.042926,6.53,gru,0.243936,0.096488,0.043736
2026-04-03T21:27:52.0614780Z,-0.314604,0.579639,0.001569,-0.560256,0.477947,-0.042221,6.50,gru,0.245652,0.101692,0.043790
2026-04-03T21:27:52.0790467Z,-0.314318,0.579400,0.001229,-0.562600,0.463909,-0.045914,6.66,gru,0.248282,0.115491,0.047143
2026-04-03T21:27:52.1157521Z,-0.319258,0.579441,0.000744,-0.557674,0.471879,-0.044863,6.60,gru,0.238416,0.107563,0.045607
2026-04-03T21:27:52.1503673Z,-0.311701,0.580120,0.000388,-0.557840,0.474808,-0.045674,6.05,gru,0.246139,0.105313,0.046062
2026-04-03T21:27:52.1910443Z,-0.324635,0.579370,0.002638,-0.563445,0.489409,-0.035324,6.61,gru,0.238810,0.089961,0.037962
2026-04-03T21:27:52.2256545Z,-0.326856,0.582842,0.001668,-0.565126,0.483392,-0.042764,7.89,gru,0.238270,0.099451,0.044432
2026-04-03T21:27:52.2583888Z,-0.323141,0.580391,0.001351,-0.565198,0.465163,-0.045825,7.47,gru,0.242057,0.115228,0.047176
2026-04-03T21:27:52.2922429Z,-0.313839,0.580222,0.000795,-0.568587,0.457055,-0.050087,7.19,gru,0.254749,0.123167,0.050882
2026-04-03T21:27:52.3206418Z,-0.313296,0.579172,0.001387,-0.566013,0.463732,-0.046912,7.69,gru,0.252716,0.115440,0.048300
2026-04-03T21:27:52.3540177Z,-0.324219,0.580845,0.002474,-0.564148,0.488109,-0.036255,7.18,gru,0.239929,0.092735,0.038729
2026-04-03T21:27:52.3946839Z,-0.324809,0.580569,0.002501,-0.566458,0.477075,-0.042455,7.18,gru,0.241649,0.103494,0.044956
2026-04-03T21:27:52.4351806Z,-0.322819,0.579746,0.001510,-0.567583,0.466483,-0.046910,8.18,gru,0.244764,0.113263,0.048419
2026-04-03T21:27:52.4534488Z,-0.323672,0.580081,0.001824,-0.568329,0.476031,-0.043148,6.05,gru,0.244657,0.104050,0.044972
2026-04-03T21:27:52.4866490Z,-0.324230,0.579824,0.002246,-0.566823,0.474658,-0.041440,6.10,gru,0.242593,0.105166,0.043685
2026-04-03T21:27:52.5309806Z,-0.313594,0.579480,0.000708,-0.565980,0.463059,-0.050309,6.51,gru,0.252385,0.116420,0.051016
2026-04-03T21:27:52.5722263Z,-0.314381,0.581600,0.000687,-0.564766,0.473973,-0.047670,7.43,gru,0.250385,0.107627,0.048357
2026-04-03T21:27:52.5915879Z,-0.326196,0.580711,0.002862,-0.566980,0.484647,-0.034732,6.12,gru,0.240784,0.096064,0.037594
2026-04-03T21:27:52.6355883Z,-0.324748,0.579732,0.002456,-0.568699,0.454622,-0.045444,7.53,gru,0.243950,0.125109,0.047900
2026-04-03T21:27:52.6546747Z,-0.316010,0.581302,0.001083,-0.567942,0.458696,-0.051416,6.12,gru,0.251932,0.122606,0.052499
2026-04-03T21:27:52.6990452Z,-0.325981,0.578925,0.002741,-0.566968,0.480627,-0.037290,6.11,gru,0.240987,0.098297,0.040032
2026-04-03T21:27:52.7326826Z,-0.326784,0.581231,0.002548,-0.565642,0.474438,-0.041542,5.54,gru,0.238857,0.106792,0.044090
2026-04-03T21:27:52.7559726Z,-0.314974,0.579966,0.001132,-0.569909,0.453740,-0.051544,7.59,gru,0.254935,0.126225,0.052676
2026-04-03T21:27:52.7949715Z,-0.313787,0.581307,0.000368,-0.566206,0.469532,-0.049383,7.56,gru,0.252419,0.111775,0.049751
2026-04-03T21:27:52.8265183Z,-0.317186,0.578541,0.000163,-0.564518,0.481217,-0.041776,6.76,gru,0.247332,0.097324,0.041939
2026-04-03T21:27:52.8595071Z,-0.323407,0.580542,0.001691,-0.565397,0.488248,-0.038182,5.49,gru,0.241991,0.092295,0.039873
2026-04-03T21:27:52.8915240Z,-0.324084,0.579636,0.002669,-0.568470,0.471002,-0.041746,6.43,gru,0.244386,0.108634,0.044415
2026-04-03T21:27:52.9155778Z,-0.313158,0.579098,0.000993,-0.566712,0.456242,-0.052067,7.14,gru,0.253554,0.122856,0.053060
2026-04-03T21:27:52.9500454Z,-0.312768,0.579981,0.000434,-0.559968,0.472648,-0.047333,6.04,gru,0.247200,0.107332,0.047766
2026-04-03T21:27:52.9915150Z,-0.312977,0.580655,-0.000002,-0.557568,0.486432,-0.041921,7.88,gru,0.244591,0.094222,0.041918
2026-04-03T21:27:53.0291085Z,-0.314396,0.580860,0.000734,-0.561498,0.475253,-0.043287,7.80,gru,0.247101,0.105607,0.044021
2026-04-03T21:27:53.0502972Z,-0.317928,0.581187,0.002301,-0.564963,0.474199,-0.040891,6.44,gru,0.247035,0.106988,0.043191
2026-04-03T21:27:53.0865942Z,-0.313516,0.579396,0.001166,-0.558811,0.470269,-0.045676,5.82,gru,0.245294,0.109127,0.046842
2026-04-03T21:27:53.1223397Z,-0.323253,0.579926,0.002179,-0.562123,0.481192,-0.039140,5.51,gru,0.238870,0.098734,0.041319
2026-04-03T21:27:53.1550629Z,-0.324522,0.581622,0.001938,-0.565763,0.472053,-0.043527,6.14,gru,0.241241,0.109569,0.045465
2026-04-03T21:27:53.1869150Z,-0.321605,0.579747,0.000623,-0.562985,0.467637,-0.048781,6.37,gru,0.241380,0.112110,0.049404
2026-04-03T21:27:53.2362337Z,-0.322571,0.579823,0.001579,-0.562706,0.480372,-0.040496,7.17,gru,0.240134,0.099451,0.042075
2026-04-03T21:27:53.2653963Z,-0.314548,0.580023,0.001342,-0.565896,0.468997,-0.045974,8.53,gru,0.251347,0.111026,0.047316
2026-04-03T21:27:53.3058159Z,-0.323560,0.579535,0.002018,-0.566550,0.480288,-0.042303,5.06,gru,0.242990,0.099247,0.044322
2026-04-03T21:27:53.3483547Z,-0.322663,0.579117,0.001767,-0.566700,0.475432,-0.042160,6.98,gru,0.244037,0.103685,0.043926
2026-04-03T21:27:53.3808614Z,-0.318988,0.579256,0.000620,-0.564503,0.472846,-0.046908,6.10,gru,0.245515,0.106410,0.047529
2026-04-03T21:27:53.4131509Z,-0.324733,0.579336,0.002201,-0.566486,0.477633,-0.040313,6.09,gru,0.241753,0.101703,0.042515
2026-04-03T21:27:53.4465997Z,-0.326595,0.581029,0.002567,-0.569173,0.475258,-0.042961,6.89,gru,0.242579,0.105772,0.045528
2026-04-03T21:27:53.4905297Z,-0.326895,0.580554,0.002922,-0.571165,0.462733,-0.045941,7.36,gru,0.244270,0.117821,0.048863
2026-04-03T21:27:53.5282343Z,-0.325260,0.581144,0.002191,-0.568697,0.477629,-0.044469,7.06,gru,0.243437,0.103515,0.046660
2026-04-03T21:27:53.5490267Z,-0.315680,0.580451,0.001477,-0.566021,0.468302,-0.047613,7.51,gru,0.250341,0.112149,0.049090
2026-04-03T21:27:53.5978690Z,-0.313103,0.580830,0.000966,-0.565082,0.466885,-0.048097,8.11,gru,0.251980,0.113944,0.049063
2026-04-03T21:27:53.6229416Z,-0.316451,0.580388,0.001558,-0.565647,0.473910,-0.043703,7.21,gru,0.249196,0.106478,0.045261
2026-04-03T21:27:53.6741598Z,-0.314609,0.580429,0.001119,-0.563788,0.466334,-0.047670,6.16,gru,0.249178,0.114095,0.048790
2026-04-03T21:27:53.7153536Z,-0.314196,0.578132,0.000721,-0.560905,0.467052,-0.047462,6.44,gru,0.246709,0.111081,0.048183
2026-04-03T21:27:53.7556364Z,-0.315931,0.579770,0.000788,-0.558743,0.479839,-0.043129,7.75,gru,0.242812,0.099931,0.043917
2026-04-03T21:27:53.8028244Z,-0.315595,0.579966,0.001387,-0.559528,0.468443,-0.044671,7.00,gru,0.243933,0.111523,0.046059
2026-04-03T21:27:53.8272249Z,-0.317326,0.579805,0.001458,-0.559303,0.475266,-0.042937,8.97,gru,0.241977,0.104539,0.044395
2026-04-03T21:27:53.8728860Z,-0.324888,0.580071,0.002358,-0.561961,0.487190,-0.038831,8.05,gru,0.237072,0.092881,0.041189
2026-04-03T21:27:53.9158212Z,-0.324770,0.580699,0.001955,-0.566929,0.471249,-0.044298,7.70,gru,0.242159,0.109450,0.046253
2026-04-03T21:27:53.9552728Z,-0.325892,0.581166,0.002363,-0.568649,0.471258,-0.044047,7.11,gru,0.242757,0.109908,0.046410
2026-04-03T21:27:53.9923229Z,-0.322295,0.580391,0.001559,-0.566119,0.469038,-0.046576,7.12,gru,0.243823,0.111354,0.048135
2026-04-03T21:27:54.0374339Z,-0.324131,0.579302,0.002448,-0.568176,0.472302,-0.042262,8.08,gru,0.244045,0.106999,0.044711
2026-04-03T21:27:54.0622173Z,-0.325728,0.581630,0.002213,-0.570015,0.476077,-0.042757,6.56,gru,0.244287,0.105553,0.044971
2026-04-03T21:27:54.0854236Z,-0.314346,0.579678,0.001368,-0.569013,0.455440,-0.050861,6.32,gru,0.254667,0.124238,0.052229
2026-04-03T21:27:54.1289147Z,-0.312227,0.579694,0.000869,-0.564498,0.470067,-0.046710,7.62,gru,0.252272,0.109627,0.047579
2026-04-03T21:27:54.1520576Z,-0.310525,0.579337,0.000125,-0.559668,0.484991,-0.043930,7.16,gru,0.249143,0.094346,0.044054
2026-04-03T21:27:54.1941355Z,-0.314267,0.579699,0.001542,-0.557844,0.482095,-0.039261,6.36,gru,0.243577,0.097604,0.040803
2026-04-03T21:27:54.2157764Z,-0.324314,0.579613,0.002458,-0.561589,0.486486,-0.036806,6.10,gru,0.237275,0.093128,0.039264
2026-04-03T21:27:54.2545684Z,-0.321608,0.580399,0.001042,-0.562323,0.469257,-0.047237,6.80,gru,0.240715,0.111142,0.048279
2026-04-03T21:27:54.2914620Z,-0.313901,0.579719,0.001468,-0.560309,0.463706,-0.048142,6.06,gru,0.246409,0.116013,0.049610
2026-04-03T21:27:54.3322611Z,-0.321455,0.578331,0.001645,-0.562247,0.482200,-0.039721,7.20,gru,0.240792,0.096131,0.041367
2026-04-03T21:27:54.3552181Z,-0.315603,0.580990,0.001060,-0.563219,0.472022,-0.047315,6.05,gru,0.247616,0.108968,0.048375
2026-04-03T21:27:54.3919803Z,-0.313329,0.578376,0.000443,-0.564645,0.454695,-0.050286,7.06,gru,0.251316,0.123681,0.050730
2026-04-03T21:27:54.4169978Z,-0.313118,0.578686,0.000275,-0.563145,0.470008,-0.046353,8.58,gru,0.250027,0.108677,0.046628
2026-04-03T21:27:54.4555620Z,-0.314326,0.578944,0.001117,-0.562258,0.470124,-0.044151,6.04,gru,0.247932,0.108819,0.045268
2026-04-03T21:27:54.5002806Z,-0.313654,0.579841,-0.000008,-0.561150,0.469877,-0.047548,6.03,gru,0.247496,0.109964,0.047540
2026-04-03T21:27:54.5543440Z,-0.324148,0.580332,0.002321,-0.561550,0.483898,-0.036851,7.58,gru,0.237403,0.096434,0.039173
2026-04-03T21:27:54.5853334Z,-0.325093,0.579625,0.003155,-0.562511,0.476014,-0.038646,7.44,gru,0.237419,0.103611,0.041801
2026-04-03T21:27:54.6169215Z,-0.324159,0.580042,0.001603,-0.563913,0.475471,-0.045575,6.74,gru,0.239754,0.104571,0.047177
2026-04-03T21:27:54.6541665Z,-0.320206,0.579423,0.000704,-0.565691,0.473097,-0.046893,6.25,gru,0.245485,0.106326,0.047597
2026-04-03T21:27:54.6861755Z,-0.315710,0.581370,0.000977,-0.564307,0.475588,-0.044375,7.26,gru,0.248597,0.105782,0.045352
2026-04-03T21:27:54.7229573Z,-0.315949,0.582027,0.000554,-0.563377,0.485661,-0.044038,8.11,gru,0.247428,0.096366,0.044592
2026-04-03T21:27:54.7556414Z,-0.323092,0.579034,0.001953,-0.563347,0.471447,-0.040764,7.70,gru,0.240255,0.107587,0.042717
2026-04-03T21:27:54.7966540Z,-0.315855,0.580363,0.001263,-0.566004,0.458763,-0.048727,7.58,gru,0.250149,0.121600,0.049989
2026-04-03T21:27:54.8177403Z,-0.315077,0.581104,0.000539,-0.563951,0.464640,-0.050462,5.56,gru,0.248874,0.116465,0.051002
2026-04-03T21:27:54.8689244Z,-0.312358,0.580514,0.000047,-0.557944,0.472883,-0.045982,8.09,gru,0.245585,0.107631,0.046029
2026-04-03T21:27:54.9237788Z,-0.324479,0.579489,0.002614,-0.561153,0.481437,-0.034540,6.54,gru,0.236674,0.098052,0.037154
2026-04-03T21:27:54.9565193Z,-0.314619,0.579742,0.001463,-0.564608,0.465049,-0.046933,7.04,gru,0.249989,0.114694,0.048396
2026-04-03T21:27:55.0074844Z,-0.312165,0.579921,0.000357,-0.559190,0.465278,-0.050306,6.87,gru,0.247026,0.114644,0.050664
2026-04-03T21:27:55.0256129Z,-0.315451,0.581092,0.000749,-0.562105,0.481924,-0.040584,6.06,gru,0.246654,0.099168,0.041333
2026-04-03T21:27:55.0596777Z,-0.325137,0.580087,0.002817,-0.564314,0.478169,-0.037554,7.01,gru,0.239177,0.101918,0.040371
2026-04-03T21:27:55.0876163Z,-0.315691,0.580347,0.001542,-0.566039,0.453157,-0.049220,7.11,gru,0.250348,0.127190,0.050761
2026-04-03T21:27:55.1202941Z,-0.314073,0.578185,0.001299,-0.563738,0.457740,-0.049505,7.01,gru,0.249664,0.120446,0.050804
2026-04-03T21:27:55.1614418Z,-0.313643,0.579314,0.001573,-0.562360,0.472073,-0.042878,7.00,gru,0.248717,0.107240,0.044451
2026-04-03T21:27:55.1809864Z,-0.322291,0.579711,0.001776,-0.563632,0.475326,-0.042645,5.49,gru,0.241342,0.104385,0.044421
2026-04-03T21:27:55.2177217Z,-0.314711,0.579868,0.001524,-0.563703,0.468100,-0.045649,7.31,gru,0.248993,0.111768,0.047173
2026-04-03T21:27:55.2533252Z,-0.324870,0.579411,0.002657,-0.563776,0.480894,-0.038543,6.37,gru,0.238906,0.098517,0.041200
2026-04-03T21:27:55.2952837Z,-0.314911,0.580025,0.001125,-0.564577,0.471764,-0.047031,7.54,gru,0.249665,0.108261,0.048156
2026-04-03T21:27:55.3316659Z,-0.314700,0.579590,0.001636,-0.563123,0.464752,-0.046567,7.13,gru,0.248423,0.114838,0.048203
2026-04-03T21:27:55.3505222Z,-0.312770,0.579415,0.000357,-0.562008,0.478883,-0.046234,7.53,gru,0.249237,0.100532,0.046591
2026-04-03T21:27:55.3901064Z,-0.314252,0.578635,0.001499,-0.561273,0.474339,-0.044329,7.65,gru,0.247021,0.104296,0.045828
2026-04-03T21:27:55.4338692Z,-0.324112,0.579196,0.002260,-0.563367,0.480041,-0.037376,7.26,gru,0.239255,0.099155,0.039636
2026-04-03T21:27:55.4568011Z,-0.315090,0.580975,0.000727,-0.561661,0.466238,-0.048952,7.30,gru,0.246571,0.114737,0.049679
2026-04-03T21:27:55.4953437Z,-0.315579,0.578932,0.000861,-0.564415,0.466518,-0.048343,7.33,gru,0.248836,0.112414,0.049204
2026-04-03T21:27:55.5151341Z,-0.324712,0.579327,0.002202,-0.563562,0.484114,-0.037076,6.62,gru,0.238850,0.095214,0.039278
2026-04-03T21:27:55.5702924Z,-0.313561,0.577791,0.001147,-0.561895,0.461881,-0.046427,7.38,gru,0.248334,0.115910,0.047575
2026-04-03T21:27:55.5929091Z,-0.322527,0.578697,0.002046,-0.563048,0.472774,-0.042718,7.69,gru,0.240521,0.105924,0.044764
2026-04-03T21:27:55.6166025Z,-0.318879,0.581184,0.000356,-0.566683,0.474312,-0.048413,7.90,gru,0.247804,0.106871,0.048769
2026-04-03T21:27:55.6531122Z,-0.323513,0.579948,0.001678,-0.564229,0.471641,-0.043924,8.80,gru,0.240716,0.108307,0.045602
2026-04-03T21:27:55.6993983Z,-0.312891,0.579860,0.000342,-0.563167,0.470003,-0.046971,9.03,gru,0.250276,0.109857,0.047313
2026-04-03T21:27:55.7208133Z,-0.312984,0.578020,0.001107,-0.561732,0.467464,-0.046515,7.96,gru,0.248748,0.110556,0.047622
2026-04-03T21:27:55.7596364Z,-0.314323,0.580131,0.001207,-0.561502,0.473521,-0.042806,8.41,gru,0.247178,0.106610,0.044013
2026-04-03T21:27:55.7824113Z,-0.313903,0.577925,0.001743,-0.559673,0.462935,-0.045119,8.24,gru,0.245770,0.114990,0.046862
2026-04-03T21:27:55.8259592Z,-0.324471,0.580136,0.002104,-0.564127,0.480922,-0.039820,7.06,gru,0.239655,0.099214,0.041924
2026-04-03T21:27:55.8482155Z,-0.325081,0.579884,0.002532,-0.564799,0.471684,-0.042918,9.05,gru,0.239718,0.108200,0.045450
2026-04-03T21:27:55.8961763Z,-0.323398,0.579961,0.001630,-0.564852,0.468840,-0.045087,9.16,gru,0.241453,0.111122,0.046718
2026-04-03T21:27:55.9360720Z,-0.320951,0.578638,0.001942,-0.563362,0.469701,-0.044927,6.14,gru,0.242411,0.108938,0.046869
2026-04-03T21:27:55.9636795Z,-0.321473,0.579751,0.001541,-0.566965,0.471049,-0.045210,7.85,gru,0.245492,0.108702,0.046751
2026-04-03T21:27:55.9856320Z,-0.322578,0.580577,0.001744,-0.568772,0.468783,-0.046335,6.93,gru,0.246194,0.111794,0.048079
2026-04-03T21:27:56.0236533Z,-0.313512,0.580156,0.000981,-0.565524,0.457512,-0.049848,6.87,gru,0.252012,0.122645,0.050829
2026-04-03T21:27:56.0654505Z,-0.324602,0.579222,0.002765,-0.567285,0.479585,-0.037676,6.27,gru,0.242683,0.099638,0.040441
2026-04-03T21:27:56.1013968Z,-0.315566,0.577731,0.001182,-0.566579,0.464557,-0.048704,5.54,gru,0.251013,0.113173,0.049886
2026-04-03T21:27:56.1276274Z,-0.315979,0.578847,0.001187,-0.563114,0.464226,-0.047971,6.37,gru,0.247135,0.114621,0.049157
2026-04-03T21:27:56.1596486Z,-0.289059,0.579096,-0.003952,-0.557868,0.458866,-0.059612,6.23,gru,0.268808,0.120230,0.055659
2026-04-03T21:27:56.1810662Z,-0.289252,0.573907,-0.002945,-0.552280,0.453418,-0.051535,7.02,gru,0.263028,0.120489,0.048590
2026-04-03T21:27:56.2172846Z,-0.306775,0.579120,-0.000405,-0.555218,0.500471,-0.027262,7.23,gru,0.248443,0.078649,0.026856
2026-04-03T21:27:56.2476476Z,-0.310358,0.577827,0.000373,-0.556706,0.469233,-0.042114,6.03,gru,0.246348,0.108594,0.042487
2026-04-03T21:27:56.2840613Z,-0.311224,0.581001,-0.000426,-0.556618,0.469019,-0.046776,6.74,gru,0.245394,0.111982,0.046350
2026-04-03T21:27:56.3173088Z,-0.310486,0.579154,0.000540,-0.554615,0.469102,-0.044617,7.75,gru,0.244129,0.110052,0.045156
2026-04-03T21:27:56.3560046Z,-0.312575,0.582235,0.000232,-0.552845,0.471997,-0.043689,7.52,gru,0.240270,0.110238,0.043921
2026-04-03T21:27:56.3860260Z,-0.315178,0.581515,0.000720,-0.555581,0.473132,-0.043826,6.18,gru,0.240404,0.108383,0.044546
2026-04-03T21:27:56.4248450Z,-0.313731,0.579973,0.000939,-0.559546,0.456604,-0.045963,5.53,gru,0.245815,0.123368,0.046902
2026-04-03T21:27:56.4592674Z,-0.324028,0.579997,0.001448,-0.562126,0.482748,-0.039363,6.52,gru,0.238098,0.097249,0.040811
2026-04-03T21:27:56.4932076Z,-0.314082,0.580102,0.000724,-0.563773,0.466889,-0.046376,6.01,gru,0.249691,0.113213,0.047100
2026-04-03T21:27:56.5144644Z,-0.324415,0.578047,0.002984,-0.565495,0.472357,-0.038275,6.71,gru,0.241080,0.105690,0.041259
2026-04-03T21:27:56.5690098Z,-0.324787,0.579218,0.002757,-0.566292,0.474331,-0.041010,6.40,gru,0.241505,0.104887,0.043767
2026-04-03T21:27:56.5926134Z,-0.315584,0.583140,0.000328,-0.562006,0.469030,-0.050401,8.06,gru,0.246422,0.114110,0.050729
2026-04-03T21:27:56.6290440Z,-0.323256,0.579719,0.002038,-0.563143,0.480972,-0.038484,8.35,gru,0.239887,0.098747,0.040522
2026-04-03T21:27:56.6541159Z,-0.315291,0.581436,0.000647,-0.563766,0.468066,-0.048055,8.20,gru,0.248475,0.113370,0.048702
2026-04-03T21:27:56.7013972Z,-0.316467,0.581586,0.000775,-0.564301,0.474698,-0.046367,8.20,gru,0.247835,0.106887,0.047141
2026-04-03T21:27:56.7270126Z,-0.324770,0.581501,0.002046,-0.563432,0.479571,-0.037106,8.42,gru,0.238662,0.101930,0.039151
2026-04-03T21:27:56.7536089Z,-0.325483,0.582139,0.002079,-0.566923,0.466903,-0.044655,8.44,gru,0.241440,0.115237,0.046734
2026-04-03T21:27:56.8020524Z,-0.322689,0.580607,0.002190,-0.565840,0.443534,-0.053100,9.04,gru,0.243151,0.137073,0.055290
2026-04-03T21:27:56.8321403Z,-0.325411,0.581928,0.002270,-0.563662,0.447392,-0.049102,9.69,gru,0.238251,0.134537,0.051372
2026-04-03T21:27:56.8569146Z,-0.316367,0.580961,0.001469,-0.564910,0.457474,-0.050577,8.56,gru,0.248544,0.123487,0.052046
2026-04-03T21:27:56.9037169Z,-0.312564,0.582555,0.000053,-0.564787,0.460623,-0.052221,8.32,gru,0.252223,0.121932,0.052274
2026-04-03T21:27:56.9311298Z,-0.324809,0.580200,0.002524,-0.566490,0.481694,-0.036505,9.13,gru,0.241681,0.098506,0.039029
2026-04-03T21:27:56.9674951Z,-0.324184,0.580300,0.002322,-0.566410,0.462113,-0.044313,7.93,gru,0.242226,0.118187,0.046634
2026-04-03T21:27:57.0233267Z,-0.313983,0.581601,0.000681,-0.565610,0.465843,-0.051879,6.58,gru,0.251627,0.115758,0.052560
2026-04-03T21:27:57.0594315Z,-0.317749,0.582609,0.001829,-0.562160,0.484880,-0.041300,7.91,gru,0.244411,0.097730,0.043129
2026-04-03T21:27:57.0900989Z,-0.317470,0.582224,0.001223,-0.559976,0.475664,-0.043938,6.65,gru,0.242506,0.106560,0.045161
2026-04-03T21:27:57.2006034Z,-0.317906,0.581178,0.001783,-0.563681,0.468394,-0.044574,6.18,gru,0.245775,0.112784,0.046357
2026-04-03T21:27:57.2420880Z,-0.317442,0.582524,0.000297,-0.562667,0.471904,-0.045355,5.83,gru,0.245225,0.110619,0.045652
2026-04-03T21:27:57.2824342Z,-0.323187,0.581751,0.001508,-0.564363,0.478845,-0.039788,5.51,gru,0.241176,0.102905,0.041296
2026-04-03T21:27:57.3284026Z,-0.319529,0.581702,0.002470,-0.562304,0.476338,-0.042759,5.97,gru,0.242774,0.105364,0.045230
2026-04-03T21:27:57.3714701Z,-0.319021,0.579121,0.001127,-0.563245,0.468326,-0.046695,4.88,gru,0.244224,0.110795,0.047822
2026-04-03T21:27:57.4055940Z,-0.324437,0.580104,0.002401,-0.565396,0.481901,-0.040655,5.94,gru,0.240959,0.098203,0.043056
2026-04-03T21:27:57.4239525Z,-0.323343,0.582076,0.001046,-0.564311,0.478777,-0.045486,7.65,gru,0.240968,0.103299,0.046531
2026-04-03T21:27:57.4869671Z,-0.324357,0.581700,0.001820,-0.566516,0.479173,-0.043587,6.09,gru,0.242159,0.102528,0.045407
2026-04-03T21:27:57.5204377Z,-0.316428,0.583661,0.001433,-0.566190,0.479890,-0.045560,7.43,gru,0.249762,0.103771,0.046994
2026-04-03T21:27:57.5745244Z,-0.316604,0.582168,0.001449,-0.560079,0.480846,-0.044050,6.02,gru,0.243476,0.101322,0.045499
2026-04-03T21:27:57.6477572Z,-0.316400,0.583105,0.000507,-0.559147,0.488243,-0.043066,6.23,gru,0.242748,0.094862,0.043573
2026-04-03T21:27:57.7189926Z,-0.319624,0.583788,0.001571,-0.562584,0.477414,-0.043140,7.44,gru,0.242960,0.106374,0.044710
2026-04-03T21:27:57.7557871Z,-0.317249,0.581359,0.001644,-0.561893,0.471829,-0.045421,6.00,gru,0.244644,0.109530,0.047065
2026-04-03T21:27:57.7906616Z,-0.326865,0.584958,0.002172,-0.562217,0.491173,-0.038949,7.05,gru,0.235352,0.093784,0.041121
2026-04-03T21:27:57.8262279Z,-0.324616,0.583436,0.001538,-0.563111,0.477386,-0.043227,8.04,gru,0.238495,0.106050,0.044765
2026-04-03T21:27:57.8703058Z,-0.319909,0.584379,0.001784,-0.562865,0.469680,-0.047084,9.93,gru,0.242955,0.114699,0.048868
2026-04-03T21:27:57.9036440Z,-0.325531,0.584234,0.002249,-0.561753,0.493596,-0.038993,7.52,gru,0.236223,0.090638,0.041242
2026-04-03T21:27:57.9324062Z,-0.318847,0.583860,0.001022,-0.561585,0.477330,-0.046935,8.16,gru,0.242738,0.106531,0.047957
2026-04-03T21:27:57.9786344Z,-0.324072,0.583109,0.002532,-0.564152,0.477855,-0.041077,9.31,gru,0.240079,0.105255,0.043609
2026-04-03T21:27:58.0374806Z,-0.319847,0.585259,0.001064,-0.564604,0.481455,-0.045997,9.41,gru,0.244757,0.103804,0.047061
2026-04-03T21:27:58.0665488Z,-0.316371,0.579722,0.002456,-0.563495,0.468053,-0.045639,7.72,gru,0.247124,0.111669,0.048095
2026-04-03T21:27:58.0923144Z,-0.325391,0.584160,0.001858,-0.562304,0.498587,-0.038143,7.73,gru,0.236913,0.085574,0.040001
2026-04-03T21:27:58.1440814Z,-0.317847,0.583056,0.001588,-0.560661,0.476901,-0.045824,7.51,gru,0.242814,0.106155,0.047411
2026-04-03T21:27:58.1882605Z,-0.325431,0.583739,0.002216,-0.564883,0.472479,-0.042109,8.38,gru,0.239452,0.111260,0.044325
2026-04-03T21:27:58.2347350Z,-0.318711,0.583060,0.001523,-0.563488,0.477781,-0.044937,8.26,gru,0.244776,0.105280,0.046460
2026-04-03T21:27:58.2550065Z,-0.323453,0.583609,0.001273,-0.563456,0.484584,-0.043737,7.02,gru,0.240003,0.099025,0.045009
2026-04-03T21:27:58.3016943Z,-0.323919,0.583670,0.001938,-0.564775,0.488897,-0.040142,7.84,gru,0.240855,0.094773,0.042080
2026-04-03T21:27:58.3252000Z,-0.316885,0.581438,0.001621,-0.563067,0.473265,-0.046721,7.07,gru,0.246182,0.108173,0.048342
2026-04-03T21:27:58.3652161Z,-0.290471,0.583174,-0.004727,-0.555198,0.466459,-0.061864,7.06,gru,0.264727,0.116715,0.057137
2026-04-03T21:27:58.3847843Z,-0.325030,0.582949,0.002191,-0.565800,0.517560,-0.018006,6.70,gru,0.240770,0.065389,0.020197
2026-04-03T21:27:58.4300562Z,-0.325599,0.581881,0.002820,-0.563887,0.486224,-0.032920,7.97,gru,0.238288,0.095657,0.035741
2026-04-03T21:27:58.4686689Z,-0.326432,0.583434,0.002928,-0.567568,0.465405,-0.042223,7.50,gru,0.241137,0.118029,0.045151
2026-04-03T21:27:58.5043967Z,-0.316942,0.584499,0.001264,-0.561847,0.497175,-0.042892,7.69,gru,0.244905,0.087324,0.044155
2026-04-03T21:27:58.5316734Z,-0.326707,0.584843,0.001816,-0.563653,0.502518,-0.037091,9.86,gru,0.236946,0.082324,0.038907
2026-04-03T21:27:58.5532657Z,-0.314160,0.583893,0.000509,-0.560675,0.484308,-0.044961,8.82,gru,0.246515,0.099585,0.045470
2026-04-03T21:27:58.5926693Z,-0.313658,0.582015,0.000777,-0.560981,0.483751,-0.044506,9.12,gru,0.247323,0.098264,0.045283
2026-04-03T21:27:58.6139223Z,-0.325570,0.582349,0.002655,-0.566939,0.503866,-0.032348,7.94,gru,0.241370,0.078482,0.035004
2026-04-03T21:27:58.6569955Z,-0.314391,0.583625,0.000567,-0.562970,0.480747,-0.046349,8.45,gru,0.248579,0.102878,0.046916
2026-04-03T21:27:58.6938910Z,-0.325353,0.582737,0.002620,-0.565000,0.491515,-0.039162,7.67,gru,0.239647,0.091222,0.041782
2026-04-03T21:27:58.7390909Z,-0.314352,0.582496,0.001034,-0.560352,0.470983,-0.046170,9.17,gru,0.246000,0.111513,0.047205
2026-04-03T21:27:58.7907916Z,-0.327327,0.582720,0.003148,-0.563848,0.496184,-0.037330,9.09,gru,0.236522,0.086536,0.040478
2026-04-03T21:27:58.8341410Z,-0.326211,0.584003,0.002463,-0.558777,0.493729,-0.038680,8.29,gru,0.232566,0.090274,0.041142
2026-04-03T21:27:58.8580521Z,-0.314237,0.583580,0.000813,-0.563891,0.475370,-0.049230,8.28,gru,0.249654,0.108210,0.050043
2026-04-03T21:27:58.9033905Z,-0.318642,0.582953,0.002668,-0.564864,0.490727,-0.038244,8.25,gru,0.246222,0.092226,0.040912
2026-04-03T21:27:58.9317535Z,-0.314963,0.582117,0.001567,-0.560850,0.491914,-0.042784,10.60,gru,0.245887,0.090203,0.044351
2026-04-03T21:27:58.9687685Z,-0.326457,0.582826,0.002846,-0.557857,0.497470,-0.036429,6.66,gru,0.231400,0.085357,0.039276
2026-04-03T21:27:58.9913546Z,-0.324984,0.582590,0.002814,-0.567400,0.472933,-0.043140,8.74,gru,0.242416,0.109657,0.045954
2026-04-03T21:27:59.0526417Z,-0.325930,0.581879,0.003156,-0.564042,0.462201,-0.049677,11.57,gru,0.238113,0.119677,0.052833
2026-04-03T21:27:59.0958579Z,-0.323819,0.583206,0.001781,-0.561768,0.492215,-0.042672,8.77,gru,0.237949,0.090991,0.044453
2026-04-03T21:27:59.1538437Z,-0.324649,0.582451,0.002226,-0.563738,0.485949,-0.041011,8.22,gru,0.239089,0.096502,0.043238
2026-04-03T21:27:59.1901792Z,-0.324728,0.584542,0.001628,-0.562598,0.494561,-0.041056,8.27,gru,0.237870,0.089981,0.042684
2026-04-03T21:27:59.2264748Z,-0.323448,0.584029,0.001707,-0.562727,0.489376,-0.043843,9.30,gru,0.239279,0.094653,0.045550
2026-04-03T21:27:59.2483117Z,-0.313716,0.583374,0.000746,-0.560999,0.484917,-0.046265,7.30,gru,0.247283,0.098457,0.047011
2026-04-03T21:27:59.2920499Z,-0.319577,0.582378,0.001321,-0.563419,0.488202,-0.042939,8.69,gru,0.243842,0.094175,0.044260
2026-04-03T21:27:59.3335181Z,-0.324429,0.584616,0.001611,-0.563775,0.489089,-0.040328,8.23,gru,0.239346,0.095528,0.041939
2026-04-03T21:27:59.3591945Z,-0.324163,0.586084,0.001473,-0.561608,0.485203,-0.042793,8.31,gru,0.237444,0.100881,0.044265
2026-04-03T21:27:59.3904316Z,-0.319302,0.583645,0.001384,-0.559968,0.476757,-0.045985,12.13,gru,0.240666,0.106888,0.047369
2026-04-03T21:27:59.4309915Z,-0.321312,0.586112,0.001171,-0.560461,0.493768,-0.041597,8.36,gru,0.239149,0.092344,0.042769
2026-04-03T21:27:59.4544636Z,-0.320274,0.584983,0.002421,-0.560715,0.483567,-0.041299,9.43,gru,0.240441,0.101416,0.043720
2026-04-03T21:27:59.4914761Z,-0.318701,0.585928,0.002330,-0.556526,0.489656,-0.040302,8.13,gru,0.237825,0.096272,0.042631
2026-04-03T21:27:59.5373120Z,-0.322177,0.586145,0.003973,-0.558498,0.498275,-0.036641,8.27,gru,0.236320,0.087870,0.040614
2026-04-03T21:27:59.5748920Z,-0.324921,0.588111,0.004767,-0.558741,0.491559,-0.037832,7.68,gru,0.233820,0.096552,0.042599
2026-04-03T21:27:59.6065761Z,-0.317903,0.585303,0.003884,-0.556567,0.476998,-0.043749,7.71,gru,0.238664,0.108306,0.047633
2026-04-03T21:27:59.6574059Z,-0.329635,0.578998,0.004559,-0.559569,0.481723,-0.036120,9.30,gru,0.229934,0.097276,0.040680
2026-04-03T21:27:59.7172261Z,-0.320166,0.576042,0.002572,-0.560751,0.477653,-0.042990,9.98,gru,0.240584,0.098388,0.045562
2026-04-03T21:27:59.7591470Z,-0.321822,0.576618,0.001981,-0.560660,0.484235,-0.043010,10.70,gru,0.238838,0.092383,0.044992
2026-04-03T21:27:59.7943481Z,-0.333030,0.577868,0.004452,-0.563873,0.486138,-0.039191,8.99,gru,0.230842,0.091729,0.043644
2026-04-03T21:27:59.8270126Z,-0.333764,0.577988,0.004556,-0.572062,0.485730,-0.039305,10.47,gru,0.238298,0.092258,0.043861
2026-04-03T21:27:59.8635305Z,-0.322433,0.577967,0.002254,-0.568233,0.479787,-0.047813,9.02,gru,0.245799,0.098180,0.050067
2026-04-03T21:27:59.9006530Z,-0.329160,0.576302,0.003293,-0.571484,0.495052,-0.037743,9.17,gru,0.242323,0.081250,0.041036
2026-04-03T21:27:59.9306381Z,-0.321685,0.577584,0.002310,-0.571389,0.478824,-0.045592,9.18,gru,0.249703,0.098759,0.047903
2026-04-03T21:27:59.9680768Z,-0.332581,0.578790,0.004236,-0.573327,0.485768,-0.038432,9.29,gru,0.240746,0.093022,0.042668
2026-04-03T21:27:59.9854172Z,-0.332777,0.577744,0.004314,-0.573550,0.490733,-0.038229,9.44,gru,0.240773,0.087012,0.042543
2026-04-03T21:28:00.0324876Z,-0.332410,0.578524,0.004354,-0.575382,0.485786,-0.042351,11.40,gru,0.242972,0.092738,0.046705
2026-04-03T21:28:00.0766395Z,-0.331040,0.577567,0.004564,-0.572978,0.484308,-0.040227,8.72,gru,0.241938,0.093259,0.044792
2026-04-03T21:28:00.1228739Z,-0.331283,0.577902,0.004061,-0.572435,0.492013,-0.041004,7.14,gru,0.241151,0.085889,0.045064
2026-04-03T21:28:00.1634609Z,-0.335259,0.578363,0.005381,-0.572592,0.492544,-0.036474,7.52,gru,0.237333,0.085818,0.041855
2026-04-03T21:28:00.1843318Z,-0.330754,0.576576,0.004328,-0.570169,0.483856,-0.041977,6.50,gru,0.239415,0.092720,0.046305
2026-04-03T21:28:00.2269708Z,-0.330811,0.578705,0.003340,-0.564980,0.499345,-0.040813,8.55,gru,0.234169,0.079360,0.044152
2026-04-03T21:28:00.2658362Z,-0.331796,0.579407,0.003915,-0.565156,0.511947,-0.035085,8.15,gru,0.233359,0.067460,0.039000
2026-04-03T21:28:00.2891895Z,-0.331868,0.578380,0.004193,-0.568744,0.490056,-0.039046,8.04,gru,0.236877,0.088323,0.043239
2026-04-03T21:28:00.3244736Z,-0.334396,0.579204,0.004539,-0.572633,0.478497,-0.038607,7.84,gru,0.238236,0.100707,0.043146
2026-04-03T21:28:00.3588076Z,-0.321665,0.576773,0.002324,-0.575917,0.447345,-0.050692,7.47,gru,0.254252,0.129428,0.053016
2026-04-03T21:28:00.3930449Z,-0.333960,0.577498,0.004775,-0.578910,0.468323,-0.036760,8.73,gru,0.244950,0.109175,0.041535
2026-04-03T21:28:00.4362389Z,-0.337051,0.577127,0.005667,-0.579498,0.462614,-0.036635,9.39,gru,0.242447,0.114513,0.042302
2026-04-03T21:28:00.4707533Z,-0.333011,0.577511,0.004114,-0.576359,0.464224,-0.042911,7.17,gru,0.243348,0.113287,0.047025
2026-04-03T21:28:00.4995257Z,-0.332373,0.577050,0.004107,-0.577149,0.474490,-0.040772,7.84,gru,0.244775,0.102560,0.044879
2026-04-03T21:28:00.5259873Z,-0.332685,0.577655,0.004302,-0.578464,0.469770,-0.040669,8.30,gru,0.245779,0.107886,0.044971
2026-04-03T21:28:00.5642217Z,-0.335154,0.575817,0.005173,-0.580616,0.461005,-0.039640,7.34,gru,0.245463,0.114812,0.044813
2026-04-03T21:28:00.5896546Z,-0.333824,0.576916,0.004351,-0.580685,0.462677,-0.044151,7.87,gru,0.246861,0.114238,0.048502
2026-04-03T21:28:00.6342402Z,-0.334934,0.575023,0.005245,-0.579477,0.471745,-0.039049,7.46,gru,0.244543,0.103278,0.044294
2026-04-03T21:28:00.6589931Z,-0.337853,0.576614,0.005956,-0.580244,0.475662,-0.036021,6.77,gru,0.242391,0.100952,0.041977
2026-04-03T21:28:00.6986262Z,-0.337099,0.575114,0.007094,-0.580701,0.469367,-0.037172,8.14,gru,0.243602,0.105746,0.044265
2026-04-03T21:28:00.7207508Z,-0.335527,0.579212,0.006598,-0.579171,0.473232,-0.039830,7.20,gru,0.243644,0.105980,0.046429
2026-04-03T21:28:00.7614054Z,-0.335163,0.582784,0.006939,-0.578535,0.482883,-0.038538,10.09,gru,0.243372,0.099902,0.045477
2026-04-03T21:28:00.7900234Z,-0.334199,0.585138,0.006070,-0.573360,0.483387,-0.038226,8.71,gru,0.239160,0.101751,0.044296
2026-04-03T21:28:00.8371741Z,-0.333249,0.585979,0.005363,-0.575017,0.471810,-0.041408,7.81,gru,0.241768,0.114169,0.046771
2026-04-03T21:28:00.8711213Z,-0.331951,0.581714,0.005683,-0.576464,0.468789,-0.039470,13.66,gru,0.244512,0.112925,0.045154
2026-04-03T21:28:00.8985358Z,-0.331933,0.582360,0.004480,-0.572494,0.480169,-0.039957,12.15,gru,0.240561,0.102190,0.044438
2026-04-03T21:28:00.9273924Z,-0.331257,0.581352,0.003625,-0.569737,0.478815,-0.040301,9.01,gru,0.238480,0.102537,0.043926
2026-04-03T21:28:00.9541532Z,-0.331310,0.580273,0.003541,-0.572225,0.473953,-0.039686,7.62,gru,0.240915,0.106321,0.043227
2026-04-03T21:28:01.0096440Z,-0.332373,0.579372,0.003961,-0.574652,0.461884,-0.041792,8.15,gru,0.242279,0.117488,0.045753
2026-04-03T21:28:01.0639655Z,-0.331027,0.578353,0.003951,-0.570629,0.471047,-0.039229,9.57,gru,0.239601,0.107307,0.043180
2026-04-03T21:28:01.1044875Z,-0.334784,0.578115,0.004881,-0.570981,0.477698,-0.035351,9.91,gru,0.236197,0.100417,0.040232
2026-04-03T21:28:01.1303749Z,-0.331749,0.577881,0.003545,-0.573698,0.470278,-0.042034,8.51,gru,0.241949,0.107603,0.045579
2026-04-03T21:28:01.1568837Z,-0.336025,0.578699,0.005671,-0.575994,0.473681,-0.036206,10.57,gru,0.239968,0.105018,0.041877
2026-04-03T21:28:01.1983878Z,-0.334188,0.579489,0.004740,-0.574811,0.475067,-0.039119,6.62,gru,0.240623,0.104422,0.043859
2026-04-03T21:28:01.2193042Z,-0.334129,0.578782,0.004218,-0.575336,0.467367,-0.041768,6.92,gru,0.241207,0.111415,0.045986
2026-04-03T21:28:01.2594557Z,-0.334773,0.579840,0.004673,-0.578068,0.473130,-0.038090,9.03,gru,0.243295,0.106710,0.042763
2026-04-03T21:28:01.2968101Z,-0.335891,0.579180,0.005138,-0.578080,0.466914,-0.038132,9.02,gru,0.242188,0.112265,0.043270
2026-04-03T21:28:01.3191916Z,-0.336423,0.579227,0.005166,-0.577583,0.471689,-0.037909,8.51,gru,0.241159,0.107539,0.043075
2026-04-03T21:28:01.3597844Z,-0.334773,0.577769,0.005233,-0.575819,0.465144,-0.038246,10.41,gru,0.241046,0.112625,0.043479
2026-04-03T21:28:01.3905958Z,-0.335317,0.578593,0.005074,-0.573228,0.483493,-0.036715,9.22,gru,0.237911,0.095101,0.041789
2026-04-03T21:28:01.4275438Z,-0.335922,0.578143,0.005328,-0.568548,0.496452,-0.034168,9.31,gru,0.232627,0.081691,0.039497
2026-04-03T21:28:01.4502869Z,-0.334540,0.577620,0.005058,-0.567796,0.499126,-0.035828,9.17,gru,0.233256,0.078494,0.040886
2026-04-03T21:28:01.4931203Z,-0.321699,0.578455,0.001895,-0.565083,0.494334,-0.045441,9.14,gru,0.243384,0.084120,0.047336
2026-04-03T21:28:01.5166143Z,-0.322035,0.578634,0.001791,-0.566330,0.492321,-0.040620,7.55,gru,0.244295,0.086312,0.042411
2026-04-03T21:28:01.5610635Z,-0.320891,0.579007,0.001379,-0.566412,0.492555,-0.039113,8.56,gru,0.245521,0.086452,0.040491
2026-04-03T21:28:01.5854481Z,-0.320793,0.579823,0.001526,-0.567793,0.480874,-0.042782,7.73,gru,0.247000,0.098949,0.044309
2026-04-03T21:28:01.6323361Z,-0.321803,0.578156,0.002095,-0.567410,0.477319,-0.040467,9.12,gru,0.245607,0.100838,0.042562
2026-04-03T21:28:01.6554200Z,-0.335516,0.579868,0.004485,-0.570501,0.489301,-0.031363,8.53,gru,0.234985,0.090567,0.035848
2026-04-03T21:28:01.6999404Z,-0.321312,0.578807,0.001413,-0.568637,0.462555,-0.046538,9.62,gru,0.247324,0.116252,0.047952
2026-04-03T21:28:01.7248983Z,-0.336791,0.579859,0.005297,-0.571346,0.484143,-0.031021,8.50,gru,0.234555,0.095716,0.036317
2026-04-03T21:28:01.7679725Z,-0.336258,0.579609,0.004844,-0.574248,0.479806,-0.034857,9.37,gru,0.237990,0.099803,0.039702
2026-04-03T21:28:01.7917269Z,-0.321010,0.576787,0.002221,-0.571229,0.459149,-0.046340,7.99,gru,0.250219,0.117639,0.048561
2026-04-03T21:28:01.8172427Z,-0.336775,0.579712,0.005326,-0.575348,0.500803,-0.025946,8.27,gru,0.238573,0.078909,0.031272
2026-04-03T21:28:01.8543238Z,-0.323480,0.578257,0.003108,-0.573616,0.470156,-0.043501,8.70,gru,0.250136,0.108101,0.046609
2026-04-03T21:28:01.8941026Z,-0.321780,0.577387,0.002325,-0.570811,0.468469,-0.046027,8.31,gru,0.249030,0.108918,0.048352
2026-04-03T21:28:01.9157616Z,-0.337164,0.580352,0.004895,-0.573134,0.507173,-0.023928,7.07,gru,0.235970,0.073179,0.028823
2026-04-03T21:28:01.9528798Z,-0.322829,0.577701,0.002624,-0.571394,0.464640,-0.043925,7.17,gru,0.248565,0.113061,0.046549
2026-04-03T21:28:01.9886038Z,-0.336774,0.578084,0.006071,-0.572409,0.478306,-0.032499,7.60,gru,0.235634,0.099778,0.038570
2026-04-03T21:28:02.0222960Z,-0.336662,0.578345,0.005709,-0.573374,0.488278,-0.033053,6.75,gru,0.236712,0.090067,0.038762
2026-04-03T21:28:02.0549846Z,-0.339399,0.580292,0.005538,-0.573042,0.477681,-0.038479,7.54,gru,0.233643,0.102611,0.044017
2026-04-03T21:28:02.0875277Z,-0.323247,0.579034,0.002738,-0.576078,0.464691,-0.047304,6.52,gru,0.252831,0.114343,0.050041
2026-04-03T21:28:02.1312446Z,-0.336969,0.580362,0.005260,-0.579212,0.482929,-0.034421,6.64,gru,0.242243,0.097433,0.039681
2026-04-03T21:28:02.1660496Z,-0.336564,0.579141,0.005190,-0.580565,0.474246,-0.037984,7.08,gru,0.244001,0.104895,0.043173
2026-04-03T21:28:02.1835350Z,-0.333540,0.577595,0.004556,-0.584538,0.454564,-0.046413,6.29,gru,0.250998,0.123031,0.050969
2026-04-03T21:28:02.2194379Z,-0.337021,0.579761,0.005039,-0.581315,0.479370,-0.039709,7.62,gru,0.244294,0.100391,0.044748
2026-04-03T21:28:02.2554656Z,-0.322176,0.577683,0.002399,-0.577351,0.457214,-0.050153,6.78,gru,0.255175,0.120468,0.052552
2026-04-03T21:28:02.2844636Z,-0.323327,0.576511,0.003331,-0.574393,0.474261,-0.041031,6.93,gru,0.251066,0.102249,0.044362
2026-04-03T21:28:02.3265702Z,-0.322945,0.577658,0.002724,-0.571019,0.477380,-0.041221,6.52,gru,0.248073,0.100278,0.043945
2026-04-03T21:28:02.3515259Z,-0.333345,0.579574,0.004249,-0.570655,0.491929,-0.034188,8.69,gru,0.237310,0.087646,0.038437
2026-04-03T21:28:02.3934605Z,-0.336447,0.579163,0.005060,-0.574965,0.479231,-0.035510,9.04,gru,0.238517,0.099932,0.040570
2026-04-03T21:28:02.4288935Z,-0.338478,0.579437,0.005919,-0.575827,0.462655,-0.040047,7.61,gru,0.237348,0.116781,0.045966
2026-04-03T21:28:02.4609208Z,-0.324933,0.577271,0.003450,-0.571070,0.471313,-0.044143,7.54,gru,0.246137,0.105958,0.047593
2026-04-03T21:28:02.4806066Z,-0.323163,0.577632,0.002841,-0.574470,0.468004,-0.045838,8.02,gru,0.251307,0.109628,0.048679
2026-04-03T21:28:02.5170839Z,-0.319964,0.577718,0.001120,-0.568739,0.472508,-0.044460,6.60,gru,0.248775,0.105209,0.045580
2026-04-03T21:28:02.5613948Z,-0.334518,0.578004,0.005066,-0.574875,0.488462,-0.029251,7.24,gru,0.240356,0.089542,0.034318
2026-04-03T21:28:02.5878155Z,-0.336076,0.578030,0.005309,-0.580189,0.462977,-0.038719,9.75,gru,0.244113,0.115054,0.044028
2026-04-03T21:28:02.6307873Z,-0.336556,0.579497,0.005486,-0.573765,0.474213,-0.038547,9.48,gru,0.237209,0.105284,0.044033
2026-04-03T21:28:02.6555045Z,-0.338317,0.579104,0.005761,-0.572910,0.485888,-0.033685,8.38,gru,0.234593,0.093215,0.039446
2026-04-03T21:28:02.6988523Z,-0.322133,0.576456,0.002759,-0.570142,0.469201,-0.045772,8.99,gru,0.248009,0.107255,0.048531
2026-04-03T21:28:02.7333208Z,-0.323586,0.578807,0.002836,-0.570381,0.477662,-0.042824,13.57,gru,0.246795,0.101145,0.045660
2026-04-03T21:28:02.7672136Z,-0.321888,0.575856,0.001885,-0.568135,0.486819,-0.038501,12.20,gru,0.246247,0.089037,0.040386
2026-04-03T21:28:02.7977534Z,-0.337957,0.579459,0.005128,-0.576387,0.488678,-0.030343,10.24,gru,0.238430,0.090781,0.035470
2026-04-03T21:28:02.8290603Z,-0.337137,0.580064,0.005368,-0.576553,0.475878,-0.035967,10.17,gru,0.239416,0.104187,0.041335
2026-04-03T21:28:02.8581511Z,-0.322830,0.578077,0.002381,-0.573679,0.464926,-0.047184,8.92,gru,0.250849,0.113152,0.049565
2026-04-03T21:28:02.9176742Z,-0.321950,0.577890,0.002097,-0.571192,0.470983,-0.043685,10.85,gru,0.249242,0.106907,0.045782
2026-04-03T21:28:02.9655407Z,-0.321366,0.576605,0.002463,-0.569726,0.466670,-0.039549,7.97,gru,0.248361,0.109935,0.042012
2026-04-03T21:28:02.9932082Z,-0.322541,0.578994,0.002075,-0.570563,0.466000,-0.044123,9.54,gru,0.248022,0.112994,0.046197
2026-04-03T21:28:03.0321813Z,-0.321596,0.577566,0.001984,-0.569818,0.474987,-0.042520,8.06,gru,0.248222,0.102579,0.044504
2026-04-03T21:28:03.0609388Z,-0.324021,0.579540,0.002106,-0.567146,0.485021,-0.038799,7.87,gru,0.243125,0.094519,0.040905
2026-04-03T21:28:03.0983635Z,-0.338849,0.578293,0.005470,-0.569802,0.494969,-0.025812,8.29,gru,0.230953,0.083324,0.031282
2026-04-03T21:28:03.1192049Z,-0.337228,0.579225,0.004660,-0.574361,0.463201,-0.039923,7.23,gru,0.237133,0.116025,0.044583
2026-04-03T21:28:03.1560252Z,-0.322076,0.578141,0.002002,-0.574547,0.448910,-0.051389,7.13,gru,0.252470,0.129231,0.053392
2026-04-03T21:28:03.2058697Z,-0.338073,0.579434,0.005462,-0.578828,0.483519,-0.029047,6.82,gru,0.240755,0.095915,0.034508
2026-04-03T21:28:03.2240712Z,-0.336443,0.578931,0.004982,-0.576219,0.476812,-0.035519,5.16,gru,0.239776,0.102119,0.040501
2026-04-03T21:28:03.2705242Z,-0.335878,0.578013,0.005173,-0.579317,0.464431,-0.040583,7.02,gru,0.243439,0.113583,0.045756
2026-04-03T21:28:03.2914019Z,-0.334561,0.578395,0.004865,-0.577399,0.487448,-0.036805,6.11,gru,0.242838,0.090947,0.041670
2026-04-03T21:28:03.3465359Z,-0.320463,0.575671,0.002542,-0.572224,0.468120,-0.046050,6.76,gru,0.251762,0.107551,0.048592
2026-04-03T21:28:03.3774218Z,-0.320176,0.576772,0.001731,-0.572981,0.464366,-0.046073,7.44,gru,0.252805,0.112406,0.047804
2026-04-03T21:28:03.4097303Z,-0.336779,0.580794,0.004700,-0.579118,0.491739,-0.029344,6.49,gru,0.242338,0.089055,0.034044
2026-04-03T21:28:03.4379627Z,-0.334885,0.577804,0.005134,-0.580379,0.449868,-0.041684,6.87,gru,0.245494,0.127936,0.046818
2026-04-03T21:28:03.4725087Z,-0.336844,0.579633,0.005220,-0.572881,0.475718,-0.038730,5.49,gru,0.236036,0.103915,0.043950
2026-04-03T21:28:03.5158683Z,-0.320706,0.576363,0.002167,-0.577278,0.453919,-0.051367,7.59,gru,0.256572,0.122444,0.053534
2026-04-03T21:28:03.5525812Z,-0.322259,0.578286,0.002081,-0.576471,0.467824,-0.046006,6.27,gru,0.254212,0.110462,0.048087
2026-04-03T21:28:03.5886604Z,-0.337085,0.579465,0.005557,-0.576550,0.485124,-0.026686,6.60,gru,0.239465,0.094340,0.032244
2026-04-03T21:28:03.6266289Z,-0.321324,0.577995,0.001539,-0.579200,0.450501,-0.049985,7.42,gru,0.257876,0.127494,0.051523
2026-04-03T21:28:03.6600513Z,-0.336125,0.578555,0.005096,-0.580525,0.468219,-0.038158,6.94,gru,0.244400,0.110336,0.043254
2026-04-03T21:28:03.7048129Z,-0.333052,0.578228,0.003965,-0.575936,0.478896,-0.038150,8.08,gru,0.242885,0.099332,0.042115
2026-04-03T21:28:03.7204544Z,-0.321430,0.576755,0.002553,-0.570014,0.463607,-0.044696,6.42,gru,0.248584,0.113148,0.047249
2026-04-03T21:28:03.7658539Z,-0.320576,0.576979,0.002212,-0.569882,0.481097,-0.039946,7.06,gru,0.249306,0.095882,0.042158
2026-04-03T21:28:03.8910225Z,-0.335264,0.578650,0.005094,-0.574185,0.485897,-0.030369,7.06,gru,0.238922,0.092753,0.035463
2026-04-03T21:28:03.9437071Z,-0.321506,0.578078,0.001771,-0.572497,0.468553,-0.044760,6.01,gru,0.250990,0.109524,0.046531
2026-04-03T21:28:03.9917485Z,-0.320810,0.577453,0.001813,-0.569784,0.472473,-0.044817,5.22,gru,0.248974,0.104981,0.046631
2026-04-03T21:28:04.0421674Z,-0.335458,0.579189,0.005368,-0.571838,0.503986,-0.020311,6.51,gru,0.236379,0.075203,0.025679
2026-04-03T21:28:04.1235626Z,-0.334763,0.577382,0.005079,-0.574539,0.469129,-0.037015,6.66,gru,0.239776,0.108253,0.042094
2026-04-03T21:28:04.1628371Z,-0.336580,0.579333,0.005173,-0.578097,0.452328,-0.043885,4.91,gru,0.241516,0.127004,0.049058
2026-04-03T21:28:04.2012526Z,-0.321856,0.576815,0.002355,-0.574448,0.451832,-0.050490,5.53,gru,0.252593,0.124983,0.052846
2026-04-03T21:28:04.2483757Z,-0.334626,0.577358,0.005518,-0.577038,0.494288,-0.029438,6.75,gru,0.242412,0.083071,0.034956
2026-04-03T21:28:04.2994250Z,-0.335063,0.579392,0.004753,-0.575193,0.484950,-0.034730,5.83,gru,0.240129,0.094442,0.039483
2026-04-03T21:28:04.3698677Z,-0.336234,0.577860,0.005691,-0.575581,0.469729,-0.038319,7.08,gru,0.239346,0.108131,0.044009
2026-04-03T21:28:04.4081989Z,-0.336382,0.580089,0.005037,-0.579501,0.484174,-0.037746,6.56,gru,0.243119,0.095914,0.042783
2026-04-03T21:28:04.4522405Z,-0.336091,0.577710,0.005413,-0.581389,0.457637,-0.042904,5.00,gru,0.245298,0.120073,0.048317
2026-04-03T21:28:04.5041642Z,-0.320966,0.577000,0.002519,-0.574646,0.456180,-0.049469,6.25,gru,0.253680,0.120821,0.051988
2026-04-03T21:28:04.5351858Z,-0.321038,0.576396,0.002318,-0.573130,0.480222,-0.042662,6.01,gru,0.252092,0.096173,0.044980
2026-04-03T21:28:04.5701989Z,-0.336016,0.579087,0.005007,-0.578803,0.487789,-0.028964,7.20,gru,0.242786,0.091298,0.033970
2026-04-03T21:28:04.5845723Z,-0.336743,0.579155,0.005349,-0.573389,0.476270,-0.035331,7.78,gru,0.236646,0.102885,0.040680
2026-04-03T21:28:04.6241502Z,-0.336812,0.578872,0.005854,-0.579962,0.464358,-0.040370,6.94,gru,0.243151,0.114514,0.046225
2026-04-03T21:28:04.6565272Z,-0.335969,0.578346,0.005372,-0.580939,0.463527,-0.042286,7.57,gru,0.244970,0.114819,0.047657
2026-04-03T21:28:04.6902792Z,-0.335828,0.577897,0.005165,-0.577100,0.467328,-0.041189,8.83,gru,0.241272,0.110569,0.046354
2026-04-03T21:28:04.7253708Z,-0.338172,0.578765,0.005871,-0.575245,0.481787,-0.034726,8.47,gru,0.237074,0.096978,0.040597
2026-04-03T21:28:04.7476258Z,-0.334683,0.578235,0.004680,-0.583358,0.458642,-0.045833,7.09,gru,0.248675,0.119594,0.050513
2026-04-03T21:28:04.7877620Z,-0.335566,0.576454,0.005672,-0.584316,0.458568,-0.042435,8.44,gru,0.248750,0.117887,0.048107
2026-04-03T21:28:04.8321666Z,-0.337558,0.578399,0.005396,-0.579145,0.485184,-0.036098,7.57,gru,0.241587,0.093214,0.041494
2026-04-03T21:28:04.8585115Z,-0.321497,0.577318,0.002035,-0.574205,0.463014,-0.048328,8.45,gru,0.252707,0.114304,0.050363
2026-04-03T21:28:04.8830914Z,-0.320795,0.577069,0.001767,-0.573601,0.476391,-0.043763,6.04,gru,0.252806,0.100678,0.045531
2026-04-03T21:28:04.9360632Z,-0.334456,0.578262,0.004486,-0.576112,0.481759,-0.029112,7.77,gru,0.241656,0.096503,0.033598
2026-04-03T21:28:04.9584355Z,-0.321178,0.579537,0.001704,-0.570691,0.462858,-0.044835,8.68,gru,0.249513,0.116680,0.046539
2026-04-03T21:28:04.9975186Z,-0.335979,0.578192,0.004814,-0.573684,0.482539,-0.033767,8.38,gru,0.237704,0.095653,0.038581
2026-04-03T21:28:05.0164141Z,-0.320337,0.578014,0.001760,-0.568720,0.471924,-0.044012,8.21,gru,0.248383,0.106090,0.045772
2026-04-03T21:28:05.0501994Z,-0.321860,0.577233,0.002473,-0.563895,0.480682,-0.041363,7.08,gru,0.242034,0.096551,0.043836
2026-04-03T21:28:05.0913820Z,-0.321206,0.576589,0.002199,-0.566788,0.482554,-0.035485,7.85,gru,0.245582,0.094035,0.037684
2026-04-03T21:28:05.1261689Z,-0.321765,0.577977,0.001741,-0.571862,0.458141,-0.046890,7.32,gru,0.250097,0.119836,0.048631
2026-04-03T21:28:05.1600593Z,-0.320045,0.576843,0.001862,-0.571222,0.456680,-0.045314,7.08,gru,0.251178,0.120162,0.047175
2026-04-03T21:28:05.1964738Z,-0.321568,0.578308,0.001782,-0.565827,0.480539,-0.040094,7.35,gru,0.244259,0.097768,0.041876
2026-04-03T21:28:05.2354136Z,-0.322410,0.579409,0.001881,-0.563662,0.484594,-0.039099,7.31,gru,0.241252,0.094815,0.040980
2026-04-03T21:28:05.2679168Z,-0.321425,0.575625,0.003253,-0.564024,0.471272,-0.037812,6.53,gru,0.242599,0.104353,0.041065
2026-04-03T21:28:05.3135786Z,-0.336056,0.578497,0.005391,-0.568282,0.490576,-0.029111,7.23,gru,0.232226,0.087921,0.034502
2026-04-03T21:28:05.3564423Z,-0.336002,0.578874,0.005307,-0.568794,0.477971,-0.036066,7.97,gru,0.232791,0.100903,0.041373
2026-04-03T21:28:05.4023211Z,-0.335327,0.577771,0.005338,-0.574060,0.470537,-0.039229,5.60,gru,0.238733,0.107234,0.044567
2026-04-03T21:28:05.4397043Z,-0.321172,0.577081,0.002075,-0.571486,0.466584,-0.047792,7.10,gru,0.250313,0.110497,0.049867
2026-04-03T21:28:05.4569581Z,-0.334401,0.577631,0.005036,-0.573251,0.489241,-0.029187,5.45,gru,0.238850,0.088390,0.034223
2026-04-03T21:28:05.4942893Z,-0.321119,0.577477,0.002210,-0.571833,0.471608,-0.043567,6.53,gru,0.250714,0.105869,0.045777
2026-04-03T21:28:05.5114027Z,-0.334368,0.579142,0.004713,-0.578645,0.466711,-0.041189,6.20,gru,0.244277,0.112431,0.045902
2026-04-03T21:28:05.5632338Z,-0.336270,0.578962,0.005584,-0.579462,0.470418,-0.035609,8.37,gru,0.243193,0.108543,0.041193
2026-04-03T21:28:05.6026804Z,-0.322742,0.577739,0.002693,-0.576818,0.457542,-0.047730,8.05,gru,0.254076,0.120198,0.050423
2026-04-03T21:28:05.6242527Z,-0.335105,0.579345,0.004909,-0.574787,0.490016,-0.033472,8.96,gru,0.239682,0.089329,0.038381
2026-04-03T21:28:05.6572361Z,-0.322479,0.578428,0.002092,-0.570177,0.472487,-0.044239,8.15,gru,0.247698,0.105941,0.046331
2026-04-03T21:28:05.6944582Z,-0.321781,0.578105,0.002297,-0.573481,0.457374,-0.048729,9.08,gru,0.251700,0.120731,0.051025
2026-04-03T21:28:05.7189516Z,-0.335777,0.578724,0.005373,-0.575867,0.484056,-0.027285,7.90,gru,0.240090,0.094669,0.032658
2026-04-03T21:28:05.7556207Z,-0.320715,0.577602,0.001611,-0.576466,0.447457,-0.050508,8.03,gru,0.255751,0.130145,0.052118
2026-04-03T21:28:05.8171314Z,-0.336984,0.579828,0.005339,-0.577445,0.475773,-0.035939,10.89,gru,0.240460,0.104054,0.041277
2026-04-03T21:28:05.8592882Z,-0.334889,0.578863,0.004538,-0.576262,0.467271,-0.038869,9.15,gru,0.241373,0.111592,0.043407
2026-04-03T21:28:05.8835109Z,-0.335045,0.579342,0.004551,-0.575087,0.460072,-0.044186,7.32,gru,0.240042,0.119270,0.048738
2026-04-03T21:28:05.9302196Z,-0.321942,0.577082,0.002488,-0.577591,0.457936,-0.049286,7.78,gru,0.255649,0.119146,0.051774
2026-04-03T21:28:05.9561508Z,-0.323796,0.575867,0.003597,-0.573002,0.459527,-0.041845,8.87,gru,0.249206,0.116340,0.045442
2026-04-03T21:28:05.9911424Z,-0.320654,0.577968,0.001622,-0.568073,0.486894,-0.041118,7.89,gru,0.247419,0.091074,0.042740
2026-04-03T21:28:06.0364103Z,-0.322568,0.577060,0.002565,-0.568849,0.477299,-0.040092,7.22,gru,0.246281,0.099761,0.042657
2026-04-03T21:28:06.0747128Z,-0.336658,0.577687,0.005503,-0.573571,0.484788,-0.027554,6.54,gru,0.236913,0.092899,0.033057
2026-04-03T21:28:06.1096760Z,-0.336877,0.577228,0.005785,-0.576672,0.460416,-0.039947,5.55,gru,0.239795,0.116812,0.045732
2026-04-03T21:28:06.1249861Z,-0.335673,0.579656,0.004057,-0.576035,0.469466,-0.043018,6.02,gru,0.240362,0.110190,0.047075
2026-04-03T21:28:06.1559920Z,-0.335571,0.578172,0.004948,-0.575452,0.468419,-0.040093,7.75,gru,0.239880,0.109754,0.045041
2026-04-03T21:28:06.1901491Z,-0.338827,0.578266,0.006075,-0.577073,0.481873,-0.033555,7.08,gru,0.238246,0.096393,0.039629
2026-04-03T21:28:06.2285161Z,-0.339373,0.579456,0.005913,-0.578109,0.480907,-0.037354,7.40,gru,0.238736,0.098549,0.043267
2026-04-03T21:28:06.2696563Z,-0.339203,0.578946,0.006017,-0.581585,0.466666,-0.041201,6.03,gru,0.242382,0.112280,0.047218
2026-04-03T21:28:06.2901140Z,-0.337091,0.579721,0.004779,-0.581062,0.478449,-0.040934,6.37,gru,0.243971,0.101272,0.045713
2026-04-03T21:28:06.3212871Z,-0.337653,0.578314,0.006078,-0.585003,0.464975,-0.040820,6.77,gru,0.247350,0.113339,0.046898
2026-04-03T21:28:06.3530577Z,-0.339756,0.579322,0.006261,-0.579958,0.471689,-0.038119,7.13,gru,0.240202,0.107633,0.044380
2026-04-03T21:28:06.3944489Z,-0.338025,0.577503,0.005823,-0.579823,0.471381,-0.039975,7.22,gru,0.241798,0.106122,0.045798
2026-04-03T21:28:06.4307400Z,-0.338301,0.579775,0.006016,-0.582949,0.465801,-0.041937,7.94,gru,0.244648,0.113974,0.047953
2026-04-03T21:28:06.4486509Z,-0.336197,0.577833,0.005222,-0.576140,0.482214,-0.038524,7.27,gru,0.239944,0.095619,0.043746
2026-04-03T21:28:06.4786377Z,-0.323504,0.578040,0.002854,-0.575100,0.469753,-0.046792,6.43,gru,0.251596,0.108287,0.049647
2026-04-03T21:28:06.5179408Z,-0.336962,0.578315,0.005239,-0.578656,0.494251,-0.030380,6.21,gru,0.241694,0.084064,0.035618
2026-04-03T21:28:06.5543192Z,-0.323585,0.576750,0.003259,-0.576847,0.454542,-0.046755,6.85,gru,0.253262,0.122208,0.050014
2026-04-03T21:28:06.5883905Z,-0.321305,0.579245,0.001812,-0.573145,0.457019,-0.049816,6.11,gru,0.251841,0.122226,0.051628
2026-04-03T21:28:06.6292372Z,-0.323482,0.576842,0.003112,-0.575445,0.469765,-0.038969,7.19,gru,0.251962,0.107078,0.042082
2026-04-03T21:28:06.6501975Z,-0.322582,0.576312,0.003000,-0.571831,0.457981,-0.043478,6.61,gru,0.249249,0.118331,0.046478
2026-04-03T21:28:06.6883360Z,-0.339438,0.579685,0.006069,-0.571516,0.492674,-0.027902,8.69,gru,0.232078,0.087012,0.033971
2026-04-03T21:28:06.7306720Z,-0.323331,0.576538,0.002870,-0.569551,0.459618,-0.043936,5.75,gru,0.246221,0.116920,0.046806
2026-04-03T21:28:06.7655633Z,-0.322813,0.577823,0.002314,-0.569589,0.473328,-0.045317,7.12,gru,0.246776,0.104496,0.047631
2026-04-03T21:28:06.8130747Z,-0.336604,0.578192,0.004445,-0.573995,0.500151,-0.023899,7.17,gru,0.237391,0.078041,0.028344
2026-04-03T21:28:06.8502157Z,-0.335505,0.578870,0.004221,-0.573311,0.474044,-0.036486,6.20,gru,0.237806,0.104826,0.040707
2026-04-03T21:28:06.8858885Z,-0.322879,0.575805,0.002913,-0.572288,0.463137,-0.044055,6.86,gru,0.249409,0.112668,0.046968
2026-04-03T21:28:06.9175970Z,-0.321921,0.576654,0.002399,-0.571647,0.484784,-0.039749,5.65,gru,0.249726,0.091870,0.042148
2026-04-03T21:28:06.9556413Z,-0.322774,0.578006,0.002495,-0.569201,0.490617,-0.036990,7.73,gru,0.246426,0.087389,0.039484
2026-04-03T21:28:06.9928077Z,-0.323850,0.576745,0.003564,-0.568944,0.474286,-0.037201,7.87,gru,0.245094,0.102459,0.040765
2026-04-03T21:28:07.0273089Z,-0.338431,0.578143,0.005814,-0.571874,0.492042,-0.028542,7.47,gru,0.233442,0.086101,0.034357
2026-04-03T21:28:07.0638516Z,-0.336836,0.577486,0.005612,-0.571984,0.474489,-0.036202,8.34,gru,0.235148,0.102997,0.041814
2026-04-03T21:28:07.0875546Z,-0.335914,0.578447,0.004956,-0.571572,0.480005,-0.038526,8.09,gru,0.235658,0.098442,0.043482
2026-04-03T21:28:07.1330542Z,-0.337066,0.578395,0.005503,-0.576481,0.479996,-0.035663,7.37,gru,0.239415,0.098399,0.041165
2026-04-03T21:28:07.1539108Z,-0.323178,0.577746,0.002910,-0.576996,0.458930,-0.049239,8.37,gru,0.253818,0.118816,0.052150
2026-04-03T21:28:07.1924173Z,-0.323221,0.578935,0.002182,-0.571334,0.480367,-0.042921,8.57,gru,0.248113,0.098569,0.045103
2026-04-03T21:28:07.2305794Z,-0.322245,0.576423,0.002660,-0.571949,0.465838,-0.040432,9.20,gru,0.249703,0.110585,0.043092
2026-04-03T21:28:07.2641185Z,-0.322938,0.575668,0.003784,-0.576280,0.459873,-0.042949,7.46,gru,0.253342,0.115796,0.046732
2026-04-03T21:28:07.2964424Z,-0.335156,0.577829,0.005375,-0.577785,0.473418,-0.036106,8.29,gru,0.242629,0.104411,0.041481
2026-04-03T21:28:07.3284417Z,-0.337610,0.579055,0.005673,-0.571247,0.469432,-0.038025,8.08,gru,0.233637,0.109623,0.043699
2026-04-03T21:28:07.3586649Z,-0.337484,0.579346,0.005037,-0.569234,0.479786,-0.037911,6.07,gru,0.231750,0.099560,0.042948
2026-04-03T21:28:07.4072942Z,-0.334913,0.578201,0.004720,-0.577533,0.459454,-0.043270,5.58,gru,0.242620,0.118746,0.047990
2026-04-03T21:28:07.4455090Z,-0.321252,0.574976,0.002888,-0.574587,0.452660,-0.049113,6.00,gru,0.253335,0.122315,0.052002
2026-04-03T21:28:07.4917681Z,-0.320048,0.576956,0.001588,-0.571550,0.482632,-0.043647,7.23,gru,0.251503,0.094324,0.045235
2026-04-03T21:28:07.5243731Z,-0.336923,0.579206,0.005362,-0.579157,0.498992,-0.024828,6.95,gru,0.242234,0.080214,0.030190
2026-04-03T21:28:07.5558500Z,-0.322329,0.576306,0.002769,-0.578358,0.442110,-0.047653,7.60,gru,0.256029,0.134196,0.050421
2026-04-03T21:28:07.5870129Z,-0.320646,0.576520,0.001903,-0.574510,0.452296,-0.050649,5.66,gru,0.253864,0.124224,0.052552
2026-04-03T21:28:07.6213745Z,-0.322724,0.576271,0.002752,-0.571780,0.477438,-0.036460,6.67,gru,0.249055,0.098833,0.039212
2026-04-03T21:28:07.6572246Z,-0.321689,0.577563,0.001957,-0.566600,0.464621,-0.043622,5.69,gru,0.244912,0.112941,0.045579
2026-04-03T21:28:07.6940561Z,-0.335472,0.577440,0.005874,-0.569587,0.485840,-0.027708,7.36,gru,0.234115,0.091600,0.033582
2026-04-03T21:28:07.7443976Z,-0.339329,0.578840,0.006410,-0.572663,0.478391,-0.032760,8.14,gru,0.233333,0.100449,0.039170
2026-04-03T21:28:07.7845444Z,-0.319481,0.577642,0.001130,-0.571729,0.461868,-0.049443,7.86,gru,0.252248,0.115774,0.050573
2026-04-03T21:28:07.8170905Z,-0.320506,0.576919,0.001963,-0.568897,0.481349,-0.038839,5.97,gru,0.248391,0.095569,0.040802
2026-04-03T21:28:07.8624455Z,-0.321679,0.576801,0.002565,-0.570446,0.477598,-0.035524,8.33,gru,0.248768,0.099203,0.038089
2026-04-03T21:28:07.8891728Z,-0.320797,0.575796,0.002131,-0.572432,0.460453,-0.045459,6.83,gru,0.251636,0.115343,0.047590
2026-04-03T21:28:07.9208054Z,-0.336671,0.577202,0.005889,-0.576582,0.469877,-0.031541,6.53,gru,0.239911,0.107325,0.037430
2026-04-03T21:28:07.9574020Z,-0.337075,0.577069,0.006131,-0.574549,0.458067,-0.037795,7.64,gru,0.237474,0.119002,0.043927
2026-04-03T21:28:07.9940353Z,-0.322286,0.577272,0.002228,-0.572870,0.459325,-0.048130,6.10,gru,0.250585,0.117947,0.050358
2026-04-03T21:28:08.0389791Z,-0.322225,0.576894,0.002540,-0.565313,0.484924,-0.039559,6.23,gru,0.243088,0.091971,0.042099
2026-04-03T21:28:08.0806174Z,-0.336600,0.577948,0.005156,-0.574515,0.482500,-0.031147,5.95,gru,0.237916,0.095448,0.036303
2026-04-03T21:28:08.1092936Z,-0.338122,0.579479,0.005485,-0.580537,0.453001,-0.040806,6.47,gru,0.242415,0.126479,0.046291
2026-04-03T21:28:08.1427294Z,-0.335634,0.578761,0.004895,-0.579509,0.456598,-0.045083,7.56,gru,0.243874,0.122163,0.049978
2026-04-03T21:28:08.1782430Z,-0.320829,0.576515,0.001991,-0.573014,0.468851,-0.046924,7.93,gru,0.252185,0.107664,0.048915
2026-04-03T21:28:08.2111962Z,-0.321603,0.577350,0.001745,-0.571530,0.467903,-0.043848,7.52,gru,0.249927,0.109447,0.045592
2026-04-03T21:28:08.2491160Z,-0.321285,0.576662,0.002049,-0.572199,0.463664,-0.041671,6.49,gru,0.250914,0.112998,0.043720
2026-04-03T21:28:08.2897579Z,-0.321873,0.576478,0.002109,-0.575847,0.451630,-0.046185,7.78,gru,0.253974,0.124848,0.048293
2026-04-03T21:28:08.3381545Z,-0.321476,0.575515,0.002611,-0.573427,0.459282,-0.044458,8.42,gru,0.251951,0.116233,0.047068
2026-04-03T21:28:08.3570294Z,-0.320419,0.575758,0.001808,-0.564101,0.476313,-0.040621,7.97,gru,0.243682,0.099445,0.042429
2026-04-03T21:28:08.3955522Z,-0.322176,0.577360,0.002402,-0.564615,0.486009,-0.037642,7.11,gru,0.242439,0.091351,0.040044
2026-04-03T21:28:08.4313498Z,-0.320437,0.579164,0.001060,-0.567136,0.465479,-0.047178,10.10,gru,0.246699,0.113685,0.048238
2026-04-03T21:28:08.4521631Z,-0.321873,0.576517,0.002548,-0.567349,0.457254,-0.043316,6.97,gru,0.245475,0.119263,0.045864
2026-04-03T21:28:08.4996065Z,-0.336055,0.578449,0.005277,-0.574321,0.471637,-0.032208,8.45,gru,0.238266,0.106812,0.037485
2026-04-03T21:28:08.5231558Z,-0.320147,0.576018,0.001376,-0.574971,0.443622,-0.051376,7.87,gru,0.254824,0.132396,0.052752
2026-04-03T21:28:08.5725620Z,-0.322191,0.576420,0.002437,-0.566139,0.473078,-0.040941,8.61,gru,0.243948,0.103341,0.043378
2026-04-03T21:28:08.6252606Z,-0.322056,0.575963,0.002674,-0.567204,0.484232,-0.033762,9.18,gru,0.245148,0.091732,0.036436
2026-04-03T21:28:08.6682617Z,-0.323041,0.578573,0.002435,-0.570150,0.462124,-0.045119,8.74,gru,0.247109,0.116449,0.047554
2026-04-03T21:28:08.6929501Z,-0.320417,0.574280,0.002872,-0.572282,0.446774,-0.045857,10.80,gru,0.251866,0.127507,0.048729
2026-04-03T21:28:08.7377584Z,-0.321917,0.577253,0.001850,-0.570778,0.464008,-0.045796,6.86,gru,0.248861,0.113245,0.047646
2026-04-03T21:28:08.8009048Z,-0.322268,0.577165,0.002459,-0.565782,0.481246,-0.038923,8.50,gru,0.243514,0.095919,0.041382
2026-04-03T21:28:08.8281420Z,-0.320317,0.575193,0.002244,-0.561856,0.477848,-0.039306,9.33,gru,0.241539,0.097344,0.041550
2026-04-03T21:28:08.8753112Z,-0.321711,0.578782,0.001361,-0.565139,0.483887,-0.042426,8.59,gru,0.243427,0.094895,0.043788
2026-04-03T21:28:08.8906906Z,-0.335732,0.578128,0.005559,-0.574083,0.472649,-0.031137,6.21,gru,0.238351,0.105478,0.036696
2026-04-03T21:28:08.9248390Z,-0.321755,0.575987,0.002423,-0.574272,0.446656,-0.048795,8.35,gru,0.252517,0.129331,0.051218
2026-04-03T21:28:08.9653618Z,-0.335631,0.579187,0.004257,-0.574242,0.474397,-0.040412,7.78,gru,0.238611,0.104790,0.044669
2026-04-03T21:28:08.9899114Z,-0.323969,0.576697,0.003700,-0.576936,0.455881,-0.043870,7.45,gru,0.252967,0.120815,0.047570
2026-04-03T21:28:09.0244979Z,-0.320569,0.574716,0.002551,-0.573362,0.444292,-0.049428,6.42,gru,0.252793,0.130424,0.051979
2026-04-03T21:28:09.0738485Z,-0.322022,0.578691,0.001471,-0.571532,0.474615,-0.043971,7.34,gru,0.249510,0.104076,0.045442
2026-04-03T21:28:09.1125178Z,-0.322417,0.576900,0.002375,-0.572745,0.462161,-0.042343,7.84,gru,0.250327,0.114739,0.044718
2026-04-03T21:28:09.1530138Z,-0.336976,0.578310,0.005464,-0.572134,0.478814,-0.032632,7.22,gru,0.235158,0.099496,0.038096
2026-04-03T21:28:09.1947024Z,-0.321568,0.576274,0.002154,-0.569392,0.463219,-0.045215,8.85,gru,0.247824,0.113056,0.047369
2026-04-03T21:28:09.2177052Z,-0.337053,0.579295,0.004789,-0.576296,0.470546,-0.038767,8.09,gru,0.239242,0.108748,0.043555
2026-04-03T21:28:09.2536073Z,-0.337500,0.577318,0.005488,-0.577187,0.467914,-0.034797,7.56,gru,0.239687,0.109405,0.040285
2026-04-03T21:28:09.2908187Z,-0.323004,0.575671,0.003371,-0.577498,0.441679,-0.048782,6.96,gru,0.254495,0.133991,0.052153
2026-04-03T21:28:09.3354213Z,-0.336701,0.578693,0.005268,-0.581316,0.488389,-0.034064,8.66,gru,0.244615,0.090304,0.039331
2026-04-03T21:28:09.3535269Z,-0.322762,0.578151,0.001873,-0.574852,0.450785,-0.049819,5.82,gru,0.252091,0.127365,0.051692
2026-04-03T21:28:09.3953050Z,-0.320934,0.577670,0.001980,-0.576283,0.453322,-0.050129,7.24,gru,0.255349,0.124347,0.052109
2026-04-03T21:28:09.4295420Z,-0.321917,0.576115,0.002807,-0.574215,0.466878,-0.038789,5.51,gru,0.252298,0.109237,0.041596
2026-04-03T21:28:09.5571144Z,-0.321005,0.576632,0.002142,-0.571552,0.452837,-0.046985,7.55,gru,0.250548,0.123795,0.049127
2026-04-03T21:28:09.5911202Z,-0.320847,0.575833,0.002413,-0.569614,0.466202,-0.044333,5.66,gru,0.248767,0.109631,0.046746
2026-04-03T21:28:09.6244656Z,-0.321549,0.574318,0.003163,-0.567148,0.470356,-0.038675,6.19,gru,0.245599,0.103962,0.041838
2026-04-03T21:28:09.6564226Z,-0.321119,0.574582,0.003042,-0.566334,0.461081,-0.043216,6.62,gru,0.245214,0.113501,0.046257
2026-04-03T21:28:09.6878569Z,-0.320078,0.577688,0.001755,-0.566363,0.483352,-0.043214,6.89,gru,0.246285,0.094335,0.044969
2026-04-03T21:28:09.7179000Z,-0.322093,0.576164,0.002609,-0.566364,0.463601,-0.041512,6.14,gru,0.244271,0.112563,0.044122
2026-04-03T21:28:09.7502759Z,-0.322707,0.576175,0.002802,-0.569082,0.453662,-0.043448,6.62,gru,0.246374,0.122513,0.046251
2026-04-03T21:28:09.7867237Z,-0.322299,0.577204,0.002810,-0.572610,0.465232,-0.045200,5.57,gru,0.250311,0.111972,0.048010
2026-04-03T21:28:09.8207837Z,-0.322164,0.576027,0.002588,-0.568116,0.461380,-0.043987,6.94,gru,0.245952,0.114647,0.046575
2026-04-03T21:28:09.8523801Z,-0.320685,0.576118,0.002367,-0.568143,0.461514,-0.044479,6.10,gru,0.247458,0.114605,0.046846
2026-04-03T21:28:09.8886471Z,-0.336673,0.577392,0.005488,-0.572037,0.486884,-0.028100,6.74,gru,0.235365,0.090508,0.033588
2026-04-03T21:28:09.9305631Z,-0.322402,0.577247,0.002202,-0.571404,0.450199,-0.048717,7.41,gru,0.249003,0.127048,0.050919
2026-04-03T21:28:09.9516215Z,-0.322728,0.576452,0.002678,-0.566757,0.473765,-0.042852,7.30,gru,0.244030,0.102687,0.045531
2026-04-03T21:28:09.9869702Z,-0.322142,0.574602,0.003202,-0.569981,0.476606,-0.034719,8.24,gru,0.247839,0.097996,0.037920
2026-04-03T21:28:10.0261060Z,-0.322842,0.578322,0.002675,-0.567635,0.465774,-0.043521,7.85,gru,0.244793,0.112548,0.046196
2026-04-03T21:28:10.0854686Z,-0.337163,0.578515,0.005613,-0.571065,0.491435,-0.028592,7.67,gru,0.233902,0.087081,0.034205
2026-04-03T21:28:10.1171954Z,-0.336842,0.577921,0.005286,-0.577253,0.461564,-0.041062,6.02,gru,0.240411,0.116357,0.046349
2026-04-03T21:28:10.1550763Z,-0.336497,0.577436,0.005386,-0.577776,0.457861,-0.043780,6.97,gru,0.241279,0.119576,0.049165
2026-04-03T21:28:10.1893890Z,-0.336849,0.577755,0.005731,-0.577695,0.465984,-0.038890,7.79,gru,0.240846,0.111771,0.044621
2026-04-03T21:28:10.2243927Z,-0.321770,0.576421,0.002568,-0.576911,0.449675,-0.051623,6.16,gru,0.255141,0.126746,0.054191
2026-04-03T21:28:10.2669496Z,-0.337448,0.579220,0.005005,-0.579508,0.476714,-0.034838,8.30,gru,0.242060,0.102507,0.039843
2026-04-03T21:28:10.2901846Z,-0.337072,0.579394,0.004937,-0.580577,0.459351,-0.039061,7.51,gru,0.243505,0.120043,0.043998
2026-04-03T21:28:10.3368149Z,-0.335528,0.577565,0.005161,-0.581120,0.442729,-0.044735,8.79,gru,0.245592,0.134836,0.049897
2026-04-03T21:28:10.3587920Z,-0.321132,0.574932,0.002420,-0.581253,0.449458,-0.051788,7.95,gru,0.260121,0.125474,0.054207
2026-04-03T21:28:10.3830891Z,-0.322428,0.577778,0.001991,-0.574996,0.469759,-0.045213,7.77,gru,0.252568,0.108019,0.047204
2026-04-03T21:28:10.4199365Z,-0.323513,0.576958,0.002827,-0.571848,0.469624,-0.038818,7.99,gru,0.248335,0.107335,0.041645
2026-04-03T21:28:10.4611538Z,-0.320966,0.577168,0.001937,-0.572556,0.455785,-0.046685,6.47,gru,0.251590,0.121382,0.048622
2026-04-03T21:28:10.4850548Z,-0.322433,0.576270,0.002447,-0.574041,0.456645,-0.045240,6.67,gru,0.251607,0.119625,0.047687
2026-04-03T21:28:10.5223281Z,-0.321757,0.576030,0.002517,-0.571032,0.460978,-0.043162,8.05,gru,0.249276,0.115052,0.045679
2026-04-03T21:28:10.5578513Z,-0.322645,0.576536,0.002789,-0.567099,0.474851,-0.039340,7.28,gru,0.244454,0.101685,0.042129
2026-04-03T21:28:10.5953873Z,-0.337180,0.580285,0.004418,-0.573463,0.482829,-0.034764,7.68,gru,0.236284,0.097456,0.039182
2026-04-03T21:28:10.6162653Z,-0.337057,0.578361,0.005321,-0.577226,0.455725,-0.040276,8.27,gru,0.240169,0.122636,0.045597
2026-04-03T21:28:10.6513951Z,-0.322193,0.576560,0.002443,-0.575065,0.435557,-0.051077,6.56,gru,0.252872,0.141003,0.053520
2026-04-03T21:28:10.6862185Z,-0.322716,0.577511,0.002664,-0.572920,0.475280,-0.042850,7.43,gru,0.250205,0.102232,0.045514
2026-04-03T21:28:10.7205372Z,-0.323492,0.576171,0.003753,-0.570731,0.482932,-0.033635,7.49,gru,0.247239,0.093239,0.037388
2026-04-03T21:28:10.7559823Z,-0.321880,0.577484,0.001562,-0.570005,0.472069,-0.044302,7.55,gru,0.248125,0.105415,0.045864
2026-04-03T21:28:10.7925240Z,-0.322161,0.576132,0.002600,-0.567080,0.472590,-0.039713,7.66,gru,0.244918,0.103542,0.042313
2026-04-03T21:28:10.8322476Z,-0.338677,0.578106,0.005631,-0.574881,0.486959,-0.026168,7.15,gru,0.236205,0.091147,0.031799
2026-04-03T21:28:10.8551033Z,-0.322678,0.576620,0.002380,-0.574617,0.447458,-0.048859,8.10,gru,0.251939,0.129162,0.051239
2026-04-03T21:28:10.8917449Z,-0.335640,0.577310,0.004444,-0.570208,0.487249,-0.034832,7.27,gru,0.234568,0.090062,0.039277
2026-04-03T21:28:10.9284047Z,-0.321894,0.578132,0.002405,-0.567680,0.484304,-0.041204,6.56,gru,0.245786,0.093828,0.043610
2026-04-03T21:28:10.9572579Z,-0.336831,0.578148,0.005852,-0.574661,0.478201,-0.032919,6.44,gru,0.237831,0.099947,0.038770
2026-04-03T21:28:10.9968450Z,-0.333612,0.578333,0.003969,-0.578598,0.461498,-0.042224,8.30,gru,0.244986,0.116835,0.046193
2026-04-03T21:28:11.0231268Z,-0.321919,0.576155,0.002335,-0.580249,0.447750,-0.051448,9.04,gru,0.258330,0.128404,0.053783
2026-04-03T21:28:11.0634554Z,-0.322735,0.578153,0.002009,-0.577098,0.473004,-0.042458,6.43,gru,0.254363,0.105149,0.044467
2026-04-03T21:28:11.0871935Z,-0.336586,0.577527,0.005306,-0.577063,0.479190,-0.030249,8.80,gru,0.240476,0.098336,0.035555
2026-04-03T21:28:11.1321773Z,-0.321621,0.575927,0.002351,-0.577488,0.442776,-0.048382,7.89,gru,0.255867,0.133151,0.050733
2026-04-03T21:28:11.1554034Z,-0.321959,0.577598,0.002213,-0.575413,0.454690,-0.049314,7.90,gru,0.253455,0.122908,0.051528
2026-04-03T21:28:11.2007723Z,-0.321301,0.578270,0.002125,-0.571200,0.475363,-0.039197,8.78,gru,0.249899,0.102908,0.041322
2026-04-03T21:28:11.2243025Z,-0.322088,0.576032,0.002495,-0.564507,0.480051,-0.038760,7.55,gru,0.242419,0.095982,0.041256
2026-04-03T21:28:11.2536033Z,-0.321340,0.579490,0.001555,-0.568544,0.480190,-0.041818,8.39,gru,0.247205,0.099301,0.043373
2026-04-03T21:28:11.3245370Z,-0.321524,0.577332,0.002353,-0.569248,0.460818,-0.043870,6.87,gru,0.247724,0.116515,0.046223
2026-04-03T21:28:11.3622129Z,-0.322260,0.575586,0.002881,-0.569065,0.461323,-0.041537,7.47,gru,0.246805,0.114263,0.044418
2026-04-03T21:28:11.3828923Z,-0.321056,0.577984,0.001607,-0.566490,0.464818,-0.045275,8.20,gru,0.245434,0.113166,0.046882
2026-04-03T21:28:11.4187796Z,-0.321816,0.578807,0.001764,-0.571394,0.463811,-0.045975,6.79,gru,0.249578,0.114996,0.047739
2026-04-03T21:28:11.4601363Z,-0.321633,0.577614,0.002423,-0.568262,0.459495,-0.042627,8.17,gru,0.246629,0.118119,0.045050
2026-04-03T21:28:11.4968112Z,-0.320384,0.576344,0.001601,-0.564843,0.471730,-0.042169,7.22,gru,0.244459,0.104614,0.043770
2026-04-03T21:28:11.5334900Z,-0.322015,0.575080,0.002607,-0.567362,0.460789,-0.041877,6.36,gru,0.245347,0.114292,0.044483
2026-04-03T21:28:11.5557603Z,-0.321339,0.577039,0.002132,-0.570967,0.470496,-0.042334,7.80,gru,0.249628,0.106544,0.044466
2026-04-03T21:28:11.5910376Z,-0.322480,0.578540,0.001969,-0.566931,0.470731,-0.044587,6.14,gru,0.244451,0.107809,0.046556
2026-04-03T21:28:11.6198146Z,-0.322522,0.578509,0.001868,-0.561301,0.480525,-0.039306,5.47,gru,0.238779,0.097984,0.041174
2026-04-03T21:28:11.6553308Z,-0.322657,0.576841,0.002758,-0.567934,0.467834,-0.040704,6.38,gru,0.245278,0.109007,0.043462
2026-04-03T21:28:11.6891285Z,-0.321237,0.576652,0.002121,-0.570244,0.456825,-0.046059,6.67,gru,0.249007,0.119828,0.048181
2026-04-03T21:28:11.7250982Z,-0.321539,0.575102,0.002761,-0.567736,0.466438,-0.042756,6.48,gru,0.246197,0.108664,0.045518
2026-04-03T21:28:11.7561778Z,-0.321972,0.577188,0.002811,-0.566162,0.476401,-0.039223,5.08,gru,0.244190,0.100787,0.042034
2026-04-03T21:28:11.7945521Z,-0.322401,0.578664,0.001987,-0.568871,0.462333,-0.046190,5.55,gru,0.246469,0.116331,0.048177
2026-04-03T21:28:11.8259298Z,-0.334408,0.576937,0.004422,-0.572630,0.471080,-0.035515,6.41,gru,0.238223,0.105857,0.039937
2026-04-03T21:28:11.9224666Z,-0.336187,0.576138,0.005639,-0.575438,0.461625,-0.038237,6.05,gru,0.239250,0.114513,0.043876
2026-04-03T21:28:11.9536197Z,-0.320999,0.576763,0.002547,-0.574391,0.447051,-0.050726,5.96,gru,0.253393,0.129712,0.053273
2026-04-03T21:28:12.0000096Z,-0.322954,0.578396,0.002441,-0.572553,0.478816,-0.044428,6.57,gru,0.249600,0.099580,0.046869
2026-04-03T21:28:12.0317603Z,-0.335610,0.577798,0.005093,-0.576724,0.479260,-0.029547,6.64,gru,0.241113,0.098538,0.034640
2026-04-03T21:28:12.0663527Z,-0.321600,0.575394,0.002485,-0.577423,0.439773,-0.048393,8.12,gru,0.255823,0.135621,0.050878
2026-04-03T21:28:12.0979122Z,-0.323513,0.578033,0.002422,-0.575140,0.465842,-0.047612,7.36,gru,0.251628,0.112191,0.050033
2026-04-03T21:28:12.1188246Z,-0.320928,0.575023,0.002439,-0.572931,0.471087,-0.041156,7.71,gru,0.252003,0.103936,0.043596
2026-04-03T21:28:12.1620612Z,-0.336089,0.578141,0.005246,-0.575519,0.474695,-0.034095,7.21,gru,0.239430,0.103446,0.039341
2026-04-03T21:28:12.1969473Z,-0.334469,0.578224,0.004406,-0.578256,0.458832,-0.042803,8.01,gru,0.243787,0.119392,0.047209
2026-04-03T21:28:12.2233129Z,-0.335702,0.578560,0.005133,-0.578637,0.451814,-0.043774,8.38,gru,0.242935,0.126747,0.048908
2026-04-03T21:28:12.2712969Z,-0.323058,0.576610,0.002729,-0.576375,0.455042,-0.048897,10.26,gru,0.253317,0.121569,0.051626
2026-04-03T21:28:12.2969363Z,-0.322368,0.576526,0.003235,-0.573895,0.468147,-0.044037,8.46,gru,0.251527,0.108379,0.047272
2026-04-03T21:28:12.3268579Z,-0.324123,0.577694,0.002874,-0.575019,0.476639,-0.040756,11.72,gru,0.250896,0.101055,0.043630
2026-04-03T21:28:12.3657768Z,-0.336419,0.577247,0.005496,-0.579550,0.467982,-0.036060,8.11,gru,0.243131,0.109265,0.041555
2026-04-03T21:28:12.3805032Z,-0.320687,0.576263,0.002060,-0.577553,0.444780,-0.050430,7.72,gru,0.256866,0.131482,0.052490
2026-04-03T21:28:12.4243539Z,-0.323164,0.575198,0.003872,-0.572223,0.453200,-0.043490,8.26,gru,0.249059,0.121999,0.047362
2026-04-03T21:28:12.4649088Z,-0.323151,0.577225,0.002884,-0.573318,0.474878,-0.039781,7.61,gru,0.250167,0.102347,0.042666
2026-04-03T21:28:12.4896592Z,-0.322532,0.577594,0.001982,-0.570558,0.466320,-0.046810,7.94,gru,0.248026,0.111274,0.048792
2026-04-03T21:28:12.5372042Z,-0.322474,0.577304,0.002295,-0.567487,0.471010,-0.040075,8.29,gru,0.245013,0.106294,0.042371
2026-04-03T21:28:12.5625395Z,-0.322313,0.577619,0.002168,-0.567675,0.468801,-0.040812,9.05,gru,0.245362,0.108818,0.042980
2026-04-03T21:28:12.6031051Z,-0.320339,0.576660,0.001510,-0.571577,0.457541,-0.047061,9.29,gru,0.251238,0.119119,0.048571
2026-04-03T21:28:12.6292345Z,-0.321804,0.575786,0.002622,-0.568666,0.468413,-0.041150,9.58,gru,0.246862,0.107373,0.043771
2026-04-03T21:28:12.6692490Z,-0.320042,0.575618,0.001960,-0.566302,0.471324,-0.041592,7.97,gru,0.246261,0.104294,0.043553
2026-04-03T21:28:12.6985132Z,-0.336797,0.577790,0.005344,-0.572241,0.473281,-0.032257,8.68,gru,0.235443,0.104510,0.037601
2026-04-03T21:28:12.7385928Z,-0.322968,0.576160,0.003367,-0.574211,0.450156,-0.046754,8.27,gru,0.251244,0.126004,0.050122
2026-04-03T21:28:12.7618836Z,-0.336885,0.578395,0.005175,-0.574186,0.463768,-0.039613,6.66,gru,0.237302,0.114627,0.044788
2026-04-03T21:28:12.7861522Z,-0.321959,0.575162,0.002941,-0.571626,0.468889,-0.043139,6.88,gru,0.249668,0.106273,0.046080
2026-04-03T21:28:12.8212383Z,-0.321553,0.575877,0.002373,-0.568145,0.470621,-0.044269,6.81,gru,0.246592,0.105256,0.046642
2026-04-03T21:28:12.8630183Z,-0.322073,0.577373,0.002339,-0.568688,0.491366,-0.036232,6.20,gru,0.246615,0.086006,0.038570
2026-04-03T21:28:12.8825516Z,-0.321260,0.575606,0.002246,-0.573116,0.454036,-0.045670,5.84,gru,0.251855,0.121570,0.047916
2026-04-03T21:28:12.9170568Z,-0.321183,0.578330,0.001775,-0.571519,0.463083,-0.045838,6.51,gru,0.250336,0.115247,0.047612
2026-04-03T21:28:12.9593691Z,-0.326470,0.576832,0.003515,-0.569071,0.472153,-0.037960,5.85,gru,0.242601,0.104678,0.041475
2026-04-03T21:28:12.9914350Z,-0.338465,0.576922,0.006029,-0.572255,0.480087,-0.029195,5.47,gru,0.233791,0.096835,0.035225
2026-04-03T21:28:13.0221897Z,-0.335400,0.577626,0.005264,-0.575956,0.455558,-0.042908,4.93,gru,0.240555,0.122068,0.048172
2026-04-03T21:28:13.0545955Z,-0.336205,0.578637,0.005238,-0.575148,0.459762,-0.042245,6.54,gru,0.238943,0.118874,0.047483
2026-04-03T21:28:13.0848130Z,-0.322409,0.576334,0.002684,-0.573919,0.455709,-0.049044,7.39,gru,0.251510,0.120625,0.051729
2026-04-03T21:28:13.1189942Z,-0.322575,0.576311,0.002797,-0.577165,0.462903,-0.045655,7.07,gru,0.254589,0.113408,0.048452
2026-04-03T21:28:13.1532082Z,-0.321626,0.576627,0.002656,-0.573253,0.469689,-0.041578,5.91,gru,0.251626,0.106938,0.044234
2026-04-03T21:28:13.1855343Z,-0.323258,0.576545,0.003258,-0.574978,0.460725,-0.044150,5.21,gru,0.251720,0.115820,0.047408
2026-04-03T21:28:13.2177264Z,-0.336408,0.576791,0.005434,-0.577442,0.467892,-0.035211,7.44,gru,0.241033,0.108899,0.040644
2026-04-03T21:28:13.2551083Z,-0.322162,0.576625,0.002126,-0.574587,0.444617,-0.050451,7.20,gru,0.252425,0.132008,0.052577
2026-04-03T21:28:13.2893134Z,-0.321879,0.574980,0.002836,-0.570828,0.451870,-0.046577,7.94,gru,0.248949,0.123110,0.049413
2026-04-03T21:28:13.3356102Z,-0.321755,0.577096,0.002258,-0.567529,0.485633,-0.036657,7.25,gru,0.245774,0.091463,0.038915
2026-04-03T21:28:13.3551878Z,-0.321199,0.576861,0.002204,-0.566421,0.462892,-0.044062,7.46,gru,0.245222,0.113969,0.046266
2026-04-03T21:28:13.3881264Z,-0.322216,0.577709,0.001666,-0.567261,0.477000,-0.041067,6.10,gru,0.245045,0.100709,0.042734
2026-04-03T21:28:13.4262487Z,-0.337715,0.578222,0.005067,-0.576947,0.469351,-0.032619,6.04,gru,0.239232,0.108871,0.037686
2026-04-03T21:28:13.4489887Z,-0.324006,0.577969,0.003154,-0.575818,0.447385,-0.047005,5.77,gru,0.251812,0.130584,0.050159
2026-04-03T21:28:13.4871250Z,-0.322280,0.574818,0.003748,-0.571950,0.452142,-0.046331,6.14,gru,0.249670,0.122676,0.050079
2026-04-03T21:28:13.5373963Z,-0.322376,0.575928,0.002433,-0.570488,0.467677,-0.041778,6.80,gru,0.248111,0.108251,0.044212
2026-04-03T21:28:13.5583940Z,-0.335508,0.577802,0.004115,-0.575026,0.475985,-0.037648,6.00,gru,0.239518,0.101817,0.041763
2026-04-03T21:28:13.5881650Z,-0.322344,0.574720,0.003260,-0.576182,0.447376,-0.045408,6.02,gru,0.253838,0.127344,0.048668
2026-04-03T21:28:13.6207145Z,-0.321093,0.576466,0.002014,-0.568888,0.470196,-0.044582,5.95,gru,0.247795,0.106270,0.046596
2026-04-03T21:28:13.6543559Z,-0.324446,0.578322,0.003187,-0.570001,0.494024,-0.033438,5.79,gru,0.245555,0.084298,0.036625
2026-04-03T21:28:13.6888559Z,-0.321111,0.575640,0.002136,-0.567456,0.469976,-0.041863,6.10,gru,0.246346,0.105664,0.044000
2026-04-03T21:28:13.7307139Z,-0.322865,0.577741,0.002491,-0.569939,0.462092,-0.044365,8.84,gru,0.247074,0.115649,0.046856
2026-04-03T21:28:13.7610195Z,-0.321096,0.577776,0.002093,-0.570846,0.461547,-0.044610,6.24,gru,0.249750,0.116229,0.046704
2026-04-03T21:28:13.8015822Z,-0.321538,0.576848,0.002236,-0.570734,0.457285,-0.045371,7.02,gru,0.249195,0.119563,0.047606
2026-04-03T21:28:13.8188626Z,-0.335029,0.576335,0.005440,-0.570053,0.474740,-0.030155,7.00,gru,0.235024,0.101595,0.035595
2026-04-03T21:28:13.8618035Z,-0.320417,0.577407,0.001297,-0.571081,0.461387,-0.047042,6.72,gru,0.250664,0.116020,0.048339
2026-04-03T21:28:13.8822984Z,-0.322712,0.576460,0.003300,-0.572132,0.457199,-0.044928,6.28,gru,0.249421,0.119261,0.048228
2026-04-03T21:28:13.9166112Z,-0.322001,0.575998,0.002343,-0.569086,0.464030,-0.039992,6.38,gru,0.247085,0.111968,0.042334
2026-04-03T21:28:13.9513399Z,-0.322394,0.576007,0.003160,-0.570602,0.456641,-0.044358,7.23,gru,0.248208,0.119365,0.047518
2026-04-03T21:28:13.9830794Z,-0.335992,0.576777,0.005411,-0.578300,0.469860,-0.034110,6.26,gru,0.242309,0.106917,0.039521
2026-04-03T21:28:14.0174807Z,-0.322550,0.578180,0.001870,-0.572897,0.457666,-0.049674,5.99,gru,0.250348,0.120514,0.051544
2026-04-03T21:28:14.0575988Z,-0.322668,0.577655,0.002165,-0.566694,0.474401,-0.042969,7.65,gru,0.244026,0.103255,0.045134
2026-04-03T21:28:14.0928084Z,-0.321729,0.576450,0.002512,-0.570030,0.471203,-0.038621,8.05,gru,0.248301,0.105247,0.041134
2026-04-03T21:28:14.1305142Z,-0.333310,0.577564,0.003894,-0.572839,0.463349,-0.038310,6.96,gru,0.239529,0.114216,0.042204
2026-04-03T21:28:14.1571753Z,-0.336050,0.578784,0.004585,-0.575987,0.465033,-0.039441,9.28,gru,0.239937,0.113750,0.044026
2026-04-03T21:28:14.2019801Z,-0.322928,0.577950,0.002133,-0.576037,0.457420,-0.047935,9.49,gru,0.253109,0.120531,0.050068
2026-04-03T21:28:14.2247668Z,-0.336191,0.578433,0.005711,-0.576408,0.470420,-0.031787,7.91,gru,0.240218,0.108013,0.037498
2026-04-03T21:28:14.2483288Z,-0.336409,0.578505,0.004954,-0.579020,0.467304,-0.039174,7.41,gru,0.242612,0.111201,0.044128
2026-04-03T21:28:14.2895649Z,-0.322050,0.578272,0.001829,-0.576799,0.452521,-0.050754,7.75,gru,0.254749,0.125751,0.052582
2026-04-03T21:28:14.3326425Z,-0.321723,0.574641,0.003300,-0.574844,0.455067,-0.042283,6.63,gru,0.253121,0.119574,0.045584
2026-04-03T21:28:14.3775059Z,-0.321817,0.575171,0.002735,-0.574234,0.469174,-0.041198,8.85,gru,0.252418,0.105997,0.043934
2026-04-03T21:28:14.3977658Z,-0.320886,0.578501,0.001809,-0.573279,0.465664,-0.047827,7.01,gru,0.252393,0.112836,0.049636
2026-04-03T21:28:14.4198560Z,-0.322380,0.577061,0.002336,-0.572034,0.461551,-0.043746,5.44,gru,0.249654,0.115510,0.046082
2026-04-03T21:28:14.4562608Z,-0.323737,0.578810,0.002510,-0.567521,0.472317,-0.039996,5.34,gru,0.243784,0.106492,0.042506
2026-04-03T21:28:14.4944378Z,-0.336205,0.576009,0.006152,-0.573552,0.468620,-0.032663,6.52,gru,0.237347,0.107389,0.038815
2026-04-03T21:28:14.5294145Z,-0.321702,0.576871,0.002177,-0.571149,0.450274,-0.048434,4.90,gru,0.249447,0.126597,0.050612
2026-04-03T21:28:14.5638758Z,-0.322780,0.577502,0.002437,-0.573962,0.458235,-0.048477,6.55,gru,0.251182,0.119267,0.050914
2026-04-03T21:28:14.6273812Z,-0.320511,0.576516,0.001944,-0.570796,0.467019,-0.040374,8.11,gru,0.250285,0.109498,0.042318
2026-04-03T21:28:14.6623841Z,-0.322195,0.575422,0.003238,-0.566640,0.467099,-0.038625,7.07,gru,0.244444,0.108323,0.041863
2026-04-03T21:28:14.6985451Z,-0.292922,0.570728,-0.002806,-0.568714,0.437543,-0.059380,7.13,gru,0.275792,0.133185,0.056575
2026-04-03T21:28:14.7330464Z,-0.293509,0.571498,-0.003014,-0.564502,0.461749,-0.052653,7.11,gru,0.270993,0.109749,0.049639
2026-04-03T21:28:14.7514298Z,-0.335537,0.578160,0.005129,-0.572870,0.514088,-0.001818,6.05,gru,0.237333,0.064072,0.006946
2026-04-03T21:28:14.7854103Z,-0.298146,0.569982,-0.002689,-0.576230,0.445891,-0.043099,6.02,gru,0.278085,0.124091,0.040410
2026-04-03T21:28:14.8183449Z,-0.336587,0.577761,0.005320,-0.570199,0.499260,-0.025221,7.24,gru,0.233612,0.078501,0.030541
2026-04-03T21:28:14.8508277Z,-0.317479,0.573335,0.002175,-0.568101,0.473246,-0.039462,6.46,gru,0.250621,0.100089,0.041637
2026-04-03T21:28:14.8813286Z,-0.336833,0.578257,0.005118,-0.567464,0.483193,-0.033220,6.40,gru,0.230632,0.095064,0.038339
2026-04-03T21:28:14.9155066Z,-0.318650,0.576028,0.001923,-0.573087,0.481756,-0.040676,7.37,gru,0.254437,0.094272,0.042599
2026-04-03T21:28:14.9609547Z,-0.318475,0.575172,0.002360,-0.581132,0.459064,-0.048617,6.24,gru,0.262657,0.116108,0.050977
2026-04-03T21:28:14.9782943Z,-0.318639,0.575253,0.002649,-0.576823,0.473102,-0.036869,5.87,gru,0.258184,0.102151,0.039519
2026-04-03T21:28:15.0130052Z,-0.321524,0.577068,0.001556,-0.574807,0.462515,-0.045347,5.45,gru,0.253282,0.114553,0.046903
2026-04-03T21:28:15.0436228Z,-0.319439,0.574483,0.001849,-0.575732,0.458373,-0.045755,6.82,gru,0.256293,0.116110,0.047604
2026-04-03T21:28:15.0911028Z,-0.336212,0.576916,0.004867,-0.580372,0.475917,-0.033012,6.52,gru,0.244160,0.100999,0.037880
2026-04-03T21:28:15.1248792Z,-0.293182,0.570634,-0.004216,-0.571600,0.440049,-0.058560,7.18,gru,0.278418,0.130585,0.054344
2026-04-03T21:28:15.1586585Z,-0.333254,0.578058,0.003928,-0.570297,0.509936,-0.015685,6.53,gru,0.237044,0.068123,0.019613
2026-04-03T21:28:15.1878088Z,-0.336232,0.579220,0.004817,-0.582284,0.487583,-0.026166,6.63,gru,0.246052,0.091637,0.030983
2026-04-03T21:28:15.2295939Z,-0.298383,0.573031,-0.003308,-0.590273,0.441665,-0.048936,6.78,gru,0.291890,0.131366,0.045628
2026-04-03T21:28:15.2461121Z,-0.296102,0.571055,-0.002671,-0.569055,0.464414,-0.048377,6.58,gru,0.272953,0.106642,0.045706
2026-04-03T21:28:15.2956622Z,-0.306174,0.571366,-0.001216,-0.570445,0.483063,-0.029106,7.22,gru,0.264271,0.088303,0.027890
2026-04-03T21:28:15.3593271Z,-0.313288,0.576475,-0.000245,-0.567240,0.429413,-0.049957,5.16,gru,0.253952,0.147061,0.049712
2026-04-03T21:28:15.4065296Z,-0.318466,0.576614,0.001480,-0.566213,0.433807,-0.047684,5.64,gru,0.247747,0.142807,0.049164
2026-04-03T21:28:15.5047932Z,-0.315646,0.573489,0.001568,-0.570412,0.457692,-0.044046,5.48,gru,0.254766,0.115797,0.045614
2026-04-03T21:28:15.5233630Z,-0.337052,0.576930,0.006137,-0.570562,0.455353,-0.031489,6.78,gru,0.233510,0.121578,0.037627
2026-04-03T21:28:15.6305214Z,-0.315064,0.574497,0.000217,-0.571440,0.456730,-0.047916,7.80,gru,0.256376,0.117767,0.048133
2026-04-03T21:28:15.6614789Z,-0.318465,0.574727,0.002408,-0.568087,0.445708,-0.047020,6.09,gru,0.249622,0.129019,0.049427
2026-04-03T21:28:15.6936974Z,-0.319559,0.575286,0.002465,-0.573966,0.489955,-0.031922,5.60,gru,0.254407,0.085331,0.034387
2026-04-03T21:28:15.7279997Z,-0.337397,0.578331,0.005452,-0.573824,0.468866,-0.034795,8.35,gru,0.236426,0.109465,0.040247
2026-04-03T21:28:15.7580884Z,-0.336620,0.577647,0.005375,-0.577771,0.451381,-0.040232,6.68,gru,0.241151,0.126266,0.045607
2026-04-03T21:28:15.8055073Z,-0.336288,0.579688,0.004876,-0.582371,0.451722,-0.045999,8.04,gru,0.246083,0.127965,0.050876
2026-04-03T21:28:15.8263035Z,-0.320635,0.575720,0.002056,-0.575052,0.452016,-0.051203,9.23,gru,0.254416,0.123705,0.053260
2026-04-03T21:28:15.8615556Z,-0.319999,0.576280,0.001317,-0.567556,0.461899,-0.045179,8.34,gru,0.247557,0.114382,0.046496
2026-04-03T21:28:15.8986602Z,-0.318755,0.576147,0.001110,-0.577816,0.467080,-0.042540,7.11,gru,0.259062,0.109066,0.043650
2026-04-03T21:28:15.9158091Z,-0.317115,0.577692,0.000982,-0.570631,0.424692,-0.055290,7.12,gru,0.253517,0.153000,0.056272
2026-04-03T21:28:15.9509827Z,-0.336217,0.577345,0.005280,-0.572497,0.493787,-0.025042,6.81,gru,0.236281,0.083558,0.030322
2026-04-03T21:28:15.9941166Z,-0.321905,0.577444,0.001913,-0.569220,0.466836,-0.044293,7.01,gru,0.247314,0.110608,0.046206
2026-04-03T21:28:16.0175706Z,-0.295732,0.571376,-0.002900,-0.574504,0.404819,-0.068797,5.88,gru,0.278772,0.166557,0.065897
2026-04-03T21:28:16.0590194Z,-0.296518,0.568704,-0.001387,-0.561548,0.432513,-0.046239,8.49,gru,0.265030,0.136191,0.044853
2026-04-03T21:28:16.0874376Z,-0.294230,0.569725,-0.002964,-0.557805,0.441671,-0.051250,10.12,gru,0.263575,0.128054,0.048286
2026-04-03T21:28:16.1385959Z,-0.294802,0.572223,-0.003191,-0.559715,0.448736,-0.053841,8.96,gru,0.264913,0.123488,0.050650
2026-04-03T21:28:16.1595474Z,-0.293470,0.568523,-0.003237,-0.560759,0.443011,-0.052372,7.75,gru,0.267289,0.125512,0.049135
2026-04-03T21:28:16.1971286Z,-0.335335,0.579285,0.004077,-0.567303,0.497097,-0.017232,7.37,gru,0.231967,0.082188,0.021309
2026-04-03T21:28:16.2211627Z,-0.314910,0.572632,0.001571,-0.563558,0.453510,-0.039304,7.19,gru,0.248648,0.119123,0.040875
2026-04-03T21:28:16.2682575Z,-0.334530,0.577155,0.004589,-0.568013,0.452120,-0.041751,9.21,gru,0.233483,0.125035,0.046340
2026-04-03T21:28:16.2882880Z,-0.335186,0.579981,0.004349,-0.574141,0.480601,-0.034742,9.05,gru,0.238955,0.099380,0.039091
2026-04-03T21:28:16.3308280Z,-0.295996,0.574196,-0.004159,-0.581160,0.430158,-0.060060,6.55,gru,0.285164,0.144038,0.055901
2026-04-03T21:28:16.3539689Z,-0.309116,0.573032,-0.000443,-0.565109,0.488664,-0.031377,7.71,gru,0.255992,0.084368,0.030933
2026-04-03T21:28:16.3919283Z,-0.312754,0.575384,-0.000183,-0.566719,0.497934,-0.029522,7.34,gru,0.253964,0.077450,0.029338
2026-04-03T21:28:16.4310567Z,-0.336485,0.578945,0.005338,-0.574470,0.483993,-0.028179,6.37,gru,0.237985,0.094952,0.033516
2026-04-03T21:28:16.4537174Z,-0.317430,0.574917,0.001806,-0.572420,0.439235,-0.045818,7.84,gru,0.254990,0.135682,0.047623
2026-04-03T21:28:16.4886281Z,-0.316832,0.575604,0.001343,-0.569711,0.453387,-0.049343,5.96,gru,0.252879,0.122217,0.050686
2026-04-03T21:28:16.5282573Z,-0.317278,0.575006,0.001731,-0.569867,0.475899,-0.036292,5.63,gru,0.252589,0.099107,0.038022
2026-04-03T21:28:16.5621410Z,-0.295897,0.570129,-0.001994,-0.561743,0.445379,-0.054152,6.34,gru,0.265846,0.124749,0.052158
2026-04-03T21:28:16.6172525Z,-0.294942,0.569799,-0.002948,-0.549853,0.476779,-0.046070,8.11,gru,0.254911,0.093020,0.043122
2026-04-03T21:28:16.6734314Z,-0.317314,0.574281,0.001784,-0.573695,0.493130,-0.024603,6.33,gru,0.256382,0.081151,0.026387
2026-04-03T21:28:16.7089969Z,-0.334153,0.577738,0.004358,-0.570748,0.440243,-0.038802,6.60,gru,0.236596,0.137496,0.043159
2026-04-03T21:28:16.7422409Z,-0.317792,0.574895,0.002248,-0.568105,0.405290,-0.050992,6.56,gru,0.250314,0.169605,0.053240
2026-04-03T21:28:16.7985567Z,-0.319842,0.577279,0.001183,-0.570467,0.431050,-0.054034,6.20,gru,0.250624,0.146229,0.055217
2026-04-03T21:28:16.8621279Z,-0.321815,0.575927,0.002303,-0.565347,0.445126,-0.042511,6.50,gru,0.243532,0.130802,0.044814
2026-04-03T21:28:16.8812343Z,-0.320671,0.576122,0.001992,-0.564103,0.421818,-0.049178,5.00,gru,0.243432,0.154304,0.051170
2026-04-03T21:28:16.9402049Z,-0.319626,0.574886,0.001646,-0.575836,0.465755,-0.044800,6.33,gru,0.256210,0.109131,0.046446
2026-04-03T21:28:16.9575916Z,-0.337681,0.579772,0.005442,-0.581869,0.466476,-0.032380,6.03,gru,0.244188,0.113296,0.037822
2026-04-03T21:28:17.0563782Z,-0.321930,0.577436,0.002234,-0.569766,0.465308,-0.043604,6.31,gru,0.247836,0.112127,0.045839
2026-04-03T21:28:17.1435633Z,-0.324080,0.576344,0.003164,-0.570643,0.469670,-0.043079,7.13,gru,0.246563,0.106675,0.046243
2026-04-03T21:28:17.1618262Z,-0.322415,0.577111,0.002299,-0.573401,0.446232,-0.048140,7.25,gru,0.250986,0.130879,0.050439
2026-04-03T21:28:17.2243193Z,-0.335249,0.577030,0.005522,-0.575507,0.445737,-0.039521,5.80,gru,0.240258,0.131293,0.045043
2026-04-03T21:28:17.2549082Z,-0.324466,0.577295,0.003523,-0.572378,0.446780,-0.047154,4.86,gru,0.247912,0.130515,0.050677
2026-04-03T21:28:17.3245461Z,-0.320483,0.575200,0.002414,-0.569152,0.468891,-0.045600,5.17,gru,0.248670,0.106310,0.048014
2026-04-03T21:28:17.3435805Z,-0.322481,0.575493,0.002955,-0.576383,0.463720,-0.040558,6.14,gru,0.253901,0.111773,0.043513
2026-04-03T21:28:17.3962525Z,-0.335036,0.576965,0.005460,-0.573195,0.472667,-0.033547,6.79,gru,0.238159,0.104298,0.039007
2026-04-03T21:28:17.4357476Z,-0.322584,0.576932,0.002689,-0.575329,0.442313,-0.049269,6.17,gru,0.252745,0.134619,0.051958
2026-04-03T21:28:17.4728143Z,-0.320676,0.576482,0.002254,-0.571748,0.418991,-0.056011,8.17,gru,0.251072,0.157491,0.058264
2026-04-03T21:28:17.5066858Z,-0.334959,0.576257,0.005479,-0.573070,0.445804,-0.033115,5.26,gru,0.238111,0.130453,0.038594
2026-04-03T21:28:17.5380650Z,-0.320452,0.576721,0.001770,-0.575122,0.457634,-0.039902,5.78,gru,0.254670,0.119087,0.041673
2026-04-03T21:28:17.5858598Z,-0.321504,0.575239,0.002678,-0.574743,0.455344,-0.043672,7.83,gru,0.253239,0.119895,0.046350
2026-04-03T21:28:17.6303819Z,-0.321154,0.576641,0.002073,-0.573202,0.471431,-0.041644,6.68,gru,0.252047,0.105211,0.043717
2026-04-03T21:28:17.6525597Z,-0.323210,0.578045,0.002208,-0.573283,0.458317,-0.044804,6.87,gru,0.250073,0.119728,0.047012
2026-04-03T21:28:17.6998285Z,-0.336459,0.578820,0.005048,-0.580224,0.464368,-0.035600,9.63,gru,0.243765,0.114452,0.040648
2026-04-03T21:28:17.7223664Z,-0.336296,0.576423,0.005529,-0.576624,0.450494,-0.040602,6.86,gru,0.240328,0.125930,0.046131
2026-04-03T21:28:17.7680532Z,-0.321942,0.576275,0.002303,-0.569408,0.467527,-0.046115,9.04,gru,0.247466,0.108748,0.048418
2026-04-03T21:28:17.7878699Z,-0.321878,0.576912,0.001660,-0.571974,0.470234,-0.044865,8.77,gru,0.250096,0.106678,0.046525
2026-04-03T21:28:17.8275041Z,-0.321507,0.575725,0.002497,-0.574887,0.463391,-0.040469,8.17,gru,0.253380,0.112334,0.042966
2026-04-03T21:28:17.8637560Z,-0.321432,0.575915,0.002793,-0.571608,0.458903,-0.043568,6.73,gru,0.250176,0.117012,0.046362
2026-04-03T21:28:17.9001212Z,-0.334622,0.579035,0.004478,-0.570085,0.488653,-0.032146,7.20,gru,0.235463,0.090382,0.036624
2026-04-03T21:28:17.9333968Z,-0.337011,0.579020,0.005056,-0.577011,0.465227,-0.039134,6.98,gru,0.240000,0.113793,0.044189
2026-04-03T21:28:17.9507302Z,-0.320578,0.575265,0.002610,-0.579496,0.432949,-0.052370,5.58,gru,0.258918,0.142316,0.054980
2026-04-03T21:28:17.9813323Z,-0.321857,0.576642,0.001886,-0.568418,0.469091,-0.044025,5.99,gru,0.246561,0.107550,0.045911
2026-04-03T21:28:18.0161585Z,-0.321451,0.576896,0.002112,-0.566561,0.482194,-0.036707,6.53,gru,0.245110,0.094702,0.038819
2026-04-03T21:28:18.0589398Z,-0.321718,0.575536,0.002783,-0.574670,0.452356,-0.044710,8.23,gru,0.252952,0.123180,0.047493
2026-04-03T21:28:18.0963625Z,-0.321471,0.579349,0.001384,-0.572305,0.464036,-0.047637,6.71,gru,0.250833,0.115313,0.049021
2026-04-03T21:28:18.1280916Z,-0.322894,0.578631,0.002906,-0.566817,0.474594,-0.038235,7.00,gru,0.243923,0.104037,0.041140
2026-04-03T21:28:18.1463489Z,-0.321873,0.576958,0.002152,-0.566893,0.475176,-0.040499,5.01,gru,0.245020,0.101782,0.042650
2026-04-03T21:28:18.1814203Z,-0.323900,0.575313,0.003677,-0.568726,0.458300,-0.041818,5.43,gru,0.244826,0.117014,0.045495
2026-04-03T21:28:18.2131298Z,-0.323843,0.579272,0.002440,-0.568518,0.463348,-0.044241,5.92,gru,0.244676,0.115925,0.046681
2026-04-03T21:28:18.2447195Z,-0.322200,0.577676,0.002038,-0.570659,0.456020,-0.047721,6.65,gru,0.248460,0.121656,0.049759
2026-04-03T21:28:18.2766162Z,-0.336427,0.577151,0.005535,-0.573185,0.475697,-0.030175,5.57,gru,0.236758,0.101455,0.035710
2026-04-03T21:28:18.3112632Z,-0.321424,0.576848,0.002149,-0.568645,0.468083,-0.044560,6.15,gru,0.247221,0.108765,0.046709
2026-04-03T21:28:18.3521057Z,-0.336427,0.577801,0.005408,-0.574171,0.479972,-0.033286,7.11,gru,0.237745,0.097830,0.038694
2026-04-03T21:28:18.3859066Z,-0.320606,0.575846,0.001782,-0.572463,0.454517,-0.048626,6.11,gru,0.251857,0.121329,0.050408
2026-04-03T21:28:18.4217100Z,-0.335875,0.579363,0.004690,-0.576834,0.469778,-0.039603,7.35,gru,0.240959,0.109585,0.044292
2026-04-03T21:28:18.4574204Z,-0.322324,0.576275,0.002763,-0.577811,0.449449,-0.046565,6.87,gru,0.255487,0.126826,0.049328
2026-04-03T21:28:18.4947221Z,-0.322187,0.575448,0.003102,-0.573763,0.450443,-0.047432,8.57,gru,0.251576,0.125005,0.050534
2026-04-03T21:28:18.5370492Z,-0.322532,0.576891,0.002581,-0.568690,0.495282,-0.036045,6.50,gru,0.246158,0.081610,0.038625
2026-04-03T21:28:18.5666607Z,-0.321419,0.576198,0.002485,-0.568783,0.475880,-0.041374,9.34,gru,0.247364,0.100318,0.043859
2026-04-03T21:28:18.5959480Z,-0.320752,0.577022,0.001569,-0.571012,0.456827,-0.046516,8.06,gru,0.250260,0.120195,0.048085
2026-04-03T21:28:18.6247892Z,-0.320990,0.574571,0.003148,-0.572196,0.457494,-0.042876,8.76,gru,0.251205,0.117077,0.046024
2026-04-03T21:28:18.6521382Z,-0.320945,0.575686,0.002301,-0.571022,0.460380,-0.044813,8.21,gru,0.250077,0.115306,0.047113
2026-04-03T21:28:18.6821607Z,-0.320778,0.577604,0.001921,-0.567044,0.463344,-0.045711,6.52,gru,0.246266,0.114261,0.047632
2026-04-03T21:28:18.7274338Z,-0.320967,0.577401,0.001803,-0.570127,0.468394,-0.044801,7.57,gru,0.249160,0.109007,0.046604
2026-04-03T21:28:18.7523947Z,-0.321088,0.574970,0.003177,-0.567024,0.463626,-0.041364,8.11,gru,0.245936,0.111344,0.044541
2026-04-03T21:28:18.7981560Z,-0.321773,0.576290,0.002329,-0.570049,0.461992,-0.044910,7.78,gru,0.248276,0.114298,0.047239
2026-04-03T21:28:18.8205372Z,-0.321218,0.576814,0.002246,-0.565873,0.461089,-0.043950,6.59,gru,0.244655,0.115725,0.046196
2026-04-03T21:28:18.8590010Z,-0.320011,0.574940,0.002166,-0.569623,0.463499,-0.044780,8.90,gru,0.249613,0.111440,0.046947
2026-04-03T21:28:18.9111124Z,-0.322911,0.579277,0.002628,-0.567601,0.468989,-0.043458,7.04,gru,0.244690,0.110288,0.046086
2026-04-03T21:28:18.9594525Z,-0.320292,0.576173,0.002105,-0.567138,0.455363,-0.045824,6.58,gru,0.246846,0.120810,0.047929
2026-04-03T21:28:18.9922582Z,-0.320267,0.575633,0.002140,-0.566059,0.469050,-0.041657,6.66,gru,0.245792,0.106583,0.043797
2026-04-03T21:28:19.0420563Z,-0.319888,0.576047,0.001621,-0.566887,0.462601,-0.044674,8.56,gru,0.246999,0.113446,0.046295
2026-04-03T21:28:19.0737869Z,-0.322532,0.576079,0.003002,-0.565206,0.479599,-0.037516,7.18,gru,0.242674,0.096480,0.040517
2026-04-03T21:28:19.0942693Z,-0.334826,0.577500,0.004699,-0.571901,0.470584,-0.035274,7.29,gru,0.237075,0.106916,0.039973
2026-04-03T21:28:19.1129375Z,-0.336567,0.578464,0.005165,-0.573745,0.459468,-0.040367,7.47,gru,0.237177,0.118995,0.045532
2026-04-03T21:28:19.1517479Z,-0.321422,0.577022,0.001526,-0.573699,0.447167,-0.052039,6.10,gru,0.252277,0.129855,0.053565
2026-04-03T21:28:19.1849393Z,-0.334560,0.576439,0.005140,-0.576183,0.474093,-0.032129,7.36,gru,0.241623,0.102347,0.037269
2026-04-03T21:28:19.2202796Z,-0.337211,0.578395,0.005762,-0.579689,0.471175,-0.035579,7.78,gru,0.242478,0.107219,0.041341
2026-04-03T21:28:19.2566752Z,-0.323182,0.578440,0.002278,-0.578602,0.440860,-0.050948,4.95,gru,0.255420,0.137580,0.053226
2026-04-03T21:28:19.2856028Z,-0.321985,0.575018,0.003095,-0.576079,0.452695,-0.045107,8.37,gru,0.254094,0.122322,0.048202
2026-04-03T21:28:19.3253043Z,-0.320611,0.573742,0.003105,-0.574864,0.464950,-0.041035,7.88,gru,0.254253,0.108792,0.044140
2026-04-03T21:28:19.3668973Z,-0.323697,0.577181,0.002913,-0.573990,0.467871,-0.044361,7.28,gru,0.250293,0.109310,0.047274
2026-04-03T21:28:19.3905395Z,-0.321525,0.576696,0.002257,-0.570098,0.455413,-0.045717,6.39,gru,0.248573,0.121284,0.047975
2026-04-03T21:28:19.4314727Z,-0.322121,0.574524,0.003152,-0.571153,0.454228,-0.044013,8.09,gru,0.249032,0.120295,0.047166
2026-04-03T21:28:19.4539209Z,-0.320177,0.575977,0.001800,-0.570676,0.461894,-0.046444,6.80,gru,0.250499,0.114083,0.048244
2026-04-03T21:28:19.4886039Z,-0.321858,0.574786,0.003002,-0.569456,0.454277,-0.043095,6.76,gru,0.247599,0.120510,0.046098
2026-04-03T21:28:19.5294137Z,-0.323067,0.578289,0.002085,-0.569567,0.470167,-0.043925,7.83,gru,0.246501,0.108123,0.046009
2026-04-03T21:28:19.5485331Z,-0.336737,0.578212,0.005037,-0.574372,0.480876,-0.034534,5.91,gru,0.237635,0.097336,0.039571
2026-04-03T21:28:19.5945674Z,-0.334883,0.577374,0.004491,-0.574791,0.453535,-0.041925,6.47,gru,0.239908,0.123839,0.046416
2026-04-03T21:28:19.6179779Z,-0.336489,0.576273,0.006052,-0.578470,0.449814,-0.042122,7.27,gru,0.241981,0.126459,0.048173
2026-04-03T21:28:19.6547727Z,-0.338182,0.578316,0.005482,-0.583195,0.462978,-0.041490,7.16,gru,0.245014,0.115338,0.046973
2026-04-03T21:28:19.7011181Z,-0.324791,0.577444,0.002817,-0.575858,0.451746,-0.050272,7.71,gru,0.251067,0.125698,0.053089
2026-04-03T21:28:19.7194990Z,-0.325995,0.576669,0.003511,-0.571425,0.473581,-0.039031,5.83,gru,0.245430,0.103088,0.042542
2026-04-03T21:28:19.7554388Z,-0.336580,0.578710,0.004626,-0.578173,0.491048,-0.031110,7.31,gru,0.241593,0.087662,0.035737
2026-04-03T21:28:19.7963756Z,-0.321730,0.578247,0.001453,-0.580763,0.446685,-0.052244,6.81,gru,0.259033,0.131561,0.053698
2026-04-03T21:28:19.8281635Z,-0.323195,0.576633,0.003132,-0.569550,0.466426,-0.040428,6.31,gru,0.246355,0.110207,0.043560
2026-04-03T21:28:19.8624700Z,-0.334876,0.576822,0.005355,-0.571698,0.497320,-0.024591,7.69,gru,0.236822,0.079502,0.029946
2026-04-03T21:28:19.8820803Z,-0.321532,0.576482,0.002751,-0.574105,0.455118,-0.047627,6.55,gru,0.252573,0.121365,0.050377
2026-04-03T21:28:19.9247838Z,-0.322962,0.577654,0.002560,-0.571643,0.455665,-0.046880,6.82,gru,0.248681,0.121989,0.049440
2026-04-03T21:28:19.9646431Z,-0.335054,0.578007,0.004979,-0.573705,0.473128,-0.029770,6.65,gru,0.238652,0.104880,0.034749
2026-04-03T21:28:20.0182322Z,-0.322663,0.577859,0.002128,-0.575459,0.452986,-0.048350,6.99,gru,0.252796,0.124873,0.050479
2026-04-03T21:28:20.0543079Z,-0.322713,0.576731,0.002749,-0.573666,0.455156,-0.046817,7.84,gru,0.250953,0.121575,0.049566
2026-04-03T21:28:20.0934089Z,-0.324237,0.575825,0.002736,-0.572647,0.463269,-0.039641,6.10,gru,0.248409,0.112556,0.042377
2026-04-03T21:28:20.1254055Z,-0.322993,0.575778,0.003099,-0.574722,0.451167,-0.045565,6.06,gru,0.251729,0.124611,0.048663
2026-04-03T21:28:20.1596402Z,-0.323914,0.577126,0.001812,-0.571695,0.456112,-0.046225,6.50,gru,0.247781,0.121014,0.048037
2026-04-03T21:28:20.1958320Z,-0.319534,0.575200,0.001863,-0.569418,0.460254,-0.046204,7.46,gru,0.249884,0.114946,0.048067
2026-04-03T21:28:20.2322335Z,-0.321876,0.576965,0.002657,-0.569701,0.476528,-0.038742,6.95,gru,0.247824,0.100437,0.041399
2026-04-03T21:28:20.2500980Z,-0.325001,0.575871,0.003058,-0.568397,0.474592,-0.038439,6.58,gru,0.243396,0.101280,0.041497
2026-04-03T21:28:20.2813420Z,-0.335127,0.577693,0.005076,-0.566268,0.480427,-0.031470,6.65,gru,0.231141,0.097266,0.036545
2026-04-03T21:28:20.3149834Z,-0.326217,0.578222,0.002670,-0.571688,0.470003,-0.043866,6.89,gru,0.245471,0.108220,0.046536
2026-04-03T21:28:20.3471322Z,-0.324706,0.576186,0.003142,-0.573841,0.457357,-0.045914,6.51,gru,0.249135,0.118829,0.049056
2026-04-03T21:28:20.3968339Z,-0.325057,0.576002,0.002587,-0.568445,0.473111,-0.039102,7.16,gru,0.243388,0.102892,0.041688
2026-04-03T21:28:20.4300372Z,-0.324670,0.578028,0.002058,-0.572108,0.477789,-0.042607,8.00,gru,0.247438,0.100238,0.044665
2026-04-03T21:28:20.4606382Z,-0.324590,0.577261,0.002247,-0.576042,0.461143,-0.045679,5.60,gru,0.251452,0.116118,0.047927
2026-04-03T21:28:20.4810969Z,-0.325818,0.576503,0.003470,-0.570582,0.462564,-0.040672,7.18,gru,0.244764,0.113938,0.044142
2026-04-03T21:28:20.5125577Z,-0.334644,0.578234,0.004599,-0.573050,0.478627,-0.034569,7.80,gru,0.238406,0.099607,0.039168
2026-04-03T21:28:20.5503113Z,-0.324998,0.577542,0.003139,-0.574415,0.451670,-0.047682,7.06,gru,0.249417,0.125872,0.050821
2026-04-03T21:28:20.5788705Z,-0.324425,0.579883,0.001740,-0.569967,0.468864,-0.047237,6.66,gru,0.245541,0.111018,0.048977
2026-04-03T21:28:20.6155066Z,-0.322149,0.579210,0.001667,-0.567109,0.480858,-0.040064,6.15,gru,0.244960,0.098351,0.041731
2026-04-03T21:28:20.6525616Z,-0.332898,0.579476,0.004405,-0.574100,0.471610,-0.035128,7.81,gru,0.241202,0.107866,0.039533
2026-04-03T21:28:20.6861426Z,-0.329796,0.578030,0.004309,-0.574862,0.457567,-0.042101,6.00,gru,0.245065,0.120463,0.046410
2026-04-03T21:28:20.7193047Z,-0.329679,0.581217,0.003216,-0.576106,0.461398,-0.046579,7.68,gru,0.246427,0.119819,0.049795
2026-04-03T21:28:20.7542888Z,-0.330607,0.581564,0.004282,-0.573541,0.470280,-0.039173,6.65,gru,0.242934,0.111283,0.043455
2026-04-03T21:28:20.7874669Z,-0.331012,0.581116,0.005154,-0.574371,0.462479,-0.040193,7.20,gru,0.243359,0.118638,0.045346
2026-04-03T21:28:20.8199087Z,-0.330170,0.580787,0.005183,-0.574468,0.454773,-0.043366,6.87,gru,0.244298,0.126014,0.048550
2026-04-03T21:28:20.8583692Z,-0.329874,0.581519,0.005162,-0.574473,0.464767,-0.042515,7.74,gru,0.244599,0.116752,0.047676
2026-04-03T21:28:20.8899857Z,-0.331814,0.581408,0.005718,-0.572627,0.467694,-0.038618,6.18,gru,0.240812,0.113714,0.044335
2026-04-03T21:28:20.9253783Z,-0.331397,0.581327,0.005239,-0.569660,0.476690,-0.038072,8.50,gru,0.238263,0.104637,0.043311
2026-04-03T21:28:20.9603183Z,-0.333142,0.580107,0.005521,-0.575407,0.469364,-0.040368,7.55,gru,0.242265,0.110743,0.045889
2026-04-03T21:28:20.9961354Z,-0.332657,0.578759,0.005589,-0.574124,0.461716,-0.040228,8.09,gru,0.241467,0.117043,0.045817
2026-04-03T21:28:21.0254783Z,-0.335538,0.578863,0.005251,-0.575463,0.465514,-0.040793,13.26,gru,0.239925,0.113349,0.046043
2026-04-03T21:28:21.0627082Z,-0.334538,0.579237,0.005042,-0.577340,0.467962,-0.041994,7.72,gru,0.242802,0.111275,0.047036
2026-04-03T21:28:21.0812348Z,-0.334510,0.579752,0.004199,-0.579770,0.464336,-0.044470,6.10,gru,0.245260,0.115416,0.048669
2026-04-03T21:28:21.1243977Z,-0.323664,0.578181,0.002578,-0.574605,0.458234,-0.048051,8.66,gru,0.250941,0.119947,0.050630
2026-04-03T21:28:21.1675847Z,-0.323070,0.579859,0.001309,-0.570515,0.479974,-0.043888,7.62,gru,0.247445,0.099885,0.045198
2026-04-03T21:28:21.1906508Z,-0.324866,0.577630,0.003292,-0.572133,0.471431,-0.037675,6.49,gru,0.247267,0.106199,0.040967
2026-04-03T21:28:21.2312460Z,-0.335581,0.579068,0.004859,-0.576562,0.477204,-0.036014,8.02,gru,0.240981,0.101865,0.040874
2026-04-03T21:28:21.2476289Z,-0.323960,0.577780,0.003280,-0.574339,0.459731,-0.047008,6.18,gru,0.250380,0.118049,0.050288
2026-04-03T21:28:21.2900191Z,-0.320169,0.577728,0.001551,-0.567574,0.472704,-0.046061,6.74,gru,0.247405,0.105024,0.047613
2026-04-03T21:28:21.3334878Z,-0.326157,0.578567,0.002654,-0.568701,0.488440,-0.033940,10.90,gru,0.242544,0.090128,0.036594
2026-04-03T21:28:21.3741955Z,-0.334752,0.576428,0.005406,-0.571378,0.482510,-0.030848,7.58,gru,0.236626,0.093917,0.036254
2026-04-03T21:28:21.4269045Z,-0.326198,0.578443,0.002550,-0.569602,0.475992,-0.043505,8.12,gru,0.243405,0.102451,0.046055
2026-04-03T21:28:21.4522129Z,-0.325218,0.576590,0.002697,-0.567666,0.480695,-0.041903,6.61,gru,0.242448,0.095895,0.044600
2026-04-03T21:28:21.4879813Z,-0.334197,0.577434,0.004228,-0.571613,0.495434,-0.028853,6.86,gru,0.237416,0.082000,0.033080
2026-04-03T21:28:21.5171483Z,-0.323460,0.577299,0.002041,-0.568306,0.475779,-0.043714,7.88,gru,0.244847,0.101520,0.045754
2026-04-03T21:28:21.5569777Z,-0.325426,0.576514,0.003026,-0.567220,0.482060,-0.039662,8.02,gru,0.241794,0.094454,0.042687
2026-04-03T21:28:21.5985591Z,-0.323415,0.577208,0.001867,-0.566413,0.490351,-0.039466,7.09,gru,0.242998,0.086857,0.041332
2026-04-03T21:28:21.6202269Z,-0.324521,0.576912,0.002795,-0.567907,0.478443,-0.039692,6.76,gru,0.243386,0.098469,0.042488
2026-04-03T21:28:21.6587320Z,-0.322990,0.575335,0.002385,-0.568028,0.472226,-0.040294,7.47,gru,0.245038,0.103109,0.042679
2026-04-03T21:28:21.7004254Z,-0.323179,0.576672,0.002149,-0.569235,0.478596,-0.041864,8.07,gru,0.246056,0.098075,0.044013
2026-04-03T21:28:21.7222191Z,-0.325788,0.578148,0.002274,-0.566672,0.487535,-0.038268,8.48,gru,0.240884,0.090612,0.040541
2026-04-03T21:28:21.7572239Z,-0.326644,0.578698,0.002912,-0.567804,0.479811,-0.039028,7.54,gru,0.241160,0.098887,0.041940
2026-04-03T21:28:21.7924215Z,-0.324248,0.577212,0.002670,-0.571718,0.460745,-0.045018,6.44,gru,0.247470,0.116467,0.047688
2026-04-03T21:28:21.8280008Z,-0.324554,0.577831,0.001949,-0.575134,0.469910,-0.046655,7.63,gru,0.250580,0.107921,0.048603
2026-04-03T21:28:21.8535816Z,-0.332959,0.576794,0.004063,-0.571954,0.476437,-0.034807,6.62,gru,0.238995,0.100357,0.038870
2026-04-03T21:28:21.8940385Z,-0.336342,0.578975,0.004739,-0.571944,0.481816,-0.035059,6.03,gru,0.235602,0.097158,0.039798
2026-04-03T21:28:21.9305932Z,-0.323126,0.577366,0.001667,-0.576408,0.451382,-0.051075,6.58,gru,0.253282,0.125984,0.052741
2026-04-03T21:28:21.9660900Z,-0.324943,0.576174,0.002913,-0.576298,0.462262,-0.044055,7.45,gru,0.251356,0.113912,0.046968
2026-04-03T21:28:21.9863047Z,-0.323805,0.577079,0.002701,-0.571781,0.477350,-0.039551,7.15,gru,0.247976,0.099728,0.042251
2026-04-03T21:28:22.0212914Z,-0.325795,0.577041,0.003053,-0.570507,0.468245,-0.040700,7.51,gru,0.244713,0.108797,0.043753
2026-04-03T21:28:22.0601877Z,-0.324353,0.576495,0.002189,-0.574916,0.464701,-0.045551,8.90,gru,0.250563,0.111794,0.047739
2026-04-03T21:28:22.0971581Z,-0.334963,0.578084,0.005042,-0.575588,0.473430,-0.034861,7.34,gru,0.240625,0.104654,0.039903
2026-04-03T21:28:22.1187790Z,-0.334676,0.577377,0.004867,-0.575527,0.470703,-0.037922,6.03,gru,0.240851,0.106674,0.042789
2026-04-03T21:28:22.1597900Z,-0.325224,0.576467,0.002542,-0.576353,0.451715,-0.050074,7.33,gru,0.251130,0.124752,0.052617
2026-04-03T21:28:22.2036743Z,-0.322789,0.575909,0.002536,-0.574374,0.463680,-0.044429,8.44,gru,0.251585,0.112228,0.046965
2026-04-03T21:28:22.2232624Z,-0.334668,0.577220,0.004915,-0.578310,0.479574,-0.032291,7.76,gru,0.243642,0.097646,0.037206
2026-04-03T21:28:22.2566200Z,-0.333800,0.576073,0.004832,-0.579387,0.457803,-0.041290,7.19,gru,0.245587,0.118271,0.046122
2026-04-03T21:28:22.3095085Z,-0.323405,0.577313,0.002242,-0.580719,0.444226,-0.051855,7.20,gru,0.257314,0.133087,0.054096
2026-04-03T21:28:22.3283054Z,-0.326764,0.576916,0.003572,-0.579477,0.467801,-0.040925,7.40,gru,0.252713,0.109115,0.044497
2026-04-03T21:28:22.3598279Z,-0.324151,0.578134,0.001672,-0.573098,0.472934,-0.044351,6.43,gru,0.248947,0.105200,0.046023
2026-04-03T21:28:22.3797071Z,-0.326343,0.578589,0.002542,-0.572494,0.469309,-0.043069,5.95,gru,0.246151,0.109280,0.045611
2026-04-03T21:28:22.4153660Z,-0.325415,0.576505,0.003274,-0.575836,0.458053,-0.042240,6.10,gru,0.250421,0.118453,0.045514
2026-04-03T21:28:22.4606960Z,-0.325848,0.578644,0.002307,-0.575386,0.466421,-0.046370,5.59,gru,0.249538,0.112223,0.048677
2026-04-03T21:28:22.4803329Z,-0.326573,0.577386,0.003478,-0.570071,0.471826,-0.038447,6.71,gru,0.243498,0.105560,0.041925
2026-04-03T21:28:22.5148978Z,-0.326687,0.576869,0.003446,-0.570636,0.474813,-0.039116,5.99,gru,0.243949,0.102055,0.042562
2026-04-03T21:28:22.5449854Z,-0.323847,0.576505,0.002694,-0.574735,0.459530,-0.046990,6.04,gru,0.250888,0.116975,0.049683
2026-04-03T21:28:22.5805272Z,-0.335287,0.578709,0.004585,-0.574404,0.475093,-0.035093,5.81,gru,0.239118,0.103616,0.039678
2026-04-03T21:28:22.6140802Z,-0.333784,0.578158,0.003760,-0.574963,0.462892,-0.042340,5.56,gru,0.241180,0.115266,0.046100
2026-04-03T21:28:22.6498991Z,-0.337068,0.577899,0.005340,-0.580490,0.457623,-0.041534,5.93,gru,0.243422,0.120277,0.046875
2026-04-03T21:28:22.6832159Z,-0.325671,0.576443,0.002645,-0.579517,0.453685,-0.049250,7.20,gru,0.253846,0.122758,0.051895
2026-04-03T21:28:22.7201488Z,-0.325549,0.577820,0.002580,-0.569989,0.480156,-0.041980,6.45,gru,0.244440,0.097664,0.044561
2026-04-03T21:28:22.7504160Z,-0.324764,0.578637,0.003541,-0.572711,0.478859,-0.036336,5.88,gru,0.247947,0.099778,0.039877
2026-04-03T21:28:22.7836525Z,-0.335369,0.580775,0.006552,-0.578763,0.467721,-0.035106,5.84,gru,0.243394,0.113053,0.041658
2026-04-03T21:28:22.8202349Z,-0.335575,0.583939,0.006106,-0.576850,0.467163,-0.040774,7.14,gru,0.241275,0.116776,0.046880
2026-04-03T21:28:22.8628078Z,-0.335317,0.585128,0.005770,-0.572021,0.475712,-0.039693,7.28,gru,0.236704,0.109415,0.045464
2026-04-03T21:28:22.8843088Z,-0.334465,0.582156,0.006281,-0.573053,0.469597,-0.036376,8.25,gru,0.238588,0.112559,0.042657
2026-04-03T21:28:22.9176147Z,-0.335282,0.583077,0.005684,-0.574496,0.470597,-0.040283,6.02,gru,0.239214,0.112479,0.045967
2026-04-03T21:28:22.9643161Z,-0.334570,0.581076,0.005544,-0.574975,0.467192,-0.040160,7.29,gru,0.240405,0.113884,0.045704
2026-04-03T21:28:23.0037306Z,-0.336388,0.580303,0.005895,-0.578127,0.467438,-0.039848,7.09,gru,0.241739,0.112865,0.045743
2026-04-03T21:28:23.0233615Z,-0.336031,0.580801,0.004770,-0.579373,0.471597,-0.042473,5.47,gru,0.243341,0.109204,0.047243
2026-04-03T21:28:23.0655445Z,-0.332824,0.577295,0.004772,-0.577961,0.456996,-0.043049,6.25,gru,0.245137,0.120300,0.047821
2026-04-03T21:28:23.0983614Z,-0.322373,0.575825,0.003584,-0.575905,0.459347,-0.046705,6.62,gru,0.253532,0.116478,0.050289
2026-04-03T21:28:23.1159771Z,-0.322032,0.575983,0.003101,-0.570336,0.471855,-0.043063,6.08,gru,0.248304,0.104128,0.046164
2026-04-03T21:28:23.1489728Z,-0.320689,0.577626,0.002296,-0.570353,0.470066,-0.043591,5.87,gru,0.249664,0.107560,0.045887
2026-04-03T21:28:23.1819741Z,-0.322426,0.577313,0.002864,-0.569886,0.461980,-0.043148,6.52,gru,0.247460,0.115333,0.046011
2026-04-03T21:28:23.2251861Z,-0.322676,0.576115,0.003044,-0.568204,0.474278,-0.039792,6.86,gru,0.245528,0.101837,0.042836
2026-04-03T21:28:23.2560482Z,-0.321258,0.577315,0.001959,-0.566732,0.476240,-0.043116,7.27,gru,0.245474,0.101075,0.045076
2026-04-03T21:28:23.2881870Z,-0.326305,0.577657,0.003348,-0.566008,0.482774,-0.035438,6.74,gru,0.239703,0.094883,0.038786
2026-04-03T21:28:23.3189235Z,-0.325993,0.576762,0.002845,-0.570680,0.460459,-0.042643,7.01,gru,0.244686,0.116303,0.045489
2026-04-03T21:28:23.3498096Z,-0.325934,0.577323,0.002838,-0.573127,0.461851,-0.044782,4.90,gru,0.247193,0.115471,0.047620
2026-04-03T21:28:23.3792657Z,-0.324817,0.576078,0.002971,-0.569917,0.467648,-0.041567,4.88,gru,0.245099,0.108430,0.044538
2026-04-03T21:28:23.4140401Z,-0.322998,0.575812,0.003069,-0.562640,0.483013,-0.038001,6.52,gru,0.239642,0.092799,0.041070
2026-04-03T21:28:23.4450732Z,-0.323470,0.575743,0.003035,-0.560479,0.497246,-0.036599,6.67,gru,0.237009,0.078497,0.039634
2026-04-03T21:28:23.4914831Z,-0.321670,0.575577,0.002231,-0.559713,0.496752,-0.039047,6.55,gru,0.238043,0.078824,0.041279
2026-04-03T21:28:23.5258323Z,-0.322367,0.574652,0.002576,-0.559845,0.487938,-0.037564,6.04,gru,0.237477,0.086714,0.040140
2026-04-03T21:28:23.5755762Z,-0.322935,0.572893,0.002425,-0.561798,0.488208,-0.037735,7.02,gru,0.238863,0.084685,0.040160
2026-04-03T21:28:23.5951238Z,-0.326024,0.574579,0.003107,-0.564590,0.486827,-0.036997,6.44,gru,0.238567,0.087752,0.040104
2026-04-03T21:28:23.6198907Z,-0.339953,0.576673,0.005456,-0.569451,0.499290,-0.028154,8.06,gru,0.229498,0.077383,0.033610
2026-04-03T21:28:23.6622210Z,-0.326465,0.573938,0.002891,-0.571046,0.469402,-0.043746,8.28,gru,0.244581,0.104536,0.046636
2026-04-03T21:28:23.6824895Z,-0.325515,0.572846,0.002851,-0.573053,0.462341,-0.044626,7.41,gru,0.247538,0.110505,0.047478
2026-04-03T21:28:23.7242255Z,-0.328216,0.572591,0.003636,-0.576066,0.470184,-0.036510,6.97,gru,0.247850,0.102407,0.040145
2026-04-03T21:28:23.7603949Z,-0.325333,0.572572,0.002193,-0.576990,0.453519,-0.047098,9.06,gru,0.251657,0.119053,0.049291
2026-04-03T21:28:23.7832215Z,-0.340718,0.575363,0.006260,-0.581781,0.475306,-0.032473,7.10,gru,0.241063,0.100056,0.038733
2026-04-03T21:28:23.8247063Z,-0.324777,0.572550,0.002732,-0.580461,0.446665,-0.049454,9.15,gru,0.255684,0.125885,0.052186
2026-04-03T21:28:23.8632615Z,-0.325038,0.572959,0.001896,-0.577808,0.452233,-0.050531,8.18,gru,0.252770,0.120726,0.052427
2026-04-03T21:28:23.8836550Z,-0.340800,0.574130,0.006645,-0.582799,0.486219,-0.021101,7.24,gru,0.242000,0.087912,0.027746
2026-04-03T21:28:23.9258359Z,-0.339929,0.574751,0.005620,-0.582365,0.460882,-0.039401,6.05,gru,0.242436,0.113869,0.045021
2026-04-03T21:28:23.9494595Z,-0.325511,0.571733,0.003128,-0.583677,0.442289,-0.050585,7.83,gru,0.258166,0.129444,0.053713
2026-04-03T21:28:23.9891759Z,-0.326540,0.571507,0.003134,-0.582492,0.467484,-0.041664,7.98,gru,0.255952,0.104022,0.044798
2026-04-03T21:28:24.0203517Z,-0.327476,0.572710,0.003411,-0.580763,0.468699,-0.039731,6.01,gru,0.253287,0.104012,0.043142
2026-04-03T21:28:24.0633356Z,-0.325974,0.572789,0.002613,-0.581381,0.452359,-0.046423,7.75,gru,0.255407,0.120429,0.049036
2026-04-03T21:28:24.0878423Z,-0.326189,0.572549,0.003266,-0.579679,0.454133,-0.044402,8.03,gru,0.253490,0.118416,0.047668
2026-04-03T21:28:24.1244358Z,-0.325969,0.572336,0.002477,-0.578672,0.454576,-0.046032,7.45,gru,0.252702,0.117760,0.048509
2026-04-03T21:28:24.1621026Z,-0.327779,0.573865,0.003218,-0.580457,0.452355,-0.044134,7.48,gru,0.252678,0.121510,0.047353
2026-04-03T21:28:24.1960193Z,-0.340865,0.575226,0.006322,-0.582412,0.456501,-0.033464,7.75,gru,0.241546,0.118726,0.039786
2026-04-03T21:28:24.2342676Z,-0.341000,0.574518,0.006494,-0.582640,0.453449,-0.039627,7.44,gru,0.241640,0.121069,0.046122
2026-04-03T21:28:24.2807560Z,-0.327759,0.572703,0.003050,-0.579266,0.454162,-0.047319,6.63,gru,0.251507,0.118541,0.050370
2026-04-03T21:28:24.3020931Z,-0.327325,0.573952,0.002722,-0.580611,0.458402,-0.044475,5.69,gru,0.253286,0.115550,0.047198
2026-04-03T21:28:24.3379215Z,-0.328483,0.572299,0.002293,-0.583597,0.451398,-0.042614,6.66,gru,0.255115,0.120901,0.044908
2026-04-03T21:28:24.3762819Z,-0.326358,0.574527,0.002190,-0.585770,0.441501,-0.047685,7.18,gru,0.259411,0.133026,0.049875
2026-04-03T21:28:24.3963294Z,-0.328705,0.574591,0.003434,-0.579830,0.450453,-0.042557,7.25,gru,0.251125,0.124138,0.045991
2026-04-03T21:28:24.4306087Z,-0.326036,0.570678,0.003012,-0.575531,0.456548,-0.041370,6.71,gru,0.249495,0.114130,0.044383
2026-04-03T21:28:24.4631147Z,-0.342064,0.573704,0.005984,-0.584864,0.457367,-0.034620,7.40,gru,0.242801,0.116336,0.040604
2026-04-03T21:28:24.5097366Z,-0.330434,0.573002,0.003251,-0.583081,0.440229,-0.048210,6.74,gru,0.252648,0.132773,0.051462
2026-04-03T21:28:24.5479872Z,-0.326577,0.573075,0.002995,-0.573691,0.457833,-0.044287,7.41,gru,0.247114,0.115242,0.047283
2026-04-03T21:28:24.5860344Z,-0.343104,0.576124,0.005692,-0.583743,0.491478,-0.023721,8.53,gru,0.240639,0.084646,0.029413
2026-04-03T21:28:24.6306557Z,-0.344845,0.576913,0.005939,-0.587473,0.445750,-0.040156,6.95,gru,0.242628,0.131163,0.046096
2026-04-03T21:28:24.6488104Z,-0.342216,0.576680,0.004985,-0.591065,0.435138,-0.046539,7.84,gru,0.248849,0.141543,0.051525
2026-04-03T21:28:24.6880534Z,-0.330215,0.572695,0.003277,-0.590012,0.436039,-0.050108,7.73,gru,0.259797,0.136656,0.053385
2026-04-03T21:28:24.7282429Z,-0.331000,0.575558,0.003029,-0.586562,0.456260,-0.044323,8.08,gru,0.255562,0.119298,0.047353
2026-04-03T21:28:24.7533157Z,-0.331414,0.573730,0.003532,-0.585100,0.450139,-0.041786,9.41,gru,0.253686,0.123590,0.045318
2026-04-03T21:28:24.8045851Z,-0.330750,0.574361,0.003266,-0.588514,0.436660,-0.047524,8.19,gru,0.257764,0.137701,0.050790
2026-04-03T21:28:24.8491032Z,-0.327105,0.574318,0.002470,-0.583615,0.449917,-0.047864,6.26,gru,0.256510,0.124400,0.050334
2026-04-03T21:28:24.9094931Z,-0.343925,0.577079,0.005510,-0.581461,0.488646,-0.026916,8.79,gru,0.237536,0.088433,0.032426
2026-04-03T21:28:24.9617433Z,-0.342627,0.576293,0.005632,-0.581793,0.464180,-0.035694,9.30,gru,0.239166,0.112113,0.041326
2026-04-03T21:28:25.0014619Z,-0.327629,0.574251,0.002900,-0.588317,0.430408,-0.052038,8.42,gru,0.260688,0.143842,0.054938
2026-04-03T21:28:25.0623968Z,-0.330663,0.573974,0.003638,-0.586119,0.460039,-0.041641,7.33,gru,0.255457,0.113935,0.045279
2026-04-03T21:28:25.0858455Z,-0.326622,0.574616,0.001966,-0.582362,0.452825,-0.045844,7.94,gru,0.255740,0.121791,0.047810
2026-04-03T21:28:25.1232780Z,-0.328204,0.574677,0.003371,-0.585415,0.449049,-0.045016,7.85,gru,0.257211,0.125627,0.048387
2026-04-03T21:28:25.1694950Z,-0.329892,0.573023,0.002499,-0.586475,0.450614,-0.045258,8.15,gru,0.256583,0.122409,0.047757
2026-04-03T21:28:25.1884498Z,-0.328285,0.573928,0.003421,-0.582004,0.441019,-0.045419,6.31,gru,0.253719,0.132909,0.048841
2026-04-03T21:28:25.2257084Z,-0.331370,0.574788,0.003450,-0.577652,0.466003,-0.038193,7.56,gru,0.246282,0.108785,0.041643
2026-04-03T21:28:25.2644033Z,-0.332143,0.574767,0.003998,-0.582094,0.448484,-0.043322,7.81,gru,0.249952,0.126283,0.047319
2026-04-03T21:28:25.2837423Z,-0.344456,0.575089,0.006322,-0.584715,0.456482,-0.035295,6.22,gru,0.240259,0.118607,0.041617
2026-04-03T21:28:25.3169029Z,-0.344416,0.574977,0.005953,-0.583376,0.469760,-0.036820,7.21,gru,0.238960,0.105217,0.042773
2026-04-03T21:28:25.3625114Z,-0.330654,0.574813,0.002943,-0.581089,0.462995,-0.046133,7.24,gru,0.250435,0.111818,0.049076
2026-04-03T21:28:25.3867626Z,-0.330265,0.572244,0.003833,-0.585624,0.467592,-0.039777,5.95,gru,0.255359,0.104652,0.043610
2026-04-03T21:28:25.4206240Z,-0.330477,0.574210,0.003028,-0.587696,0.457237,-0.042851,5.09,gru,0.257220,0.116972,0.045879
2026-04-03T21:28:25.4476539Z,-0.331646,0.574882,0.003250,-0.584446,0.458876,-0.044329,7.79,gru,0.252800,0.116007,0.047579
2026-04-03T21:28:25.4849855Z,-0.343758,0.574104,0.006291,-0.588083,0.458550,-0.033204,7.61,gru,0.244325,0.115554,0.039495
2026-04-03T21:28:25.5158549Z,-0.330622,0.574634,0.003032,-0.589324,0.440318,-0.050082,7.90,gru,0.258702,0.134315,0.053113
2026-04-03T21:28:25.5478727Z,-0.330836,0.572463,0.003826,-0.583964,0.448329,-0.046467,6.47,gru,0.253128,0.124134,0.050294
2026-04-03T21:28:25.5834736Z,-0.330968,0.575862,0.002963,-0.577720,0.489503,-0.035580,6.86,gru,0.246752,0.086360,0.038543
2026-04-03T21:28:25.6135743Z,-0.331482,0.574739,0.003571,-0.579712,0.468082,-0.040527,6.60,gru,0.248230,0.106657,0.044098
2026-04-03T21:28:25.6452168Z,-0.330802,0.574328,0.002884,-0.583908,0.449837,-0.045394,5.61,gru,0.253106,0.124490,0.048278
2026-04-03T21:28:25.6811822Z,-0.332958,0.576116,0.003484,-0.583727,0.458711,-0.042885,6.50,gru,0.250769,0.117406,0.046368
2026-04-03T21:28:25.7151089Z,-0.329351,0.574762,0.003374,-0.585276,0.449034,-0.045810,5.66,gru,0.255925,0.125728,0.049184
2026-04-03T21:28:25.7498931Z,-0.327202,0.575585,0.001885,-0.581779,0.453336,-0.048306,6.49,gru,0.254577,0.122249,0.050191
2026-04-03T21:28:25.7813348Z,-0.328643,0.576280,0.002436,-0.580869,0.454832,-0.043805,6.59,gru,0.252227,0.121448,0.046240
2026-04-03T21:28:25.8149075Z,-0.326278,0.572514,0.003189,-0.578522,0.444262,-0.043360,6.60,gru,0.252244,0.128252,0.046548
2026-04-03T21:28:25.8527902Z,-0.331648,0.575232,0.003691,-0.581610,0.459600,-0.041756,7.79,gru,0.249962,0.115632,0.045447
2026-04-03T21:28:25.8873958Z,-0.332854,0.575613,0.004192,-0.579338,0.463046,-0.040546,8.35,gru,0.246483,0.112567,0.044738
2026-04-03T21:28:25.9261869Z,-0.331604,0.573264,0.004017,-0.576463,0.462040,-0.039835,7.49,gru,0.244859,0.111225,0.043852
2026-04-03T21:28:25.9659775Z,-0.331304,0.574389,0.003436,-0.577409,0.469367,-0.040496,6.54,gru,0.246105,0.105023,0.043932
2026-04-03T21:28:25.9959853Z,-0.330940,0.573650,0.003202,-0.581326,0.456804,-0.043902,7.42,gru,0.250386,0.116845,0.047104
2026-04-03T21:28:26.0364330Z,-0.344954,0.576904,0.006068,-0.585362,0.463001,-0.032750,6.81,gru,0.240408,0.113903,0.038818
2026-04-03T21:28:26.0663614Z,-0.332654,0.574515,0.004747,-0.588463,0.440987,-0.046615,6.57,gru,0.255810,0.133528,0.051361
2026-04-03T21:28:26.1195456Z,-0.331234,0.575023,0.003075,-0.582945,0.453901,-0.048371,7.44,gru,0.251710,0.121121,0.051446
2026-04-03T21:28:26.1571135Z,-0.341872,0.574482,0.005689,-0.585125,0.483726,-0.026858,7.88,gru,0.243253,0.090756,0.032547
2026-04-03T21:28:26.1851951Z,-0.341461,0.575001,0.005179,-0.589520,0.452202,-0.041421,6.07,gru,0.248059,0.122800,0.046600
2026-04-03T21:28:26.2135834Z,-0.330922,0.574180,0.003489,-0.587518,0.437910,-0.049304,7.13,gru,0.256596,0.136270,0.052793
2026-04-03T21:28:26.2482482Z,-0.329908,0.575336,0.003050,-0.586923,0.463869,-0.044810,5.45,gru,0.257015,0.111467,0.047861
2026-04-03T21:28:26.2809616Z,-0.330620,0.574584,0.003782,-0.584642,0.461637,-0.040341,7.62,gru,0.254022,0.112948,0.044123
2026-04-03T21:28:26.3165952Z,-0.329197,0.575057,0.003034,-0.583934,0.452726,-0.045321,8.25,gru,0.254737,0.122332,0.048356
2026-04-03T21:28:26.3471685Z,-0.339157,0.577467,0.005267,-0.584775,0.473687,-0.036006,7.94,gru,0.245618,0.103780,0.041272
2026-04-03T21:28:26.3833105Z,-0.330197,0.575633,0.003218,-0.582692,0.448703,-0.047004,8.19,gru,0.252495,0.126930,0.050222
2026-04-03T21:28:26.4228003Z,-0.338422,0.576996,0.005024,-0.584635,0.462150,-0.040757,7.17,gru,0.246213,0.114846,0.045781
2026-04-03T21:28:26.4754006Z,-0.338567,0.578749,0.004521,-0.584902,0.468770,-0.039936,7.89,gru,0.246335,0.109979,0.044456
2026-04-03T21:28:26.4965959Z,-0.324503,0.576057,0.002290,-0.584403,0.432317,-0.052363,8.32,gru,0.259900,0.143741,0.054653
2026-04-03T21:28:26.5174896Z,-0.327676,0.577249,0.003014,-0.579840,0.467490,-0.040857,8.12,gru,0.252164,0.109760,0.043871
2026-04-03T21:28:26.5763079Z,-0.325594,0.575952,0.002284,-0.576348,0.466295,-0.041740,8.40,gru,0.250754,0.109658,0.044024
2026-04-03T21:28:26.6324641Z,-0.339335,0.579552,0.004899,-0.582494,0.463823,-0.035736,7.05,gru,0.243159,0.115729,0.040635
2026-04-03T21:28:26.6544320Z,-0.324395,0.577221,0.001754,-0.584002,0.442055,-0.050325,6.24,gru,0.259607,0.135166,0.052079
2026-04-03T21:28:26.6935705Z,-0.335064,0.575454,0.003962,-0.578291,0.458570,-0.039585,6.41,gru,0.243227,0.116883,0.043547
2026-04-03T21:28:26.7186079Z,-0.336662,0.576288,0.004907,-0.576387,0.487191,-0.029473,7.36,gru,0.239725,0.089096,0.034380
2026-04-03T21:28:26.7592237Z,-0.337306,0.577194,0.004887,-0.581997,0.455346,-0.041704,6.96,gru,0.244691,0.121849,0.046591
2026-04-03T21:28:26.7963718Z,-0.323677,0.575251,0.002045,-0.581663,0.448284,-0.050560,9.24,gru,0.257986,0.126967,0.052605
2026-04-03T21:28:26.8289162Z,-0.325539,0.575501,0.002852,-0.578393,0.470354,-0.039871,7.03,gru,0.252854,0.105146,0.042723
2026-04-03T21:28:26.8481254Z,-0.325375,0.576618,0.002088,-0.577694,0.474977,-0.039132,5.42,gru,0.252318,0.101641,0.041220
2026-04-03T21:28:26.8944101Z,-0.337064,0.578832,0.004960,-0.581304,0.465871,-0.035986,6.67,gru,0.244240,0.112962,0.040946
2026-04-03T21:28:26.9276053Z,-0.337011,0.579653,0.006211,-0.584390,0.458955,-0.038495,6.09,gru,0.247379,0.120698,0.044706
2026-04-03T21:28:26.9520301Z,-0.335481,0.579878,0.006227,-0.580015,0.454250,-0.042338,7.31,gru,0.244534,0.125628,0.048565
2026-04-03T21:28:26.9868721Z,-0.337178,0.582527,0.006161,-0.578434,0.472944,-0.038412,6.97,gru,0.241256,0.109583,0.044574
2026-04-03T21:28:27.0295759Z,-0.335312,0.580771,0.005808,-0.576868,0.473314,-0.038258,5.74,gru,0.241556,0.107457,0.044066
2026-04-03T21:28:27.0555949Z,-0.334816,0.581506,0.005220,-0.581395,0.462419,-0.042403,6.65,gru,0.246580,0.119087,0.047623
2026-04-03T21:28:27.0957925Z,-0.334549,0.580364,0.005492,-0.575326,0.477498,-0.036825,6.63,gru,0.240778,0.102866,0.042316
2026-04-03T21:28:27.1321150Z,-0.335626,0.580213,0.005740,-0.578536,0.477513,-0.037146,7.16,gru,0.242910,0.102701,0.042886
2026-04-03T21:28:27.1528916Z,-0.334656,0.578809,0.005697,-0.581406,0.457653,-0.042341,7.29,gru,0.246751,0.121156,0.048038
2026-04-03T21:28:27.1838330Z,-0.321832,0.580167,0.001946,-0.578126,0.457454,-0.051965,5.69,gru,0.256294,0.122713,0.053911
2026-04-03T21:28:27.2172987Z,-0.320068,0.577967,0.001953,-0.569572,0.463475,-0.045185,6.46,gru,0.249504,0.114492,0.047138
2026-04-03T21:28:27.2483937Z,-0.334694,0.579272,0.005195,-0.572303,0.498406,-0.023395,5.96,gru,0.237609,0.080866,0.028590
2026-04-03T21:28:27.2854276Z,-0.338342,0.580290,0.005893,-0.578456,0.464507,-0.038264,8.29,gru,0.240114,0.115783,0.044157
2026-04-03T21:28:27.3153520Z,-0.334559,0.579026,0.005145,-0.578206,0.455933,-0.042504,7.00,gru,0.243647,0.123093,0.047649
2026-04-03T21:28:27.3630664Z,-0.336720,0.578745,0.005421,-0.574581,0.478310,-0.035824,7.19,gru,0.237861,0.100435,0.041244
2026-04-03T21:28:27.3869861Z,-0.321904,0.575568,0.003579,-0.572468,0.462152,-0.044252,8.12,gru,0.250563,0.113416,0.047830
2026-04-03T21:28:27.4239815Z,-0.321519,0.576605,0.002276,-0.574749,0.457890,-0.047410,7.80,gru,0.253231,0.118715,0.049686
2026-04-03T21:28:27.4704706Z,-0.323263,0.576716,0.001964,-0.576230,0.466165,-0.042497,7.94,gru,0.252967,0.110551,0.044461
2026-04-03T21:28:27.4892042Z,-0.322427,0.577666,0.002130,-0.576275,0.456916,-0.045416,5.02,gru,0.253847,0.120750,0.047546
2026-04-03T21:28:27.5255280Z,-0.322867,0.575920,0.001921,-0.570261,0.473237,-0.041285,8.53,gru,0.247394,0.102683,0.043206
2026-04-03T21:28:27.5728964Z,-0.336655,0.578476,0.005254,-0.570026,0.495606,-0.027060,6.67,gru,0.233371,0.082871,0.032314
2026-04-03T21:28:27.5875317Z,-0.334931,0.578557,0.004157,-0.568084,0.483598,-0.036793,7.41,gru,0.233153,0.094959,0.040950
2026-04-03T21:28:27.6254684Z,-0.336126,0.577657,0.004965,-0.565974,0.487242,-0.036396,6.84,gru,0.229848,0.090415,0.041361
2026-04-03T21:28:27.6614187Z,-0.325063,0.577103,0.002542,-0.566617,0.480619,-0.042499,6.33,gru,0.241554,0.096484,0.045041
2026-04-03T21:28:27.7259287Z,-0.334458,0.577284,0.004538,-0.573129,0.495358,-0.033218,8.20,gru,0.238670,0.081926,0.037757
2026-04-03T21:28:27.7724105Z,-0.325516,0.575703,0.003257,-0.573839,0.477869,-0.040441,5.65,gru,0.248322,0.097834,0.043698
2026-04-03T21:28:27.8170658Z,-0.324676,0.576021,0.002423,-0.568972,0.479086,-0.042822,7.69,gru,0.244296,0.096935,0.045245
2026-04-03T21:28:27.8502698Z,-0.337285,0.575838,0.005254,-0.576300,0.493437,-0.026655,6.18,gru,0.239016,0.082401,0.031909
2026-04-03T21:28:27.8823601Z,-0.322190,0.573310,0.002316,-0.578763,0.451277,-0.049534,6.51,gru,0.256574,0.122034,0.051850
2026-04-03T21:28:27.9350098Z,-0.322005,0.573396,0.002058,-0.573575,0.456944,-0.048962,6.79,gru,0.251570,0.116452,0.051020
2026-04-03T21:28:27.9521475Z,-0.324829,0.575760,0.002082,-0.569680,0.494435,-0.034877,5.03,gru,0.244851,0.081325,0.036959
2026-04-03T21:28:27.9834547Z,-0.323596,0.574378,0.001769,-0.567516,0.478897,-0.041002,5.81,gru,0.243920,0.095481,0.042771
2026-04-03T21:28:28.0167611Z,-0.334073,0.574144,0.004424,-0.570751,0.483757,-0.031847,6.42,gru,0.236678,0.090387,0.036271
2026-04-03T21:28:28.0486724Z,-0.333457,0.572463,0.004251,-0.576087,0.472217,-0.038130,4.62,gru,0.242630,0.100246,0.042381
2026-04-03T21:28:28.0821088Z,-0.339299,0.574933,0.005474,-0.580711,0.461173,-0.040536,6.52,gru,0.241412,0.113761,0.046010
2026-04-03T21:28:28.1120571Z,-0.336425,0.573673,0.004961,-0.582514,0.458127,-0.043031,6.09,gru,0.246089,0.115546,0.047992
2026-04-03T21:28:28.1547835Z,-0.336689,0.572363,0.005793,-0.583490,0.453363,-0.042659,7.80,gru,0.246801,0.119000,0.048452
2026-04-03T21:28:28.1948990Z,-0.334090,0.571983,0.004602,-0.586938,0.457379,-0.045599,5.58,gru,0.252847,0.114604,0.050201
2026-04-03T21:28:28.2259969Z,-0.339242,0.574121,0.004910,-0.587728,0.462372,-0.042582,6.84,gru,0.248486,0.111749,0.047492
2026-04-03T21:28:28.2571681Z,-0.339482,0.573190,0.005254,-0.583905,0.474128,-0.037608,8.53,gru,0.244424,0.099062,0.042861
2026-04-03T21:28:28.2915372Z,-0.337747,0.572340,0.005025,-0.587348,0.465094,-0.042078,7.46,gru,0.249601,0.107246,0.047103
2026-04-03T21:28:28.3274290Z,-0.338918,0.572253,0.005595,-0.586808,0.470684,-0.038800,9.61,gru,0.247889,0.101569,0.044395
2026-04-03T21:28:28.3467457Z,-0.327623,0.570133,0.003148,-0.583625,0.452049,-0.049308,6.51,gru,0.256002,0.118085,0.052455
2026-04-03T21:28:28.3960376Z,-0.326167,0.569585,0.002778,-0.582289,0.462813,-0.044999,8.36,gru,0.256122,0.106773,0.047777
2026-04-03T21:28:28.4201410Z,-0.336548,0.572903,0.004469,-0.585621,0.473592,-0.034888,9.26,gru,0.249074,0.099311,0.039357
2026-04-03T21:28:28.4725492Z,-0.337414,0.571298,0.004525,-0.586210,0.454695,-0.042543,10.19,gru,0.248796,0.116603,0.047068
2026-04-03T21:28:28.5037267Z,-0.338248,0.572097,0.004530,-0.586079,0.458694,-0.041915,8.52,gru,0.247831,0.113404,0.046444
2026-04-03T21:28:28.5260581Z,-0.337728,0.570630,0.005389,-0.589126,0.444799,-0.042962,8.55,gru,0.251398,0.125831,0.048351
2026-04-03T21:28:28.5506073Z,-0.335998,0.571644,0.004577,-0.587509,0.446303,-0.045699,7.37,gru,0.251511,0.125341,0.050275
2026-04-03T21:28:28.6025231Z,-0.338094,0.572621,0.005311,-0.589357,0.457096,-0.042830,8.98,gru,0.251263,0.115525,0.048141
2026-04-03T21:28:28.6314661Z,-0.337272,0.572230,0.004430,-0.590285,0.447085,-0.045869,9.78,gru,0.253013,0.125145,0.050299
2026-04-03T21:28:28.6658910Z,-0.336156,0.571874,0.005085,-0.590499,0.449063,-0.043118,9.79,gru,0.254344,0.122811,0.048203
2026-04-03T21:28:28.7070778Z,-0.339688,0.570864,0.006071,-0.589665,0.449110,-0.039740,7.39,gru,0.249977,0.121754,0.045811
2026-04-03T21:28:28.7567774Z,-0.337371,0.570977,0.005217,-0.588267,0.452503,-0.042753,5.99,gru,0.250896,0.118473,0.047970
2026-04-03T21:28:28.7988887Z,-0.337769,0.572068,0.005558,-0.586835,0.452103,-0.040716,7.84,gru,0.249066,0.119964,0.046275
2026-04-03T21:28:28.8176437Z,-0.337827,0.571679,0.005808,-0.587062,0.449504,-0.040264,6.47,gru,0.249235,0.122175,0.046072
2026-04-03T21:28:28.8502640Z,-0.336714,0.569602,0.005676,-0.588608,0.451787,-0.041348,6.53,gru,0.251894,0.117815,0.047024
2026-04-03T21:28:28.8819999Z,-0.337304,0.571175,0.005493,-0.588776,0.457479,-0.040679,5.87,gru,0.251472,0.113695,0.046172
2026-04-03T21:28:28.9234749Z,-0.338827,0.573892,0.004878,-0.586897,0.462252,-0.040835,5.41,gru,0.248070,0.111640,0.045713
2026-04-03T21:28:28.9674855Z,-0.338306,0.574602,0.004966,-0.587847,0.453617,-0.041426,7.14,gru,0.249541,0.120986,0.046392
2026-04-03T21:28:28.9858947Z,-0.336223,0.575645,0.004713,-0.589405,0.435365,-0.046070,6.59,gru,0.253182,0.140280,0.050783
2026-04-03T21:28:29.0283357Z,-0.334057,0.575097,0.004949,-0.587218,0.435802,-0.045319,7.21,gru,0.253161,0.139295,0.050269
2026-04-03T21:28:29.0473571Z,-0.334946,0.576322,0.004373,-0.585408,0.457062,-0.042006,6.74,gru,0.250461,0.119260,0.046379
2026-04-03T21:28:29.0810012Z,-0.323061,0.574165,0.001256,-0.582778,0.439334,-0.051281,6.00,gru,0.259717,0.134831,0.052537
2026-04-03T21:28:29.1090160Z,-0.324666,0.575054,0.002132,-0.580929,0.452592,-0.042955,5.98,gru,0.256263,0.122462,0.045087
2026-04-03T21:28:29.1416799Z,-0.326520,0.576313,0.003101,-0.578375,0.456344,-0.037509,5.41,gru,0.251855,0.119969,0.040609
2026-04-03T21:28:29.1831364Z,-0.323070,0.574571,0.001767,-0.575800,0.442579,-0.046477,7.68,gru,0.252730,0.131993,0.048244
2026-04-03T21:28:29.2174716Z,-0.337255,0.576356,0.005105,-0.576800,0.467784,-0.031001,6.02,gru,0.239545,0.108572,0.036106
2026-04-03T21:28:29.2484010Z,-0.333080,0.576277,0.004141,-0.578600,0.451074,-0.041090,7.71,gru,0.245519,0.125203,0.045231
2026-04-03T21:28:29.2900952Z,-0.332199,0.575284,0.004536,-0.577392,0.444557,-0.043043,6.33,gru,0.245193,0.130727,0.047579
2026-04-03T21:28:29.3221501Z,-0.335306,0.577626,0.004328,-0.577882,0.462845,-0.037151,5.56,gru,0.242575,0.114781,0.041479
2026-04-03T21:28:29.3564945Z,-0.332379,0.577439,0.004175,-0.578852,0.450619,-0.041746,7.21,gru,0.246473,0.126821,0.045921
2026-04-03T21:28:29.3891526Z,-0.330572,0.577440,0.003361,-0.579637,0.447788,-0.043884,6.10,gru,0.249065,0.129652,0.047245
2026-04-03T21:28:29.4205811Z,-0.333900,0.577472,0.003994,-0.579786,0.460556,-0.038916,5.45,gru,0.245886,0.116916,0.042911
2026-04-03T21:28:29.4554411Z,-0.332644,0.578439,0.004375,-0.580062,0.453630,-0.040107,6.01,gru,0.247418,0.124809,0.044482
2026-04-03T21:28:29.4894977Z,-0.330234,0.577763,0.003199,-0.579151,0.442753,-0.045007,7.70,gru,0.248916,0.135010,0.048206
2026-04-03T21:28:29.5265780Z,-0.329983,0.576484,0.002867,-0.577047,0.451492,-0.042698,6.77,gru,0.247064,0.124992,0.045564
2026-04-03T21:28:29.5579283Z,-0.332631,0.577908,0.003994,-0.577854,0.465852,-0.037530,6.73,gru,0.245224,0.112056,0.041524
2026-04-03T21:28:29.5911213Z,-0.332418,0.577702,0.003856,-0.578217,0.463473,-0.040526,6.83,gru,0.245799,0.114229,0.044382
2026-04-03T21:28:29.6266356Z,-0.332123,0.577448,0.003344,-0.576164,0.464682,-0.042390,6.01,gru,0.244041,0.112766,0.045734
2026-04-03T21:28:29.6597096Z,-0.331454,0.577851,0.004106,-0.576341,0.467335,-0.039467,6.52,gru,0.244887,0.110515,0.043573
2026-04-03T21:28:29.7000892Z,-0.334331,0.578452,0.004593,-0.579483,0.470800,-0.038687,5.88,gru,0.245152,0.107652,0.043280
2026-04-03T21:28:29.7455727Z,-0.331731,0.577501,0.003857,-0.580815,0.449249,-0.046454,9.55,gru,0.249084,0.128252,0.050311
2026-04-03T21:28:29.7812888Z,-0.330270,0.578178,0.002756,-0.579748,0.455669,-0.047117,7.17,gru,0.249478,0.122508,0.049873
2026-04-03T21:28:29.8231994Z,-0.330464,0.577771,0.004248,-0.580597,0.461209,-0.041111,6.02,gru,0.250133,0.116561,0.045360
2026-04-03T21:28:29.8523985Z,-0.331892,0.577075,0.004080,-0.579114,0.454171,-0.042956,6.43,gru,0.247223,0.122903,0.047036
2026-04-03T21:28:29.8832136Z,-0.333711,0.578794,0.004383,-0.577117,0.473042,-0.039544,5.19,gru,0.243406,0.105752,0.043927
2026-04-03T21:28:29.9153024Z,-0.334923,0.580736,0.004138,-0.579168,0.470099,-0.041028,6.14,gru,0.244246,0.110638,0.045166
2026-04-03T21:28:29.9470249Z,-0.329593,0.577576,0.003450,-0.576108,0.456667,-0.044323,6.01,gru,0.246515,0.120908,0.047773
2026-04-03T21:28:29.9877175Z,-0.328602,0.576635,0.003196,-0.575201,0.469148,-0.041649,6.79,gru,0.246599,0.107487,0.044845
2026-04-03T21:28:30.0245883Z,-0.330095,0.576923,0.004107,-0.576933,0.474424,-0.038341,6.51,gru,0.246838,0.102499,0.042448
2026-04-03T21:28:30.0555492Z,-0.328019,0.577357,0.003009,-0.576833,0.466708,-0.044203,6.57,gru,0.248814,0.110649,0.047212
2026-04-03T21:28:30.0855575Z,-0.331832,0.577528,0.003666,-0.575736,0.473482,-0.040035,5.88,gru,0.243904,0.104047,0.043702
2026-04-03T21:28:30.1167896Z,-0.334259,0.578125,0.005203,-0.576091,0.476770,-0.035687,6.15,gru,0.241832,0.101355,0.040890
2026-04-03T21:28:30.1517940Z,-0.332209,0.580029,0.003706,-0.578158,0.468637,-0.044451,5.94,gru,0.245949,0.111392,0.048157
2026-04-03T21:28:30.1813672Z,-0.332526,0.579637,0.003914,-0.577719,0.466447,-0.042878,6.49,gru,0.245192,0.113190,0.046791
2026-04-03T21:28:30.2149518Z,-0.328725,0.577355,0.003172,-0.574965,0.467151,-0.042430,6.74,gru,0.246240,0.110204,0.045602
2026-04-03T21:28:30.2539450Z,-0.329995,0.578545,0.003266,-0.576199,0.472942,-0.041635,7.17,gru,0.246204,0.105603,0.044901
2026-04-03T21:28:30.2851013Z,-0.331096,0.578806,0.003619,-0.578016,0.472167,-0.040155,5.16,gru,0.246919,0.106639,0.043775
2026-04-03T21:28:30.3157711Z,-0.330349,0.578483,0.003757,-0.575302,0.468920,-0.041430,6.56,gru,0.244953,0.109562,0.045187
2026-04-03T21:28:30.3482050Z,-0.327761,0.578092,0.002308,-0.573657,0.472585,-0.044021,6.50,gru,0.245896,0.105507,0.046329
2026-04-03T21:28:30.3884201Z,-0.330063,0.578587,0.003105,-0.574697,0.473741,-0.040070,6.24,gru,0.244634,0.104846,0.043175
2026-04-03T21:28:30.4214424Z,-0.331567,0.580524,0.003178,-0.575924,0.475753,-0.040451,6.90,gru,0.244357,0.104771,0.043630
2026-04-03T21:28:30.4506820Z,-0.330212,0.576647,0.003694,-0.574947,0.462273,-0.041962,5.65,gru,0.244735,0.114374,0.045656
2026-04-03T21:28:30.4836960Z,-0.331284,0.579111,0.003927,-0.575028,0.471347,-0.040094,7.31,gru,0.243744,0.107764,0.044020
2026-04-03T21:28:30.5128960Z,-0.331728,0.578028,0.004288,-0.572811,0.480449,-0.038432,6.78,gru,0.241082,0.097580,0.042720
2026-04-03T21:28:30.5490736Z,-0.329176,0.577163,0.003537,-0.573432,0.477706,-0.041457,6.47,gru,0.244256,0.099457,0.044994
2026-04-03T21:28:30.5801758Z,-0.331742,0.577006,0.004597,-0.576915,0.470231,-0.039495,5.51,gru,0.245173,0.106774,0.044092
2026-04-03T21:28:30.6142121Z,-0.333330,0.579171,0.004216,-0.577499,0.471131,-0.040742,6.16,gru,0.244168,0.108039,0.044958
2026-04-03T21:28:30.6440934Z,-0.330446,0.579350,0.003659,-0.576330,0.465036,-0.044004,5.99,gru,0.245884,0.114314,0.047663
2026-04-03T21:28:30.6789138Z,-0.332304,0.579877,0.004020,-0.578178,0.468358,-0.041603,6.75,gru,0.245873,0.111519,0.045622
2026-04-03T21:28:30.7131517Z,-0.328242,0.577938,0.002710,-0.575888,0.466094,-0.044488,6.12,gru,0.247646,0.111843,0.047198
2026-04-03T21:28:30.7641985Z,-0.327844,0.576870,0.003301,-0.572323,0.472158,-0.040360,6.51,gru,0.244479,0.104712,0.043662
2026-04-03T21:28:30.7808493Z,-0.331630,0.578211,0.003950,-0.573877,0.486850,-0.036512,6.04,gru,0.242247,0.091361,0.040462
2026-04-03T21:28:30.8154111Z,-0.332098,0.579947,0.003378,-0.575111,0.479686,-0.041654,7.70,gru,0.243013,0.100262,0.045031
2026-04-03T21:28:30.8440598Z,-0.329525,0.579130,0.002819,-0.576874,0.463000,-0.045373,6.55,gru,0.247349,0.116130,0.048191
2026-04-03T21:28:30.8762064Z,-0.331635,0.578124,0.003860,-0.575586,0.473066,-0.039257,6.05,gru,0.243951,0.105058,0.043117
2026-04-03T21:28:30.9113268Z,-0.329990,0.578658,0.003488,-0.574082,0.475846,-0.040901,5.55,gru,0.244092,0.102812,0.044390
2026-04-03T21:28:30.9477597Z,-0.331755,0.579325,0.003608,-0.575654,0.474695,-0.041519,7.16,gru,0.243899,0.104630,0.045127
2026-04-03T21:28:30.9840794Z,-0.329700,0.579385,0.003037,-0.576815,0.467487,-0.044038,7.96,gru,0.247115,0.111898,0.047075
2026-04-03T21:28:31.0168395Z,-0.333330,0.578860,0.004170,-0.576453,0.474329,-0.039263,7.70,gru,0.243123,0.104531,0.043433
2026-04-03T21:28:31.0540911Z,-0.329463,0.578593,0.003115,-0.576294,0.475100,-0.042981,7.94,gru,0.246831,0.103493,0.046096
2026-04-03T21:28:31.0873511Z,-0.331404,0.579960,0.003810,-0.575401,0.470263,-0.041229,6.38,gru,0.243998,0.109696,0.045038
2026-04-03T21:28:31.1214594Z,-0.331870,0.577912,0.004032,-0.574126,0.476382,-0.038575,6.78,gru,0.242255,0.101530,0.042607
2026-04-03T21:28:31.1575559Z,-0.331976,0.578261,0.004197,-0.575616,0.469752,-0.040933,8.33,gru,0.243640,0.108509,0.045130
2026-04-03T21:28:31.1897331Z,-0.329830,0.579050,0.003135,-0.576222,0.468184,-0.044019,6.72,gru,0.246392,0.110866,0.047154
2026-04-03T21:28:31.2223122Z,-0.331951,0.578450,0.004566,-0.575166,0.471414,-0.038086,6.35,gru,0.243215,0.107036,0.042652
2026-04-03T21:28:31.2639620Z,-0.331343,0.579594,0.003473,-0.574690,0.478993,-0.040973,7.97,gru,0.243347,0.100601,0.044447
2026-04-03T21:28:31.2824755Z,-0.330019,0.578282,0.003581,-0.573213,0.474258,-0.042191,7.04,gru,0.243193,0.104024,0.045772
2026-04-03T21:28:31.3176192Z,-0.332330,0.580895,0.003522,-0.574763,0.485246,-0.038995,6.46,gru,0.242432,0.095650,0.042517
2026-04-03T21:28:31.3492265Z,-0.331395,0.579961,0.003375,-0.578018,0.468129,-0.043529,5.41,gru,0.246624,0.111832,0.046904
2026-04-03T21:28:31.3918138Z,-0.330314,0.579436,0.003386,-0.576582,0.462317,-0.043295,6.32,gru,0.246268,0.117119,0.046681
2026-04-03T21:28:31.4117445Z,-0.331361,0.579855,0.003257,-0.574163,0.477091,-0.040643,6.59,gru,0.242802,0.102765,0.043901
2026-04-03T21:28:31.4485724Z,-0.331778,0.578927,0.003955,-0.575945,0.477493,-0.039694,6.47,gru,0.244167,0.101435,0.043649
2026-04-03T21:28:31.4829745Z,-0.333688,0.579951,0.003774,-0.576858,0.475551,-0.041029,7.20,gru,0.243171,0.104400,0.044803
2026-04-03T21:28:31.5236540Z,-0.333998,0.578851,0.004642,-0.576556,0.471440,-0.039508,6.53,gru,0.242558,0.107411,0.044150
2026-04-03T21:28:31.5672457Z,-0.330376,0.578310,0.004051,-0.575929,0.468315,-0.042536,7.79,gru,0.245553,0.109995,0.046588
2026-04-03T21:28:31.5874058Z,-0.331512,0.579613,0.003980,-0.575613,0.480726,-0.040933,6.79,gru,0.244101,0.098886,0.044913
2026-04-03T21:28:31.6231021Z,-0.331421,0.579796,0.003427,-0.575359,0.478597,-0.041370,7.21,gru,0.243938,0.101199,0.044798
2026-04-03T21:28:31.6576969Z,-0.329776,0.578520,0.003238,-0.574921,0.470995,-0.042335,6.33,gru,0.245145,0.107525,0.045573
2026-04-03T21:28:31.6897445Z,-0.330754,0.578689,0.003627,-0.576515,0.473330,-0.040896,5.61,gru,0.245761,0.105359,0.044523
2026-04-03T21:28:31.7230130Z,-0.329493,0.578608,0.003226,-0.574175,0.478579,-0.041569,4.91,gru,0.244682,0.100029,0.044796
2026-04-03T21:28:31.7567748Z,-0.328251,0.577016,0.002988,-0.574340,0.468043,-0.042696,7.55,gru,0.246089,0.108973,0.045684
2026-04-03T21:28:31.7870170Z,-0.332188,0.579670,0.004299,-0.575271,0.480408,-0.037150,6.80,gru,0.243083,0.099262,0.041449
2026-04-03T21:28:31.8205198Z,-0.331581,0.578553,0.003798,-0.575057,0.473263,-0.041530,6.29,gru,0.243476,0.105291,0.045328
2026-04-03T21:28:31.8532705Z,-0.330798,0.579634,0.003483,-0.573471,0.473881,-0.042179,5.39,gru,0.242673,0.105753,0.045662
2026-04-03T21:28:31.8860817Z,-0.328905,0.578816,0.002519,-0.574993,0.475614,-0.043384,5.68,gru,0.246088,0.103202,0.045903
2026-04-03T21:28:31.9187512Z,-0.329470,0.577804,0.003594,-0.574807,0.471324,-0.040039,9.34,gru,0.245337,0.106481,0.043634
2026-04-03T21:28:31.9520132Z,-0.327820,0.578158,0.003434,-0.573574,0.480823,-0.040457,6.30,gru,0.245754,0.097335,0.043891
2026-04-03T21:28:31.9889726Z,-0.327036,0.576787,0.003734,-0.573248,0.473940,-0.041599,7.23,gru,0.246213,0.102847,0.045333
2026-04-03T21:28:32.0230424Z,-0.325648,0.577685,0.002753,-0.572771,0.475536,-0.043191,6.00,gru,0.247123,0.102149,0.045943
2026-04-03T21:28:32.0552011Z,-0.326995,0.577576,0.002597,-0.573039,0.477709,-0.042201,6.74,gru,0.246044,0.099866,0.044798
2026-04-03T21:28:32.0933293Z,-0.329290,0.579474,0.003237,-0.572139,0.479684,-0.038805,7.25,gru,0.242850,0.099790,0.042042
2026-04-03T21:28:32.1265027Z,-0.327634,0.579383,0.002496,-0.571343,0.478206,-0.042512,5.64,gru,0.243708,0.101177,0.045009
2026-04-03T21:28:32.1608202Z,-0.327557,0.578939,0.003325,-0.571026,0.474656,-0.040211,5.97,gru,0.243469,0.104282,0.043536
2026-04-03T21:28:32.2001472Z,-0.325989,0.576757,0.002706,-0.570529,0.469907,-0.041916,6.01,gru,0.244540,0.106850,0.044622
2026-04-03T21:28:32.2162965Z,-0.328089,0.579175,0.002954,-0.570997,0.482838,-0.040352,6.01,gru,0.242909,0.096337,0.043306
2026-04-03T21:28:32.2514629Z,-0.326830,0.578391,0.002980,-0.572765,0.476235,-0.041327,7.29,gru,0.245935,0.102155,0.044307
2026-04-03T21:28:32.2823970Z,-0.327227,0.578172,0.003402,-0.572383,0.469611,-0.041751,7.15,gru,0.245156,0.108561,0.045152
2026-04-03T21:28:32.3206559Z,-0.331093,0.578604,0.004178,-0.573047,0.478493,-0.037969,6.61,gru,0.241954,0.100111,0.042147
2026-04-03T21:28:32.3552743Z,-0.329883,0.578640,0.003639,-0.574549,0.469340,-0.042600,7.33,gru,0.244666,0.109300,0.046239
2026-04-03T21:28:32.3898234Z,-0.331610,0.578466,0.004037,-0.574994,0.466636,-0.041550,8.45,gru,0.243385,0.111830,0.045586
2026-04-03T21:28:32.4300924Z,-0.329869,0.580239,0.002997,-0.571661,0.481655,-0.041555,7.22,gru,0.241792,0.098583,0.044552
2026-04-03T21:28:32.4511294Z,-0.329347,0.579018,0.003275,-0.572891,0.472780,-0.041684,6.11,gru,0.243544,0.106238,0.044959
2026-04-03T21:28:32.4948041Z,-0.331892,0.578598,0.004271,-0.574814,0.477721,-0.037754,6.14,gru,0.242923,0.100877,0.042025
2026-04-03T21:28:32.5172053Z,-0.328373,0.577565,0.003094,-0.576336,0.467242,-0.044837,6.85,gru,0.247963,0.110324,0.047930
2026-04-03T21:28:32.5560690Z,-0.331421,0.579568,0.003825,-0.575185,0.475481,-0.040454,7.32,gru,0.243764,0.104087,0.044279
2026-04-03T21:28:32.5985434Z,-0.329153,0.579253,0.003112,-0.574163,0.471490,-0.042521,7.18,gru,0.245010,0.107762,0.045633
2026-04-03T21:28:32.6205237Z,-0.326456,0.578354,0.002539,-0.573590,0.460642,-0.045672,6.56,gru,0.247134,0.117712,0.048210
2026-04-03T21:28:32.6573084Z,-0.332421,0.578643,0.004756,-0.576510,0.472750,-0.036311,6.64,gru,0.244089,0.105893,0.041067
2026-04-03T21:28:32.6935524Z,-0.331379,0.578412,0.003965,-0.575863,0.467271,-0.042203,6.14,gru,0.244485,0.111141,0.046169
2026-04-03T21:28:32.7343252Z,-0.329704,0.578239,0.004235,-0.573663,0.471111,-0.042505,7.68,gru,0.243959,0.107128,0.046740
2026-04-03T21:28:32.7522736Z,-0.330471,0.579055,0.003519,-0.575417,0.478136,-0.041698,6.12,gru,0.244946,0.100919,0.045217
2026-04-03T21:28:32.7884523Z,-0.329388,0.578719,0.003362,-0.574561,0.471956,-0.042809,5.90,gru,0.245173,0.106762,0.046171
2026-04-03T21:28:32.8303122Z,-0.330983,0.579500,0.003528,-0.576126,0.466530,-0.041958,7.11,gru,0.245143,0.112970,0.045486
2026-04-03T21:28:32.8769757Z,-0.329512,0.578631,0.003332,-0.575254,0.471292,-0.042760,6.64,gru,0.245742,0.107340,0.046092
2026-04-03T21:28:32.9222436Z,-0.320017,0.577502,0.001709,-0.573574,0.459565,-0.048976,5.63,gru,0.253556,0.117937,0.050685
2026-04-03T21:28:32.9668182Z,-0.318970,0.579308,0.001169,-0.570053,0.474596,-0.045151,6.00,gru,0.251083,0.104712,0.046321
2026-04-03T21:28:33.0011762Z,-0.319828,0.577979,0.001724,-0.567701,0.477317,-0.039801,8.10,gru,0.247873,0.100661,0.041525
2026-04-03T21:28:33.0224818Z,-0.331590,0.578897,0.004206,-0.570534,0.479494,-0.033515,6.42,gru,0.238944,0.099403,0.037721
2026-04-03T21:28:33.0632021Z,-0.329225,0.578001,0.003479,-0.570690,0.469482,-0.040877,7.49,gru,0.241465,0.108519,0.044356
2026-04-03T21:28:33.0943813Z,-0.331192,0.580040,0.003739,-0.571012,0.478232,-0.041532,5.91,gru,0.239820,0.101808,0.045271
2026-04-03T21:28:33.1207428Z,-0.331072,0.579849,0.003653,-0.571867,0.480222,-0.039100,8.12,gru,0.240796,0.099627,0.042753
2026-04-03T21:28:33.1571656Z,-0.328146,0.577515,0.002969,-0.571986,0.467461,-0.042981,7.96,gru,0.243840,0.110054,0.045950
2026-04-03T21:28:33.1921186Z,-0.329390,0.578482,0.003571,-0.574007,0.471560,-0.040512,7.44,gru,0.244617,0.106922,0.044084
2026-04-03T21:28:33.2142901Z,-0.329834,0.577953,0.003977,-0.573984,0.478363,-0.038959,5.58,gru,0.244151,0.099590,0.042936
2026-04-03T21:28:33.2560396Z,-0.329603,0.579217,0.002648,-0.576412,0.472692,-0.044799,7.23,gru,0.246809,0.106526,0.047448
2026-04-03T21:28:33.2928221Z,-0.333137,0.579691,0.004189,-0.577215,0.473081,-0.039558,8.08,gru,0.244078,0.106610,0.043747
2026-04-03T21:28:33.3344230Z,-0.330997,0.579809,0.003446,-0.573617,0.474407,-0.040915,8.15,gru,0.242620,0.105402,0.044361
2026-04-03T21:28:33.3507628Z,-0.327596,0.579362,0.002361,-0.572121,0.470538,-0.045165,8.04,gru,0.244525,0.108824,0.047526
2026-04-03T21:28:33.3892458Z,-0.328357,0.579711,0.002777,-0.571630,0.476888,-0.039952,6.16,gru,0.243272,0.102823,0.042729
2026-04-03T21:28:33.4372138Z,-0.331254,0.579684,0.003490,-0.573922,0.477939,-0.038758,6.88,gru,0.242668,0.101745,0.042248
2026-04-03T21:28:33.4752329Z,-0.330951,0.578121,0.003549,-0.575629,0.469545,-0.041815,7.76,gru,0.244679,0.108576,0.045364
2026-04-03T21:28:33.5058360Z,-0.332489,0.580689,0.003905,-0.574699,0.482201,-0.039834,8.53,gru,0.242210,0.098487,0.043740
2026-04-03T21:28:33.5373926Z,-0.329745,0.578552,0.003377,-0.574829,0.474820,-0.041649,7.09,gru,0.245083,0.103732,0.045027
2026-04-03T21:28:33.5856180Z,-0.329773,0.579441,0.003370,-0.576674,0.468426,-0.044357,6.07,gru,0.246901,0.111015,0.047727
2026-04-03T21:28:33.6256689Z,-0.331426,0.578662,0.003733,-0.576147,0.467113,-0.042478,7.72,gru,0.244721,0.111549,0.046211
2026-04-03T21:28:33.6585952Z,-0.331581,0.577890,0.004053,-0.575331,0.472077,-0.040113,5.35,gru,0.243749,0.105813,0.044166
2026-04-03T21:28:33.6927034Z,-0.332166,0.579467,0.003638,-0.575650,0.473346,-0.042016,6.43,gru,0.243484,0.106121,0.045653
2026-04-03T21:28:33.7272057Z,-0.331540,0.578736,0.003716,-0.574424,0.479472,-0.040768,5.50,gru,0.242884,0.099264,0.044483
2026-04-03T21:28:33.7639562Z,-0.334454,0.579371,0.004495,-0.576385,0.479677,-0.038304,6.00,gru,0.241931,0.099694,0.042799
2026-04-03T21:28:33.7821482Z,-0.331954,0.578378,0.003701,-0.577311,0.466009,-0.043586,6.00,gru,0.245357,0.112369,0.047287
2026-04-03T21:28:33.8142922Z,-0.331130,0.580426,0.003066,-0.576126,0.473873,-0.043791,6.71,gru,0.244996,0.106553,0.046857
2026-04-03T21:28:33.8489023Z,-0.331582,0.581169,0.003220,-0.577017,0.476060,-0.041178,7.24,gru,0.245435,0.105109,0.044399
2026-04-03T21:28:33.8824424Z,-0.330576,0.578841,0.004213,-0.577222,0.469516,-0.040731,7.81,gru,0.246646,0.109325,0.044944
2026-04-03T21:28:33.9197182Z,-0.332777,0.580205,0.003560,-0.574126,0.483041,-0.040106,7.34,gru,0.241349,0.097164,0.043667
2026-04-03T21:28:33.9505946Z,-0.331367,0.578176,0.003754,-0.575872,0.474792,-0.041472,7.25,gru,0.244505,0.103384,0.045225
2026-04-03T21:28:33.9838377Z,-0.319136,0.576538,0.001748,-0.574932,0.458724,-0.049551,6.50,gru,0.255796,0.117814,0.051299
2026-04-03T21:28:34.0159327Z,-0.320170,0.578648,0.001441,-0.571062,0.482060,-0.044244,6.17,gru,0.250893,0.096588,0.045685
2026-04-03T21:28:34.0488889Z,-0.328466,0.577264,0.003335,-0.572639,0.485400,-0.033316,6.13,gru,0.244173,0.091863,0.036651
2026-04-03T21:28:34.0853722Z,-0.314736,0.579020,-0.000237,-0.570039,0.460682,-0.050236,6.16,gru,0.255303,0.118338,0.049999
2026-04-03T21:28:34.1207772Z,-0.329496,0.579375,0.002835,-0.568713,0.494024,-0.034272,7.08,gru,0.239217,0.085351,0.037107
2026-04-03T21:28:34.1636756Z,-0.329336,0.577977,0.003479,-0.570205,0.482098,-0.034729,6.67,gru,0.240870,0.095879,0.038207
2026-04-03T21:28:34.2079968Z,-0.327789,0.577257,0.003093,-0.572256,0.462149,-0.043821,6.15,gru,0.244467,0.115108,0.046913
2026-04-03T21:28:34.2376732Z,-0.330864,0.578741,0.003554,-0.572776,0.483925,-0.038363,7.15,gru,0.241912,0.094816,0.041917
2026-04-03T21:28:34.2746351Z,-0.331917,0.579813,0.003136,-0.573634,0.478133,-0.040755,7.74,gru,0.241716,0.101680,0.043891
2026-04-03T21:28:34.3048209Z,-0.328448,0.579214,0.003020,-0.573891,0.461884,-0.046585,7.68,gru,0.245444,0.117330,0.049605
2026-04-03T21:28:34.3594692Z,-0.331767,0.579253,0.003317,-0.575513,0.481813,-0.038171,7.66,gru,0.243747,0.097440,0.041487
2026-04-03T21:28:34.3970962Z,-0.330002,0.578616,0.003280,-0.575099,0.471709,-0.042013,7.78,gru,0.245097,0.106906,0.045293
2026-04-03T21:28:34.4153028Z,-0.331995,0.577686,0.004508,-0.575242,0.471473,-0.038481,7.65,gru,0.243247,0.106213,0.042990
2026-04-03T21:28:34.4585839Z,-0.329607,0.577949,0.003346,-0.573398,0.479435,-0.042354,6.17,gru,0.243791,0.098514,0.045700
2026-04-03T21:28:34.4992275Z,-0.318807,0.574030,0.001841,-0.573313,0.465892,-0.048324,7.59,gru,0.254506,0.108138,0.050165
2026-04-03T21:28:34.5158448Z,-0.318708,0.576895,0.001026,-0.567215,0.481807,-0.042959,6.67,gru,0.248507,0.095088,0.043985
2026-04-03T21:28:34.5542002Z,-0.332789,0.578309,0.004088,-0.572864,0.500353,-0.028871,7.85,gru,0.240075,0.077955,0.032958
2026-04-03T21:28:34.5839806Z,-0.330661,0.576520,0.004304,-0.576739,0.461325,-0.040170,6.71,gru,0.246077,0.115195,0.044474
2026-04-03T21:28:34.6277641Z,-0.332937,0.578575,0.003641,-0.577664,0.458659,-0.046827,6.35,gru,0.244728,0.119917,0.050469
2026-04-03T21:28:34.6501408Z,-0.329986,0.577013,0.003953,-0.575826,0.468363,-0.042377,6.51,gru,0.245839,0.108650,0.046330
2026-04-03T21:28:34.6836180Z,-0.332954,0.576518,0.004351,-0.578259,0.465470,-0.040373,6.25,gru,0.245306,0.111048,0.044724
2026-04-03T21:28:34.7245703Z,-0.330393,0.576760,0.003538,-0.578409,0.463487,-0.046605,5.71,gru,0.248016,0.113274,0.050143
2026-04-03T21:28:34.7603010Z,-0.331211,0.575728,0.003287,-0.578577,0.470365,-0.043307,6.92,gru,0.247366,0.105363,0.046595
2026-04-03T21:28:34.7950373Z,-0.331981,0.577734,0.003394,-0.581423,0.471838,-0.041858,5.65,gru,0.249442,0.105895,0.045253
2026-04-03T21:28:34.8194326Z,-0.332328,0.575861,0.004546,-0.580400,0.462188,-0.040835,7.24,gru,0.248072,0.113673,0.045381
2026-04-03T21:28:34.8609451Z,-0.334602,0.579545,0.003464,-0.577801,0.480623,-0.041647,8.81,gru,0.243198,0.098922,0.045111
2026-04-03T21:28:34.8935459Z,-0.330146,0.576932,0.003158,-0.579276,0.469297,-0.044838,6.10,gru,0.249130,0.107635,0.047996
2026-04-03T21:28:34.9174404Z,-0.331141,0.575999,0.004148,-0.579749,0.459332,-0.041870,6.41,gru,0.248608,0.116668,0.046018
2026-04-03T21:28:34.9638663Z,-0.331138,0.576238,0.003325,-0.576155,0.476197,-0.042000,6.63,gru,0.245017,0.100040,0.045324
2026-04-03T21:28:34.9850680Z,-0.331922,0.576281,0.004069,-0.579819,0.472546,-0.041273,6.97,gru,0.247897,0.103735,0.045343
2026-04-03T21:28:35.0171949Z,-0.332766,0.577050,0.004550,-0.578593,0.473287,-0.039708,6.55,gru,0.245827,0.103763,0.044257
2026-04-03T21:28:35.0600655Z,-0.335041,0.577745,0.004395,-0.576051,0.477213,-0.039666,7.71,gru,0.241010,0.100532,0.044061
2026-04-03T21:28:35.0840745Z,-0.315716,0.576275,0.000775,-0.576695,0.452111,-0.053135,7.65,gru,0.260979,0.124163,0.053910
2026-04-03T21:28:35.1184715Z,-0.317999,0.575616,0.001441,-0.575569,0.449521,-0.047495,6.54,gru,0.257570,0.126095,0.048936
2026-04-03T21:28:35.1555097Z,-0.314732,0.572311,0.001460,-0.572623,0.458138,-0.043708,8.71,gru,0.257891,0.114173,0.045168
2026-04-03T21:28:35.1881239Z,-0.331554,0.576750,0.004021,-0.572682,0.483729,-0.033588,8.45,gru,0.241128,0.093021,0.037609
2026-04-03T21:28:35.2336624Z,-0.335141,0.577694,0.004575,-0.574576,0.472322,-0.036772,7.80,gru,0.239434,0.105372,0.041347
2026-04-03T21:28:35.2584427Z,-0.332469,0.577694,0.003756,-0.575792,0.464010,-0.043763,8.06,gru,0.243323,0.113684,0.047518
2026-04-03T21:28:35.3042898Z,-0.330987,0.577506,0.003796,-0.574353,0.470232,-0.040854,7.56,gru,0.243366,0.107274,0.044649
2026-04-03T21:28:35.3277033Z,-0.330369,0.575542,0.003696,-0.574592,0.468300,-0.039746,7.42,gru,0.244223,0.107242,0.043442
2026-04-03T21:28:35.3502009Z,-0.330210,0.576657,0.003377,-0.577901,0.466075,-0.042469,6.27,gru,0.247691,0.110581,0.045846
2026-04-03T21:28:35.3916597Z,-0.330110,0.575168,0.003982,-0.581821,0.458594,-0.042289,6.43,gru,0.251710,0.116574,0.046271
2026-04-03T21:28:35.4169793Z,-0.333172,0.576294,0.004782,-0.581937,0.468228,-0.039354,7.80,gru,0.248765,0.108066,0.044136
2026-04-03T21:28:35.4540500Z,-0.330359,0.575225,0.003733,-0.577448,0.462093,-0.042993,9.22,gru,0.247089,0.113132,0.046726
2026-04-03T21:28:35.4889711Z,-0.331198,0.573837,0.003884,-0.579331,0.471249,-0.041566,7.82,gru,0.248133,0.102588,0.045450
2026-04-03T21:28:35.5240137Z,-0.317279,0.571104,0.000985,-0.574872,0.451043,-0.050688,6.66,gru,0.257594,0.120061,0.051673
2026-04-03T21:28:35.5606982Z,-0.318730,0.573146,0.001226,-0.572677,0.466462,-0.044583,7.38,gru,0.253947,0.106684,0.045809
2026-04-03T21:28:35.5922114Z,-0.332589,0.576098,0.004687,-0.577952,0.483236,-0.027947,6.86,gru,0.245363,0.092862,0.032635
2026-04-03T21:28:35.6271400Z,-0.320610,0.573142,0.001897,-0.576802,0.448966,-0.047255,6.62,gru,0.256192,0.124176,0.049152
2026-04-03T21:28:35.6478937Z,-0.332925,0.573697,0.004256,-0.574027,0.475473,-0.036821,7.45,gru,0.241102,0.098224,0.041077
2026-04-03T21:28:35.6881120Z,-0.333209,0.572744,0.004144,-0.576343,0.478781,-0.035003,7.95,gru,0.243134,0.093963,0.039147
2026-04-03T21:28:35.7298506Z,-0.335451,0.572293,0.005186,-0.580763,0.448293,-0.043962,6.43,gru,0.245313,0.124000,0.049148
2026-04-03T21:28:35.7529971Z,-0.333818,0.573166,0.004238,-0.584387,0.450120,-0.046115,7.79,gru,0.250570,0.123046,0.050353
2026-04-03T21:28:35.7910439Z,-0.336188,0.573765,0.005383,-0.584054,0.442358,-0.044316,7.89,gru,0.247866,0.131406,0.049699
2026-04-03T21:28:35.8318789Z,-0.335252,0.574611,0.004456,-0.583056,0.466513,-0.041553,6.72,gru,0.247805,0.108098,0.046009
2026-04-03T21:28:35.8552092Z,-0.336514,0.573408,0.004965,-0.583251,0.467714,-0.040155,7.62,gru,0.246737,0.105695,0.045120
2026-04-03T21:28:35.8922455Z,-0.335829,0.574054,0.004665,-0.584582,0.467990,-0.040922,6.37,gru,0.248754,0.106065,0.045587
2026-04-03T21:28:35.9300343Z,-0.338784,0.575989,0.004870,-0.585296,0.471507,-0.040865,7.13,gru,0.246512,0.104482,0.045735
2026-04-03T21:28:35.9610690Z,-0.336821,0.573511,0.004870,-0.584992,0.455031,-0.042098,7.04,gru,0.248172,0.118479,0.046968
2026-04-03T21:28:35.9952636Z,-0.333920,0.573587,0.004058,-0.584077,0.456669,-0.044944,7.08,gru,0.250157,0.116918,0.049002
2026-04-03T21:28:36.0275646Z,-0.333845,0.572651,0.003731,-0.584948,0.459763,-0.043247,6.55,gru,0.251103,0.112888,0.046978
2026-04-03T21:28:36.0617447Z,-0.338201,0.574091,0.005511,-0.582551,0.471409,-0.035489,6.64,gru,0.244351,0.102682,0.041000
2026-04-03T21:28:36.0944907Z,-0.335752,0.573111,0.004994,-0.583796,0.457405,-0.042083,5.59,gru,0.248044,0.115706,0.047076
2026-04-03T21:28:36.1269352Z,-0.334649,0.573385,0.004586,-0.587010,0.449169,-0.045172,7.16,gru,0.252361,0.124217,0.049757
2026-04-03T21:28:36.1479326Z,-0.335386,0.573392,0.004390,-0.587734,0.438385,-0.046399,6.46,gru,0.252348,0.135006,0.050789
2026-04-03T21:28:36.1872600Z,-0.337248,0.571403,0.005885,-0.585398,0.444185,-0.041327,8.10,gru,0.248150,0.127219,0.047212
2026-04-03T21:28:36.2213584Z,-0.335762,0.573143,0.004617,-0.584975,0.460736,-0.042955,8.42,gru,0.249213,0.112407,0.047572
2026-04-03T21:28:36.2610296Z,-0.332347,0.570822,0.004671,-0.586479,0.438992,-0.047423,7.17,gru,0.254133,0.131830,0.052095
2026-04-03T21:28:36.2890054Z,-0.337355,0.571974,0.005611,-0.586816,0.458496,-0.037713,6.24,gru,0.249460,0.113477,0.043324
2026-04-03T21:28:36.3770509Z,-0.325778,0.572091,0.002566,-0.584713,0.444010,-0.049775,6.63,gru,0.258935,0.128081,0.052341
2026-04-03T21:28:36.4307608Z,-0.323302,0.572266,0.001201,-0.581549,0.447499,-0.049333,8.87,gru,0.258246,0.124767,0.050534
2026-04-03T21:28:36.4715629Z,-0.323079,0.572304,0.002032,-0.580417,0.457271,-0.040727,6.80,gru,0.257338,0.115033,0.042760
2026-04-03T21:28:36.5206515Z,-0.325988,0.573689,0.002404,-0.577172,0.459316,-0.041116,7.50,gru,0.251183,0.114373,0.043519
2026-04-03T21:28:36.5635235Z,-0.326058,0.573623,0.003634,-0.578061,0.455970,-0.041160,7.67,gru,0.252002,0.117653,0.044794
2026-04-03T21:28:36.5872190Z,-0.325463,0.574166,0.003023,-0.576374,0.453283,-0.043396,8.40,gru,0.250911,0.120883,0.046419
2026-04-03T21:28:36.6346623Z,-0.325646,0.573510,0.003489,-0.574216,0.459277,-0.041234,9.21,gru,0.248571,0.114234,0.044723
2026-04-03T21:28:36.6637948Z,-0.323687,0.572405,0.002777,-0.572149,0.462484,-0.041513,8.30,gru,0.248462,0.109921,0.044290
2026-04-03T21:28:36.6901147Z,-0.323306,0.573855,0.001489,-0.573909,0.458117,-0.045120,5.99,gru,0.250603,0.115738,0.046609
2026-04-03T21:28:36.7221327Z,-0.325888,0.572890,0.003770,-0.577725,0.453041,-0.038975,9.79,gru,0.251837,0.119850,0.042746
2026-04-03T21:28:36.7661509Z,-0.325221,0.574824,0.002351,-0.576794,0.451341,-0.044719,9.14,gru,0.251572,0.123482,0.047070
2026-04-03T21:28:36.7922404Z,-0.337144,0.576517,0.006516,-0.576014,0.471167,-0.030628,7.48,gru,0.238870,0.105349,0.037144
2026-04-03T21:28:36.8259745Z,-0.336186,0.578605,0.006774,-0.578177,0.457020,-0.036483,7.99,gru,0.241990,0.121585,0.043257
2026-04-03T21:28:36.8571814Z,-0.335150,0.581314,0.006909,-0.577091,0.457956,-0.041171,6.93,gru,0.241941,0.123357,0.048081
2026-04-03T21:28:36.8920566Z,-0.333974,0.581344,0.006464,-0.575728,0.463011,-0.038524,7.64,gru,0.241755,0.118333,0.044988
2026-04-03T21:28:36.9341642Z,-0.333642,0.582207,0.006273,-0.574278,0.459134,-0.038399,6.99,gru,0.240636,0.123074,0.044672
2026-04-03T21:28:36.9553200Z,-0.334366,0.581895,0.005520,-0.578167,0.460268,-0.040210,8.30,gru,0.243801,0.121627,0.045730
2026-04-03T21:28:36.9986053Z,-0.335533,0.580909,0.005132,-0.576540,0.452299,-0.040400,6.51,gru,0.241007,0.128610,0.045532
2026-04-03T21:28:37.0424400Z,-0.333151,0.577909,0.005640,-0.576584,0.450325,-0.038845,6.53,gru,0.243433,0.127584,0.044485
2026-04-03T21:28:37.0871948Z,-0.337371,0.578058,0.005588,-0.580298,0.451366,-0.040781,6.35,gru,0.242926,0.126693,0.046369
2026-04-03T21:28:37.1024370Z,-0.337098,0.578416,0.004768,-0.581853,0.448614,-0.044746,6.88,gru,0.244755,0.129802,0.049514
2026-04-03T21:28:37.1212175Z,-0.335696,0.576719,0.004732,-0.580717,0.442349,-0.044854,8.22,gru,0.245021,0.134370,0.049586
2026-04-03T21:28:37.1530414Z,-0.294243,0.566840,-0.002186,-0.579746,0.414490,-0.062515,7.30,gru,0.285503,0.152350,0.060328
2026-04-03T21:28:37.1850220Z,-0.318348,0.574326,0.001206,-0.572857,0.491521,-0.031005,6.66,gru,0.254509,0.082805,0.032211
2026-04-03T21:28:37.2161533Z,-0.335451,0.576556,0.005386,-0.580309,0.492528,-0.017918,7.18,gru,0.244858,0.084028,0.023303
2026-04-03T21:28:37.2547188Z,-0.321310,0.576815,0.001252,-0.587605,0.437686,-0.043856,7.25,gru,0.266295,0.139129,0.045109
2026-04-03T21:28:37.2843006Z,-0.336351,0.576136,0.005435,-0.581359,0.459417,-0.036313,7.40,gru,0.245009,0.116719,0.041748
2026-04-03T21:28:37.3170139Z,-0.338915,0.577588,0.005616,-0.583086,0.467785,-0.033732,6.70,gru,0.244172,0.109802,0.039349
2026-04-03T21:28:37.3577115Z,-0.339366,0.578040,0.005970,-0.583280,0.447575,-0.041116,7.76,gru,0.243914,0.130464,0.047085
2026-04-03T21:28:37.4012630Z,-0.321684,0.573167,0.003192,-0.584077,0.436728,-0.050115,6.72,gru,0.262392,0.136439,0.053306
2026-04-03T21:28:37.4535256Z,-0.322973,0.575976,0.002109,-0.576949,0.478589,-0.042386,6.67,gru,0.253976,0.097386,0.044496
2026-04-03T21:28:37.5089509Z,-0.338254,0.575006,0.005770,-0.579161,0.500108,-0.020496,7.07,gru,0.240907,0.074898,0.026266
2026-04-03T21:28:37.5289845Z,-0.321113,0.571417,0.002735,-0.576577,0.462968,-0.041866,7.12,gru,0.255464,0.108448,0.044600
2026-04-03T21:28:37.5576900Z,-0.338545,0.575226,0.004648,-0.575060,0.499809,-0.033866,9.07,gru,0.236515,0.075416,0.038514
2026-04-03T21:28:37.6032978Z,-0.339794,0.574861,0.005454,-0.577186,0.499771,-0.029267,7.17,gru,0.237391,0.075090,0.034721
2026-04-03T21:28:37.6278932Z,-0.338756,0.574631,0.005454,-0.573483,0.476591,-0.037116,8.57,gru,0.234727,0.098040,0.042570
2026-04-03T21:28:37.6684825Z,-0.340026,0.573826,0.005637,-0.578896,0.484607,-0.036261,6.34,gru,0.238870,0.089219,0.041898
2026-04-03T21:28:37.6964546Z,-0.338317,0.572976,0.005434,-0.585195,0.469836,-0.039792,9.65,gru,0.246877,0.103140,0.045225
2026-04-03T21:28:37.7184621Z,-0.339537,0.574566,0.006480,-0.581871,0.481626,-0.035235,7.74,gru,0.242335,0.092940,0.041715
2026-04-03T21:28:37.7608131Z,-0.338360,0.574939,0.004808,-0.580700,0.483924,-0.039289,7.81,gru,0.242340,0.091015,0.044096
2026-04-03T21:28:37.7815997Z,-0.339454,0.575285,0.005676,-0.592418,0.459043,-0.041751,7.62,gru,0.252964,0.116242,0.047427
2026-04-03T21:28:37.8203876Z,-0.337701,0.573362,0.005215,-0.582605,0.412088,-0.050463,8.79,gru,0.244904,0.161274,0.055678
2026-04-03T21:28:37.8553851Z,-0.340062,0.574189,0.005592,-0.586443,0.451906,-0.042994,7.15,gru,0.246382,0.122283,0.048586
2026-04-03T21:28:37.8902729Z,-0.325309,0.572095,0.002940,-0.582624,0.452377,-0.048106,7.43,gru,0.257315,0.119718,0.051046
2026-04-03T21:28:37.9335223Z,-0.325112,0.571877,0.002790,-0.586627,0.452236,-0.049094,7.54,gru,0.261514,0.119642,0.051884
2026-04-03T21:28:37.9528321Z,-0.324549,0.571456,0.002201,-0.575703,0.472920,-0.039324,5.72,gru,0.251154,0.098536,0.041525
2026-04-03T21:28:37.9903084Z,-0.325113,0.570398,0.003329,-0.573377,0.470295,-0.038656,8.06,gru,0.248264,0.100103,0.041985
2026-04-03T21:28:38.0241104Z,-0.338345,0.573480,0.005487,-0.579228,0.485431,-0.030296,7.68,gru,0.240883,0.088049,0.035783
2026-04-03T21:28:38.0610121Z,-0.338095,0.573189,0.005799,-0.582024,0.446196,-0.042071,7.28,gru,0.243929,0.126993,0.047870
2026-04-03T21:28:38.0949230Z,-0.337944,0.572418,0.005523,-0.581933,0.451775,-0.043666,6.54,gru,0.243989,0.120643,0.049190
2026-04-03T21:28:38.1185612Z,-0.339692,0.575311,0.006091,-0.583769,0.469413,-0.036802,7.27,gru,0.244077,0.105897,0.042893
2026-04-03T21:28:38.1510267Z,-0.338673,0.572675,0.005836,-0.585638,0.438597,-0.043603,5.62,gru,0.246965,0.134078,0.049439
2026-04-03T21:28:38.1901931Z,-0.337844,0.572349,0.005712,-0.586975,0.457568,-0.040720,7.67,gru,0.249132,0.114781,0.046432
2026-04-03T21:28:38.2281616Z,-0.337543,0.572101,0.005757,-0.587685,0.461780,-0.039230,6.01,gru,0.250141,0.110321,0.044988
2026-04-03T21:28:38.2638320Z,-0.338567,0.573667,0.006059,-0.587666,0.463355,-0.038602,6.46,gru,0.249099,0.110312,0.044662
2026-04-03T21:28:38.3024861Z,-0.325214,0.571639,0.002840,-0.585684,0.445481,-0.049211,6.63,gru,0.260470,0.126158,0.052051
2026-04-03T21:28:38.3448193Z,-0.324740,0.571720,0.002785,-0.579853,0.454531,-0.043919,6.94,gru,0.255113,0.117189,0.046704
2026-04-03T21:28:38.3810667Z,-0.339943,0.575154,0.005525,-0.580131,0.487377,-0.024865,6.48,gru,0.240188,0.087777,0.030390
2026-04-03T21:28:38.4156041Z,-0.325820,0.572939,0.003066,-0.582462,0.447019,-0.045492,6.56,gru,0.256641,0.125921,0.048558
2026-04-03T21:28:38.4503194Z,-0.324988,0.572395,0.002832,-0.576669,0.456223,-0.045217,8.14,gru,0.251682,0.116172,0.048049
2026-04-03T21:28:38.4830069Z,-0.327026,0.574327,0.002758,-0.576838,0.476304,-0.036143,6.30,gru,0.249812,0.098023,0.038901
2026-04-03T21:28:38.5245409Z,-0.327530,0.572214,0.004230,-0.577078,0.457161,-0.038264,7.42,gru,0.249548,0.115054,0.042494
2026-04-03T21:28:38.5565660Z,-0.323773,0.571588,0.002306,-0.577662,0.438807,-0.047915,7.97,gru,0.253889,0.132781,0.050221
2026-04-03T21:28:38.5894439Z,-0.338917,0.575119,0.005219,-0.582535,0.462479,-0.035331,7.53,gru,0.243618,0.112640,0.040550
2026-04-03T21:28:38.6206445Z,-0.338259,0.572086,0.006173,-0.586205,0.434889,-0.040262,6.52,gru,0.247946,0.137197,0.046435
2026-04-03T21:28:38.6596795Z,-0.337568,0.571955,0.005926,-0.583362,0.430602,-0.044139,7.75,gru,0.245795,0.141353,0.050065
2026-04-03T21:28:38.6927479Z,-0.339453,0.572030,0.006007,-0.584181,0.463849,-0.037314,6.29,gru,0.244728,0.108181,0.043321
2026-04-03T21:28:38.7141536Z,-0.325101,0.574436,0.002189,-0.582422,0.450285,-0.049797,5.75,gru,0.257321,0.124151,0.051987
2026-04-03T21:28:38.7583094Z,-0.323567,0.570875,0.002741,-0.578984,0.449515,-0.043886,7.36,gru,0.255417,0.121361,0.046627
2026-04-03T21:28:38.7882396Z,-0.324635,0.572674,0.002199,-0.576334,0.471362,-0.038137,6.01,gru,0.251698,0.101311,0.040336
2026-04-03T21:28:38.8213206Z,-0.326342,0.572364,0.003181,-0.581013,0.452742,-0.041744,7.76,gru,0.254670,0.119621,0.044925
2026-04-03T21:28:38.8541964Z,-0.325231,0.574231,0.001675,-0.576845,0.453814,-0.044590,6.14,gru,0.251614,0.120417,0.046266
2026-04-03T21:28:38.8872202Z,-0.338779,0.572552,0.006284,-0.575761,0.464847,-0.028084,6.38,gru,0.236982,0.107704,0.034368
2026-04-03T21:28:38.9170786Z,-0.326223,0.572392,0.003379,-0.576534,0.447235,-0.043760,7.36,gru,0.250311,0.125157,0.047138
2026-04-03T21:28:38.9512601Z,-0.323947,0.571926,0.002390,-0.579559,0.435874,-0.051653,7.86,gru,0.255612,0.136052,0.054043
2026-04-03T21:28:38.9823295Z,-0.338236,0.572866,0.005589,-0.579719,0.468200,-0.025936,5.97,gru,0.241483,0.104666,0.031524
2026-04-03T21:28:39.0152328Z,-0.337973,0.574984,0.004436,-0.582511,0.463974,-0.039195,5.46,gru,0.244538,0.111010,0.043631
2026-04-03T21:28:39.0472896Z,-0.340446,0.573532,0.006446,-0.588492,0.439278,-0.042273,6.73,gru,0.248046,0.134254,0.048720
2026-04-03T21:28:39.0854774Z,-0.335893,0.571608,0.004917,-0.586393,0.441305,-0.044832,8.98,gru,0.250500,0.130302,0.049749
2026-04-03T21:28:39.1201289Z,-0.339354,0.574422,0.005853,-0.588292,0.459623,-0.041393,6.18,gru,0.248938,0.114799,0.047246
2026-04-03T21:28:39.1627554Z,-0.337923,0.573109,0.005522,-0.586524,0.445107,-0.041382,7.98,gru,0.248600,0.128002,0.046904
2026-04-03T21:28:39.1889123Z,-0.325334,0.572457,0.002465,-0.585563,0.429382,-0.053620,6.97,gru,0.260228,0.143075,0.056085
2026-04-03T21:28:39.2319576Z,-0.338378,0.573502,0.005729,-0.585890,0.476508,-0.030359,9.42,gru,0.247512,0.096994,0.036088
2026-04-03T21:28:39.2591964Z,-0.338259,0.573623,0.005404,-0.585574,0.457860,-0.036785,7.38,gru,0.247315,0.115763,0.042189
2026-04-03T21:28:39.3000993Z,-0.338874,0.573183,0.006118,-0.582987,0.447020,-0.039820,9.96,gru,0.244113,0.126162,0.045938
2026-04-03T21:28:39.3269454Z,-0.325007,0.570669,0.003542,-0.583281,0.443248,-0.046970,10.13,gru,0.258274,0.127421,0.050512
2026-04-03T21:28:39.3633215Z,-0.337307,0.572258,0.005267,-0.586999,0.464871,-0.037716,9.17,gru,0.249692,0.107387,0.042983
2026-04-03T21:28:39.3889164Z,-0.341413,0.575766,0.006076,-0.585614,0.456400,-0.036306,9.57,gru,0.244201,0.119365,0.042382
2026-04-03T21:28:39.4333301Z,-0.338071,0.572907,0.005738,-0.591140,0.431658,-0.045845,9.56,gru,0.253070,0.141249,0.051583
2026-04-03T21:28:39.4605143Z,-0.338531,0.573813,0.005697,-0.591435,0.445272,-0.044145,9.01,gru,0.252904,0.128540,0.049842
2026-04-03T21:28:39.5026901Z,-0.338396,0.574608,0.004984,-0.589293,0.459111,-0.043329,7.27,gru,0.250897,0.115498,0.048313
2026-04-03T21:28:39.5243186Z,-0.324381,0.572617,0.001906,-0.582187,0.444008,-0.049000,7.13,gru,0.257806,0.128609,0.050906
2026-04-03T21:28:39.5691153Z,-0.325004,0.573535,0.002141,-0.584698,0.445449,-0.047070,6.15,gru,0.259694,0.128086,0.049210
2026-04-03T21:28:39.6114881Z,-0.325137,0.572956,0.003274,-0.583812,0.445644,-0.041771,6.45,gru,0.258675,0.127312,0.045044
2026-04-03T21:28:39.6584145Z,-0.324229,0.575930,0.001878,-0.575719,0.456421,-0.044695,6.70,gru,0.251490,0.119508,0.046573
2026-04-03T21:28:39.6943574Z,-0.336325,0.575678,0.005132,-0.579859,0.471565,-0.032464,5.82,gru,0.243533,0.104113,0.037596
2026-04-03T21:28:39.7210984Z,-0.337905,0.577273,0.004911,-0.578515,0.460896,-0.036838,7.18,gru,0.240610,0.116376,0.041749
2026-04-03T21:28:39.7604036Z,-0.294234,0.569812,-0.002892,-0.579789,0.417807,-0.058945,6.61,gru,0.285555,0.152006,0.056053
2026-04-03T21:28:39.7803531Z,-0.310747,0.571197,0.000354,-0.566488,0.484928,-0.029553,8.91,gru,0.255741,0.086269,0.029906
2026-04-03T21:28:39.8153476Z,-0.298227,0.570633,-0.002005,-0.566460,0.462772,-0.043118,6.97,gru,0.268234,0.107861,0.041113
2026-04-03T21:28:39.8558020Z,-0.312257,0.573235,0.000253,-0.571583,0.442098,-0.045695,6.21,gru,0.259326,0.131137,0.045948
2026-04-03T21:28:39.8957834Z,-0.334084,0.576596,0.005167,-0.574495,0.488491,-0.019089,6.18,gru,0.240410,0.088105,0.024256
2026-04-03T21:28:39.9334547Z,-0.318871,0.575060,0.001579,-0.570967,0.445088,-0.043396,6.17,gru,0.252097,0.129972,0.044975
2026-04-03T21:28:39.9712609Z,-0.334292,0.576634,0.004731,-0.572037,0.467998,-0.033866,6.84,gru,0.237745,0.108636,0.038598
2026-04-03T21:28:40.0019522Z,-0.333752,0.576419,0.004641,-0.573132,0.453807,-0.035479,5.58,gru,0.239380,0.122611,0.040120
2026-04-03T21:28:40.0261122Z,-0.320823,0.575608,0.002106,-0.574877,0.439958,-0.047529,8.58,gru,0.254054,0.135650,0.049634
2026-04-03T21:28:40.0588327Z,-0.318881,0.574601,0.001431,-0.573179,0.468000,-0.042773,6.12,gru,0.254298,0.106600,0.044204
2026-04-03T21:28:40.1019301Z,-0.335335,0.576036,0.005464,-0.579087,0.477421,-0.023765,7.71,gru,0.243752,0.098615,0.029229
2026-04-03T21:28:40.1231008Z,-0.321782,0.576729,0.002099,-0.575835,0.452450,-0.044576,7.46,gru,0.254053,0.124279,0.046674
2026-04-03T21:28:40.1559057Z,-0.321047,0.575971,0.002564,-0.577149,0.453283,-0.046615,7.55,gru,0.256102,0.122688,0.049179
2026-04-03T21:28:40.1898971Z,-0.335950,0.577072,0.005228,-0.575746,0.472476,-0.026798,7.15,gru,0.239796,0.104596,0.032025
2026-04-03T21:28:40.2207505Z,-0.335835,0.577380,0.004945,-0.577694,0.447801,-0.041510,7.62,gru,0.241859,0.129580,0.046455
2026-04-03T21:28:40.2578366Z,-0.335749,0.577636,0.004803,-0.580399,0.442361,-0.044657,7.22,gru,0.244650,0.135275,0.049460
2026-04-03T21:28:40.2899736Z,-0.335756,0.575692,0.005622,-0.579265,0.461481,-0.039921,7.80,gru,0.243509,0.114210,0.045543
2026-04-03T21:28:40.3266950Z,-0.335404,0.576209,0.005267,-0.576278,0.475847,-0.037260,7.25,gru,0.240874,0.100362,0.042527
2026-04-03T21:28:40.3578937Z,-0.323811,0.576342,0.001901,-0.578813,0.463608,-0.048846,6.59,gru,0.255001,0.112734,0.050747
2026-04-03T21:28:40.3927586Z,-0.334766,0.577772,0.004906,-0.576352,0.439556,-0.041677,6.49,gru,0.241586,0.138217,0.046583
2026-04-03T21:28:40.4317411Z,-0.335923,0.576761,0.005149,-0.584815,0.435545,-0.043405,8.96,gru,0.248892,0.141216,0.048554
2026-04-03T21:28:40.4705230Z,-0.323347,0.575238,0.002561,-0.578650,0.411488,-0.057483,8.35,gru,0.255303,0.163750,0.060044
2026-04-03T21:28:40.4930072Z,-0.325094,0.575904,0.003206,-0.575385,0.451085,-0.044780,9.77,gru,0.250291,0.124819,0.047987
2026-04-03T21:28:40.5325713Z,-0.325639,0.576164,0.002950,-0.575858,0.472787,-0.039278,7.57,gru,0.250219,0.103377,0.042228
2026-04-03T21:28:40.5558088Z,-0.323689,0.577147,0.002057,-0.575330,0.450850,-0.048516,8.60,gru,0.251641,0.126297,0.050572
2026-04-03T21:28:40.5902731Z,-0.335532,0.578875,0.005128,-0.571196,0.483932,-0.030153,7.70,gru,0.235664,0.094944,0.035281
2026-04-03T21:28:40.6354731Z,-0.325868,0.576678,0.002887,-0.574750,0.457151,-0.044779,8.71,gru,0.248883,0.119527,0.047666
2026-04-03T21:28:40.6622285Z,-0.334982,0.578106,0.005067,-0.580213,0.458557,-0.041599,8.98,gru,0.245231,0.119549,0.046666
2026-04-03T21:28:40.7079009Z,-0.333143,0.576615,0.004650,-0.574998,0.450867,-0.045937,8.41,gru,0.241856,0.125749,0.050587
2026-04-03T21:28:40.7707604Z,-0.325443,0.575181,0.003017,-0.579250,0.454794,-0.046424,8.15,gru,0.253807,0.120387,0.049441
2026-04-03T21:28:40.7973613Z,-0.332834,0.576702,0.004034,-0.576472,0.461354,-0.042133,9.08,gru,0.243638,0.115348,0.046167
2026-04-03T21:28:40.8209208Z,-0.336782,0.577558,0.005518,-0.577350,0.480324,-0.032412,8.77,gru,0.240568,0.097234,0.037931
2026-04-03T21:28:40.8671216Z,-0.326325,0.576793,0.002587,-0.577517,0.460052,-0.046749,11.17,gru,0.251192,0.116742,0.049336
2026-04-03T21:28:40.8904569Z,-0.324610,0.576096,0.002784,-0.572682,0.472134,-0.042607,9.19,gru,0.248073,0.103962,0.045391
2026-04-03T21:28:40.9369658Z,-0.335051,0.577940,0.004223,-0.573697,0.487174,-0.029427,10.58,gru,0.238646,0.090766,0.033650
2026-04-03T21:28:40.9651673Z,-0.338071,0.577458,0.005393,-0.579849,0.465210,-0.036727,9.68,gru,0.241778,0.112248,0.042119
2026-04-03T21:28:40.9897279Z,-0.326277,0.576487,0.003400,-0.580630,0.445390,-0.049064,9.89,gru,0.254353,0.131096,0.052464
2026-04-03T21:28:41.0344010Z,-0.326352,0.574078,0.004230,-0.574747,0.473489,-0.039224,8.20,gru,0.248395,0.100590,0.043454
2026-04-03T21:28:41.0748770Z,-0.324861,0.577593,0.002161,-0.573025,0.481680,-0.041119,8.73,gru,0.248164,0.095913,0.043280
2026-04-03T21:28:41.1221984Z,-0.337590,0.577219,0.006110,-0.579601,0.465509,-0.033735,9.54,gru,0.242011,0.111711,0.039845
2026-04-03T21:28:41.1800917Z,-0.326229,0.576807,0.002751,-0.577940,0.448888,-0.047224,8.30,gru,0.251711,0.127919,0.049974
2026-04-03T21:28:41.2272926Z,-0.335161,0.576317,0.004533,-0.580630,0.462293,-0.042271,8.19,gru,0.245468,0.114023,0.046804
2026-04-03T21:28:41.3151764Z,-0.325835,0.576760,0.002655,-0.577122,0.464577,-0.044000,10.14,gru,0.251287,0.112183,0.046655
2026-04-03T21:28:41.3673400Z,-0.323650,0.575179,0.002130,-0.572553,0.468420,-0.044706,14.69,gru,0.248904,0.106759,0.046835
2026-04-03T21:28:41.4044029Z,-0.336220,0.576101,0.005516,-0.579298,0.479810,-0.028352,11.18,gru,0.243078,0.096291,0.033868
2026-04-03T21:28:41.4358775Z,-0.337324,0.575133,0.005724,-0.577954,0.469723,-0.036454,9.30,gru,0.240630,0.105411,0.042178
2026-04-03T21:28:41.4616872Z,-0.324354,0.573628,0.002915,-0.578056,0.444483,-0.049446,9.10,gru,0.253702,0.129145,0.052361
2026-04-03T21:28:41.4959813Z,-0.325655,0.573894,0.003747,-0.578067,0.469243,-0.039630,11.42,gru,0.252412,0.104651,0.043377
2026-04-03T21:28:41.5419239Z,-0.338340,0.577061,0.005156,-0.582524,0.478683,-0.032106,8.67,gru,0.244184,0.098377,0.037262
2026-04-03T21:28:41.5753966Z,-0.336041,0.576334,0.004775,-0.578393,0.463536,-0.039878,11.01,gru,0.242352,0.112798,0.044653
2026-04-03T21:28:41.6224169Z,-0.338415,0.576318,0.005732,-0.579515,0.468046,-0.038094,10.22,gru,0.241101,0.108271,0.043826
2026-04-03T21:28:41.6678498Z,-0.325414,0.576216,0.002526,-0.582907,0.453937,-0.050622,9.85,gru,0.257493,0.122278,0.053148
2026-04-03T21:28:41.6959787Z,-0.335848,0.575945,0.005071,-0.583817,0.468416,-0.036905,10.32,gru,0.247968,0.107529,0.041976
2026-04-03T21:28:41.7362699Z,-0.339964,0.577037,0.005785,-0.580455,0.483176,-0.031527,11.28,gru,0.240491,0.093861,0.037312
2026-04-03T21:28:41.7605598Z,-0.336504,0.575910,0.005625,-0.582608,0.462806,-0.040564,7.95,gru,0.246104,0.113104,0.046189
2026-04-03T21:28:41.7872288Z,-0.337362,0.576101,0.006161,-0.584803,0.460870,-0.040120,8.81,gru,0.247441,0.115231,0.046281
2026-04-03T21:28:41.8356532Z,-0.335320,0.576954,0.005296,-0.581837,0.458744,-0.042199,9.16,gru,0.246518,0.118210,0.047495
2026-04-03T21:28:41.8610765Z,-0.337210,0.574203,0.005812,-0.583144,0.461765,-0.040586,9.64,gru,0.245934,0.112438,0.046398
2026-04-03T21:28:41.8968650Z,-0.337545,0.576021,0.005062,-0.582196,0.474476,-0.038810,8.70,gru,0.244651,0.101545,0.043872
2026-04-03T21:28:41.9261434Z,-0.339417,0.577135,0.005142,-0.583261,0.468087,-0.041461,9.39,gru,0.243844,0.109048,0.046603
2026-04-03T21:28:41.9747316Z,-0.332908,0.574075,0.004444,-0.581770,0.457364,-0.042876,19.50,gru,0.248862,0.116711,0.047320
2026-04-03T21:28:42.0126663Z,-0.337056,0.576260,0.006109,-0.587437,0.462715,-0.039799,9.98,gru,0.250381,0.113545,0.045909
2026-04-03T21:28:42.0722162Z,-0.321253,0.572317,0.003320,-0.582372,0.442295,-0.050898,13.66,gru,0.261119,0.130022,0.054218
2026-04-03T21:28:42.1102436Z,-0.337854,0.576782,0.005389,-0.577878,0.488243,-0.032220,13.65,gru,0.240025,0.088539,0.037609
2026-04-03T21:28:42.1356597Z,-0.336186,0.574492,0.005724,-0.579669,0.468047,-0.034489,8.66,gru,0.243483,0.106445,0.040212
2026-04-03T21:28:42.1632236Z,-0.334347,0.574689,0.004855,-0.584898,0.437419,-0.046737,9.71,gru,0.250552,0.137270,0.051592
2026-04-03T21:28:42.1913955Z,-0.338490,0.576569,0.005923,-0.584016,0.466157,-0.037666,10.18,gru,0.245525,0.110411,0.043589
2026-04-03T21:28:42.2408303Z,-0.321312,0.574376,0.002191,-0.577547,0.458889,-0.048664,9.89,gru,0.256235,0.115487,0.050855
2026-04-03T21:28:42.2669635Z,-0.320513,0.575613,0.001938,-0.572675,0.469309,-0.044488,10.11,gru,0.252162,0.106304,0.046425
2026-04-03T21:28:42.2975673Z,-0.336764,0.576548,0.005188,-0.578690,0.491125,-0.022719,9.71,gru,0.241926,0.085423,0.027906
2026-04-03T21:28:42.3240894Z,-0.333834,0.576255,0.004394,-0.582532,0.450376,-0.042836,9.17,gru,0.248697,0.125879,0.047230
2026-04-03T21:28:42.3794292Z,-0.322871,0.573649,0.003206,-0.577410,0.447705,-0.046464,12.47,gru,0.254539,0.125944,0.049670
2026-04-03T21:28:42.4312613Z,-0.338888,0.577696,0.005423,-0.579086,0.498799,-0.025915,9.24,gru,0.240198,0.078897,0.031338
2026-04-03T21:28:42.4569032Z,-0.339140,0.575931,0.006952,-0.576396,0.470754,-0.031649,10.08,gru,0.237256,0.105177,0.038601
2026-04-03T21:28:42.4954366Z,-0.322063,0.577269,0.001731,-0.576616,0.453365,-0.048233,8.51,gru,0.254553,0.123904,0.049963
2026-04-03T21:28:42.5203135Z,-0.321320,0.576197,0.001102,-0.572993,0.474539,-0.044353,8.31,gru,0.251673,0.101658,0.045455
2026-04-03T21:28:42.5625826Z,-0.323172,0.573945,0.002282,-0.575007,0.466823,-0.033604,8.67,gru,0.251835,0.107121,0.035886
2026-04-03T21:28:42.5871649Z,-0.322737,0.576080,0.002367,-0.575183,0.465939,-0.040818,6.65,gru,0.252446,0.110141,0.043184
2026-04-03T21:28:42.6401241Z,-0.338771,0.577093,0.005486,-0.577123,0.484321,-0.029609,9.97,gru,0.238352,0.092772,0.035094
2026-04-03T21:28:42.6675125Z,-0.336401,0.574961,0.005812,-0.577969,0.454161,-0.038042,9.25,gru,0.241567,0.120800,0.043855
2026-04-03T21:28:42.6930142Z,-0.336716,0.577204,0.004768,-0.576361,0.464051,-0.041329,8.43,gru,0.239645,0.113153,0.046097
2026-04-03T21:28:42.7223566Z,-0.337298,0.575370,0.006055,-0.576681,0.453463,-0.037596,10.37,gru,0.239383,0.121908,0.043651
2026-04-03T21:28:42.7728404Z,-0.316908,0.573913,0.001141,-0.576524,0.453019,-0.051059,10.04,gru,0.259617,0.120894,0.052199
2026-04-03T21:28:42.8060555Z,-0.337972,0.577004,0.005009,-0.581429,0.487029,-0.028407,9.16,gru,0.243457,0.089975,0.033417
2026-04-03T21:28:42.8342139Z,-0.321891,0.576310,0.001943,-0.574488,0.459622,-0.044357,9.13,gru,0.252598,0.116689,0.046300
2026-04-03T21:28:42.8605216Z,-0.321278,0.573228,0.002579,-0.575697,0.452420,-0.045636,8.62,gru,0.254419,0.120808,0.048215
2026-04-03T21:28:42.8869104Z,-0.335157,0.575878,0.005177,-0.583662,0.474538,-0.028713,9.91,gru,0.248505,0.101341,0.033890
2026-04-03T21:28:42.9353931Z,-0.338585,0.576471,0.005746,-0.577667,0.458882,-0.039068,8.19,gru,0.239082,0.117589,0.044814
2026-04-03T21:28:42.9628405Z,-0.336579,0.575770,0.005165,-0.575615,0.462791,-0.039887,7.45,gru,0.239036,0.112979,0.045051
2026-04-03T21:28:42.9873498Z,-0.325086,0.574368,0.002823,-0.579862,0.452737,-0.048283,8.23,gru,0.254777,0.121631,0.051105
2026-04-03T21:28:43.0359824Z,-0.337795,0.576699,0.005045,-0.580617,0.472437,-0.033686,9.09,gru,0.242822,0.104262,0.038731
2026-04-03T21:28:43.0644790Z,-0.337628,0.575683,0.005283,-0.578960,0.480027,-0.033889,8.56,gru,0.241332,0.095657,0.039172
2026-04-03T21:28:43.0872365Z,-0.326843,0.574398,0.004051,-0.579192,0.453881,-0.043655,9.04,gru,0.252349,0.120516,0.047706
2026-04-03T21:28:43.1250980Z,-0.322424,0.576420,0.001493,-0.581533,0.465144,-0.050823,9.23,gru,0.259109,0.111276,0.052316
2026-04-03T21:28:43.1659962Z,-0.325581,0.576415,0.002292,-0.582478,0.463487,-0.042759,7.44,gru,0.256897,0.112927,0.045052
2026-04-03T21:28:43.1922606Z,-0.326888,0.575495,0.003868,-0.577784,0.445985,-0.040716,8.72,gru,0.250896,0.129511,0.044583
2026-04-03T21:28:43.2270025Z,-0.338158,0.575461,0.005506,-0.579952,0.463135,-0.037662,6.66,gru,0.241795,0.112325,0.043168
2026-04-03T21:28:43.2533895Z,-0.324889,0.575036,0.002614,-0.575451,0.460114,-0.045449,8.37,gru,0.250562,0.114921,0.048063
2026-04-03T21:28:43.3002944Z,-0.338641,0.576118,0.005683,-0.574261,0.477999,-0.030842,7.45,gru,0.235619,0.098119,0.036525
2026-04-03T21:28:43.3240230Z,-0.325736,0.576079,0.002410,-0.574137,0.470423,-0.043292,10.11,gru,0.248401,0.105656,0.045703
2026-04-03T21:28:43.3656267Z,-0.324947,0.575271,0.002483,-0.577853,0.455112,-0.046305,8.32,gru,0.252907,0.120159,0.048788
2026-04-03T21:28:43.3911567Z,-0.325960,0.574313,0.003569,-0.577961,0.456972,-0.038875,9.62,gru,0.252001,0.117341,0.042445
2026-04-03T21:28:43.4368670Z,-0.337291,0.574867,0.005418,-0.576922,0.477751,-0.032752,8.40,gru,0.239631,0.097116,0.038170
2026-04-03T21:28:43.4616373Z,-0.340266,0.576552,0.006208,-0.585288,0.456992,-0.040320,9.62,gru,0.245022,0.119560,0.046528
2026-04-03T21:28:43.4909407Z,-0.326253,0.575851,0.002989,-0.583198,0.434268,-0.052064,10.43,gru,0.256946,0.141583,0.055053
2026-04-03T21:28:43.5332481Z,-0.336661,0.577305,0.004051,-0.577193,0.483230,-0.034937,10.45,gru,0.240532,0.094075,0.038988
2026-04-03T21:28:43.5596865Z,-0.339956,0.577346,0.005314,-0.577249,0.482295,-0.030235,12.07,gru,0.237293,0.095051,0.035549
2026-04-03T21:28:43.5976170Z,-0.338454,0.575508,0.005747,-0.585340,0.451521,-0.040166,9.81,gru,0.246886,0.123986,0.045914
2026-04-03T21:28:43.6395949Z,-0.325389,0.573191,0.003676,-0.584232,0.440164,-0.049829,8.76,gru,0.258843,0.133027,0.053505
2026-04-03T21:28:43.6695058Z,-0.340617,0.576655,0.006168,-0.585408,0.493013,-0.028901,9.51,gru,0.244791,0.083642,0.035070
2026-04-03T21:28:43.6953034Z,-0.325412,0.575804,0.002356,-0.578957,0.461346,-0.045888,10.62,gru,0.253545,0.114458,0.048244
2026-04-03T21:28:43.7274409Z,-0.339203,0.576779,0.006007,-0.582979,0.459045,-0.037253,9.39,gru,0.243775,0.117733,0.043260
2026-04-03T21:28:43.7556173Z,-0.337285,0.575917,0.005272,-0.586119,0.462803,-0.039675,8.80,gru,0.248834,0.113113,0.044948
2026-04-03T21:28:43.8030844Z,-0.324972,0.574308,0.003102,-0.583968,0.443257,-0.050935,8.72,gru,0.258996,0.131051,0.054037
2026-04-03T21:28:43.8335949Z,-0.325927,0.575417,0.003369,-0.577382,0.468585,-0.040048,10.55,gru,0.251455,0.106832,0.043418
2026-04-03T21:28:43.8669832Z,-0.339888,0.576249,0.005527,-0.582682,0.483045,-0.028990,10.39,gru,0.242794,0.093205,0.034517
2026-04-03T21:28:43.9085197Z,-0.336661,0.576760,0.004229,-0.584740,0.452133,-0.044046,12.51,gru,0.248079,0.124627,0.048275
2026-04-03T21:28:43.9754384Z,-0.325813,0.575432,0.002912,-0.577450,0.455602,-0.046062,7.81,gru,0.251636,0.119830,0.048974
2026-04-03T21:28:44.0385233Z,-0.338349,0.574520,0.005877,-0.584782,0.472828,-0.030661,12.84,gru,0.246433,0.101692,0.036539
2026-04-03T21:28:44.0694986Z,-0.337743,0.574829,0.005800,-0.586296,0.456530,-0.040132,9.82,gru,0.248553,0.118299,0.045932
2026-04-03T21:28:44.1037499Z,-0.338549,0.576109,0.005479,-0.585723,0.450395,-0.043922,12.39,gru,0.247174,0.125714,0.049400
2026-04-03T21:28:44.1385906Z,-0.326146,0.574143,0.003505,-0.577788,0.456285,-0.045089,10.97,gru,0.251642,0.117858,0.048594
2026-04-03T21:28:44.1725458Z,-0.337947,0.574690,0.005488,-0.583619,0.479600,-0.032136,9.40,gru,0.245671,0.095089,0.037623
2026-04-03T21:28:44.2034474Z,-0.326675,0.575105,0.003616,-0.582802,0.454642,-0.045813,9.82,gru,0.256127,0.120462,0.049430
2026-04-03T21:28:44.2268218Z,-0.326006,0.575596,0.002511,-0.578847,0.465353,-0.046472,8.56,gru,0.252841,0.110243,0.048983
2026-04-03T21:28:44.2543686Z,-0.326693,0.576272,0.003111,-0.577171,0.482652,-0.036464,9.44,gru,0.250477,0.093620,0.039574
2026-04-03T21:28:44.2998387Z,-0.324395,0.574230,0.002289,-0.576000,0.457889,-0.043476,8.54,gru,0.251605,0.116342,0.045765
2026-04-03T21:28:44.3245480Z,-0.338599,0.574611,0.006076,-0.577098,0.462746,-0.030818,10.29,gru,0.238498,0.111865,0.036894
2026-04-03T21:28:44.3764967Z,-0.324457,0.575295,0.002862,-0.577313,0.459685,-0.044755,8.61,gru,0.252856,0.115610,0.047616
2026-04-03T21:28:44.4269684Z,-0.337355,0.574468,0.005705,-0.580970,0.463110,-0.038608,8.60,gru,0.243615,0.111358,0.044314
2026-04-03T21:28:44.4693883Z,-0.338191,0.576577,0.005390,-0.573873,0.486595,-0.030985,8.98,gru,0.235682,0.089982,0.036375
2026-04-03T21:28:44.4930437Z,-0.337916,0.575347,0.005575,-0.581510,0.457418,-0.040448,8.70,gru,0.243594,0.117929,0.046023
2026-04-03T21:28:44.5309199Z,-0.338207,0.574951,0.005934,-0.586445,0.451403,-0.041074,8.66,gru,0.248238,0.123548,0.047008
2026-04-03T21:28:44.5751951Z,-0.338840,0.574142,0.006464,-0.585025,0.458951,-0.039910,7.08,gru,0.246185,0.115191,0.046374
2026-04-03T21:28:44.6217912Z,-0.336790,0.576420,0.004572,-0.580103,0.473477,-0.040738,9.57,gru,0.243313,0.102943,0.045310
2026-04-03T21:28:44.6587092Z,-0.337946,0.575165,0.005794,-0.587183,0.464829,-0.039498,9.00,gru,0.249237,0.110336,0.045292
2026-04-03T21:28:44.7076627Z,-0.337978,0.574697,0.005682,-0.586898,0.454485,-0.041369,8.11,gru,0.248920,0.120213,0.047051
2026-04-03T21:28:44.7623718Z,-0.336668,0.575980,0.004601,-0.581765,0.465177,-0.041930,10.73,gru,0.245098,0.110802,0.046531
2026-04-03T21:28:44.7971553Z,-0.339583,0.575800,0.005669,-0.582249,0.468809,-0.036027,12.69,gru,0.242666,0.106990,0.041696
2026-04-03T21:28:44.8320160Z,-0.325286,0.574222,0.003453,-0.581347,0.453807,-0.046696,11.86,gru,0.256061,0.120416,0.050149
2026-04-03T21:28:44.8666056Z,-0.325670,0.575772,0.002603,-0.580324,0.458369,-0.047307,13.55,gru,0.254654,0.117403,0.049910
2026-04-03T21:28:44.8968392Z,-0.325464,0.576062,0.001818,-0.575220,0.472887,-0.040041,10.23,gru,0.249756,0.103174,0.041859
2026-04-03T21:28:44.9290956Z,-0.326185,0.574056,0.003405,-0.577192,0.451070,-0.042219,9.53,gru,0.251007,0.122986,0.045624
2026-04-03T21:28:44.9533734Z,-0.325540,0.575278,0.002272,-0.578097,0.456913,-0.045686,7.00,gru,0.252556,0.118365,0.047958
2026-04-03T21:28:45.0023179Z,-0.337114,0.574974,0.005285,-0.580174,0.468522,-0.035453,8.44,gru,0.243060,0.106452,0.040738
2026-04-03T21:28:45.0672778Z,-0.338067,0.575431,0.005316,-0.579241,0.453758,-0.039372,9.62,gru,0.241174,0.121673,0.044688
2026-04-03T21:28:45.0892645Z,-0.337676,0.575342,0.005235,-0.579214,0.458037,-0.040632,8.55,gru,0.241538,0.117305,0.045867
2026-04-03T21:28:45.1323396Z,-0.325591,0.575113,0.002566,-0.579926,0.448265,-0.049996,9.01,gru,0.254335,0.126848,0.052561
2026-04-03T21:28:45.1561513Z,-0.338721,0.576179,0.005336,-0.580157,0.478205,-0.030695,7.25,gru,0.241436,0.097974,0.036031
2026-04-03T21:28:45.2016982Z,-0.338338,0.575253,0.005850,-0.582478,0.470231,-0.034266,7.40,gru,0.244140,0.105022,0.040116
2026-04-03T21:28:45.2302477Z,-0.325763,0.574265,0.002885,-0.582551,0.447719,-0.047610,8.64,gru,0.256789,0.126546,0.050495
2026-04-03T21:28:45.2529286Z,-0.326125,0.575333,0.002584,-0.579468,0.470294,-0.041673,7.29,gru,0.253343,0.105039,0.044258
2026-04-03T21:28:45.2963261Z,-0.336854,0.574234,0.005084,-0.578838,0.476355,-0.027551,9.91,gru,0.241984,0.097879,0.032636
2026-04-03T21:28:45.3178482Z,-0.328788,0.576326,0.002451,-0.579748,0.459890,-0.044767,8.23,gru,0.250960,0.116436,0.047218
2026-04-03T21:28:45.3566055Z,-0.337872,0.573222,0.006103,-0.580201,0.462777,-0.034367,8.51,gru,0.242330,0.110445,0.040470
2026-04-03T21:28:45.3989246Z,-0.337711,0.574370,0.005593,-0.581596,0.468034,-0.035679,8.44,gru,0.243885,0.106336,0.041272
2026-04-03T21:28:45.4228783Z,-0.329234,0.575071,0.003382,-0.578918,0.461713,-0.046081,8.66,gru,0.249684,0.113359,0.049463
2026-04-03T21:28:45.4548059Z,-0.336261,0.574724,0.004884,-0.581318,0.475192,-0.033819,8.12,gru,0.245057,0.099532,0.038703
2026-04-03T21:28:45.4966564Z,-0.329217,0.574425,0.003434,-0.582337,0.449963,-0.045997,8.48,gru,0.253120,0.124461,0.049432
2026-04-03T21:28:45.5243494Z,-0.337747,0.574314,0.005343,-0.585533,0.459798,-0.040308,10.76,gru,0.247786,0.114516,0.045651
2026-04-03T21:28:45.5768551Z,-0.327814,0.571975,0.003306,-0.583631,0.447559,-0.047448,7.93,gru,0.255817,0.124416,0.050753
2026-04-03T21:28:45.6244481Z,-0.329432,0.573749,0.003708,-0.583214,0.449708,-0.046283,10.56,gru,0.253781,0.124040,0.049991
2026-04-03T21:28:45.6697126Z,-0.339635,0.575107,0.005672,-0.586181,0.468459,-0.035047,7.17,gru,0.246546,0.106649,0.040719
2026-04-03T21:28:45.7308484Z,-0.336361,0.575121,0.004778,-0.580304,0.460952,-0.041655,8.21,gru,0.243943,0.114169,0.046432
2026-04-03T21:28:45.7568520Z,-0.329638,0.575983,0.003106,-0.583992,0.459902,-0.046298,8.21,gru,0.254354,0.116081,0.049403
2026-04-03T21:28:45.8006008Z,-0.338368,0.575382,0.005207,-0.584784,0.466283,-0.035825,7.87,gru,0.246416,0.109099,0.041032
2026-04-03T21:28:45.8363732Z,-0.338460,0.574745,0.005656,-0.581599,0.469785,-0.035443,13.61,gru,0.243139,0.104961,0.041100
2026-04-03T21:28:45.8911812Z,-0.328285,0.572821,0.003730,-0.583366,0.448627,-0.045997,9.56,gru,0.255081,0.124195,0.049728
2026-04-03T21:28:45.9668513Z,-0.329294,0.573678,0.003465,-0.583987,0.456410,-0.044844,12.72,gru,0.254693,0.117268,0.048308
2026-04-03T21:28:46.0263164Z,-0.330114,0.575909,0.003159,-0.581932,0.465136,-0.041919,11.59,gru,0.251818,0.110773,0.045079
2026-04-03T21:28:46.0723303Z,-0.328879,0.573464,0.003361,-0.580091,0.452028,-0.042665,8.62,gru,0.251212,0.121436,0.046026
2026-04-03T21:28:46.1213575Z,-0.329320,0.574025,0.003267,-0.582317,0.457850,-0.044388,8.88,gru,0.252997,0.116175,0.047654
2026-04-03T21:28:46.1668012Z,-0.328975,0.573349,0.003637,-0.575986,0.459828,-0.039801,9.88,gru,0.247011,0.113521,0.043438
2026-04-03T21:28:46.1987939Z,-0.338457,0.576133,0.005384,-0.578943,0.472556,-0.033428,9.46,gru,0.240486,0.103577,0.038812
2026-04-03T21:28:46.2250778Z,-0.329629,0.572572,0.004215,-0.581349,0.446519,-0.045219,8.17,gru,0.251720,0.126052,0.049434
2026-04-03T21:28:46.2591259Z,-0.329031,0.572653,0.003773,-0.580551,0.454480,-0.044566,7.67,gru,0.251521,0.118173,0.048339
2026-04-03T21:28:46.3057769Z,-0.338527,0.573588,0.005960,-0.582719,0.474443,-0.031511,6.98,gru,0.244192,0.099145,0.037471
2026-04-03T21:28:46.3418722Z,-0.336664,0.575330,0.004796,-0.582079,0.458943,-0.040632,7.30,gru,0.245415,0.116387,0.045428
2026-04-03T21:28:46.3590952Z,-0.337728,0.572873,0.005862,-0.587156,0.437709,-0.043795,6.67,gru,0.249427,0.135164,0.049657
2026-04-03T21:28:46.3997417Z,-0.328533,0.573969,0.002627,-0.585625,0.448054,-0.049669,8.02,gru,0.257092,0.125915,0.052296
2026-04-03T21:28:46.4375902Z,-0.327475,0.573146,0.002620,-0.579719,0.462299,-0.043766,4.57,gru,0.252244,0.110847,0.046386
2026-04-03T21:28:46.4584601Z,-0.327955,0.572812,0.002887,-0.578027,0.467326,-0.037460,7.46,gru,0.250072,0.105486,0.040347
2026-04-03T21:28:46.4952301Z,-0.324578,0.575313,0.001340,-0.580141,0.459415,-0.047232,7.41,gru,0.255563,0.115898,0.048572
2026-04-03T21:28:46.5152302Z,-0.326572,0.573628,0.003524,-0.579718,0.458338,-0.041301,6.33,gru,0.253146,0.115290,0.044825
2026-04-03T21:28:46.5539624Z,-0.336424,0.574944,0.004929,-0.577487,0.475521,-0.032190,6.61,gru,0.241063,0.099423,0.037120
2026-04-03T21:28:46.5953099Z,-0.330268,0.574504,0.003814,-0.577139,0.456687,-0.042644,7.78,gru,0.246872,0.117817,0.046458
2026-04-03T21:28:46.6203598Z,-0.329648,0.574998,0.002959,-0.579325,0.447150,-0.046582,10.07,gru,0.249677,0.127848,0.049541
2026-04-03T21:28:46.6601828Z,-0.338839,0.575980,0.004988,-0.581287,0.469284,-0.033679,7.72,gru,0.242448,0.106696,0.038667
2026-04-03T21:28:46.6899188Z,-0.339663,0.573797,0.006055,-0.583013,0.455218,-0.038060,8.51,gru,0.243351,0.118579,0.044115
2026-04-03T21:28:46.7255451Z,-0.328248,0.574541,0.002360,-0.585735,0.439301,-0.051394,8.02,gru,0.257487,0.135240,0.053754
2026-04-03T21:28:46.7502481Z,-0.336241,0.572818,0.005382,-0.586990,0.458431,-0.036563,7.46,gru,0.250749,0.114388,0.041946
2026-04-03T21:28:46.7912818Z,-0.340170,0.574279,0.006292,-0.585008,0.462253,-0.033913,6.88,gru,0.244838,0.112025,0.040205
2026-04-03T21:28:46.8390761Z,-0.337632,0.573260,0.006006,-0.583858,0.457975,-0.040297,7.35,gru,0.246226,0.115285,0.046303
2026-04-03T21:28:46.8609361Z,-0.328916,0.574789,0.002594,-0.584806,0.444033,-0.050685,8.08,gru,0.255891,0.130757,0.053279
2026-04-03T21:28:46.8834368Z,-0.328727,0.574523,0.002594,-0.583057,0.453642,-0.044861,7.50,gru,0.254330,0.120881,0.047455
2026-04-03T21:28:46.9210676Z,-0.330757,0.572610,0.004070,-0.580288,0.461566,-0.035127,6.77,gru,0.249531,0.111044,0.039197
2026-04-03T21:28:46.9615405Z,-0.337305,0.574493,0.005149,-0.581190,0.468636,-0.036325,6.60,gru,0.243884,0.105857,0.041474
2026-04-03T21:28:46.9855322Z,-0.329781,0.573721,0.003524,-0.582199,0.449970,-0.044955,8.69,gru,0.252418,0.123751,0.048480
2026-04-03T21:28:47.0275838Z,-0.328761,0.574481,0.003043,-0.584250,0.450856,-0.047195,8.03,gru,0.255489,0.123625,0.050238
2026-04-03T21:28:47.0637447Z,-0.329300,0.573189,0.003878,-0.581208,0.452864,-0.040305,7.65,gru,0.251909,0.120326,0.044183
2026-04-03T21:28:47.0841508Z,-0.336536,0.574048,0.004750,-0.583736,0.452639,-0.039680,7.18,gru,0.247199,0.121409,0.044430
2026-04-03T21:28:47.1168693Z,-0.328856,0.571464,0.003781,-0.587463,0.440189,-0.048665,7.30,gru,0.258607,0.131275,0.052446
2026-04-03T21:28:47.1593291Z,-0.338252,0.574534,0.005154,-0.581851,0.461743,-0.038364,8.55,gru,0.243599,0.112792,0.043518
2026-04-03T21:28:47.1944969Z,-0.338084,0.572789,0.006074,-0.583669,0.463182,-0.035936,6.77,gru,0.245586,0.109607,0.042010
2026-04-03T21:28:47.2117923Z,-0.329254,0.574198,0.002800,-0.585554,0.443610,-0.050163,7.37,gru,0.256301,0.130588,0.052963
2026-04-03T21:28:47.2476663Z,-0.329316,0.573746,0.003282,-0.583997,0.460408,-0.044382,7.46,gru,0.254680,0.113338,0.047664
2026-04-03T21:28:47.2883541Z,-0.327566,0.572023,0.002939,-0.577935,0.465818,-0.039358,6.16,gru,0.250370,0.106205,0.042297
2026-04-03T21:28:47.3326661Z,-0.338152,0.572805,0.006077,-0.582627,0.464535,-0.032546,8.16,gru,0.244474,0.108269,0.038623
2026-04-03T21:28:47.3580491Z,-0.337159,0.572750,0.005325,-0.587523,0.449437,-0.042668,8.53,gru,0.250364,0.123313,0.047993
2026-04-03T21:28:47.3925026Z,-0.338716,0.573988,0.005771,-0.584598,0.454013,-0.041260,8.08,gru,0.245882,0.119975,0.047031
2026-04-03T21:28:47.4326763Z,-0.338153,0.574416,0.004882,-0.580668,0.468632,-0.038081,7.36,gru,0.242516,0.105784,0.042963
2026-04-03T21:28:47.4568505Z,-0.337638,0.573179,0.005547,-0.581775,0.456032,-0.038916,6.42,gru,0.244137,0.117147,0.044463
2026-04-03T21:28:47.4831774Z,-0.337911,0.573956,0.005214,-0.588080,0.455396,-0.042449,7.32,gru,0.250169,0.118560,0.047663
2026-04-03T21:28:47.5252887Z,-0.329191,0.572248,0.003495,-0.589592,0.442826,-0.050026,8.81,gru,0.260402,0.129423,0.053522
2026-04-03T21:28:47.5629232Z,-0.329604,0.572677,0.003662,-0.583855,0.451388,-0.043350,6.91,gru,0.254251,0.121289,0.047011
2026-04-03T21:28:47.5813138Z,-0.329509,0.574426,0.002800,-0.581872,0.466681,-0.041697,6.61,gru,0.252363,0.107744,0.044497
2026-04-03T21:28:47.6195343Z,-0.330455,0.572606,0.004246,-0.584163,0.447110,-0.042623,8.35,gru,0.253707,0.125496,0.046869
2026-04-03T21:28:47.6627900Z,-0.326885,0.570441,0.003410,-0.581255,0.444453,-0.045662,8.05,gru,0.254370,0.125988,0.049072
2026-04-03T21:28:47.6851678Z,-0.328632,0.572456,0.003282,-0.578478,0.456941,-0.043777,8.41,gru,0.249846,0.115514,0.047059
2026-04-03T21:28:47.7271078Z,-0.327182,0.572499,0.003038,-0.579242,0.456554,-0.042307,7.91,gru,0.252060,0.115945,0.045345
2026-04-03T21:28:47.7511430Z,-0.338427,0.573390,0.005726,-0.582294,0.453147,-0.035594,8.68,gru,0.243867,0.120243,0.041321
2026-04-03T21:28:47.8014152Z,-0.326751,0.570379,0.003353,-0.579596,0.448236,-0.044896,9.49,gru,0.252845,0.122143,0.048249
2026-04-03T21:28:47.8281810Z,-0.338215,0.573576,0.005598,-0.580380,0.466643,-0.035588,7.92,gru,0.242165,0.106933,0.041186
2026-04-03T21:28:47.8526073Z,-0.338040,0.573296,0.005553,-0.585910,0.460832,-0.038024,8.37,gru,0.247870,0.112463,0.043577
2026-04-03T21:28:47.8980787Z,-0.339044,0.572973,0.006099,-0.587990,0.442670,-0.043249,7.56,gru,0.248946,0.130303,0.049348
2026-04-03T21:28:47.9238944Z,-0.329600,0.572912,0.003830,-0.587071,0.439542,-0.048865,6.23,gru,0.257472,0.133370,0.052695
2026-04-03T21:28:47.9654208Z,-0.328569,0.572465,0.003094,-0.581349,0.455875,-0.043969,7.94,gru,0.252780,0.116590,0.047063
2026-04-03T21:28:47.9875384Z,-0.329179,0.572184,0.004051,-0.581659,0.458030,-0.037578,7.14,gru,0.252480,0.114154,0.041629
2026-04-03T21:28:48.0239911Z,-0.326043,0.569710,0.003130,-0.580237,0.450391,-0.043432,7.16,gru,0.254194,0.119318,0.046562
2026-04-03T21:28:48.0668641Z,-0.333154,0.574918,0.003638,-0.581870,0.471757,-0.039639,6.72,gru,0.248716,0.103161,0.043277
2026-04-03T21:28:48.1076083Z,-0.329635,0.573288,0.003223,-0.578148,0.456578,-0.041834,5.79,gru,0.248513,0.116709,0.045056
2026-04-03T21:28:48.1391122Z,-0.327850,0.570292,0.003979,-0.579698,0.450165,-0.041088,7.16,gru,0.251848,0.120127,0.045068
2026-04-03T21:28:48.1943112Z,-0.326558,0.569593,0.003367,-0.580572,0.446315,-0.045694,5.58,gru,0.254015,0.123278,0.049061
2026-04-03T21:28:48.2239939Z,-0.339519,0.575466,0.005400,-0.583020,0.475132,-0.034061,5.91,gru,0.243501,0.100334,0.039461
2026-04-03T21:28:48.2584220Z,-0.328479,0.571998,0.002864,-0.582879,0.437692,-0.048266,7.25,gru,0.254400,0.134306,0.051130
2026-04-03T21:28:48.2784144Z,-0.327999,0.569869,0.004346,-0.583463,0.427336,-0.046474,5.98,gru,0.255464,0.142533,0.050821
2026-04-03T21:28:48.3124556Z,-0.328895,0.570694,0.003901,-0.583487,0.456181,-0.040671,5.65,gru,0.254592,0.114513,0.044572
2026-04-03T21:28:48.3455821Z,-0.329111,0.570080,0.003938,-0.580183,0.446678,-0.044167,6.01,gru,0.251072,0.123402,0.048105
2026-04-03T21:28:48.3803258Z,-0.327129,0.571514,0.002862,-0.580363,0.452270,-0.044173,6.54,gru,0.253234,0.119244,0.047035
2026-04-03T21:28:48.4118040Z,-0.338036,0.572420,0.005108,-0.584034,0.449122,-0.037736,6.00,gru,0.245998,0.123298,0.042844
2026-04-03T21:28:48.4438648Z,-0.329302,0.569075,0.003957,-0.581333,0.445033,-0.043184,5.53,gru,0.252031,0.124043,0.047141
2026-04-03T21:28:48.4780956Z,-0.338579,0.569160,0.006591,-0.582085,0.458522,-0.034879,6.30,gru,0.243506,0.110638,0.041471
2026-04-03T21:28:48.5140779Z,-0.338508,0.571809,0.005498,-0.583039,0.467507,-0.037218,6.03,gru,0.244531,0.104301,0.042716
2026-04-03T21:28:48.5459195Z,-0.339017,0.570747,0.006312,-0.586618,0.444076,-0.042727,6.55,gru,0.247602,0.126671,0.049039
2026-04-03T21:28:48.5757215Z,-0.339181,0.571101,0.006035,-0.589635,0.446984,-0.041611,6.14,gru,0.250454,0.124117,0.047646
2026-04-03T21:28:48.6083840Z,-0.329013,0.569376,0.003719,-0.587396,0.434181,-0.050035,4.90,gru,0.258382,0.135196,0.053754
2026-04-03T21:28:48.6478570Z,-0.329971,0.569651,0.003744,-0.587291,0.437726,-0.045539,7.03,gru,0.257320,0.131925,0.049283
2026-04-03T21:28:48.6946952Z,-0.326888,0.569276,0.002812,-0.585135,0.456808,-0.044349,7.05,gru,0.258247,0.112467,0.047162
2026-04-03T21:28:48.7284435Z,-0.329865,0.568265,0.004704,-0.584302,0.445122,-0.041498,4.42,gru,0.254436,0.123143,0.046202
2026-04-03T21:28:48.7473593Z,-0.329862,0.569412,0.003664,-0.583873,0.444878,-0.044154,7.20,gru,0.254011,0.124534,0.047819
2026-04-03T21:28:48.7773106Z,-0.329613,0.570071,0.003654,-0.583758,0.435143,-0.046730,5.22,gru,0.254146,0.134928,0.050384
2026-04-03T21:28:48.8117732Z,-0.329518,0.569463,0.003512,-0.579186,0.438282,-0.043564,6.68,gru,0.249669,0.131181,0.047076
2026-04-03T21:28:48.8443190Z,-0.330330,0.568440,0.005018,-0.580664,0.460163,-0.038094,6.69,gru,0.250333,0.108278,0.043112
2026-04-03T21:28:48.8754279Z,-0.327906,0.568973,0.003099,-0.582895,0.441131,-0.047379,5.49,gru,0.254989,0.127842,0.050479
2026-04-03T21:28:48.9095774Z,-0.330269,0.569375,0.004226,-0.581702,0.440543,-0.042945,5.99,gru,0.251434,0.128832,0.047171
2026-04-03T21:28:48.9450798Z,-0.328266,0.569702,0.003136,-0.583586,0.437609,-0.045414,7.16,gru,0.255320,0.132093,0.048550
2026-04-03T21:28:48.9752594Z,-0.338721,0.571248,0.005721,-0.584864,0.445425,-0.037721,6.40,gru,0.246143,0.125823,0.043442
2026-04-03T21:28:49.0127116Z,-0.330571,0.569297,0.004156,-0.584974,0.433172,-0.046319,5.67,gru,0.254403,0.136125,0.050476
2026-04-03T21:28:49.0443330Z,-0.328179,0.569361,0.003274,-0.583325,0.442444,-0.047044,7.42,gru,0.255146,0.126917,0.050318
2026-04-03T21:28:49.0809421Z,-0.326374,0.566619,0.003533,-0.582305,0.433841,-0.042511,6.48,gru,0.255931,0.132778,0.046044
2026-04-03T21:28:49.1104438Z,-0.337967,0.569150,0.006057,-0.582506,0.452262,-0.032100,5.96,gru,0.244539,0.116888,0.038157
2026-04-03T21:28:49.1441403Z,-0.330292,0.570014,0.003183,-0.583779,0.446032,-0.045624,4.39,gru,0.253487,0.123982,0.048808
2026-04-03T21:28:49.1790321Z,-0.329685,0.569974,0.003898,-0.581072,0.444135,-0.043618,8.02,gru,0.251387,0.125839,0.047516
2026-04-03T21:28:49.2109380Z,-0.328413,0.569789,0.003342,-0.581592,0.452884,-0.039888,6.06,gru,0.253179,0.116904,0.043231
2026-04-03T21:28:49.2480834Z,-0.338917,0.569576,0.006342,-0.584568,0.443111,-0.035570,6.01,gru,0.245651,0.126465,0.041912
2026-04-03T21:28:49.2984753Z,-0.328601,0.569125,0.003601,-0.586364,0.427638,-0.048064,8.10,gru,0.257762,0.141487,0.051666
2026-04-03T21:28:49.3353615Z,-0.327652,0.568905,0.003071,-0.585348,0.428599,-0.050164,8.52,gru,0.257696,0.140306,0.053235
2026-04-03T21:28:49.3839467Z,-0.328933,0.567675,0.003996,-0.583152,0.438366,-0.038426,8.03,gru,0.254220,0.129309,0.042422
2026-04-03T21:28:49.4258287Z,-0.329219,0.569739,0.003380,-0.583224,0.436443,-0.044988,7.82,gru,0.254005,0.133296,0.048367
2026-04-03T21:28:49.4565996Z,-0.331027,0.570951,0.004055,-0.585105,0.440088,-0.043981,8.16,gru,0.254078,0.130863,0.048036
2026-04-03T21:28:49.5053675Z,-0.331511,0.570563,0.004045,-0.583954,0.435026,-0.044098,10.07,gru,0.252443,0.135538,0.048143
2026-04-03T21:28:49.5326760Z,-0.338385,0.568866,0.006386,-0.583082,0.436104,-0.036795,8.84,gru,0.244697,0.132761,0.043181
2026-04-03T21:28:49.5589805Z,-0.329030,0.569798,0.003280,-0.584698,0.426608,-0.049435,7.40,gru,0.255668,0.143191,0.052715
2026-04-03T21:28:49.5952405Z,-0.329087,0.567596,0.004688,-0.585801,0.429357,-0.045211,8.34,gru,0.256714,0.138239,0.049899
2026-04-03T21:28:49.6208539Z,-0.336255,0.570677,0.004763,-0.585641,0.451725,-0.037397,7.90,gru,0.249386,0.118952,0.042160
2026-04-03T21:28:49.6620767Z,-0.338550,0.572548,0.005480,-0.584222,0.452202,-0.039300,6.47,gru,0.245672,0.120346,0.044780
2026-04-03T21:28:49.6853470Z,-0.338525,0.569556,0.006493,-0.587678,0.428143,-0.041443,6.32,gru,0.249153,0.141414,0.047936
2026-04-03T21:28:49.7281590Z,-0.336789,0.570080,0.004561,-0.591060,0.431204,-0.048084,7.27,gru,0.254271,0.138875,0.052645
2026-04-03T21:28:49.7501164Z,-0.336418,0.570744,0.004580,-0.586702,0.431342,-0.044676,7.60,gru,0.250284,0.139403,0.049257
2026-04-03T21:28:49.7901980Z,-0.337701,0.569195,0.005729,-0.586188,0.441226,-0.037561,7.13,gru,0.248487,0.127969,0.043290
2026-04-03T21:28:49.8286542Z,-0.334973,0.568003,0.005630,-0.590629,0.429891,-0.044669,6.64,gru,0.255657,0.138112,0.050299
2026-04-03T21:28:49.8551428Z,-0.335342,0.570409,0.004943,-0.590224,0.439838,-0.045712,7.42,gru,0.254882,0.130571,0.050655
2026-04-03T21:28:49.8896307Z,-0.335033,0.569755,0.004669,-0.588012,0.439391,-0.044157,5.98,gru,0.252979,0.130364,0.048826
2026-04-03T21:28:49.9299256Z,-0.336505,0.568055,0.005419,-0.585372,0.440317,-0.039161,7.49,gru,0.248867,0.127738,0.044580
2026-04-03T21:28:49.9506470Z,-0.334852,0.568538,0.004737,-0.589695,0.432610,-0.045560,5.96,gru,0.254843,0.135929,0.050297
2026-04-03T21:28:49.9894488Z,-0.336215,0.568068,0.005473,-0.589646,0.431666,-0.043734,7.17,gru,0.253431,0.136403,0.049206
2026-04-03T21:28:50.0240583Z,-0.336685,0.568503,0.006020,-0.587545,0.430642,-0.041586,7.62,gru,0.250860,0.137861,0.047606
2026-04-03T21:28:50.0624748Z,-0.337475,0.570366,0.005539,-0.589679,0.437753,-0.044393,8.46,gru,0.252205,0.132613,0.049932
2026-04-03T21:28:50.0990404Z,-0.324900,0.570771,0.001680,-0.587989,0.433958,-0.053940,6.20,gru,0.263089,0.136813,0.055620
2026-04-03T21:28:50.1165442Z,-0.326198,0.568643,0.002598,-0.583862,0.440267,-0.044418,4.87,gru,0.257664,0.128377,0.047016
2026-04-03T21:28:50.1619034Z,-0.335821,0.570559,0.004802,-0.583903,0.455637,-0.030423,6.50,gru,0.248082,0.114922,0.035224
2026-04-03T21:28:50.1981231Z,-0.337461,0.570283,0.005628,-0.588919,0.431083,-0.042045,6.99,gru,0.251458,0.139200,0.047672
2026-04-03T21:28:50.2315635Z,-0.334898,0.570584,0.003988,-0.585391,0.424567,-0.047113,7.25,gru,0.250493,0.146017,0.051101
2026-04-03T21:28:50.2510355Z,-0.328981,0.566420,0.004270,-0.584900,0.434979,-0.044256,5.98,gru,0.255919,0.131441,0.048526
2026-04-03T21:28:50.2858047Z,-0.325281,0.568623,0.002996,-0.581426,0.452682,-0.043205,6.33,gru,0.256144,0.115941,0.046202
2026-04-03T21:28:50.3149648Z,-0.338198,0.571444,0.005294,-0.582525,0.462825,-0.032478,5.75,gru,0.244326,0.108619,0.037772
2026-04-03T21:28:50.3482919Z,-0.335098,0.568260,0.005506,-0.587948,0.432754,-0.041219,5.51,gru,0.252851,0.135505,0.046726
2026-04-03T21:28:50.3811591Z,-0.337942,0.570728,0.005359,-0.588754,0.441446,-0.043405,7.06,gru,0.250812,0.129282,0.048764
2026-04-03T21:28:50.4180026Z,-0.336718,0.569933,0.005347,-0.587232,0.444031,-0.040048,6.71,gru,0.250515,0.125902,0.045395
2026-04-03T21:28:50.4572896Z,-0.334593,0.569611,0.004198,-0.584981,0.432836,-0.044287,6.36,gru,0.250389,0.136775,0.048486
2026-04-03T21:28:50.4804312Z,-0.334077,0.569401,0.004989,-0.587850,0.442674,-0.041756,7.26,gru,0.253773,0.126727,0.046745
2026-04-03T21:28:50.5166084Z,-0.336295,0.572146,0.004554,-0.587474,0.446367,-0.041911,7.48,gru,0.251179,0.125779,0.046465
2026-04-03T21:28:50.5591620Z,-0.332311,0.569823,0.004342,-0.586606,0.429950,-0.044985,7.12,gru,0.254295,0.139873,0.049327
2026-04-03T21:28:50.5961979Z,-0.336504,0.570010,0.006225,-0.589501,0.434880,-0.038810,6.27,gru,0.252996,0.135130,0.045035
2026-04-03T21:28:50.6433668Z,-0.334802,0.570449,0.004274,-0.586771,0.439255,-0.044370,7.63,gru,0.251969,0.131193,0.048644
2026-04-03T21:28:50.6631096Z,-0.331810,0.568807,0.004012,-0.582162,0.435260,-0.044366,7.30,gru,0.250352,0.133547,0.048378
2026-04-03T21:28:50.6963576Z,-0.335066,0.570080,0.004640,-0.585297,0.449530,-0.038396,5.96,gru,0.250231,0.120550,0.043036
2026-04-03T21:28:50.7134659Z,-0.333314,0.568237,0.005013,-0.589015,0.429731,-0.045691,5.51,gru,0.255701,0.138507,0.050704
2026-04-03T21:28:50.7560718Z,-0.335947,0.570225,0.005262,-0.589178,0.431467,-0.044705,8.14,gru,0.253231,0.138758,0.049968
2026-04-03T21:28:50.7903834Z,-0.335009,0.568679,0.005424,-0.586336,0.442748,-0.041477,6.70,gru,0.251327,0.125930,0.046901
2026-04-03T21:28:50.8255980Z,-0.336809,0.571858,0.004690,-0.585179,0.451028,-0.041861,7.84,gru,0.248370,0.120830,0.046551
2026-04-03T21:28:50.8471530Z,-0.329517,0.568968,0.004437,-0.588192,0.433123,-0.046192,6.71,gru,0.258675,0.135845,0.050629
2026-04-03T21:28:50.8875918Z,-0.324964,0.569537,0.001997,-0.583828,0.420102,-0.051295,7.69,gru,0.258864,0.149435,0.053292
2026-04-03T21:28:50.9227052Z,-0.324688,0.568340,0.002803,-0.582972,0.434239,-0.045490,6.14,gru,0.258284,0.134100,0.048293
2026-04-03T21:28:50.9652621Z,-0.328497,0.568446,0.003624,-0.583413,0.446823,-0.039194,7.09,gru,0.254916,0.121623,0.042819
2026-04-03T21:28:50.9850180Z,-0.327115,0.568479,0.003066,-0.580426,0.433983,-0.044817,6.97,gru,0.253311,0.134496,0.047883
2026-04-03T21:28:51.0214768Z,-0.334164,0.569830,0.005279,-0.582104,0.450149,-0.036774,8.92,gru,0.247940,0.119682,0.042053
2026-04-03T21:28:51.0593249Z,-0.333413,0.569326,0.004480,-0.582840,0.441606,-0.041833,6.71,gru,0.249426,0.127720,0.046313
2026-04-03T21:28:51.0896277Z,-0.335242,0.569452,0.005639,-0.584091,0.436001,-0.041764,6.43,gru,0.248849,0.133451,0.047403
2026-04-03T21:28:51.1304332Z,-0.334986,0.568805,0.005177,-0.583840,0.440492,-0.040950,9.39,gru,0.248853,0.128313,0.046127
2026-04-03T21:28:51.1539393Z,-0.332702,0.566919,0.005599,-0.586935,0.440345,-0.042790,8.16,gru,0.254233,0.126574,0.048389
2026-04-03T21:28:51.1919693Z,-0.332224,0.570423,0.003982,-0.585850,0.444096,-0.045005,9.93,gru,0.253626,0.126327,0.048987
2026-04-03T21:28:51.2370188Z,-0.331364,0.570085,0.003421,-0.583383,0.445582,-0.043947,7.37,gru,0.252019,0.124503,0.047368
2026-04-03T21:28:51.2591826Z,-0.333481,0.570292,0.005161,-0.588034,0.438865,-0.040110,8.40,gru,0.254553,0.131427,0.045271
2026-04-03T21:28:51.3005300Z,-0.333817,0.569219,0.004594,-0.585919,0.433739,-0.043833,7.62,gru,0.252102,0.135480,0.048428
2026-04-03T21:28:51.3237538Z,-0.333205,0.569064,0.005349,-0.585192,0.437023,-0.042412,8.32,gru,0.251987,0.132041,0.047761
2026-04-03T21:28:51.3667570Z,-0.332479,0.568584,0.004886,-0.583879,0.434415,-0.042728,7.73,gru,0.251399,0.134169,0.047614
2026-04-03T21:28:51.3929415Z,-0.335363,0.569780,0.005266,-0.584812,0.445750,-0.040662,8.85,gru,0.249450,0.124030,0.045928
2026-04-03T21:28:51.4333638Z,-0.326218,0.568701,0.002792,-0.581881,0.432217,-0.048150,8.44,gru,0.255663,0.136485,0.050941
2026-04-03T21:28:51.4552865Z,-0.328312,0.569939,0.004191,-0.583101,0.449841,-0.041467,8.01,gru,0.254790,0.120098,0.045657
2026-04-03T21:28:51.5079756Z,-0.326365,0.568659,0.002944,-0.581754,0.436597,-0.044681,8.52,gru,0.255388,0.132062,0.047626
2026-04-03T21:28:51.5317351Z,-0.324983,0.568744,0.002431,-0.583868,0.426959,-0.050205,7.31,gru,0.258885,0.141785,0.052636
2026-04-03T21:28:51.5793566Z,-0.334827,0.569481,0.005614,-0.583986,0.438225,-0.035521,5.50,gru,0.249160,0.131257,0.041135
2026-04-03T21:28:51.6185873Z,-0.327290,0.569312,0.003228,-0.582816,0.424207,-0.048571,5.46,gru,0.255526,0.145105,0.051798
2026-04-03T21:28:51.6527385Z,-0.326431,0.567826,0.003307,-0.581328,0.424245,-0.048685,5.92,gru,0.254897,0.143580,0.051992
2026-04-03T21:28:51.6892939Z,-0.333909,0.569573,0.004680,-0.581300,0.453569,-0.033986,6.23,gru,0.247391,0.116003,0.038665
2026-04-03T21:28:51.7231195Z,-0.335393,0.570597,0.004800,-0.583266,0.439922,-0.041466,7.27,gru,0.247873,0.130675,0.046266
2026-04-03T21:28:51.7627856Z,-0.328217,0.568648,0.003674,-0.583204,0.429209,-0.046663,6.84,gru,0.254987,0.139439,0.050337
2026-04-03T21:28:51.8121968Z,-0.327175,0.568137,0.003314,-0.582923,0.435086,-0.044786,7.08,gru,0.255748,0.133050,0.048100
2026-04-03T21:28:51.8500225Z,-0.328146,0.568622,0.003616,-0.580508,0.437103,-0.041088,6.67,gru,0.252362,0.131519,0.044705
2026-04-03T21:28:51.8694190Z,-0.328658,0.569963,0.003268,-0.584149,0.439901,-0.044809,6.48,gru,0.255490,0.130062,0.048076
2026-04-03T21:28:51.8873116Z,-0.325873,0.570377,0.003137,-0.582839,0.434939,-0.046690,6.97,gru,0.256965,0.135438,0.049827
2026-04-03T21:28:51.9203379Z,-0.332827,0.567398,0.005051,-0.581186,0.441744,-0.037497,5.88,gru,0.248359,0.125654,0.042548
2026-04-03T21:28:51.9529524Z,-0.336673,0.569378,0.005465,-0.584145,0.442409,-0.038993,6.03,gru,0.247472,0.126969,0.044458
2026-04-03T21:28:51.9886860Z,-0.336591,0.569495,0.005376,-0.583154,0.436106,-0.042326,7.39,gru,0.246562,0.133389,0.047702
2026-04-03T21:28:52.0215669Z,-0.336390,0.568352,0.005776,-0.585355,0.433892,-0.041607,7.97,gru,0.248965,0.134460,0.047383
2026-04-03T21:28:52.0580377Z,-0.336154,0.569832,0.004939,-0.586467,0.443074,-0.042858,7.77,gru,0.250313,0.126759,0.047797
2026-04-03T21:28:52.0808700Z,-0.337749,0.569546,0.006200,-0.587723,0.433635,-0.041743,7.45,gru,0.249973,0.135911,0.047943
2026-04-03T21:28:52.1215274Z,-0.328949,0.569484,0.003395,-0.587317,0.429059,-0.049806,7.53,gru,0.258369,0.140424,0.053201
2026-04-03T21:28:52.1607231Z,-0.326642,0.569032,0.002917,-0.588760,0.426212,-0.050847,6.83,gru,0.262118,0.142820,0.053764
2026-04-03T21:28:52.1782287Z,-0.326723,0.568513,0.002917,-0.584123,0.433983,-0.044185,5.99,gru,0.257400,0.134530,0.047102
2026-04-03T21:28:52.2195399Z,-0.325990,0.568691,0.002339,-0.580636,0.438360,-0.045050,7.77,gru,0.254646,0.130331,0.047389
2026-04-03T21:28:52.2668926Z,-0.327862,0.569802,0.002838,-0.584001,0.432921,-0.045900,10.54,gru,0.256139,0.136881,0.048738
2026-04-03T21:28:52.2912281Z,-0.326730,0.567578,0.003757,-0.581793,0.423374,-0.044891,9.50,gru,0.255063,0.144204,0.048648
2026-04-03T21:28:52.3317292Z,-0.328030,0.567261,0.004783,-0.578668,0.438337,-0.040599,7.80,gru,0.250637,0.128924,0.045382
2026-04-03T21:28:52.3551699Z,-0.325736,0.568896,0.002638,-0.579141,0.445927,-0.046291,8.64,gru,0.253405,0.122969,0.048929
2026-04-03T21:28:52.4042037Z,-0.337318,0.569352,0.005656,-0.584069,0.441359,-0.036549,10.29,gru,0.246752,0.127993,0.042205
2026-04-03T21:28:52.4293556Z,-0.337985,0.569665,0.006209,-0.586317,0.429286,-0.040318,8.64,gru,0.248332,0.140379,0.046527
2026-04-03T21:28:52.4511014Z,-0.336293,0.568319,0.006114,-0.586051,0.423996,-0.044882,7.53,gru,0.249758,0.144322,0.050996
2026-04-03T21:28:52.4964469Z,-0.336303,0.568662,0.005189,-0.588409,0.438135,-0.044310,9.06,gru,0.252106,0.130527,0.049499
2026-04-03T21:28:52.5302434Z,-0.336524,0.568933,0.005458,-0.589481,0.436643,-0.043758,11.51,gru,0.252957,0.132290,0.049216
2026-04-03T21:28:52.5640656Z,-0.337895,0.570765,0.005547,-0.587424,0.434613,-0.041362,12.79,gru,0.249529,0.136152,0.046910
2026-04-03T21:28:52.6035991Z,-0.324704,0.567498,0.001985,-0.586202,0.426164,-0.051790,13.35,gru,0.261498,0.141334,0.053775
2026-04-03T21:28:52.6431085Z,-0.326419,0.566366,0.003238,-0.585787,0.436140,-0.043185,12.17,gru,0.259368,0.130226,0.046423
2026-04-03T21:28:52.6637213Z,-0.329786,0.567199,0.005421,-0.584083,0.445490,-0.033562,9.93,gru,0.254297,0.121709,0.038983
2026-04-03T21:28:52.6868615Z,-0.324760,0.567579,0.003423,-0.581616,0.435867,-0.046187,8.61,gru,0.256857,0.131712,0.049610
2026-04-03T21:28:52.7312599Z,-0.334374,0.568881,0.005259,-0.580363,0.451235,-0.036992,8.45,gru,0.245989,0.117646,0.042251
2026-04-03T21:28:52.7653435Z,-0.334827,0.568365,0.005887,-0.584732,0.436221,-0.039969,14.86,gru,0.249905,0.132144,0.045856
2026-04-03T21:28:52.7990796Z,-0.327342,0.569076,0.002612,-0.583573,0.424361,-0.051883,9.56,gru,0.256230,0.144715,0.054496
2026-04-03T21:28:52.8319144Z,-0.329238,0.569072,0.004159,-0.584593,0.433805,-0.043303,9.03,gru,0.255355,0.135267,0.047462
2026-04-03T21:28:52.8706072Z,-0.325185,0.566374,0.003405,-0.585168,0.424395,-0.046564,10.04,gru,0.259983,0.141979,0.049969
2026-04-03T21:28:52.8975645Z,-0.324510,0.568498,0.002822,-0.583820,0.433165,-0.048889,10.35,gru,0.259310,0.135333,0.051710
2026-04-03T21:28:52.9319848Z,-0.334501,0.568822,0.005176,-0.582954,0.438045,-0.036045,15.80,gru,0.248453,0.130776,0.041222
2026-04-03T21:28:52.9741529Z,-0.337161,0.569700,0.005685,-0.583696,0.427134,-0.040895,13.09,gru,0.246534,0.142566,0.046580
2026-04-03T21:28:53.0058078Z,-0.335980,0.566889,0.006075,-0.586868,0.420463,-0.045164,10.84,gru,0.250887,0.146426,0.051239
2026-04-03T21:28:53.0345716Z,-0.328223,0.571204,0.002705,-0.580961,0.443588,-0.047844,9.92,gru,0.252738,0.127616,0.050549
2026-04-03T21:28:53.0571448Z,-0.327121,0.569032,0.002979,-0.579469,0.444276,-0.043122,10.81,gru,0.252348,0.124756,0.046101
2026-04-03T21:28:53.1018139Z,-0.326211,0.568223,0.003221,-0.581897,0.434346,-0.041111,8.37,gru,0.255687,0.133877,0.044333
2026-04-03T21:28:53.1402437Z,-0.326918,0.570258,0.002164,-0.581604,0.439952,-0.045973,16.42,gru,0.254686,0.130307,0.048137
2026-04-03T21:28:53.1766211Z,-0.327873,0.568889,0.003486,-0.580038,0.440012,-0.040870,10.18,gru,0.252165,0.128877,0.044356
2026-04-03T21:28:53.2080324Z,-0.326260,0.567290,0.004012,-0.581970,0.437282,-0.041808,11.20,gru,0.255709,0.130008,0.045820
2026-04-03T21:28:53.2350570Z,-0.326896,0.569274,0.003299,-0.581309,0.428323,-0.047928,8.79,gru,0.254413,0.140951,0.051226
2026-04-03T21:28:53.2577454Z,-0.327240,0.567957,0.003253,-0.578485,0.424932,-0.045433,7.19,gru,0.251245,0.143025,0.048686
2026-04-03T21:28:53.2847369Z,-0.335665,0.569905,0.004668,-0.580177,0.436173,-0.038332,8.36,gru,0.244512,0.133732,0.043000
2026-04-03T21:28:53.3391019Z,-0.336885,0.569669,0.005336,-0.583223,0.428344,-0.042305,13.35,gru,0.246338,0.141325,0.047641
2026-04-03T21:28:53.3707300Z,-0.335808,0.567273,0.005675,-0.584989,0.429073,-0.042221,11.98,gru,0.249181,0.138200,0.047897
2026-04-03T21:28:53.4053553Z,-0.328377,0.567684,0.003832,-0.584171,0.431904,-0.046874,11.19,gru,0.255794,0.135780,0.050706
2026-04-03T21:28:53.4443860Z,-0.328910,0.567623,0.004524,-0.586728,0.435338,-0.044536,12.60,gru,0.257818,0.132285,0.049060
2026-04-03T21:28:53.4721760Z,-0.328510,0.569617,0.003528,-0.585335,0.449110,-0.038291,8.24,gru,0.256825,0.120507,0.041820
2026-04-03T21:28:53.5445900Z,-0.328259,0.569698,0.002797,-0.584967,0.423498,-0.049788,8.02,gru,0.256708,0.146200,0.052585
2026-04-03T21:28:53.5930323Z,-0.326824,0.567951,0.003691,-0.582749,0.440611,-0.040866,9.42,gru,0.255925,0.127341,0.044557
2026-04-03T21:28:53.6471398Z,-0.334399,0.568468,0.005170,-0.581918,0.446096,-0.036259,8.87,gru,0.247518,0.122372,0.041429
2026-04-03T21:28:53.7005847Z,-0.335744,0.569302,0.004909,-0.581825,0.437005,-0.040796,9.12,gru,0.246082,0.132297,0.045706
2026-04-03T21:28:53.7533282Z,-0.336628,0.569728,0.005341,-0.588433,0.436726,-0.044685,8.72,gru,0.251805,0.133002,0.050026
2026-04-03T21:28:53.8000645Z,-0.329086,0.568717,0.004147,-0.586371,0.425201,-0.048399,9.96,gru,0.257285,0.143516,0.052546
2026-04-03T21:28:53.8275611Z,-0.329202,0.567600,0.004387,-0.584965,0.428622,-0.045442,10.10,gru,0.255764,0.138978,0.049829
2026-04-03T21:28:53.8817194Z,-0.327753,0.568093,0.003845,-0.586977,0.437403,-0.045689,9.44,gru,0.259224,0.130690,0.049534
2026-04-03T21:28:53.9305188Z,-0.336677,0.569616,0.005086,-0.586268,0.439865,-0.040614,10.10,gru,0.249590,0.129751,0.045699
2026-04-03T21:28:53.9769943Z,-0.326645,0.568680,0.002929,-0.584079,0.418682,-0.049879,9.14,gru,0.257434,0.149997,0.052808
2026-04-03T21:28:54.0427407Z,-0.324733,0.566426,0.002839,-0.584278,0.421762,-0.049769,13.66,gru,0.259545,0.144664,0.052608
2026-04-03T21:28:54.0750655Z,-0.329821,0.568176,0.004854,-0.584065,0.440291,-0.036818,7.57,gru,0.254245,0.127885,0.041673
2026-04-03T21:28:54.1052993Z,-0.326800,0.570370,0.002725,-0.581050,0.443116,-0.046270,9.65,gru,0.254250,0.127254,0.048995
2026-04-03T21:28:54.1355401Z,-0.326750,0.568097,0.003118,-0.579548,0.436242,-0.044776,10.54,gru,0.252798,0.131855,0.047894
2026-04-03T21:28:54.1641332Z,-0.324480,0.569228,0.002079,-0.580328,0.432554,-0.045166,9.45,gru,0.255849,0.136674,0.047245
2026-04-03T21:28:54.1924345Z,-0.328262,0.568998,0.003700,-0.582219,0.430429,-0.042908,10.43,gru,0.253957,0.138569,0.046608
2026-04-03T21:28:54.2409916Z,-0.326042,0.569649,0.003169,-0.578445,0.431612,-0.044228,8.04,gru,0.252403,0.138038,0.047398
2026-04-03T21:28:54.2648827Z,-0.328123,0.567549,0.004470,-0.580056,0.444092,-0.041266,8.67,gru,0.251933,0.123457,0.045736
2026-04-03T21:28:54.2958112Z,-0.325117,0.567004,0.002701,-0.579945,0.432128,-0.047197,12.86,gru,0.254828,0.134876,0.049898
2026-04-03T21:28:54.3319545Z,-0.334760,0.569681,0.004656,-0.584157,0.443754,-0.040150,12.90,gru,0.249398,0.125927,0.044806
2026-04-03T21:28:54.3597244Z,-0.336411,0.569136,0.005405,-0.583553,0.430085,-0.040168,9.69,gru,0.247142,0.139052,0.045574
2026-04-03T21:28:54.4016002Z,-0.336997,0.569221,0.005854,-0.585687,0.430063,-0.042589,8.22,gru,0.248690,0.139158,0.048443
2026-04-03T21:28:54.4271955Z,-0.326573,0.570988,0.002135,-0.583014,0.438134,-0.050301,8.26,gru,0.256441,0.132855,0.052436
2026-04-03T21:28:54.4528250Z,-0.328494,0.567753,0.004206,-0.581984,0.440996,-0.040080,7.65,gru,0.253490,0.126757,0.044286
2026-04-03T21:28:54.4955913Z,-0.328683,0.568697,0.003889,-0.583992,0.435735,-0.041366,9.54,gru,0.255308,0.132962,0.045255
2026-04-03T21:28:54.5423746Z,-0.328094,0.568118,0.003549,-0.583800,0.425478,-0.047199,7.80,gru,0.255706,0.142640,0.050748
2026-04-03T21:28:54.5849029Z,-0.327383,0.568684,0.003315,-0.581557,0.431457,-0.045204,6.46,gru,0.254174,0.137227,0.048519
2026-04-03T21:28:54.6234835Z,-0.329500,0.568893,0.003809,-0.581722,0.442974,-0.041521,5.69,gru,0.252222,0.125918,0.045330
2026-04-03T21:28:54.6571841Z,-0.326716,0.568232,0.003220,-0.583692,0.425476,-0.047692,5.69,gru,0.256976,0.142756,0.050912
2026-04-03T21:28:54.6941538Z,-0.327951,0.568061,0.004079,-0.580308,0.422414,-0.044912,5.60,gru,0.252357,0.145647,0.048990
2026-04-03T21:28:54.7355807Z,-0.327268,0.568194,0.003280,-0.579386,0.435207,-0.044598,7.37,gru,0.252119,0.132987,0.047878
2026-04-03T21:28:54.7550594Z,-0.329022,0.567557,0.004268,-0.582941,0.433870,-0.044160,6.80,gru,0.253919,0.133688,0.048428
2026-04-03T21:28:54.8011520Z,-0.327060,0.568330,0.003344,-0.583796,0.426855,-0.047201,8.16,gru,0.256736,0.141474,0.050545
2026-04-03T21:28:54.8209192Z,-0.328219,0.567927,0.004333,-0.583971,0.429162,-0.045598,8.03,gru,0.255752,0.138764,0.049931
2026-04-03T21:28:54.8649200Z,-0.333578,0.570506,0.003629,-0.582960,0.442979,-0.042954,8.82,gru,0.249382,0.127527,0.046583
2026-04-03T21:28:54.8869124Z,-0.330328,0.569653,0.004341,-0.582827,0.429818,-0.045518,8.13,gru,0.252499,0.139835,0.049859
2026-04-03T21:28:54.9307202Z,-0.328106,0.568891,0.003014,-0.582071,0.421630,-0.048002,8.35,gru,0.253964,0.147261,0.051016
2026-04-03T21:28:54.9556787Z,-0.325135,0.567804,0.002541,-0.582960,0.422418,-0.049235,7.80,gru,0.257826,0.145386,0.051776
2026-04-03T21:28:55.0013755Z,-0.328589,0.568026,0.004127,-0.583146,0.441155,-0.039471,8.41,gru,0.254557,0.126871,0.043598
2026-04-03T21:28:55.0249311Z,-0.327865,0.569106,0.003127,-0.579220,0.441469,-0.043352,8.12,gru,0.251354,0.127637,0.046479
2026-04-03T21:28:55.0697818Z,-0.327284,0.568186,0.003842,-0.580577,0.435924,-0.043524,8.27,gru,0.253293,0.132262,0.047366
2026-04-03T21:28:55.0945573Z,-0.325741,0.569636,0.002346,-0.583000,0.437415,-0.048481,7.16,gru,0.257259,0.132220,0.050828
2026-04-03T21:28:55.1204156Z,-0.336597,0.568992,0.005623,-0.581475,0.439532,-0.035503,8.54,gru,0.244878,0.129460,0.041127
2026-04-03T21:28:55.1697518Z,-0.328253,0.568107,0.003895,-0.582853,0.423449,-0.046399,8.78,gru,0.254600,0.144658,0.050295
2026-04-03T21:28:55.1945253Z,-0.325733,0.566708,0.003388,-0.582708,0.422003,-0.049758,9.36,gru,0.256975,0.144705,0.053146
2026-04-03T21:28:55.2344523Z,-0.334141,0.567898,0.005302,-0.584377,0.445798,-0.034723,6.67,gru,0.250236,0.122100,0.040025
2026-04-03T21:28:55.2655917Z,-0.334795,0.567686,0.005456,-0.585309,0.431969,-0.041982,8.47,gru,0.250514,0.135716,0.047439
2026-04-03T21:28:55.2910922Z,-0.327254,0.567519,0.003691,-0.586257,0.418358,-0.050429,7.67,gru,0.259003,0.149161,0.054120
2026-04-03T21:28:55.3413893Z,-0.325406,0.570152,0.002767,-0.583246,0.435657,-0.047976,7.79,gru,0.257840,0.134495,0.050743
2026-04-03T21:28:55.3945540Z,-0.327192,0.571134,0.002846,-0.582176,0.438429,-0.043885,9.56,gru,0.254983,0.132705,0.046731
2026-04-03T21:28:55.4228786Z,-0.338368,0.571639,0.005313,-0.583282,0.437654,-0.036178,8.24,gru,0.244914,0.133985,0.041492
2026-04-03T21:28:55.4721921Z,-0.326945,0.569024,0.002850,-0.585871,0.415000,-0.050268,7.89,gru,0.258926,0.154025,0.053117
2026-04-03T21:28:55.4929915Z,-0.329377,0.569329,0.004257,-0.582665,0.430181,-0.044502,7.11,gru,0.253288,0.139148,0.048758
2026-04-03T21:28:55.5321704Z,-0.327543,0.571706,0.003338,-0.582747,0.452709,-0.041544,7.00,gru,0.255204,0.118998,0.044882
2026-04-03T21:28:55.5685000Z,-0.338983,0.573979,0.006783,-0.581851,0.448662,-0.034531,6.61,gru,0.242868,0.125316,0.041314
2026-04-03T21:28:55.6121193Z,-0.338858,0.576278,0.006794,-0.587205,0.436378,-0.041002,6.55,gru,0.248346,0.139900,0.047796
2026-04-03T21:28:55.6570427Z,-0.337317,0.575087,0.006837,-0.585462,0.424330,-0.045420,8.55,gru,0.248144,0.150757,0.052257
2026-04-03T21:28:55.6902747Z,-0.338805,0.576576,0.006270,-0.582522,0.443563,-0.040044,6.64,gru,0.243717,0.133013,0.046315
2026-04-03T21:28:55.7381271Z,-0.339105,0.576172,0.005991,-0.585343,0.439125,-0.042180,5.99,gru,0.246238,0.137046,0.048171
2026-04-03T21:28:55.7924883Z,-0.339237,0.573771,0.006859,-0.587474,0.427956,-0.041397,8.79,gru,0.248237,0.145814,0.048256
2026-04-03T21:28:55.8301915Z,-0.337582,0.574114,0.006270,-0.586536,0.436557,-0.043749,7.19,gru,0.248954,0.137557,0.050018
2026-04-03T21:28:55.8509793Z,-0.338545,0.572000,0.006691,-0.584624,0.441402,-0.039172,5.47,gru,0.246079,0.130599,0.045863
2026-04-03T21:28:55.8933152Z,-0.338214,0.572464,0.006164,-0.586312,0.432504,-0.042648,7.52,gru,0.248099,0.139960,0.048812
2026-04-03T21:28:55.9332359Z,-0.339143,0.573084,0.006689,-0.587014,0.430448,-0.042664,6.16,gru,0.247871,0.142636,0.049353
2026-04-03T21:28:55.9499502Z,-0.341044,0.573440,0.006679,-0.584620,0.442515,-0.039054,5.27,gru,0.243576,0.130924,0.045733
2026-04-03T21:28:55.9835810Z,-0.325526,0.570254,0.003382,-0.583100,0.422557,-0.050513,7.41,gru,0.257573,0.147697,0.053895
2026-04-03T21:28:56.0196618Z,-0.338173,0.571924,0.005889,-0.584964,0.444414,-0.035626,7.64,gru,0.246791,0.127509,0.041515
2026-04-03T21:28:56.0571092Z,-0.327269,0.571721,0.003365,-0.586057,0.435536,-0.048431,6.20,gru,0.258788,0.136185,0.051796
2026-04-03T21:28:56.0987589Z,-0.323498,0.571306,0.002055,-0.582992,0.434103,-0.051701,6.60,gru,0.259494,0.137203,0.053756
2026-04-03T21:28:56.1200053Z,-0.325819,0.569929,0.002922,-0.580959,0.456650,-0.037527,6.97,gru,0.255140,0.113279,0.040449
2026-04-03T21:28:56.1610937Z,-0.325454,0.571658,0.003595,-0.581323,0.433835,-0.044002,7.10,gru,0.255869,0.137823,0.047597
2026-04-03T21:28:56.1999428Z,-0.323505,0.570264,0.002297,-0.579225,0.431527,-0.047798,7.86,gru,0.255720,0.138736,0.050096
2026-04-03T21:28:56.2213744Z,-0.333954,0.572750,0.004331,-0.579633,0.454867,-0.037431,6.04,gru,0.245679,0.117883,0.041763
2026-04-03T21:28:56.2574501Z,-0.331516,0.573614,0.003460,-0.574787,0.462256,-0.039440,7.71,gru,0.243271,0.111358,0.042900
2026-04-03T21:28:56.2929077Z,-0.324400,0.573085,0.002062,-0.572781,0.458246,-0.045294,6.57,gru,0.248381,0.114838,0.047357
2026-04-03T21:28:56.3277651Z,-0.325699,0.570701,0.003203,-0.572676,0.464376,-0.036738,7.82,gru,0.246977,0.106325,0.039941
2026-04-03T21:28:56.3521211Z,-0.327988,0.572593,0.003164,-0.573668,0.475315,-0.037417,7.93,gru,0.245681,0.097277,0.040581
2026-04-03T21:28:56.3955579Z,-0.335898,0.572891,0.004916,-0.578347,0.470742,-0.034931,8.20,gru,0.242449,0.102150,0.039846
2026-04-03T21:28:56.4194710Z,-0.334476,0.574136,0.004770,-0.576569,0.458396,-0.038424,7.71,gru,0.242093,0.115740,0.043194
2026-04-03T21:28:56.4642036Z,-0.325369,0.572641,0.003382,-0.577712,0.448369,-0.045999,7.67,gru,0.252342,0.124272,0.049381
2026-04-03T21:28:56.4857635Z,-0.332693,0.573389,0.003952,-0.577615,0.464088,-0.036130,6.71,gru,0.244923,0.109301,0.040082
2026-04-03T21:28:56.5336725Z,-0.332311,0.571912,0.004743,-0.576614,0.456926,-0.036565,8.47,gru,0.244302,0.114985,0.041308
2026-04-03T21:28:56.5574158Z,-0.332941,0.573181,0.004430,-0.576769,0.456809,-0.039871,8.37,gru,0.243828,0.116372,0.044301
2026-04-03T21:28:56.5954228Z,-0.330274,0.572491,0.003748,-0.581031,0.456519,-0.042622,8.38,gru,0.250757,0.115972,0.046370
2026-04-03T21:28:56.6351049Z,-0.324350,0.574315,0.001864,-0.578958,0.439713,-0.049742,6.78,gru,0.254608,0.134602,0.051605
2026-04-03T21:28:56.6559027Z,-0.332591,0.575479,0.003587,-0.578435,0.465617,-0.035767,7.64,gru,0.245844,0.109862,0.039354
2026-04-03T21:28:56.6996576Z,-0.331774,0.572255,0.004345,-0.582803,0.439311,-0.041822,8.28,gru,0.251029,0.132945,0.046167
2026-04-03T21:28:56.7273511Z,-0.334458,0.575201,0.004567,-0.582729,0.441155,-0.045155,8.44,gru,0.248271,0.134046,0.049722
2026-04-03T21:28:56.7498118Z,-0.334694,0.573686,0.005212,-0.582433,0.440822,-0.042068,7.42,gru,0.247739,0.132864,0.047280
2026-04-03T21:28:56.8017010Z,-0.330445,0.574116,0.003886,-0.582419,0.437494,-0.047285,7.92,gru,0.251973,0.136621,0.051170
2026-04-03T21:28:56.8278072Z,-0.332556,0.576430,0.004492,-0.582823,0.445869,-0.043969,7.38,gru,0.250267,0.130562,0.048461
2026-04-03T21:28:56.8525199Z,-0.332221,0.574445,0.004496,-0.580712,0.453158,-0.040581,8.02,gru,0.248491,0.121287,0.045076
2026-04-03T21:28:56.8891517Z,-0.331778,0.574699,0.004368,-0.581217,0.450943,-0.043577,7.40,gru,0.249438,0.123756,0.047945
2026-04-03T21:28:56.9290010Z,-0.333480,0.575428,0.004341,-0.583930,0.449410,-0.044021,7.55,gru,0.250450,0.126018,0.048362
2026-04-03T21:28:56.9783969Z,-0.332227,0.576076,0.004362,-0.583162,0.440436,-0.044802,6.95,gru,0.250935,0.135640,0.049164
2026-04-03T21:28:57.0255644Z,-0.330124,0.574360,0.003522,-0.580866,0.444528,-0.046003,7.13,gru,0.250742,0.129832,0.049526
2026-04-03T21:28:57.0676445Z,-0.330204,0.575930,0.003338,-0.577721,0.459912,-0.041805,7.23,gru,0.247517,0.116018,0.045142
2026-04-03T21:28:57.0920607Z,-0.330224,0.575116,0.004111,-0.578000,0.457916,-0.040067,8.11,gru,0.247776,0.117200,0.044178
2026-04-03T21:28:57.1326700Z,-0.329910,0.575294,0.003084,-0.579194,0.447699,-0.045823,6.98,gru,0.249284,0.127595,0.048907
2026-04-03T21:28:57.1582596Z,-0.329191,0.573483,0.003537,-0.580141,0.450177,-0.043380,9.00,gru,0.250950,0.123306,0.046917
2026-04-03T21:28:57.1997588Z,-0.331949,0.577878,0.003376,-0.578291,0.460949,-0.040989,7.14,gru,0.246343,0.116929,0.044365
2026-04-03T21:28:57.2236323Z,-0.331801,0.574383,0.004236,-0.578922,0.451821,-0.041114,7.63,gru,0.247121,0.122563,0.045350
2026-04-03T21:28:57.2668737Z,-0.328491,0.573657,0.003419,-0.579313,0.441224,-0.045528,7.90,gru,0.250822,0.132433,0.048947
2026-04-03T21:28:57.2872702Z,-0.331202,0.576435,0.003039,-0.580685,0.462013,-0.045194,6.66,gru,0.249484,0.114422,0.048233
2026-04-03T21:28:57.3269347Z,-0.327984,0.573356,0.003191,-0.580181,0.453932,-0.043393,6.67,gru,0.252196,0.119424,0.046584
2026-04-03T21:28:57.3529895Z,-0.329906,0.574354,0.003752,-0.578693,0.449992,-0.041878,6.63,gru,0.248786,0.124362,0.045630
2026-04-03T21:28:57.3953253Z,-0.331070,0.574352,0.004736,-0.578762,0.464937,-0.038678,6.59,gru,0.247692,0.109416,0.043414
2026-04-03T21:28:57.4152770Z,-0.332011,0.573870,0.004273,-0.578230,0.455002,-0.041536,5.17,gru,0.246219,0.118867,0.045810
2026-04-03T21:28:57.4572435Z,-0.331783,0.574746,0.004240,-0.578948,0.457450,-0.042599,6.55,gru,0.247165,0.117296,0.046839
2026-04-03T21:28:57.4951978Z,-0.321683,0.575087,0.002199,-0.576056,0.458173,-0.047794,5.51,gru,0.254373,0.116914,0.049993
2026-04-03T21:28:57.5174750Z,-0.321789,0.575218,0.002103,-0.575015,0.459890,-0.044587,6.45,gru,0.253226,0.115328,0.046690
2026-04-03T21:28:57.5590676Z,-0.330735,0.575087,0.003998,-0.576117,0.469779,-0.033679,6.83,gru,0.245382,0.105308,0.037677
2026-04-03T21:28:57.6038023Z,-0.331915,0.577666,0.003267,-0.576867,0.464297,-0.041645,5.87,gru,0.244951,0.113369,0.044912
2026-04-03T21:28:57.6271371Z,-0.329558,0.572863,0.003956,-0.577911,0.450798,-0.043246,8.39,gru,0.248353,0.122065,0.047203
2026-04-03T21:28:57.6703041Z,-0.333779,0.575987,0.004086,-0.579852,0.463945,-0.039714,7.15,gru,0.246073,0.112042,0.043800
2026-04-03T21:28:57.7169347Z,-0.333832,0.575222,0.004704,-0.578506,0.464467,-0.040146,6.74,gru,0.244674,0.110755,0.044851
2026-04-03T21:28:57.7589903Z,-0.331556,0.576020,0.003563,-0.579190,0.456153,-0.044516,8.78,gru,0.247634,0.119867,0.048080
2026-04-03T21:28:57.8022275Z,-0.332562,0.573071,0.004549,-0.582318,0.453621,-0.042048,7.12,gru,0.249755,0.119450,0.046596
2026-04-03T21:28:57.8253350Z,-0.332563,0.575745,0.003608,-0.581446,0.457914,-0.043168,8.39,gru,0.248883,0.117831,0.046776
2026-04-03T21:28:57.8635448Z,-0.327562,0.573530,0.003132,-0.580809,0.461887,-0.045516,6.95,gru,0.253247,0.111644,0.048648
2026-04-03T21:28:57.8854726Z,-0.328311,0.575093,0.002688,-0.579564,0.457913,-0.043599,7.68,gru,0.251253,0.117180,0.046287
2026-04-03T21:28:57.9225653Z,-0.331714,0.577380,0.004509,-0.580162,0.463414,-0.038975,7.44,gru,0.248448,0.113966,0.043484
2026-04-03T21:28:57.9579872Z,-0.325847,0.573299,0.002442,-0.578685,0.450892,-0.047336,7.58,gru,0.252838,0.122408,0.049777
2026-04-03T21:28:57.9949489Z,-0.330702,0.575166,0.003841,-0.578200,0.455157,-0.041907,7.70,gru,0.247497,0.120010,0.045749
2026-04-03T21:28:58.0294909Z,-0.331148,0.574315,0.004021,-0.579567,0.459537,-0.039755,6.55,gru,0.248419,0.114777,0.043776
2026-04-03T21:28:58.0470795Z,-0.334884,0.575290,0.005221,-0.579085,0.458454,-0.039486,5.98,gru,0.244202,0.116836,0.044707
2026-04-03T21:28:58.0855752Z,-0.321225,0.575433,0.001971,-0.575805,0.450413,-0.049226,7.20,gru,0.254580,0.125020,0.051197
2026-04-03T21:28:58.1208310Z,-0.329711,0.573306,0.003996,-0.577160,0.462725,-0.038297,7.72,gru,0.247448,0.110581,0.042293
2026-04-03T21:28:58.1509768Z,-0.332011,0.573167,0.004820,-0.581525,0.457980,-0.037840,6.41,gru,0.249514,0.115187,0.042661
2026-04-03T21:28:58.1906667Z,-0.331235,0.575219,0.004434,-0.580199,0.450019,-0.045261,8.64,gru,0.248964,0.125200,0.049695
2026-04-03T21:28:58.2309643Z,-0.332851,0.574063,0.004328,-0.579188,0.461636,-0.041433,7.84,gru,0.246336,0.112427,0.045761
2026-04-03T21:28:58.2568505Z,-0.320613,0.571243,0.002329,-0.579571,0.450789,-0.049338,7.83,gru,0.258958,0.120454,0.051668
2026-04-03T21:28:58.3034698Z,-0.322429,0.572275,0.001954,-0.576188,0.454550,-0.044945,7.96,gru,0.253759,0.117725,0.046899
2026-04-03T21:28:58.3229980Z,-0.322152,0.568841,0.003178,-0.574764,0.461812,-0.038168,7.39,gru,0.252612,0.107028,0.041347
2026-04-03T21:28:58.3629538Z,-0.323233,0.571960,0.002407,-0.575722,0.460062,-0.043852,7.66,gru,0.252489,0.111898,0.046259
2026-04-03T21:28:58.4184498Z,-0.333878,0.570864,0.005191,-0.578802,0.467463,-0.035056,6.83,gru,0.244924,0.103401,0.040247
2026-04-03T21:28:58.4551804Z,-0.334919,0.567034,0.006437,-0.579567,0.444165,-0.036855,7.36,gru,0.244648,0.122869,0.043292
2026-04-03T21:28:58.4973548Z,-0.322990,0.570349,0.001392,-0.580512,0.451346,-0.052006,6.11,gru,0.257522,0.119003,0.053398
2026-04-03T21:28:58.5399115Z,-0.326734,0.570651,0.002708,-0.580923,0.458035,-0.042686,8.58,gru,0.254188,0.112616,0.045393
2026-04-03T21:28:58.5614291Z,-0.327084,0.569960,0.002744,-0.578834,0.458760,-0.039784,7.68,gru,0.251749,0.111200,0.042528
2026-04-03T21:28:58.5901268Z,-0.327570,0.567567,0.003370,-0.580039,0.453756,-0.043218,9.04,gru,0.252469,0.113811,0.046589
2026-04-03T21:28:58.6379797Z,-0.329311,0.566939,0.004469,-0.586298,0.442067,-0.042503,6.90,gru,0.256987,0.124872,0.046972
2026-04-03T21:28:58.7016256Z,-0.326169,0.567258,0.003011,-0.582535,0.452744,-0.046299,10.61,gru,0.256366,0.114514,0.049309
2026-04-03T21:28:58.7303989Z,-0.336234,0.569939,0.006662,-0.581798,0.465224,-0.032374,10.08,gru,0.245564,0.104715,0.039036
2026-04-03T21:28:58.7525315Z,-0.335999,0.570056,0.007153,-0.580817,0.459100,-0.035928,8.45,gru,0.244817,0.110956,0.043081
2026-04-03T21:28:58.8006626Z,-0.336638,0.571949,0.006668,-0.584267,0.448698,-0.045201,9.90,gru,0.247628,0.123251,0.051869
2026-04-03T21:28:58.8310197Z,-0.335751,0.573928,0.007074,-0.584560,0.455307,-0.039680,9.85,gru,0.248809,0.118622,0.046753
2026-04-03T21:28:58.8629336Z,-0.335119,0.574457,0.006899,-0.581783,0.455225,-0.039604,11.71,gru,0.246665,0.119232,0.046503
2026-04-03T21:28:58.8942942Z,-0.334941,0.573903,0.006953,-0.581740,0.460888,-0.039287,13.54,gru,0.246799,0.113016,0.046240
2026-04-03T21:28:58.9303656Z,-0.334849,0.573744,0.006225,-0.584678,0.454042,-0.041395,10.59,gru,0.249829,0.119702,0.047620
2026-04-03T21:28:58.9626736Z,-0.335861,0.575221,0.006131,-0.583515,0.444064,-0.043337,10.35,gru,0.247654,0.131157,0.049468
2026-04-03T21:28:58.9999494Z,-0.335384,0.575584,0.005681,-0.584236,0.442093,-0.044237,12.57,gru,0.248852,0.133491,0.049918
2026-04-03T21:28:59.0400227Z,-0.335842,0.573421,0.006690,-0.581923,0.428704,-0.042018,13.02,gru,0.246081,0.144717,0.048708
2026-04-03T21:28:59.0742802Z,-0.331784,0.574317,0.004404,-0.582268,0.445123,-0.045356,8.96,gru,0.250484,0.129194,0.049760
2026-04-03T21:28:59.1482950Z,-0.335016,0.572831,0.005638,-0.578080,0.438511,-0.036658,8.14,gru,0.243064,0.134320,0.042297
2026-04-03T21:28:59.2109038Z,-0.325413,0.571418,0.003059,-0.582524,0.427490,-0.051174,10.42,gru,0.257112,0.143928,0.054233
2026-04-03T21:28:59.2573936Z,-0.332941,0.573588,0.004547,-0.581783,0.449625,-0.041220,8.57,gru,0.248842,0.123963,0.045767
2026-04-03T21:28:59.3043060Z,-0.335653,0.574432,0.005010,-0.582411,0.447505,-0.038930,8.32,gru,0.246758,0.126928,0.043940
2026-04-03T21:28:59.3272510Z,-0.328861,0.574576,0.003164,-0.580841,0.423970,-0.049115,8.29,gru,0.251979,0.150607,0.052280
2026-04-03T21:28:59.3498081Z,-0.329277,0.574205,0.003790,-0.579519,0.431117,-0.043893,7.37,gru,0.250242,0.143088,0.047683
2026-04-03T21:28:59.3906798Z,-0.324173,0.572447,0.002533,-0.578107,0.427913,-0.047129,8.38,gru,0.253934,0.144534,0.049662
2026-04-03T21:28:59.4268000Z,-0.333052,0.571916,0.005194,-0.576213,0.450896,-0.034066,7.67,gru,0.243161,0.121019,0.039260
2026-04-03T21:28:59.4693968Z,-0.330432,0.572582,0.004437,-0.575805,0.447218,-0.039166,7.31,gru,0.245374,0.125363,0.043603
2026-04-03T21:28:59.4919824Z,-0.328900,0.572845,0.003961,-0.575359,0.449294,-0.042987,7.65,gru,0.246459,0.123550,0.046948
2026-04-03T21:28:59.5270998Z,-0.326451,0.571070,0.003298,-0.572471,0.459204,-0.040214,7.96,gru,0.246020,0.111865,0.043512
2026-04-03T21:28:59.5452056Z,-0.326112,0.572984,0.002368,-0.572109,0.464646,-0.041708,6.59,gru,0.245997,0.108338,0.044076
2026-04-03T21:28:59.5808525Z,-0.327369,0.572915,0.003074,-0.572554,0.462004,-0.038888,7.16,gru,0.245186,0.110911,0.041962
2026-04-03T21:28:59.6271182Z,-0.325364,0.572465,0.003124,-0.574204,0.453683,-0.041579,8.57,gru,0.248840,0.118782,0.044702
2026-04-03T21:28:59.6527176Z,-0.330310,0.570856,0.005563,-0.574208,0.463143,-0.034685,8.44,gru,0.243898,0.107712,0.040248
2026-04-03T21:28:59.6933767Z,-0.328071,0.572002,0.003411,-0.574234,0.463927,-0.042264,7.85,gru,0.246163,0.108075,0.045675
2026-04-03T21:28:59.7308598Z,-0.331349,0.571706,0.004550,-0.575157,0.458719,-0.039053,6.91,gru,0.243808,0.112987,0.043604
2026-04-03T21:28:59.7512341Z,-0.329224,0.573520,0.003502,-0.576683,0.460504,-0.041421,7.04,gru,0.247459,0.113016,0.044923
2026-04-03T21:28:59.7856986Z,-0.333096,0.573203,0.004639,-0.577865,0.459308,-0.039991,6.01,gru,0.244769,0.113895,0.044630
2026-04-03T21:28:59.8309438Z,-0.331371,0.571003,0.004710,-0.579664,0.446865,-0.040287,7.16,gru,0.248293,0.124139,0.044997
2026-04-03T21:28:59.8700376Z,-0.328691,0.573296,0.003335,-0.582202,0.441105,-0.048379,6.68,gru,0.253512,0.132190,0.051714
2026-04-03T21:28:59.8923817Z,-0.324253,0.572920,0.001846,-0.578358,0.454786,-0.046723,7.21,gru,0.254105,0.118134,0.048568
2026-04-03T21:28:59.9296294Z,-0.329300,0.572830,0.003464,-0.577728,0.462841,-0.037542,7.07,gru,0.248428,0.109989,0.041006
2026-04-03T21:28:59.9616679Z,-0.325297,0.571019,0.003269,-0.578575,0.448119,-0.043858,7.22,gru,0.253278,0.122899,0.047127
2026-04-03T21:28:59.9973752Z,-0.326593,0.571851,0.003286,-0.578797,0.450486,-0.045049,7.76,gru,0.252204,0.121365,0.048334
2026-04-03T21:29:00.0345945Z,-0.327402,0.572192,0.003349,-0.579035,0.448855,-0.043771,7.91,gru,0.251633,0.123337,0.047120
2026-04-03T21:29:00.0671285Z,-0.329675,0.571702,0.004298,-0.575575,0.449381,-0.039762,6.02,gru,0.245900,0.122321,0.044060
2026-04-03T21:29:00.1061972Z,-0.328095,0.571411,0.004065,-0.577167,0.447940,-0.042767,6.74,gru,0.249072,0.123471,0.046832
2026-04-03T21:29:00.1408412Z,-0.326875,0.570989,0.003338,-0.577937,0.446507,-0.045425,8.25,gru,0.251061,0.124482,0.048764
2026-04-03T21:29:00.1641570Z,-0.327084,0.572082,0.004084,-0.579431,0.444186,-0.042962,7.67,gru,0.252347,0.127896,0.047046
2026-04-03T21:29:00.1884193Z,-0.328681,0.572105,0.003672,-0.579961,0.447917,-0.044170,7.61,gru,0.251280,0.124187,0.047842
2026-04-03T21:29:00.2281618Z,-0.327183,0.571187,0.004080,-0.580598,0.442578,-0.044909,7.77,gru,0.253415,0.128609,0.048988
2026-04-03T21:29:00.2508410Z,-0.330901,0.571409,0.004515,-0.579939,0.446839,-0.041876,6.52,gru,0.249038,0.124570,0.046390
2026-04-03T21:29:00.2898741Z,-0.332732,0.572408,0.004743,-0.578300,0.449034,-0.040571,6.37,gru,0.245568,0.123374,0.045314
2026-04-03T21:29:00.3231655Z,-0.327740,0.572702,0.003079,-0.579852,0.440258,-0.047855,8.94,gru,0.252112,0.132444,0.050934
2026-04-03T21:29:00.3580240Z,-0.330698,0.574261,0.004059,-0.579531,0.451691,-0.041424,7.64,gru,0.248833,0.122570,0.045483
2026-04-03T21:29:00.3951294Z,-0.326224,0.570249,0.003526,-0.579670,0.444434,-0.044481,8.01,gru,0.253446,0.125815,0.048008
2026-04-03T21:29:00.4284138Z,-0.327175,0.572166,0.002733,-0.577908,0.452860,-0.044859,7.46,gru,0.250733,0.119307,0.047592
2026-04-03T21:29:00.4530051Z,-0.327864,0.571101,0.003690,-0.578258,0.448160,-0.040503,8.57,gru,0.250394,0.122941,0.044194
2026-04-03T21:29:00.4973039Z,-0.329691,0.573969,0.003442,-0.580586,0.451604,-0.043865,9.19,gru,0.250895,0.122365,0.047307
2026-04-03T21:29:00.5261193Z,-0.327393,0.570946,0.003302,-0.580486,0.440304,-0.047073,8.51,gru,0.253093,0.130642,0.050375
2026-04-03T21:29:00.5699771Z,-0.328581,0.573249,0.003190,-0.579157,0.450040,-0.043877,8.78,gru,0.250576,0.123209,0.047067
2026-04-03T21:29:00.5959236Z,-0.327149,0.571918,0.003515,-0.578256,0.441167,-0.044389,7.34,gru,0.251106,0.130752,0.047904
2026-04-03T21:29:00.6199688Z,-0.326350,0.571536,0.003132,-0.578766,0.440574,-0.045700,7.80,gru,0.252417,0.130962,0.048832
2026-04-03T21:29:00.6643999Z,-0.328505,0.572361,0.003457,-0.578588,0.449846,-0.043166,8.26,gru,0.250084,0.122516,0.046623
2026-04-03T21:29:00.6914732Z,-0.326216,0.572189,0.002470,-0.577894,0.444445,-0.045806,8.80,gru,0.251678,0.127744,0.048276
2026-04-03T21:29:00.7412461Z,-0.333309,0.572504,0.004573,-0.580420,0.447654,-0.038996,8.97,gru,0.247111,0.124849,0.043570
2026-04-03T21:29:00.7707064Z,-0.332924,0.571637,0.004982,-0.580623,0.440055,-0.041346,9.48,gru,0.247699,0.131582,0.046328
2026-04-03T21:29:00.7989270Z,-0.334703,0.572306,0.005079,-0.580328,0.445332,-0.043036,10.44,gru,0.245625,0.126974,0.048115
2026-04-03T21:29:00.8240355Z,-0.333129,0.572080,0.005053,-0.582647,0.445800,-0.042830,9.53,gru,0.249519,0.126280,0.047883
2026-04-03T21:29:00.8669112Z,-0.334935,0.572237,0.005420,-0.582270,0.443840,-0.041770,8.09,gru,0.247334,0.128397,0.047190
2026-04-03T21:29:00.8904639Z,-0.334774,0.573259,0.004973,-0.582962,0.449102,-0.042163,7.24,gru,0.248188,0.124157,0.047136
2026-04-03T21:29:00.9324436Z,-0.328985,0.573299,0.003570,-0.582532,0.444927,-0.046821,7.56,gru,0.253547,0.128371,0.050392
2026-04-03T21:29:00.9591727Z,-0.326753,0.571004,0.003767,-0.582129,0.443965,-0.045215,7.59,gru,0.255376,0.127039,0.048983
2026-04-03T21:29:01.0058536Z,-0.327229,0.571713,0.003569,-0.580609,0.456217,-0.042240,8.40,gru,0.253380,0.115495,0.045809
2026-04-03T21:29:01.0303395Z,-0.325369,0.572335,0.002435,-0.580199,0.439404,-0.047927,6.62,gru,0.254830,0.132930,0.050362
2026-04-03T21:29:01.0551381Z,-0.331233,0.572342,0.004089,-0.581235,0.446629,-0.041058,7.30,gru,0.250002,0.125713,0.045148
2026-04-03T21:29:01.1037512Z,-0.332792,0.571718,0.005039,-0.580581,0.443224,-0.040229,8.30,gru,0.247788,0.128495,0.045268
2026-04-03T21:29:01.1273347Z,-0.328435,0.570503,0.004248,-0.580320,0.443182,-0.045691,7.90,gru,0.251885,0.127320,0.049939
2026-04-03T21:29:01.1714719Z,-0.330382,0.573041,0.004353,-0.580098,0.449439,-0.043040,7.38,gru,0.249716,0.123602,0.047393
2026-04-03T21:29:01.1906124Z,-0.328417,0.573960,0.003154,-0.580097,0.453618,-0.045300,7.09,gru,0.251680,0.120342,0.048454
2026-04-03T21:29:01.2275374Z,-0.329058,0.572163,0.003658,-0.580408,0.440534,-0.044634,6.01,gru,0.251350,0.131628,0.048292
2026-04-03T21:29:01.2612837Z,-0.332511,0.571586,0.004906,-0.581789,0.443736,-0.039876,6.23,gru,0.249278,0.127850,0.044782
2026-04-03T21:29:01.2980610Z,-0.334301,0.572498,0.004841,-0.583391,0.447267,-0.042674,8.75,gru,0.249090,0.125231,0.047515
2026-04-03T21:29:01.3323838Z,-0.331398,0.569964,0.005195,-0.584173,0.436013,-0.044840,6.81,gru,0.252776,0.133951,0.050035
2026-04-03T21:29:01.3656796Z,-0.332995,0.573789,0.004320,-0.581049,0.456294,-0.042311,7.33,gru,0.248054,0.117495,0.046630
2026-04-03T21:29:01.3846653Z,-0.334405,0.571441,0.005332,-0.580462,0.449482,-0.039340,7.26,gru,0.246057,0.121958,0.044672
2026-04-03T21:29:01.4250549Z,-0.328482,0.572186,0.003776,-0.581357,0.443339,-0.045338,5.43,gru,0.252874,0.128847,0.049114
2026-04-03T21:29:01.4584640Z,-0.327609,0.573736,0.002384,-0.579424,0.454069,-0.046572,5.25,gru,0.251815,0.119667,0.048956
2026-04-03T21:29:01.4904784Z,-0.333249,0.573177,0.004600,-0.579725,0.459455,-0.034616,6.03,gru,0.246476,0.113722,0.039216
2026-04-03T21:29:01.5228855Z,-0.333210,0.572353,0.004728,-0.581538,0.451058,-0.040039,5.40,gru,0.248328,0.121295,0.044767
2026-04-03T21:29:01.5534979Z,-0.329173,0.573034,0.003416,-0.581476,0.445880,-0.047371,7.66,gru,0.252304,0.127154,0.050787
2026-04-03T21:29:01.5885925Z,-0.323939,0.572035,0.002278,-0.578849,0.439327,-0.048093,6.67,gru,0.254910,0.132708,0.050371
2026-04-03T21:29:01.6251293Z,-0.328413,0.571600,0.003946,-0.579824,0.447524,-0.039518,8.41,gru,0.251411,0.124076,0.043463
2026-04-03T21:29:01.6574345Z,-0.323403,0.569384,0.003325,-0.579597,0.436527,-0.046115,6.52,gru,0.256194,0.132857,0.049441
2026-04-03T21:29:01.6984731Z,-0.332776,0.571290,0.004797,-0.579803,0.455101,-0.039045,7.01,gru,0.247027,0.116190,0.043842
2026-04-03T21:29:01.7156019Z,-0.327605,0.570658,0.003841,-0.579824,0.444836,-0.043577,6.62,gru,0.252219,0.125822,0.047418
2026-04-03T21:29:01.7542272Z,-0.327407,0.572671,0.003040,-0.577459,0.440665,-0.046684,6.00,gru,0.250051,0.132006,0.049724
2026-04-03T21:29:01.7888499Z,-0.325520,0.572864,0.002438,-0.576624,0.455474,-0.043679,6.76,gru,0.251104,0.117390,0.046118
2026-04-03T21:29:01.8234475Z,-0.327220,0.570696,0.004052,-0.580236,0.446639,-0.041824,7.31,gru,0.253016,0.124057,0.045875
2026-04-03T21:29:01.8555377Z,-0.327015,0.573996,0.002205,-0.578407,0.451328,-0.046141,6.75,gru,0.251392,0.122668,0.048346
2026-04-03T21:29:01.8911856Z,-0.327141,0.571115,0.003737,-0.577615,0.444435,-0.042221,7.08,gru,0.250473,0.126679,0.045958
2026-04-03T21:29:01.9289789Z,-0.326707,0.573283,0.002402,-0.578605,0.449853,-0.043924,7.27,gru,0.251898,0.123431,0.046326
2026-04-03T21:29:01.9698860Z,-0.327356,0.571227,0.003538,-0.577000,0.441835,-0.042649,7.04,gru,0.249644,0.129392,0.046187
2026-04-03T21:29:02.0154922Z,-0.325470,0.571450,0.002893,-0.576875,0.451343,-0.043057,6.30,gru,0.251406,0.120107,0.045950
2026-04-03T21:29:02.0505672Z,-0.325369,0.573234,0.002094,-0.574432,0.452189,-0.044948,6.98,gru,0.249063,0.121046,0.047042
2026-04-03T21:29:02.0910296Z,-0.326323,0.570626,0.003671,-0.578589,0.442312,-0.041644,7.42,gru,0.252266,0.128315,0.045315
2026-04-03T21:29:02.1262067Z,-0.333495,0.571534,0.004475,-0.580691,0.453205,-0.039801,6.17,gru,0.247196,0.118329,0.044275
2026-04-03T21:29:02.1656611Z,-0.334888,0.571918,0.005630,-0.580337,0.453916,-0.038976,6.42,gru,0.245449,0.118002,0.044606
2026-04-03T21:29:02.1977750Z,-0.328196,0.572696,0.003120,-0.579076,0.445150,-0.047053,7.01,gru,0.250880,0.127546,0.050174
2026-04-03T21:29:02.2157480Z,-0.326559,0.572712,0.002993,-0.579767,0.449945,-0.046223,5.59,gru,0.253208,0.122768,0.049217
2026-04-03T21:29:02.2502751Z,-0.327274,0.572191,0.002872,-0.580216,0.445812,-0.043647,7.00,gru,0.252942,0.126379,0.046519
2026-04-03T21:29:02.2899944Z,-0.328301,0.573182,0.003399,-0.580828,0.443626,-0.044005,6.56,gru,0.252527,0.129556,0.047404
2026-04-03T21:29:02.3243015Z,-0.327762,0.571950,0.003671,-0.579835,0.432453,-0.045128,7.60,gru,0.252073,0.139497,0.048799
2026-04-03T21:29:02.3539783Z,-0.327503,0.571020,0.003870,-0.579085,0.442823,-0.043066,7.20,gru,0.251582,0.128197,0.046937
2026-04-03T21:29:02.3895731Z,-0.334923,0.573180,0.005049,-0.579578,0.451643,-0.038273,10.74,gru,0.244655,0.121537,0.043322
2026-04-03T21:29:02.4243304Z,-0.331439,0.572909,0.003677,-0.581641,0.444874,-0.046101,7.72,gru,0.250201,0.128034,0.049778
2026-04-03T21:29:02.4440148Z,-0.325283,0.571407,0.003723,-0.581181,0.434396,-0.048418,6.09,gru,0.255898,0.137011,0.052141
2026-04-03T21:29:02.4853942Z,-0.324622,0.570890,0.003396,-0.578224,0.444269,-0.043709,6.89,gru,0.253601,0.126622,0.047105
2026-04-03T21:29:02.5152127Z,-0.325452,0.571612,0.002568,-0.580069,0.453171,-0.045996,5.22,gru,0.254617,0.118441,0.048564
2026-04-03T21:29:02.5453351Z,-0.326271,0.571230,0.003464,-0.579701,0.440691,-0.043612,5.44,gru,0.253429,0.130539,0.047076
2026-04-03T21:29:02.5756100Z,-0.328616,0.572191,0.003752,-0.582234,0.447911,-0.043884,5.52,gru,0.253618,0.124280,0.047637
2026-04-03T21:29:02.6181155Z,-0.323363,0.569116,0.002640,-0.577657,0.433504,-0.048132,6.99,gru,0.254295,0.135612,0.050772
2026-04-03T21:29:02.6458977Z,-0.326336,0.571731,0.002875,-0.577556,0.446605,-0.044445,6.04,gru,0.251220,0.125126,0.047321
2026-04-03T21:29:02.6793509Z,-0.326936,0.571833,0.003608,-0.580284,0.448594,-0.043104,5.68,gru,0.253349,0.123239,0.046712
2026-04-03T21:29:02.7191630Z,-0.324918,0.570685,0.002604,-0.577898,0.433565,-0.047732,6.24,gru,0.252980,0.137120,0.050335
2026-04-03T21:29:02.7531406Z,-0.325341,0.570480,0.003614,-0.577255,0.446823,-0.042043,6.51,gru,0.251914,0.123657,0.045657
2026-04-03T21:29:02.7899399Z,-0.333614,0.574137,0.004792,-0.576957,0.464658,-0.035013,6.62,gru,0.243343,0.109479,0.039805
2026-04-03T21:29:02.8254447Z,-0.334801,0.573112,0.005019,-0.582041,0.446642,-0.042342,7.44,gru,0.247240,0.126469,0.047360
2026-04-03T21:29:02.8690470Z,-0.332750,0.572238,0.005102,-0.582869,0.437908,-0.044886,6.24,gru,0.250119,0.134330,0.049988
2026-04-03T21:29:02.8858084Z,-0.329560,0.572824,0.004239,-0.580861,0.446375,-0.045421,6.06,gru,0.251300,0.126449,0.049660
2026-04-03T21:29:02.9495245Z,-0.327632,0.571426,0.003766,-0.580201,0.447933,-0.044719,6.15,gru,0.252568,0.123493,0.048486
2026-04-03T21:29:02.9856878Z,-0.323331,0.571230,0.002319,-0.580425,0.439405,-0.048249,6.06,gru,0.257093,0.131825,0.050568
2026-04-03T21:29:03.0038351Z,-0.326285,0.573427,0.002621,-0.578316,0.449220,-0.043947,7.07,gru,0.252031,0.124207,0.046569
2026-04-03T21:29:03.0202389Z,-0.326108,0.571879,0.003394,-0.577367,0.453195,-0.040547,6.44,gru,0.251259,0.118684,0.043941
2026-04-03T21:29:03.0699904Z,-0.328028,0.573273,0.003206,-0.577925,0.450103,-0.043752,5.68,gru,0.249897,0.123171,0.046959
2026-04-03T21:29:03.0888351Z,-0.325512,0.574402,0.002864,-0.575505,0.444906,-0.045846,4.96,gru,0.249992,0.129496,0.048711
2026-04-03T21:29:03.1209266Z,-0.325084,0.573017,0.003188,-0.575811,0.438572,-0.045075,5.93,gru,0.250727,0.134445,0.048263
2026-04-03T21:29:03.1811415Z,-0.333249,0.574017,0.004690,-0.578063,0.451650,-0.038343,6.62,gru,0.244815,0.122368,0.043033
2026-04-03T21:29:03.2593609Z,-0.334706,0.575283,0.005174,-0.578087,0.447763,-0.040594,8.16,gru,0.243381,0.127520,0.045769
2026-04-03T21:29:03.2937825Z,-0.323102,0.573514,0.002841,-0.580316,0.432507,-0.050457,6.26,gru,0.257214,0.141007,0.053298
2026-04-03T21:29:03.3126018Z,-0.322995,0.572961,0.002350,-0.578019,0.435281,-0.047871,5.42,gru,0.255024,0.137680,0.050220
2026-04-03T21:29:03.3498713Z,-0.324093,0.574038,0.002304,-0.576635,0.453432,-0.042043,5.33,gru,0.252542,0.120607,0.044347
2026-04-03T21:29:03.3895083Z,-0.323089,0.573023,0.002536,-0.576476,0.439860,-0.045300,7.36,gru,0.253387,0.133162,0.047836
2026-04-03T21:29:03.4259201Z,-0.323405,0.572694,0.003048,-0.577779,0.433949,-0.045786,6.62,gru,0.254374,0.138745,0.048835
2026-04-03T21:29:03.4560774Z,-0.323208,0.572485,0.002816,-0.573496,0.440864,-0.044971,6.27,gru,0.250289,0.131621,0.047788
2026-04-03T21:29:03.4902727Z,-0.323784,0.573908,0.002656,-0.571941,0.460379,-0.042344,10.78,gru,0.248157,0.113530,0.045000
2026-04-03T21:29:03.5357986Z,-0.325561,0.575297,0.003104,-0.571393,0.453378,-0.040817,7.29,gru,0.245833,0.121919,0.043921
2026-04-03T21:29:03.5887747Z,-0.325581,0.574735,0.003174,-0.573167,0.452927,-0.043162,7.76,gru,0.247586,0.121808,0.046337
2026-04-03T21:29:03.6288783Z,-0.323392,0.573825,0.002144,-0.573974,0.439821,-0.046849,7.49,gru,0.250583,0.134004,0.048994
2026-04-03T21:29:03.6491574Z,-0.324037,0.572956,0.002955,-0.576497,0.440121,-0.044971,6.58,gru,0.252460,0.132835,0.047926
2026-04-03T21:29:03.6892730Z,-0.333880,0.573600,0.005320,-0.580243,0.457003,-0.035557,6.14,gru,0.246362,0.116597,0.040877
2026-04-03T21:29:03.7357901Z,-0.322889,0.572216,0.002698,-0.575515,0.435153,-0.048611,7.64,gru,0.252626,0.137064,0.051309
2026-04-03T21:29:03.7701840Z,-0.324553,0.572692,0.003767,-0.575378,0.448063,-0.044452,7.39,gru,0.250824,0.124629,0.048219
2026-04-03T21:29:03.8059232Z,-0.325878,0.572594,0.003892,-0.577437,0.457877,-0.039890,6.53,gru,0.251560,0.114717,0.043782
2026-04-03T21:29:03.8376841Z,-0.323320,0.571892,0.003310,-0.575174,0.442229,-0.046433,6.45,gru,0.251854,0.129663,0.049743
2026-04-03T21:29:03.9255016Z,-0.325634,0.573874,0.003104,-0.572098,0.463879,-0.041142,7.16,gru,0.246464,0.109995,0.044246
2026-04-03T21:29:03.9869538Z,-0.321348,0.570613,0.002600,-0.572187,0.455731,-0.043620,6.16,gru,0.250839,0.114882,0.046220
2026-04-03T21:29:04.0412313Z,-0.327427,0.574328,0.002709,-0.575639,0.455871,-0.043463,8.45,gru,0.248211,0.118456,0.046172
2026-04-03T21:29:04.0603252Z,-0.322879,0.574054,0.002452,-0.575572,0.446495,-0.046560,6.67,gru,0.252693,0.127559,0.049012
2026-04-03T21:29:04.0961717Z,-0.328615,0.573959,0.003861,-0.576715,0.449675,-0.042297,7.07,gru,0.248100,0.124284,0.046158
2026-04-03T21:29:04.1289418Z,-0.325987,0.570728,0.003522,-0.576719,0.442141,-0.044917,7.61,gru,0.250732,0.128587,0.048439
2026-04-03T21:29:04.1640807Z,-0.327049,0.572300,0.003802,-0.576447,0.444891,-0.044592,7.05,gru,0.249398,0.127409,0.048393
2026-04-03T21:29:04.2060654Z,-0.332139,0.573047,0.004373,-0.577990,0.454858,-0.040246,7.22,gru,0.245851,0.118189,0.044619
2026-04-03T21:29:04.2229118Z,-0.335406,0.573728,0.005432,-0.581931,0.449410,-0.041263,6.56,gru,0.246525,0.124317,0.046695
2026-04-03T21:29:04.2581764Z,-0.335452,0.571778,0.006647,-0.580635,0.440594,-0.040701,6.83,gru,0.245183,0.131184,0.047347
2026-04-03T21:29:04.2876131Z,-0.324136,0.573440,0.003189,-0.577589,0.450687,-0.049917,6.49,gru,0.253453,0.122752,0.053106
2026-04-03T21:29:04.3228649Z,-0.325214,0.572491,0.003333,-0.578653,0.456605,-0.044729,6.91,gru,0.253439,0.115886,0.048062
2026-04-03T21:29:04.3634952Z,-0.324886,0.573158,0.003315,-0.579668,0.451214,-0.042681,7.10,gru,0.254782,0.121944,0.045996
2026-04-03T21:29:04.4166116Z,-0.322548,0.572089,0.002823,-0.576483,0.442534,-0.046852,7.81,gru,0.253935,0.129556,0.049674
2026-04-03T21:29:04.4379630Z,-0.334319,0.574328,0.004846,-0.576939,0.467727,-0.033912,8.61,gru,0.242619,0.106601,0.038758
2026-04-03T21:29:04.4832638Z,-0.333489,0.573714,0.005210,-0.579871,0.443144,-0.042028,8.15,gru,0.246383,0.130570,0.047238
2026-04-03T21:29:04.5220628Z,-0.325485,0.574634,0.003260,-0.576200,0.439727,-0.048768,8.76,gru,0.250715,0.134908,0.052028
2026-04-03T21:29:04.5612651Z,-0.326113,0.575595,0.002445,-0.574516,0.456593,-0.044775,7.44,gru,0.248403,0.119002,0.047220
2026-04-03T21:29:04.5873523Z,-0.324776,0.576361,0.002293,-0.574774,0.450818,-0.044065,7.99,gru,0.249998,0.125543,0.046358
2026-04-03T21:29:04.6637851Z,-0.333009,0.573307,0.005091,-0.579082,0.449078,-0.037050,8.51,gru,0.246073,0.124229,0.042141
2026-04-03T21:29:04.6876725Z,-0.333338,0.573299,0.005192,-0.580208,0.436574,-0.042191,7.63,gru,0.246870,0.136725,0.047384
2026-04-03T21:29:04.7296917Z,-0.335104,0.573353,0.005510,-0.582272,0.450914,-0.042841,7.07,gru,0.247167,0.122439,0.048352
2026-04-03T21:29:04.7559886Z,-0.324511,0.573440,0.003085,-0.578893,0.445422,-0.049353,8.61,gru,0.254382,0.128018,0.052438
2026-04-03T21:29:04.7988230Z,-0.324407,0.573761,0.003160,-0.575159,0.454292,-0.044087,7.49,gru,0.250752,0.119469,0.047248
2026-04-03T21:29:04.8252227Z,-0.331878,0.573750,0.003992,-0.577560,0.452042,-0.037249,6.61,gru,0.245682,0.121709,0.041241
2026-04-03T21:29:04.8504876Z,-0.333367,0.573896,0.004390,-0.580414,0.443980,-0.042193,8.15,gru,0.247047,0.129915,0.046582
2026-04-03T21:29:04.8915967Z,-0.333228,0.572429,0.005484,-0.580881,0.446892,-0.040582,6.98,gru,0.247653,0.125537,0.046066
2026-04-03T21:29:04.9290109Z,-0.328505,0.573468,0.003248,-0.577273,0.458077,-0.044395,7.88,gru,0.248769,0.115391,0.047643
2026-04-03T21:29:04.9487781Z,-0.327668,0.572466,0.004000,-0.576150,0.453774,-0.040660,6.53,gru,0.248482,0.118692,0.044659
2026-04-03T21:29:05.0033662Z,-0.324389,0.574835,0.001618,-0.576217,0.452953,-0.047578,6.30,gru,0.251828,0.121882,0.049197
2026-04-03T21:29:05.0571465Z,-0.324495,0.573135,0.002740,-0.577330,0.444684,-0.045215,8.37,gru,0.252835,0.128451,0.047955
2026-04-03T21:29:05.0914616Z,-0.323514,0.574997,0.002304,-0.578181,0.446853,-0.045245,8.99,gru,0.254667,0.128144,0.047548
2026-04-03T21:29:05.1478756Z,-0.324277,0.573569,0.003042,-0.576747,0.443291,-0.045449,7.84,gru,0.252469,0.130278,0.048491
2026-04-03T21:29:05.1887554Z,-0.322426,0.572482,0.003087,-0.572794,0.454699,-0.041494,8.20,gru,0.250367,0.117783,0.044582
2026-04-03T21:29:05.2305778Z,-0.324963,0.573546,0.002746,-0.572090,0.460658,-0.042056,8.05,gru,0.247127,0.112888,0.044801
2026-04-03T21:29:05.2530901Z,-0.324172,0.574380,0.002288,-0.571890,0.456033,-0.044396,7.07,gru,0.247718,0.118348,0.046683
2026-04-03T21:29:05.2945546Z,-0.322441,0.573918,0.001853,-0.573523,0.452188,-0.046703,8.28,gru,0.251082,0.121731,0.048556
2026-04-03T21:29:05.3212324Z,-0.334417,0.575845,0.004495,-0.577776,0.469576,-0.035227,9.02,gru,0.243359,0.106269,0.039722
2026-04-03T21:29:05.3709573Z,-0.332857,0.573931,0.004129,-0.577033,0.451209,-0.040671,7.48,gru,0.244176,0.122722,0.044801
2026-04-03T21:29:05.4026010Z,-0.323773,0.572541,0.002996,-0.575087,0.442764,-0.046669,9.59,gru,0.251313,0.129778,0.049665
2026-04-03T21:29:05.4287804Z,-0.325430,0.575321,0.002679,-0.574119,0.467773,-0.040478,8.28,gru,0.248689,0.107547,0.043158
2026-04-03T21:29:05.4546618Z,-0.324468,0.574108,0.002509,-0.576141,0.451154,-0.044426,8.68,gru,0.251673,0.122954,0.046935
2026-04-03T21:29:05.5007788Z,-0.325254,0.574301,0.003289,-0.576207,0.445899,-0.043955,7.89,gru,0.250952,0.128402,0.047244
2026-04-03T21:29:05.5271214Z,-0.324479,0.573298,0.003162,-0.576146,0.452743,-0.043434,7.73,gru,0.251667,0.120555,0.046595
2026-04-03T21:29:05.5529159Z,-0.324261,0.571463,0.003248,-0.574286,0.452399,-0.042633,7.41,gru,0.250025,0.119064,0.045881
2026-04-03T21:29:05.5980646Z,-0.326593,0.572463,0.003440,-0.573428,0.456946,-0.040164,7.69,gru,0.246835,0.115518,0.043604
2026-04-03T21:29:05.6243651Z,-0.324968,0.573781,0.002752,-0.574937,0.452465,-0.045072,8.79,gru,0.249969,0.121316,0.047823
2026-04-03T21:29:05.6712504Z,-0.326309,0.571811,0.003368,-0.575334,0.446036,-0.043423,8.33,gru,0.249024,0.125775,0.046791
2026-04-03T21:29:05.6887371Z,-0.324502,0.575042,0.002586,-0.578231,0.454320,-0.046778,7.71,gru,0.253728,0.120722,0.049363
2026-04-03T21:29:05.7265814Z,-0.326325,0.573205,0.003768,-0.575784,0.448422,-0.043063,7.81,gru,0.249459,0.124783,0.046831
2026-04-03T21:29:05.7628136Z,-0.325085,0.571637,0.003695,-0.577347,0.448124,-0.044279,6.17,gru,0.252262,0.123514,0.047974
2026-04-03T21:29:05.7967941Z,-0.324142,0.571207,0.003105,-0.577579,0.445920,-0.046788,6.03,gru,0.253437,0.125287,0.049893
2026-04-03T21:29:05.8168015Z,-0.327159,0.574099,0.003685,-0.574791,0.454097,-0.041988,7.49,gru,0.247632,0.120002,0.045673
2026-04-03T21:29:05.8592359Z,-0.333616,0.577290,0.004982,-0.577604,0.460169,-0.038870,8.00,gru,0.243988,0.117121,0.043852
2026-04-03T21:29:05.8780723Z,-0.332160,0.576088,0.005495,-0.579983,0.444712,-0.043689,6.17,gru,0.247823,0.131376,0.049184
2026-04-03T21:29:05.9169678Z,-0.335621,0.578493,0.006830,-0.578906,0.454939,-0.040261,6.01,gru,0.243285,0.123554,0.047091
2026-04-03T21:29:05.9595014Z,-0.334790,0.580375,0.006220,-0.575930,0.474581,-0.038375,8.34,gru,0.241139,0.105793,0.044595
2026-04-03T21:29:06.0024577Z,-0.333530,0.578661,0.006803,-0.577657,0.453984,-0.039972,8.62,gru,0.244126,0.124677,0.046775
2026-04-03T21:29:06.0287023Z,-0.333042,0.577905,0.006134,-0.578019,0.448609,-0.041913,6.80,gru,0.244977,0.129296,0.048047
2026-04-03T21:29:06.0682591Z,-0.333602,0.577884,0.005858,-0.578802,0.459572,-0.041887,6.40,gru,0.245199,0.118313,0.047745
2026-04-03T21:29:06.0921133Z,-0.334074,0.577270,0.005816,-0.579007,0.453714,-0.041260,7.77,gru,0.244933,0.123556,0.047076
2026-04-03T21:29:06.1313001Z,-0.332994,0.575817,0.005424,-0.577532,0.451960,-0.042369,7.47,gru,0.244538,0.123856,0.047793
2026-04-03T21:29:06.1522311Z,-0.333768,0.574101,0.005666,-0.578831,0.448294,-0.041703,8.08,gru,0.245062,0.125807,0.047369
2026-04-03T21:29:06.1911296Z,-0.335284,0.576408,0.004772,-0.578191,0.451803,-0.042694,8.22,gru,0.242907,0.124605,0.047466
2026-04-03T21:29:06.2302286Z,-0.332505,0.572110,0.005344,-0.579533,0.442539,-0.042786,7.14,gru,0.247027,0.129571,0.048130
2026-04-03T21:29:06.2663461Z,-0.335236,0.574577,0.005235,-0.580773,0.454382,-0.041436,6.07,gru,0.245536,0.120195,0.046671
2026-04-03T21:29:06.2885504Z,-0.323168,0.573026,0.002679,-0.579189,0.440356,-0.050604,7.82,gru,0.256021,0.132670,0.053283
2026-04-03T21:29:06.3322636Z,-0.322526,0.572935,0.003365,-0.576935,0.453507,-0.044849,7.20,gru,0.254409,0.119428,0.048214
2026-04-03T21:29:06.3606368Z,-0.334946,0.572916,0.005554,-0.578695,0.467921,-0.030726,7.88,gru,0.243749,0.104995,0.036279
2026-04-03T21:29:06.3810099Z,-0.333536,0.573345,0.005779,-0.580878,0.439392,-0.041517,6.61,gru,0.247342,0.133953,0.047297
2026-04-03T21:29:06.4216349Z,-0.334964,0.573252,0.005844,-0.581129,0.437499,-0.043630,8.13,gru,0.246165,0.135753,0.049474
2026-04-03T21:29:06.4701424Z,-0.333402,0.574466,0.004421,-0.579245,0.459188,-0.042965,8.10,gru,0.245843,0.115278,0.047386
2026-04-03T21:29:06.4945654Z,-0.333493,0.574211,0.005328,-0.578489,0.467462,-0.038375,8.77,gru,0.244996,0.106750,0.043703
2026-04-03T21:29:06.5302993Z,-0.323445,0.575831,0.002803,-0.574363,0.460761,-0.045583,8.67,gru,0.250918,0.115070,0.048386
2026-04-03T21:29:06.5550118Z,-0.329713,0.576758,0.003184,-0.570317,0.486553,-0.037670,8.14,gru,0.240605,0.090205,0.040854
2026-04-03T21:29:06.5975655Z,-0.329507,0.578494,0.003473,-0.571051,0.488078,-0.035556,8.35,gru,0.241544,0.090416,0.039029
2026-04-03T21:29:06.6243546Z,-0.320850,0.577577,0.001961,-0.569190,0.465435,-0.044819,7.51,gru,0.248339,0.112142,0.046779
2026-04-03T21:29:06.6679979Z,-0.321191,0.577376,0.002240,-0.566360,0.475309,-0.040066,9.16,gru,0.245170,0.102066,0.042306
2026-04-03T21:29:06.6947284Z,-0.329035,0.578011,0.003510,-0.567507,0.485862,-0.032422,8.09,gru,0.238472,0.092148,0.035932
2026-04-03T21:29:06.7187139Z,-0.329055,0.577638,0.004261,-0.567776,0.468644,-0.037143,7.53,gru,0.238721,0.108994,0.041404
2026-04-03T21:29:06.7684173Z,-0.329125,0.580594,0.002755,-0.567353,0.467909,-0.042381,7.92,gru,0.238228,0.112685,0.045136
2026-04-03T21:29:06.7975982Z,-0.327196,0.577923,0.002917,-0.570165,0.460960,-0.041401,8.83,gru,0.242969,0.116963,0.044318
2026-04-03T21:29:06.8243375Z,-0.317638,0.577550,0.000557,-0.569569,0.459200,-0.047648,8.01,gru,0.251931,0.118349,0.048204
2026-04-03T21:29:06.8695202Z,-0.325690,0.578587,0.002513,-0.567567,0.469129,-0.036155,7.61,gru,0.241877,0.109458,0.038668
2026-04-03T21:29:06.9143070Z,-0.325143,0.578727,0.001939,-0.569538,0.465265,-0.039964,7.45,gru,0.244395,0.113462,0.041903
2026-04-03T21:29:06.9590861Z,-0.318660,0.580242,0.000692,-0.573287,0.441302,-0.051779,7.47,gru,0.254626,0.138940,0.052470
2026-04-03T21:29:06.9949672Z,-0.329168,0.577526,0.003487,-0.570169,0.458396,-0.034949,6.29,gru,0.241000,0.119130,0.038436
2026-04-03T21:29:07.0201141Z,-0.327045,0.576645,0.002646,-0.569187,0.455696,-0.040492,6.04,gru,0.242142,0.120950,0.043137
2026-04-03T21:29:07.0612492Z,-0.328145,0.577403,0.002903,-0.570215,0.457032,-0.042318,6.01,gru,0.242070,0.120371,0.045222
2026-04-03T21:29:07.0973254Z,-0.315363,0.575026,0.001274,-0.567767,0.450293,-0.046730,6.06,gru,0.252404,0.124733,0.048004
2026-04-03T21:29:07.1312984Z,-0.328155,0.576848,0.003263,-0.570663,0.474681,-0.035061,6.83,gru,0.242508,0.102167,0.038323
2026-04-03T21:29:07.1518562Z,-0.331060,0.577109,0.004371,-0.574420,0.467611,-0.035065,6.35,gru,0.243361,0.109498,0.039436
2026-04-03T21:29:07.2046953Z,-0.328564,0.576804,0.003221,-0.577267,0.449213,-0.046652,7.11,gru,0.248703,0.127591,0.049874
2026-04-03T21:29:07.2382016Z,-0.329367,0.576641,0.003579,-0.575449,0.469256,-0.041577,6.64,gru,0.246082,0.107386,0.045157
2026-04-03T21:29:07.2593393Z,-0.329203,0.577364,0.002410,-0.575331,0.475096,-0.042792,6.38,gru,0.246128,0.102268,0.045202
2026-04-03T21:29:07.2911264Z,-0.324812,0.579467,0.001414,-0.575470,0.462053,-0.048807,6.76,gru,0.250658,0.117414,0.050220
2026-04-03T21:29:07.3354531Z,-0.326564,0.576061,0.003320,-0.576541,0.458957,-0.041905,8.30,gru,0.249977,0.117104,0.045225
2026-04-03T21:29:07.3581890Z,-0.324008,0.576532,0.001996,-0.575279,0.466121,-0.045028,7.50,gru,0.251272,0.110412,0.047024
2026-04-03T21:29:07.3986737Z,-0.323698,0.578013,0.001419,-0.570174,0.474581,-0.044951,6.48,gru,0.246476,0.103432,0.046370
2026-04-03T21:29:07.4174951Z,-0.325958,0.578941,0.001777,-0.572470,0.482790,-0.040646,6.65,gru,0.246512,0.096151,0.042423
2026-04-03T21:29:07.4506175Z,-0.321313,0.574553,0.001302,-0.573867,0.454951,-0.047170,6.65,gru,0.252554,0.119601,0.048472
2026-04-03T21:29:07.4853107Z,-0.324015,0.576306,0.001734,-0.574853,0.461865,-0.046171,5.77,gru,0.250838,0.114440,0.047905
2026-04-03T21:29:07.5234651Z,-0.323991,0.575371,0.002536,-0.569749,0.471257,-0.040799,7.24,gru,0.245758,0.104115,0.043335
2026-04-03T21:29:07.5623989Z,-0.320293,0.574405,0.001504,-0.572284,0.459481,-0.047894,7.40,gru,0.251991,0.114925,0.049398
2026-04-03T21:29:07.5813008Z,-0.324654,0.578017,0.001502,-0.573435,0.478267,-0.045447,5.50,gru,0.248782,0.099750,0.046950
2026-04-03T21:29:07.6157751Z,-0.326435,0.576562,0.002778,-0.572113,0.469537,-0.039664,7.04,gru,0.245678,0.107025,0.042442
2026-04-03T21:29:07.6534671Z,-0.326460,0.577472,0.002556,-0.572321,0.461828,-0.043804,5.46,gru,0.245861,0.115644,0.046361
2026-04-03T21:29:07.6882885Z,-0.326485,0.575486,0.002591,-0.575730,0.460902,-0.044729,8.68,gru,0.249244,0.114584,0.047319
2026-04-03T21:29:07.7289428Z,-0.325892,0.575263,0.002449,-0.574800,0.449451,-0.046696,9.03,gru,0.248908,0.125812,0.049145
2026-04-03T21:29:07.7499244Z,-0.325867,0.573098,0.002376,-0.574211,0.461301,-0.043637,6.43,gru,0.248344,0.111798,0.046012
2026-04-03T21:29:07.7903042Z,-0.327038,0.574004,0.002847,-0.574536,0.467099,-0.041189,7.37,gru,0.247498,0.106905,0.044037
2026-04-03T21:29:07.8351031Z,-0.322856,0.571709,0.003596,-0.576265,0.455272,-0.043686,6.89,gru,0.253408,0.116437,0.047282
2026-04-03T21:29:07.8611562Z,-0.318803,0.572150,0.001508,-0.573296,0.458819,-0.048295,8.18,gru,0.254493,0.113330,0.049804
2026-04-03T21:29:07.8844240Z,-0.320991,0.571708,0.003008,-0.574514,0.467783,-0.041548,6.87,gru,0.253523,0.103925,0.044556
2026-04-03T21:29:07.9261577Z,-0.322472,0.570484,0.003654,-0.574788,0.465046,-0.041175,8.13,gru,0.252316,0.105438,0.044829
2026-04-03T21:29:07.9490111Z,-0.334085,0.571291,0.005405,-0.576905,0.465709,-0.037180,7.91,gru,0.242820,0.105582,0.042586
2026-04-03T21:29:07.9896910Z,-0.336236,0.573062,0.005432,-0.579682,0.460825,-0.041092,7.16,gru,0.243446,0.112237,0.046524
2026-04-03T21:29:08.0256657Z,-0.322828,0.573112,0.002658,-0.579456,0.451447,-0.051680,7.00,gru,0.256628,0.121665,0.054338
2026-04-03T21:29:08.0643036Z,-0.336085,0.574678,0.005168,-0.582558,0.481372,-0.034354,6.96,gru,0.246473,0.093305,0.039522
2026-04-03T21:29:08.1013778Z,-0.335875,0.574339,0.005290,-0.583803,0.454712,-0.040400,8.37,gru,0.247928,0.119627,0.045689
2026-04-03T21:29:08.1390220Z,-0.335015,0.572741,0.005680,-0.586296,0.445521,-0.044804,7.29,gru,0.251281,0.127219,0.050484
2026-04-03T21:29:08.1846897Z,-0.336699,0.575353,0.006268,-0.586671,0.459713,-0.040447,7.72,gru,0.249972,0.115640,0.046715
2026-04-03T21:29:08.2282765Z,-0.333543,0.572327,0.005165,-0.585606,0.444181,-0.046532,8.06,gru,0.252063,0.128146,0.051697
2026-04-03T21:29:08.2543387Z,-0.335301,0.574761,0.005119,-0.585043,0.463741,-0.043108,8.67,gru,0.249742,0.111020,0.048227
2026-04-03T21:29:08.2982759Z,-0.334288,0.573858,0.005096,-0.582901,0.461248,-0.041686,8.60,gru,0.248613,0.112610,0.046782
2026-04-03T21:29:08.3215559Z,-0.334866,0.573252,0.005367,-0.582432,0.459324,-0.042016,6.54,gru,0.247566,0.113928,0.047383
2026-04-03T21:29:08.3706482Z,-0.335936,0.574280,0.006116,-0.584234,0.459335,-0.040390,7.20,gru,0.248299,0.114945,0.046506
2026-04-03T21:29:08.4241499Z,-0.323753,0.572149,0.002883,-0.582231,0.442802,-0.051313,9.80,gru,0.258479,0.129347,0.054196
2026-04-03T21:29:08.4760040Z,-0.334065,0.574280,0.005418,-0.583083,0.460727,-0.037306,9.54,gru,0.249018,0.113553,0.042723
2026-04-03T21:29:08.5319020Z,-0.334845,0.573196,0.005685,-0.583725,0.456254,-0.037908,11.56,gru,0.248880,0.116942,0.043592
2026-04-03T21:29:08.5624919Z,-0.334459,0.572767,0.005426,-0.579647,0.436839,-0.044276,10.28,gru,0.245187,0.135927,0.049702
2026-04-03T21:29:08.6120155Z,-0.335151,0.574610,0.005278,-0.583456,0.446853,-0.043980,8.00,gru,0.248305,0.127756,0.049258
2026-04-03T21:29:08.6559178Z,-0.332793,0.573258,0.005114,-0.583355,0.438485,-0.045047,7.63,gru,0.250562,0.134773,0.050161
2026-04-03T21:29:08.7035987Z,-0.323882,0.574763,0.002012,-0.578422,0.436462,-0.051581,7.69,gru,0.254540,0.138301,0.053594
2026-04-03T21:29:08.7307481Z,-0.323414,0.571818,0.003399,-0.575599,0.448555,-0.040886,7.88,gru,0.252185,0.123263,0.044285
2026-04-03T21:29:08.7571871Z,-0.332764,0.572791,0.004938,-0.579712,0.462785,-0.032531,8.49,gru,0.246947,0.110007,0.037469
2026-04-03T21:29:08.8092915Z,-0.323389,0.574996,0.002540,-0.578536,0.442814,-0.049523,11.34,gru,0.255148,0.132182,0.052063
2026-04-03T21:29:08.8401997Z,-0.325099,0.573892,0.003180,-0.575010,0.457684,-0.042528,9.08,gru,0.249911,0.116208,0.045709
2026-04-03T21:29:08.8641880Z,-0.323952,0.573243,0.003189,-0.572672,0.461480,-0.038780,8.82,gru,0.248720,0.111763,0.041969
2026-04-03T21:29:08.8886793Z,-0.322814,0.573096,0.002718,-0.570924,0.453413,-0.042841,8.67,gru,0.248110,0.119683,0.045560
2026-04-03T21:29:08.9385487Z,-0.333592,0.574682,0.004984,-0.571186,0.476009,-0.031067,8.62,gru,0.237594,0.098673,0.036051
2026-04-03T21:29:08.9641321Z,-0.332722,0.573539,0.005359,-0.575734,0.449159,-0.038709,7.51,gru,0.243012,0.124380,0.044067
2026-04-03T21:29:08.9851311Z,-0.334028,0.573589,0.004910,-0.578111,0.455788,-0.041592,7.03,gru,0.244083,0.117801,0.046503
2026-04-03T21:29:09.0240322Z,-0.323874,0.573621,0.002122,-0.575652,0.453654,-0.047593,6.69,gru,0.251779,0.119968,0.049715
2026-04-03T21:29:09.0614181Z,-0.322976,0.573431,0.002293,-0.573004,0.458303,-0.042465,6.44,gru,0.250028,0.115128,0.044758
2026-04-03T21:29:09.0838791Z,-0.320763,0.572682,0.002205,-0.573712,0.458924,-0.040886,4.79,gru,0.252949,0.113758,0.043091
2026-04-03T21:29:09.1378182Z,-0.332884,0.573661,0.005290,-0.577512,0.452346,-0.035868,7.26,gru,0.244628,0.121314,0.041158
2026-04-03T21:29:09.1872352Z,-0.333179,0.573953,0.005204,-0.576139,0.458563,-0.038067,6.68,gru,0.242960,0.115389,0.043271
2026-04-03T21:29:09.2371768Z,-0.334195,0.572839,0.005384,-0.578256,0.449066,-0.041149,7.28,gru,0.244062,0.123773,0.046533
2026-04-03T21:29:09.2602244Z,-0.323768,0.574376,0.002385,-0.574396,0.453890,-0.046849,7.92,gru,0.250628,0.120486,0.049233
2026-04-03T21:29:09.2860894Z,-0.323169,0.574295,0.002131,-0.570741,0.465680,-0.042713,8.24,gru,0.247572,0.108615,0.044844
2026-04-03T21:29:09.3324909Z,-0.325265,0.574146,0.002794,-0.574369,0.460690,-0.038020,8.17,gru,0.249104,0.113456,0.040813
2026-04-03T21:29:09.3546211Z,-0.331133,0.572428,0.004456,-0.581076,0.448654,-0.041103,6.20,gru,0.249943,0.123775,0.045559
2026-04-03T21:29:09.3977197Z,-0.332811,0.572156,0.005147,-0.580232,0.441472,-0.041280,7.99,gru,0.247421,0.130684,0.046428
2026-04-03T21:29:09.4171113Z,-0.331076,0.572109,0.004669,-0.578902,0.449873,-0.042476,6.43,gru,0.247826,0.122236,0.047145
2026-04-03T21:29:09.4641349Z,-0.333096,0.572835,0.005329,-0.579906,0.457123,-0.040987,7.10,gru,0.246810,0.115712,0.046316
2026-04-03T21:29:09.4884808Z,-0.331675,0.573900,0.004233,-0.578205,0.453225,-0.043838,8.30,gru,0.246530,0.120675,0.048072
2026-04-03T21:29:09.5331748Z,-0.329013,0.574813,0.003425,-0.579854,0.445462,-0.047422,8.80,gru,0.250841,0.129351,0.050847
2026-04-03T21:29:09.5571133Z,-0.332041,0.573776,0.004198,-0.580565,0.449123,-0.041909,8.36,gru,0.248524,0.124652,0.046107
2026-04-03T21:29:09.6077434Z,-0.336161,0.573151,0.005460,-0.581924,0.460802,-0.036772,8.03,gru,0.245762,0.112349,0.042233
2026-04-03T21:29:09.6343495Z,-0.321397,0.570532,0.002372,-0.578516,0.440935,-0.048727,8.99,gru,0.257119,0.129597,0.051100
2026-04-03T21:29:09.6596085Z,-0.323363,0.572575,0.003263,-0.577520,0.460227,-0.042245,7.77,gru,0.254157,0.112348,0.045509
2026-04-03T21:29:09.7028077Z,-0.323153,0.571163,0.002995,-0.577475,0.453334,-0.041906,8.22,gru,0.254322,0.117829,0.044902
2026-04-03T21:29:09.7263999Z,-0.323725,0.573913,0.002141,-0.577452,0.444322,-0.048556,7.71,gru,0.253727,0.129591,0.050697
2026-04-03T21:29:09.7687591Z,-0.322225,0.572923,0.002333,-0.576017,0.441641,-0.046854,8.45,gru,0.253792,0.131282,0.049186
2026-04-03T21:29:09.7894905Z,-0.331829,0.572947,0.004519,-0.575284,0.462807,-0.034543,7.71,gru,0.243455,0.110141,0.039062
2026-04-03T21:29:09.8254319Z,-0.333148,0.573584,0.004492,-0.575152,0.461179,-0.038427,7.72,gru,0.242004,0.112405,0.042920
2026-04-03T21:29:09.8453546Z,-0.331843,0.571038,0.004796,-0.576499,0.445941,-0.041414,6.58,gru,0.244656,0.125097,0.046210
2026-04-03T21:29:09.8895576Z,-0.332554,0.572165,0.005260,-0.581036,0.452284,-0.041663,7.13,gru,0.248483,0.119880,0.046924
2026-04-03T21:29:09.9286445Z,-0.333967,0.571643,0.005483,-0.582994,0.451106,-0.042472,7.21,gru,0.249027,0.120537,0.047955
2026-04-03T21:29:09.9474263Z,-0.334533,0.576196,0.003946,-0.582720,0.457209,-0.045487,6.07,gru,0.248187,0.118988,0.049433
2026-04-03T21:29:09.9818049Z,-0.324909,0.571366,0.003626,-0.581355,0.436536,-0.047441,6.21,gru,0.256446,0.134830,0.051067
2026-04-03T21:29:10.0261913Z,-0.323845,0.572638,0.002846,-0.580269,0.447790,-0.044872,7.65,gru,0.256423,0.124848,0.047718
2026-04-03T21:29:10.0688099Z,-0.332714,0.572514,0.004774,-0.578818,0.463474,-0.034751,6.61,gru,0.246103,0.109039,0.039525
2026-04-03T21:29:10.0896672Z,-0.335286,0.573605,0.005726,-0.578444,0.453078,-0.036977,8.00,gru,0.243158,0.120527,0.042703
2026-04-03T21:29:10.1425100Z,-0.334208,0.573005,0.005303,-0.581354,0.448415,-0.043163,6.83,gru,0.247146,0.124589,0.048466
2026-04-03T21:29:10.1627238Z,-0.332760,0.572763,0.004957,-0.581296,0.455144,-0.043131,6.92,gru,0.248536,0.117619,0.048088
2026-04-03T21:29:10.1814182Z,-0.334038,0.572218,0.004686,-0.578754,0.460752,-0.039774,6.69,gru,0.244716,0.111466,0.044459
2026-04-03T21:29:10.2212569Z,-0.332877,0.572784,0.005003,-0.581254,0.454842,-0.040071,7.72,gru,0.248377,0.117942,0.045073
2026-04-03T21:29:10.2634816Z,-0.334247,0.572269,0.005435,-0.585134,0.437051,-0.043841,7.18,gru,0.250887,0.135218,0.049275
2026-04-03T21:29:10.2870800Z,-0.333327,0.574160,0.003922,-0.583369,0.448158,-0.046410,7.40,gru,0.250042,0.126002,0.050331
2026-04-03T21:29:10.3269012Z,-0.332463,0.574047,0.004340,-0.583069,0.440554,-0.044925,6.68,gru,0.250606,0.133493,0.049265
2026-04-03T21:29:10.3520074Z,-0.334401,0.572758,0.005187,-0.585355,0.446113,-0.041800,7.30,gru,0.250955,0.126645,0.046987
2026-04-03T21:29:10.3988932Z,-0.332880,0.573059,0.004312,-0.583123,0.444052,-0.046018,8.14,gru,0.250242,0.129007,0.050330
2026-04-03T21:29:10.4234664Z,-0.323025,0.571078,0.002730,-0.578930,0.442285,-0.048370,7.69,gru,0.255905,0.128793,0.051101
2026-04-03T21:29:10.4688206Z,-0.325484,0.573430,0.003132,-0.577579,0.460169,-0.041118,7.82,gru,0.252095,0.113261,0.044249
2026-04-03T21:29:10.4903246Z,-0.323071,0.573039,0.002122,-0.577715,0.447760,-0.044873,6.95,gru,0.254644,0.125279,0.046994
2026-04-03T21:29:10.5355406Z,-0.323119,0.572065,0.003037,-0.575404,0.443517,-0.043174,6.09,gru,0.252285,0.128548,0.046211
2026-04-03T21:29:10.5610400Z,-0.330690,0.571769,0.004279,-0.574135,0.459510,-0.035320,8.45,gru,0.243445,0.112258,0.039599
2026-04-03T21:29:10.5992093Z,-0.334396,0.574952,0.004228,-0.577503,0.469219,-0.039578,8.22,gru,0.243107,0.105733,0.043806
2026-04-03T21:29:10.6201913Z,-0.334346,0.572883,0.005091,-0.580060,0.436959,-0.043005,6.59,gru,0.245713,0.135925,0.048096
2026-04-03T21:29:10.6654752Z,-0.334140,0.574636,0.004691,-0.580703,0.446172,-0.043898,7.27,gru,0.246563,0.128464,0.048590
2026-04-03T21:29:10.6900217Z,-0.323885,0.571911,0.003023,-0.577822,0.443031,-0.047652,7.10,gru,0.253937,0.128880,0.050675
2026-04-03T21:29:10.7355321Z,-0.323824,0.573864,0.002532,-0.575365,0.460459,-0.042787,9.66,gru,0.251541,0.113405,0.045319
2026-04-03T21:29:10.7604796Z,-0.320011,0.570924,0.002098,-0.575534,0.451442,-0.043610,8.67,gru,0.255523,0.119483,0.045708
2026-04-03T21:29:10.8027231Z,-0.334178,0.572943,0.005146,-0.578969,0.460334,-0.032912,7.19,gru,0.244790,0.112609,0.038058
2026-04-03T21:29:10.8242479Z,-0.334122,0.572702,0.005246,-0.581144,0.450187,-0.039253,5.83,gru,0.247021,0.122514,0.044499
2026-04-03T21:29:10.8546920Z,-0.334049,0.574102,0.004789,-0.577945,0.448381,-0.043028,6.65,gru,0.243896,0.125720,0.047816
2026-04-03T21:29:10.8916762Z,-0.332363,0.572129,0.004979,-0.577277,0.452621,-0.039622,7.91,gru,0.244914,0.119508,0.044601
2026-04-03T21:29:10.9274099Z,-0.331807,0.571826,0.004877,-0.580358,0.454705,-0.041274,7.44,gru,0.248551,0.117121,0.046150
2026-04-03T21:29:10.9595292Z,-0.333960,0.572002,0.005535,-0.580351,0.459696,-0.038783,4.83,gru,0.246390,0.112306,0.044319
2026-04-03T21:29:10.9969877Z,-0.333771,0.572384,0.004646,-0.581906,0.454820,-0.041782,6.61,gru,0.248135,0.117564,0.046428
2026-04-03T21:29:11.0254644Z,-0.332526,0.572692,0.004659,-0.585900,0.448521,-0.043886,6.73,gru,0.253374,0.124171,0.048546
2026-04-03T21:29:11.0589773Z,-0.331503,0.572346,0.004493,-0.583480,0.439749,-0.044670,6.54,gru,0.251977,0.132598,0.049163
2026-04-03T21:29:11.1136271Z,-0.334509,0.573636,0.005087,-0.583185,0.453518,-0.041468,6.59,gru,0.248675,0.120118,0.046555
2026-04-03T21:29:11.1498082Z,-0.334358,0.571503,0.005811,-0.584231,0.441218,-0.042752,7.14,gru,0.249873,0.130284,0.048563
2026-04-03T21:29:11.1808884Z,-0.332692,0.573106,0.004218,-0.582307,0.441076,-0.046989,5.18,gru,0.249615,0.132031,0.051207
2026-04-03T21:29:11.2151673Z,-0.332330,0.573924,0.004376,-0.581655,0.451190,-0.042922,6.70,gru,0.249325,0.122734,0.047298
2026-04-03T21:29:11.2464922Z,-0.332298,0.572889,0.004985,-0.582593,0.457134,-0.039722,5.67,gru,0.250296,0.115755,0.044707
2026-04-03T21:29:11.2828766Z,-0.334602,0.574595,0.004818,-0.580532,0.460010,-0.040138,7.70,gru,0.245930,0.114585,0.044956
2026-04-03T21:29:11.3209535Z,-0.334952,0.574387,0.004919,-0.581069,0.459786,-0.040590,7.32,gru,0.246117,0.114602,0.045510
2026-04-03T21:29:11.3571992Z,-0.332750,0.572464,0.005307,-0.582118,0.438604,-0.043508,5.44,gru,0.249369,0.133860,0.048815
2026-04-03T21:29:11.3917322Z,-0.332915,0.572251,0.004709,-0.584083,0.446054,-0.044921,7.27,gru,0.251168,0.126197,0.049630
2026-04-03T21:29:11.4260263Z,-0.316095,0.571144,0.001350,-0.580258,0.425345,-0.055742,7.69,gru,0.264163,0.145798,0.057091
2026-04-03T21:29:11.4442281Z,-0.329967,0.572070,0.004290,-0.577899,0.466081,-0.032588,6.27,gru,0.247931,0.105989,0.036878
2026-04-03T21:29:11.4919701Z,-0.334154,0.572567,0.005158,-0.578409,0.462771,-0.033359,8.29,gru,0.244256,0.109796,0.038517
2026-04-03T21:29:11.5161321Z,-0.335860,0.572744,0.005647,-0.581144,0.448339,-0.040435,6.13,gru,0.245283,0.124404,0.046082
2026-04-03T21:29:11.5774885Z,-0.320309,0.572029,0.002374,-0.579087,0.437919,-0.050048,4.97,gru,0.258778,0.134110,0.052422
2026-04-03T21:29:11.6116403Z,-0.317041,0.570924,0.001850,-0.575067,0.447686,-0.046421,6.87,gru,0.258026,0.123238,0.048271
2026-04-03T21:29:11.6295860Z,-0.333146,0.574063,0.004815,-0.577041,0.477405,-0.024876,6.28,gru,0.243894,0.096658,0.029691
2026-04-03T21:29:11.6486224Z,-0.334189,0.573962,0.005079,-0.580741,0.448614,-0.038406,6.43,gru,0.246552,0.125348,0.043485
2026-04-03T21:29:11.6803509Z,-0.321423,0.572103,0.003072,-0.581516,0.430944,-0.048716,6.15,gru,0.260093,0.141159,0.051788
2026-04-03T21:29:11.7318522Z,-0.318608,0.571968,0.002133,-0.577345,0.452114,-0.045382,6.52,gru,0.258738,0.119853,0.047515
2026-04-03T21:29:11.7760474Z,-0.332871,0.574529,0.003667,-0.578332,0.479851,-0.030014,7.52,gru,0.245461,0.094678,0.033682
2026-04-03T21:29:11.8194643Z,-0.321374,0.571929,0.003211,-0.576581,0.436212,-0.043191,6.00,gru,0.255207,0.135717,0.046402
2026-04-03T21:29:11.8518099Z,-0.317718,0.569075,0.002105,-0.578005,0.436037,-0.048909,6.75,gru,0.260287,0.133038,0.051014
2026-04-03T21:29:11.8956768Z,-0.319127,0.572705,0.001227,-0.573975,0.470537,-0.042172,7.21,gru,0.254847,0.102168,0.043398
2026-04-03T21:29:11.9284206Z,-0.292782,0.566216,-0.002206,-0.569679,0.426476,-0.056796,7.62,gru,0.276897,0.139740,0.054591
2026-04-03T21:29:11.9638544Z,-0.333966,0.572801,0.004966,-0.575897,0.496528,-0.013558,6.99,gru,0.241931,0.076272,0.018524
2026-04-03T21:29:11.9808020Z,-0.333752,0.573476,0.004977,-0.575715,0.469199,-0.032866,6.58,gru,0.241963,0.104277,0.037843
2026-04-03T21:29:12.0228891Z,-0.334196,0.574802,0.004497,-0.577424,0.440382,-0.040722,7.47,gru,0.243228,0.134420,0.045219
2026-04-03T21:29:12.0635247Z,-0.334201,0.573878,0.005001,-0.580034,0.456866,-0.037263,7.72,gru,0.245833,0.117012,0.042264
2026-04-03T21:29:12.0882413Z,-0.320790,0.571729,0.002829,-0.580290,0.424760,-0.052178,8.05,gru,0.259499,0.146969,0.055008
2026-04-03T21:29:12.1336118Z,-0.332169,0.572733,0.004644,-0.581947,0.461709,-0.036220,8.41,gru,0.249778,0.111024,0.040864
2026-04-03T21:29:12.1644744Z,-0.320873,0.572836,0.002489,-0.576619,0.451670,-0.044850,10.02,gru,0.255746,0.121165,0.047339
2026-04-03T21:29:12.1934710Z,-0.322399,0.572917,0.002678,-0.577533,0.447491,-0.045272,8.97,gru,0.255134,0.125426,0.047950
2026-04-03T21:29:12.2468672Z,-0.318876,0.570663,0.002511,-0.581283,0.435256,-0.046361,7.25,gru,0.262407,0.135407,0.048871
2026-04-03T21:29:12.2854238Z,-0.334308,0.572576,0.005080,-0.578225,0.447885,-0.036887,7.39,gru,0.243918,0.124691,0.041967
2026-04-03T21:29:12.3225077Z,-0.333641,0.573677,0.005296,-0.574013,0.462579,-0.036892,7.36,gru,0.240372,0.111097,0.042188
2026-04-03T21:29:12.3613966Z,-0.332270,0.573725,0.004506,-0.578184,0.450143,-0.043690,7.57,gru,0.245915,0.123582,0.048196
2026-04-03T21:29:12.3807999Z,-0.335230,0.574756,0.004809,-0.577204,0.451775,-0.040861,4.60,gru,0.241974,0.122981,0.045670
2026-04-03T21:29:12.4232177Z,-0.334301,0.572037,0.005340,-0.580957,0.440277,-0.042625,8.54,gru,0.246656,0.131760,0.047966
2026-04-03T21:29:12.4636949Z,-0.323413,0.573410,0.002244,-0.583723,0.449005,-0.050114,6.86,gru,0.260310,0.124405,0.052358
2026-04-03T21:29:12.4850538Z,-0.320712,0.571022,0.003045,-0.578468,0.440972,-0.046699,6.26,gru,0.257756,0.130051,0.049745
2026-04-03T21:29:12.5294252Z,-0.322599,0.572999,0.002560,-0.576628,0.442033,-0.043583,7.63,gru,0.254029,0.130966,0.046143
2026-04-03T21:29:12.5538960Z,-0.332095,0.572105,0.004511,-0.581948,0.439770,-0.042402,8.46,gru,0.249853,0.132335,0.046913
2026-04-03T21:29:12.5962883Z,-0.322486,0.573828,0.001621,-0.569237,0.406750,-0.055999,7.83,gru,0.246751,0.167078,0.057620
2026-04-03T21:29:12.6374655Z,-0.334425,0.574017,0.004818,-0.573498,0.449327,-0.044408,7.41,gru,0.239073,0.124690,0.049227
2026-04-03T21:29:12.6851988Z,-0.330668,0.571918,0.004098,-0.574455,0.453623,-0.040647,6.71,gru,0.243788,0.118295,0.044745
2026-04-03T21:29:12.7312580Z,-0.325569,0.574642,0.003352,-0.579254,0.449100,-0.046284,6.03,gru,0.253685,0.125543,0.049635
2026-04-03T21:29:12.7609391Z,-0.330927,0.573619,0.003585,-0.579412,0.453444,-0.041112,6.20,gru,0.248485,0.120175,0.044697
2026-04-03T21:29:12.8043141Z,-0.324320,0.573562,0.002884,-0.576774,0.447060,-0.044590,6.36,gru,0.252453,0.126501,0.047474
2026-04-03T21:29:12.8441411Z,-0.322086,0.572522,0.001807,-0.576805,0.439359,-0.049365,8.32,gru,0.254720,0.133163,0.051173
2026-04-03T21:29:12.8731989Z,-0.334297,0.573002,0.004862,-0.582001,0.456061,-0.034759,7.23,gru,0.247704,0.116941,0.039621
2026-04-03T21:29:12.9157533Z,-0.335101,0.574617,0.004343,-0.579403,0.439211,-0.043360,7.64,gru,0.244302,0.135406,0.047703
2026-04-03T21:29:12.9556928Z,-0.321150,0.572986,0.001707,-0.577441,0.437011,-0.050176,7.12,gru,0.256290,0.135975,0.051883
2026-04-03T21:29:12.9980139Z,-0.324651,0.571208,0.003980,-0.575385,0.457327,-0.036673,7.25,gru,0.250734,0.113881,0.040653
2026-04-03T21:29:13.0441290Z,-0.322573,0.571516,0.002634,-0.576018,0.460904,-0.042196,8.52,gru,0.253445,0.110611,0.044830
2026-04-03T21:29:13.0793439Z,-0.330421,0.572027,0.003987,-0.576181,0.470177,-0.035971,5.78,gru,0.245760,0.101850,0.039957
2026-04-03T21:29:13.1270808Z,-0.333153,0.572689,0.005588,-0.583894,0.441947,-0.043722,8.26,gru,0.250741,0.130742,0.049310
2026-04-03T21:29:13.1696810Z,-0.333011,0.573382,0.005345,-0.582059,0.446033,-0.042137,7.37,gru,0.249047,0.127349,0.047481
2026-04-03T21:29:13.1971636Z,-0.323619,0.571614,0.002833,-0.577352,0.438596,-0.050434,9.92,gru,0.253733,0.133019,0.053267
2026-04-03T21:29:13.2205217Z,-0.332627,0.572216,0.005229,-0.580843,0.457221,-0.035435,8.71,gru,0.248216,0.114996,0.040664
2026-04-03T21:29:13.2686544Z,-0.335249,0.572855,0.005641,-0.585475,0.450404,-0.040348,7.13,gru,0.250225,0.122450,0.045989
2026-04-03T21:29:13.3305337Z,-0.328862,0.572205,0.003748,-0.582145,0.435722,-0.049137,9.03,gru,0.253283,0.136483,0.052885
2026-04-03T21:29:13.3545254Z,-0.332721,0.573945,0.004934,-0.581589,0.462071,-0.038585,8.27,gru,0.248867,0.111874,0.043519
2026-04-03T21:29:13.3942584Z,-0.333682,0.573743,0.004534,-0.583033,0.452129,-0.041060,7.87,gru,0.249351,0.121614,0.045594
2026-04-03T21:29:13.4401480Z,-0.326357,0.573962,0.003490,-0.577559,0.447659,-0.047203,7.67,gru,0.251202,0.126302,0.050693
2026-04-03T21:29:13.4653615Z,-0.332677,0.572869,0.004935,-0.580112,0.457192,-0.037943,8.69,gru,0.247435,0.115677,0.042878
2026-04-03T21:29:13.4905256Z,-0.332857,0.574129,0.004381,-0.582568,0.450735,-0.043387,8.36,gru,0.249711,0.123394,0.047768
2026-04-03T21:29:13.5314603Z,-0.323823,0.572706,0.002885,-0.582828,0.431888,-0.051651,7.60,gru,0.259005,0.140818,0.054535
2026-04-03T21:29:13.5572117Z,-0.322006,0.571196,0.002639,-0.574752,0.452994,-0.043050,7.02,gru,0.252746,0.118201,0.045689
2026-04-03T21:29:13.6027513Z,-0.334185,0.573521,0.004727,-0.579049,0.476169,-0.031822,7.58,gru,0.244864,0.097352,0.036549
2026-04-03T21:29:13.6290456Z,-0.324674,0.572885,0.003505,-0.580869,0.435051,-0.048111,9.88,gru,0.256196,0.137834,0.051616
2026-04-03T21:29:13.6682416Z,-0.328813,0.572950,0.003625,-0.576241,0.439258,-0.045484,9.89,gru,0.247428,0.133692,0.049109
2026-04-03T21:29:13.6917193Z,-0.329961,0.573894,0.004211,-0.578035,0.451687,-0.040301,7.99,gru,0.248074,0.122207,0.044512
2026-04-03T21:29:13.7324078Z,-0.334368,0.573683,0.005342,-0.580430,0.454927,-0.038537,7.67,gru,0.246061,0.118756,0.043879
2026-04-03T21:29:13.7834855Z,-0.324804,0.574897,0.002512,-0.577421,0.444193,-0.048424,6.68,gru,0.252617,0.130703,0.050937
2026-04-03T21:29:13.8154560Z,-0.332027,0.573268,0.004244,-0.575236,0.459553,-0.037551,5.66,gru,0.243209,0.113715,0.041795
2026-04-03T21:29:13.8623592Z,-0.324101,0.572810,0.002904,-0.578667,0.448996,-0.043957,6.19,gru,0.254566,0.123814,0.046860
2026-04-03T21:29:13.8807802Z,-0.321866,0.572328,0.002284,-0.577096,0.436551,-0.049370,6.08,gru,0.255230,0.135777,0.051654
2026-04-03T21:29:13.9187936Z,-0.331827,0.571888,0.004399,-0.576681,0.463290,-0.032215,6.81,gru,0.244854,0.108597,0.036613
2026-04-03T21:29:13.9535714Z,-0.334535,0.575455,0.004596,-0.579225,0.458104,-0.038902,7.36,gru,0.244690,0.117352,0.043498
2026-04-03T21:29:13.9952587Z,-0.330260,0.572185,0.004238,-0.579601,0.437497,-0.045550,8.33,gru,0.249341,0.134688,0.049788
2026-04-03T21:29:14.0329220Z,-0.334348,0.574036,0.004816,-0.576451,0.463245,-0.037786,6.86,gru,0.242103,0.110791,0.042602
2026-04-03T21:29:14.0787460Z,-0.325184,0.573163,0.003129,-0.580013,0.451079,-0.046488,6.52,gru,0.254829,0.122084,0.049616
2026-04-03T21:29:14.1097243Z,-0.323541,0.572548,0.003002,-0.577188,0.447949,-0.046317,6.52,gru,0.253646,0.124599,0.049319
2026-04-03T21:29:14.1569229Z,-0.330674,0.571907,0.004577,-0.576450,0.464158,-0.034016,6.67,gru,0.245775,0.107749,0.038593
2026-04-03T21:29:14.1977331Z,-0.332636,0.573486,0.004842,-0.580268,0.456546,-0.040041,7.96,gru,0.247632,0.116939,0.044883
2026-04-03T21:29:14.2212765Z,-0.322398,0.571708,0.002850,-0.582356,0.430917,-0.051538,8.21,gru,0.259959,0.140791,0.054387
2026-04-03T21:29:14.2620643Z,-0.319730,0.571611,0.002063,-0.574585,0.440271,-0.048299,7.41,gru,0.254854,0.131340,0.050362
2026-04-03T21:29:14.2849331Z,-0.324553,0.574494,0.002636,-0.574680,0.469577,-0.037885,6.96,gru,0.250127,0.104917,0.040521
2026-04-03T21:29:14.3299325Z,-0.323156,0.571858,0.003082,-0.574994,0.441050,-0.044083,8.06,gru,0.251838,0.130808,0.047164
2026-04-03T21:29:14.3741576Z,-0.336199,0.572511,0.005911,-0.578015,0.455026,-0.034599,10.38,gru,0.241816,0.117485,0.040511
2026-04-03T21:29:14.3935657Z,-0.334682,0.574163,0.004951,-0.578449,0.457438,-0.040912,7.47,gru,0.243767,0.116725,0.045864
2026-04-03T21:29:14.4198051Z,-0.332105,0.573279,0.004457,-0.579420,0.449708,-0.044018,6.88,gru,0.247316,0.123571,0.048475
2026-04-03T21:29:14.4667130Z,-0.329818,0.572565,0.004396,-0.578899,0.454853,-0.042324,8.75,gru,0.249081,0.117712,0.046720
2026-04-03T21:29:14.4887025Z,-0.334606,0.574589,0.004351,-0.580330,0.461795,-0.039926,6.70,gru,0.245724,0.112795,0.044277
2026-04-03T21:29:14.5269601Z,-0.330196,0.573593,0.003928,-0.583637,0.440594,-0.046484,6.60,gru,0.253441,0.132999,0.050412
2026-04-03T21:29:14.5742770Z,-0.331980,0.572827,0.003859,-0.582641,0.438549,-0.045892,7.36,gru,0.250661,0.134279,0.049751
2026-04-03T21:29:14.6135031Z,-0.331862,0.573124,0.004466,-0.582273,0.451534,-0.040699,6.49,gru,0.250411,0.121590,0.045166
2026-04-03T21:29:14.6618620Z,-0.331454,0.572824,0.004727,-0.582319,0.457489,-0.041267,7.19,gru,0.250865,0.115335,0.045994
2026-04-03T21:29:14.7004229Z,-0.321341,0.574072,0.002387,-0.576031,0.446127,-0.048863,8.43,gru,0.254691,0.127945,0.051250
2026-04-03T21:29:14.7194850Z,-0.318136,0.572824,0.001855,-0.572250,0.455290,-0.045796,6.44,gru,0.254114,0.117534,0.047651
2026-04-03T21:29:14.7675033Z,-0.319784,0.573352,0.001828,-0.575301,0.452593,-0.043460,6.19,gru,0.255516,0.120760,0.045289
2026-04-03T21:29:14.7878575Z,-0.322055,0.573354,0.002291,-0.573519,0.446475,-0.044259,6.70,gru,0.251463,0.126880,0.046550
2026-04-03T21:29:14.8261703Z,-0.331017,0.572845,0.004259,-0.573981,0.454116,-0.036340,7.48,gru,0.242964,0.118729,0.040599
2026-04-03T21:29:14.8687380Z,-0.323396,0.571655,0.003142,-0.574445,0.445282,-0.044702,8.17,gru,0.251049,0.126374,0.047844
2026-04-03T21:29:14.8903390Z,-0.324322,0.573528,0.002772,-0.573932,0.443585,-0.047085,7.36,gru,0.249610,0.129944,0.049857
2026-04-03T21:29:14.9207865Z,-0.320968,0.573474,0.001810,-0.572203,0.445092,-0.046706,6.89,gru,0.251235,0.128382,0.048516
2026-04-03T21:29:14.9616141Z,-0.332906,0.573148,0.005463,-0.578920,0.454901,-0.035190,7.88,gru,0.246014,0.118247,0.040653
2026-04-03T21:29:14.9847591Z,-0.320438,0.572212,0.001659,-0.576307,0.433014,-0.050540,7.41,gru,0.255869,0.139198,0.052199
2026-04-03T21:29:15.0235515Z,-0.322065,0.572370,0.002095,-0.572584,0.452757,-0.044937,6.82,gru,0.250520,0.119613,0.047032
2026-04-03T21:29:15.0636176Z,-0.335117,0.574714,0.004718,-0.578251,0.480205,-0.025747,6.27,gru,0.243134,0.094509,0.030465
2026-04-03T21:29:15.0871864Z,-0.330053,0.573297,0.003414,-0.579246,0.443672,-0.043808,7.69,gru,0.249193,0.129625,0.047222
2026-04-03T21:29:15.1257424Z,-0.325507,0.571781,0.003994,-0.576517,0.438602,-0.045159,6.83,gru,0.251010,0.133179,0.049152
2026-04-03T21:29:15.1628056Z,-0.320565,0.572756,0.002005,-0.575158,0.462091,-0.045090,6.13,gru,0.254593,0.110665,0.047094
2026-04-03T21:29:15.1793508Z,-0.323160,0.571683,0.002852,-0.576053,0.455159,-0.042138,6.62,gru,0.252894,0.116524,0.044990
2026-04-03T21:29:15.2292356Z,-0.322999,0.571638,0.003275,-0.576849,0.449258,-0.041327,6.99,gru,0.253850,0.122379,0.044602
2026-04-03T21:29:15.2492004Z,-0.322435,0.571512,0.002381,-0.575177,0.450255,-0.045510,6.83,gru,0.252742,0.121258,0.047891
2026-04-03T21:29:15.3026678Z,-0.323835,0.573735,0.002576,-0.573484,0.458121,-0.042433,6.90,gru,0.249649,0.115614,0.045009
2026-04-03T21:29:15.3194098Z,-0.323138,0.572071,0.002247,-0.574544,0.446615,-0.045998,5.99,gru,0.251406,0.125456,0.048245
2026-04-03T21:29:15.3526958Z,-0.321172,0.573400,0.002693,-0.573350,0.440248,-0.046958,8.34,gru,0.252178,0.133152,0.049651
2026-04-03T21:29:15.3862520Z,-0.321675,0.572397,0.002191,-0.575581,0.444716,-0.047554,5.43,gru,0.253906,0.127682,0.049745
2026-04-03T21:29:15.4183965Z,-0.324728,0.571958,0.003342,-0.574185,0.448812,-0.042594,7.02,gru,0.249456,0.123146,0.045936
2026-04-03T21:29:15.4520379Z,-0.324228,0.571336,0.003277,-0.573156,0.447604,-0.042428,6.27,gru,0.248928,0.123731,0.045706
2026-04-03T21:29:15.4827203Z,-0.323950,0.573019,0.002454,-0.575352,0.442880,-0.047283,6.39,gru,0.251402,0.130139,0.049737
2026-04-03T21:29:15.5225590Z,-0.324264,0.574911,0.002805,-0.576688,0.451921,-0.045111,7.23,gru,0.252424,0.122990,0.047916
2026-04-03T21:29:15.5549013Z,-0.325404,0.572246,0.003473,-0.573140,0.445824,-0.043298,8.14,gru,0.247736,0.126422,0.046770
2026-04-03T21:29:15.5998704Z,-0.322469,0.571568,0.002992,-0.571515,0.447631,-0.043537,6.76,gru,0.249046,0.123937,0.046528
2026-04-03T21:29:15.6297280Z,-0.332378,0.572483,0.005183,-0.579066,0.448497,-0.039218,6.68,gru,0.246688,0.123985,0.044401
2026-04-03T21:29:15.6662671Z,-0.334412,0.573721,0.004699,-0.578717,0.448991,-0.042267,7.07,gru,0.244305,0.124730,0.046966
2026-04-03T21:29:15.6835647Z,-0.335630,0.573260,0.005063,-0.578711,0.456201,-0.041103,5.71,gru,0.243081,0.117059,0.046165
2026-04-03T21:29:15.7238517Z,-0.332552,0.572078,0.004630,-0.581059,0.447391,-0.043169,6.23,gru,0.248507,0.124687,0.047799
2026-04-03T21:29:15.7570615Z,-0.330673,0.572151,0.004277,-0.580216,0.444702,-0.044741,5.51,gru,0.249543,0.127449,0.049018
2026-04-03T21:29:15.7781210Z,-0.332378,0.573082,0.004713,-0.582342,0.448951,-0.043037,5.61,gru,0.249965,0.124130,0.047750
2026-04-03T21:29:15.8194933Z,-0.333791,0.572320,0.004856,-0.583050,0.442201,-0.043472,8.22,gru,0.249258,0.130119,0.048327
2026-04-03T21:29:15.8635411Z,-0.334925,0.573021,0.005750,-0.583974,0.440783,-0.042654,8.38,gru,0.249049,0.132238,0.048404
2026-04-03T21:29:15.8873787Z,-0.331517,0.573971,0.003922,-0.583609,0.441543,-0.048079,7.95,gru,0.252092,0.132428,0.052000
2026-04-03T21:29:15.9310409Z,-0.329437,0.572575,0.004176,-0.581884,0.445761,-0.045720,7.30,gru,0.252447,0.126814,0.049897
2026-04-03T21:29:15.9554478Z,-0.328904,0.572012,0.004111,-0.580976,0.442917,-0.043860,7.98,gru,0.252072,0.129095,0.047971
2026-04-03T21:29:15.9987240Z,-0.321429,0.572665,0.001943,-0.578711,0.442733,-0.051342,7.40,gru,0.257282,0.129932,0.053285
2026-04-03T21:29:16.0233714Z,-0.323067,0.573141,0.002082,-0.577791,0.446238,-0.046814,8.80,gru,0.254724,0.126903,0.048896
2026-04-03T21:29:16.0721329Z,-0.324446,0.573132,0.002729,-0.577557,0.446659,-0.042563,9.87,gru,0.253111,0.126473,0.045293
2026-04-03T21:29:16.1174115Z,-0.332945,0.572783,0.004349,-0.578318,0.444279,-0.039798,9.31,gru,0.245373,0.128504,0.044147
2026-04-03T21:29:16.1606375Z,-0.334411,0.572910,0.005242,-0.579854,0.446992,-0.041035,8.86,gru,0.245443,0.125917,0.046277
2026-04-03T21:29:16.2098198Z,-0.325233,0.572742,0.003613,-0.577698,0.444031,-0.048157,9.18,gru,0.252465,0.128711,0.051770
2026-04-03T21:29:16.2354942Z,-0.325129,0.574063,0.002991,-0.576722,0.449466,-0.045885,7.78,gru,0.251592,0.124597,0.048876
2026-04-03T21:29:16.2600999Z,-0.320852,0.573207,0.002263,-0.575167,0.441717,-0.046466,8.70,gru,0.254315,0.131489,0.048729
2026-04-03T21:29:16.2886085Z,-0.334787,0.574943,0.004352,-0.576961,0.462598,-0.034380,8.50,gru,0.242174,0.112345,0.038732
2026-04-03T21:29:16.3290558Z,-0.323342,0.572468,0.002282,-0.578138,0.444644,-0.046322,7.86,gru,0.254796,0.127824,0.048604
2026-04-03T21:29:16.3547509Z,-0.325337,0.573234,0.003811,-0.576865,0.450415,-0.042315,8.49,gru,0.251528,0.122819,0.046126
2026-04-03T21:29:16.3955872Z,-0.322139,0.571656,0.002557,-0.574581,0.453104,-0.042196,8.27,gru,0.252442,0.118552,0.044753
2026-04-03T21:29:16.4392558Z,-0.337527,0.575569,0.005396,-0.577939,0.463350,-0.034147,8.32,gru,0.240412,0.112220,0.039543
2026-04-03T21:29:16.4576565Z,-0.332185,0.573269,0.004592,-0.578741,0.447635,-0.041232,6.33,gru,0.246556,0.125634,0.045823
2026-04-03T21:29:16.4941532Z,-0.323788,0.573641,0.002377,-0.577410,0.440510,-0.049224,6.88,gru,0.253622,0.133131,0.051601
2026-04-03T21:29:16.5311968Z,-0.332663,0.573150,0.004526,-0.577918,0.472135,-0.031391,5.70,gru,0.245255,0.101015,0.035917
2026-04-03T21:29:16.5610478Z,-0.324512,0.572952,0.002726,-0.579532,0.450529,-0.045459,7.31,gru,0.255020,0.122423,0.048185
2026-04-03T21:29:16.5949023Z,-0.320846,0.570491,0.002967,-0.578342,0.438549,-0.047338,6.21,gru,0.257497,0.131941,0.050305
2026-04-03T21:29:16.6384887Z,-0.330837,0.573463,0.003783,-0.578534,0.464840,-0.035861,6.51,gru,0.247696,0.108624,0.039644
2026-04-03T21:29:16.6665627Z,-0.324492,0.573502,0.002379,-0.579363,0.439561,-0.049334,6.58,gru,0.254871,0.133941,0.051713
2026-04-03T21:29:16.6927454Z,-0.322599,0.573011,0.001990,-0.577828,0.437215,-0.049748,6.57,gru,0.255229,0.135795,0.051738
2026-04-03T21:29:16.7259295Z,-0.323113,0.571529,0.002735,-0.577637,0.449029,-0.043051,7.22,gru,0.254524,0.122500,0.045787
2026-04-03T21:29:16.7557508Z,-0.324827,0.574776,0.002117,-0.573724,0.459836,-0.043132,5.75,gru,0.248897,0.114940,0.045249
2026-04-03T21:29:16.7884473Z,-0.333149,0.572882,0.004513,-0.574929,0.458978,-0.035462,7.32,gru,0.241780,0.113904,0.039975
2026-04-03T21:29:16.8221552Z,-0.332840,0.574015,0.004076,-0.577745,0.445542,-0.042674,7.49,gru,0.244905,0.128473,0.046750
2026-04-03T21:29:16.8566475Z,-0.332888,0.576232,0.003898,-0.582143,0.451513,-0.046369,6.64,gru,0.249255,0.124719,0.050266
2026-04-03T21:29:16.8973249Z,-0.324560,0.573198,0.002677,-0.578895,0.440625,-0.048826,7.69,gru,0.254335,0.132574,0.051503
2026-04-03T21:29:16.9325181Z,-0.324298,0.574069,0.002388,-0.575119,0.460522,-0.043536,6.80,gru,0.250821,0.113546,0.045924
2026-04-03T21:29:16.9795430Z,-0.332905,0.573827,0.004368,-0.580850,0.455563,-0.037115,6.68,gru,0.247945,0.118264,0.041483
2026-04-03T21:29:16.9966206Z,-0.332885,0.573173,0.005057,-0.582226,0.440786,-0.042048,5.93,gru,0.249341,0.132386,0.047105
2026-04-03T21:29:17.0155993Z,-0.331817,0.572541,0.004306,-0.579167,0.438695,-0.046195,6.17,gru,0.247349,0.133846,0.050500
2026-04-03T21:29:17.0524130Z,-0.334525,0.573609,0.004952,-0.578728,0.470686,-0.037165,6.54,gru,0.244203,0.102923,0.042117
2026-04-03T21:29:17.0870546Z,-0.332382,0.574478,0.004108,-0.580743,0.454423,-0.043035,6.74,gru,0.248361,0.120056,0.047143
2026-04-03T21:29:17.1240203Z,-0.323043,0.572617,0.001902,-0.578289,0.440854,-0.051491,6.96,gru,0.255246,0.131764,0.053393
2026-04-03T21:29:17.1620262Z,-0.321579,0.572028,0.002034,-0.577560,0.452580,-0.044512,8.41,gru,0.255981,0.119448,0.046546
2026-04-03T21:29:17.1953163Z,-0.320452,0.571637,0.002247,-0.579571,0.446039,-0.045173,7.70,gru,0.259119,0.125599,0.047419
2026-04-03T21:29:17.2290317Z,-0.332622,0.574007,0.004411,-0.578390,0.450395,-0.038229,6.38,gru,0.245769,0.123612,0.042640
2026-04-03T21:29:17.2693831Z,-0.332919,0.573539,0.004208,-0.579750,0.451638,-0.041614,5.93,gru,0.246830,0.121901,0.045822
2026-04-03T21:29:17.2890598Z,-0.334083,0.573409,0.005237,-0.581954,0.443727,-0.043993,8.16,gru,0.247871,0.129681,0.049231
2026-04-03T21:29:17.3311571Z,-0.332200,0.573228,0.004297,-0.580526,0.446613,-0.044743,7.20,gru,0.248326,0.126615,0.049040
2026-04-03T21:29:17.3645356Z,-0.325606,0.573034,0.003565,-0.578878,0.437512,-0.048271,5.87,gru,0.253272,0.135521,0.051836
2026-04-03T21:29:17.3965661Z,-0.324625,0.573854,0.002834,-0.581274,0.453140,-0.046600,6.65,gru,0.256650,0.120714,0.049433
2026-04-03T21:29:17.4444661Z,-0.322555,0.572808,0.002894,-0.578304,0.450523,-0.043857,7.79,gru,0.255748,0.122286,0.046752
2026-04-03T21:29:17.4743821Z,-0.334461,0.572829,0.005112,-0.579258,0.464233,-0.033848,6.12,gru,0.244797,0.108596,0.038959
2026-04-03T21:29:17.5149747Z,-0.331945,0.572842,0.004497,-0.580428,0.457962,-0.041539,6.62,gru,0.248483,0.114880,0.046036
2026-04-03T21:29:17.5635412Z,-0.324148,0.571385,0.003766,-0.580876,0.433316,-0.049430,6.75,gru,0.256728,0.138069,0.053196
2026-04-03T21:29:17.6015797Z,-0.334173,0.572616,0.004963,-0.579000,0.464896,-0.036304,6.68,gru,0.244827,0.107720,0.041267
2026-04-03T21:29:17.6275464Z,-0.334945,0.573714,0.005144,-0.578719,0.460278,-0.038483,6.27,gru,0.243774,0.113436,0.043628
2026-04-03T21:29:17.6516612Z,-0.333151,0.574577,0.004588,-0.580569,0.447508,-0.043664,6.29,gru,0.247418,0.127069,0.048252
2026-04-03T21:29:17.6900882Z,-0.335341,0.574202,0.004638,-0.583169,0.454250,-0.041461,6.65,gru,0.247827,0.119952,0.046099
2026-04-03T21:29:17.7249842Z,-0.322471,0.571411,0.002820,-0.579552,0.445218,-0.047535,8.12,gru,0.257082,0.126193,0.050354
2026-04-03T21:29:17.7554528Z,-0.323647,0.573521,0.002636,-0.578437,0.461127,-0.044104,7.58,gru,0.254790,0.112394,0.046741
2026-04-03T21:29:17.7861028Z,-0.319810,0.570734,0.001739,-0.579274,0.442549,-0.047583,7.20,gru,0.259464,0.128185,0.049321
2026-04-03T21:29:17.8185369Z,-0.324031,0.575133,0.001936,-0.578223,0.443977,-0.047272,7.46,gru,0.254192,0.131156,0.049208
2026-04-03T21:29:17.8500470Z,-0.321795,0.573184,0.001979,-0.575476,0.438941,-0.046941,6.62,gru,0.253680,0.134243,0.048920
2026-04-03T21:29:17.8820498Z,-0.324187,0.572992,0.002653,-0.572945,0.452243,-0.042268,6.07,gru,0.248758,0.120750,0.044921
2026-04-03T21:29:17.9135139Z,-0.325630,0.572483,0.003890,-0.573945,0.457204,-0.039099,5.19,gru,0.248315,0.115279,0.042990
2026-04-03T21:29:17.9462644Z,-0.322960,0.570178,0.003374,-0.571637,0.449561,-0.042593,6.28,gru,0.248677,0.120617,0.045967
2026-04-03T21:29:17.9805704Z,-0.322872,0.573078,0.002275,-0.571141,0.458246,-0.044613,5.52,gru,0.248269,0.114832,0.046888
2026-04-03T21:29:18.0169629Z,-0.322701,0.572280,0.002325,-0.573480,0.449867,-0.044308,6.20,gru,0.250779,0.122412,0.046634
2026-04-03T21:29:18.0576169Z,-0.324233,0.572961,0.002961,-0.577445,0.446584,-0.044196,6.68,gru,0.253212,0.126377,0.047157
2026-04-03T21:29:18.0940561Z,-0.321305,0.572701,0.002357,-0.573394,0.443894,-0.046998,6.30,gru,0.252089,0.128807,0.049355
2026-04-03T21:29:18.1325942Z,-0.331467,0.572379,0.004533,-0.574685,0.460581,-0.035129,8.27,gru,0.243218,0.111799,0.039662
2026-04-03T21:29:18.1498329Z,-0.332139,0.572768,0.004956,-0.577257,0.450534,-0.039255,6.18,gru,0.245118,0.122234,0.044211
2026-04-03T21:29:18.1855782Z,-0.332706,0.574814,0.003707,-0.577147,0.442811,-0.046240,6.17,gru,0.244441,0.132003,0.049947
2026-04-03T21:29:18.2219611Z,-0.325010,0.572681,0.003360,-0.576796,0.445267,-0.045045,5.36,gru,0.251786,0.127414,0.048405
2026-04-03T21:29:18.2634506Z,-0.322885,0.574943,0.003184,-0.574720,0.458852,-0.042658,7.78,gru,0.251835,0.116091,0.045842
2026-04-03T21:29:18.2807543Z,-0.321658,0.574457,0.002154,-0.572424,0.465543,-0.043525,5.64,gru,0.250766,0.108913,0.045679
2026-04-03T21:29:18.3205856Z,-0.319373,0.571849,0.002399,-0.573711,0.449456,-0.044025,5.27,gru,0.254338,0.122394,0.046424
2026-04-03T21:29:18.3604587Z,-0.332640,0.573467,0.004890,-0.577519,0.454403,-0.035268,5.59,gru,0.244879,0.119064,0.040157
2026-04-03T21:29:18.3817196Z,-0.334326,0.572055,0.005737,-0.579336,0.445485,-0.040082,6.80,gru,0.245010,0.126570,0.045819
2026-04-03T21:29:18.4233786Z,-0.334324,0.573537,0.004923,-0.578861,0.434344,-0.046238,6.57,gru,0.244537,0.139193,0.051161
2026-04-03T21:29:18.4585263Z,-0.333197,0.573940,0.005370,-0.580269,0.455869,-0.042662,6.41,gru,0.247072,0.118071,0.048032
2026-04-03T21:29:18.4945240Z,-0.322332,0.572240,0.001872,-0.578592,0.437326,-0.052897,6.70,gru,0.256261,0.134914,0.054769
2026-04-03T21:29:18.5270763Z,-0.320251,0.571473,0.001517,-0.576731,0.446386,-0.048614,5.48,gru,0.256480,0.125087,0.050132
2026-04-03T21:29:18.5636613Z,-0.332192,0.573166,0.004391,-0.580139,0.462153,-0.031433,6.60,gru,0.247947,0.111012,0.035824
2026-04-03T21:29:18.5937154Z,-0.334226,0.573068,0.005292,-0.581753,0.436691,-0.041031,4.96,gru,0.247527,0.136377,0.046323
2026-04-03T21:29:18.6283674Z,-0.333766,0.574626,0.004274,-0.583079,0.442201,-0.047074,6.67,gru,0.249313,0.132425,0.051347
2026-04-03T21:29:18.6599953Z,-0.332240,0.572935,0.005107,-0.580324,0.443419,-0.042882,5.67,gru,0.248084,0.129517,0.047988
2026-04-03T21:29:18.6985445Z,-0.332852,0.573223,0.004582,-0.579783,0.448622,-0.042721,11.97,gru,0.246931,0.124601,0.047304
2026-04-03T21:29:18.7287588Z,-0.331583,0.572628,0.004560,-0.581225,0.444041,-0.044844,6.08,gru,0.249641,0.128588,0.049404
2026-04-03T21:29:18.7662273Z,-0.329667,0.571697,0.003971,-0.580068,0.445613,-0.043552,6.00,gru,0.250401,0.126084,0.047523
2026-04-03T21:29:18.7785663Z,-0.333305,0.572557,0.004805,-0.582141,0.457458,-0.039407,6.27,gru,0.248836,0.115099,0.044212
2026-04-03T21:29:18.8176672Z,-0.324469,0.572126,0.003479,-0.583171,0.448689,-0.046596,6.63,gru,0.258702,0.123437,0.050075
2026-04-03T21:29:18.8545496Z,-0.322596,0.575222,0.001506,-0.576600,0.451025,-0.049847,7.08,gru,0.254004,0.124198,0.051354
2026-04-03T21:29:18.8889524Z,-0.322399,0.573641,0.002144,-0.574891,0.457469,-0.043246,7.91,gru,0.252492,0.116172,0.045389
2026-04-03T21:29:18.9205092Z,-0.332540,0.572974,0.004753,-0.578709,0.450960,-0.036835,6.93,gru,0.246169,0.122014,0.041589
2026-04-03T21:29:18.9558146Z,-0.334290,0.572845,0.004997,-0.577882,0.441302,-0.042140,6.78,gru,0.243592,0.131542,0.047136
2026-04-03T21:29:18.9958237Z,-0.334727,0.572957,0.005700,-0.580017,0.449756,-0.040673,6.61,gru,0.245290,0.123200,0.046372
2026-04-03T21:29:19.0139147Z,-0.334338,0.573937,0.004649,-0.578545,0.456645,-0.040879,6.61,gru,0.244207,0.117292,0.045529
2026-04-03T21:29:19.0487183Z,-0.321469,0.572606,0.001433,-0.574806,0.449663,-0.049757,6.31,gru,0.253337,0.122944,0.051189
2026-04-03T21:29:19.0825854Z,-0.320277,0.573187,0.001482,-0.574363,0.457853,-0.043961,6.74,gru,0.254086,0.115334,0.045444
2026-04-03T21:29:19.1267371Z,-0.323094,0.571267,0.002691,-0.580545,0.443540,-0.041887,8.21,gru,0.257450,0.127726,0.044579
2026-04-03T21:29:19.1673695Z,-0.322182,0.571366,0.003050,-0.579445,0.432238,-0.047059,7.73,gru,0.257264,0.139128,0.050109
2026-04-03T21:29:19.1887621Z,-0.325691,0.573604,0.003241,-0.575051,0.456593,-0.042065,7.40,gru,0.249361,0.117010,0.045307
2026-04-03T21:29:19.2250984Z,-0.322534,0.572081,0.002653,-0.572370,0.451431,-0.043678,6.84,gru,0.249837,0.120650,0.046331
2026-04-03T21:29:19.2620341Z,-0.321806,0.571698,0.002852,-0.571478,0.454115,-0.042857,8.23,gru,0.249672,0.117584,0.045709
2026-04-03T21:29:19.2941072Z,-0.324965,0.573688,0.003009,-0.569718,0.462590,-0.039487,6.34,gru,0.244752,0.111098,0.042496
2026-04-03T21:29:19.3347952Z,-0.321178,0.572214,0.002565,-0.571793,0.448647,-0.044505,5.51,gru,0.250615,0.123567,0.047070
2026-04-03T21:29:19.3668330Z,-0.322730,0.571161,0.002675,-0.574695,0.446212,-0.043945,6.55,gru,0.251965,0.124949,0.046620
2026-04-03T21:29:19.3849637Z,-0.331161,0.573107,0.003819,-0.577410,0.458829,-0.037624,5.60,gru,0.246249,0.114278,0.041443
2026-04-03T21:29:19.4291796Z,-0.334511,0.573342,0.005088,-0.577712,0.452170,-0.037844,5.81,gru,0.243201,0.121172,0.042932
2026-04-03T21:29:19.4474685Z,-0.334476,0.571859,0.005753,-0.579590,0.438310,-0.042206,5.54,gru,0.245114,0.133549,0.047959
2026-04-03T21:29:19.4803154Z,-0.332427,0.573388,0.004745,-0.581762,0.451048,-0.046224,7.18,gru,0.249335,0.122340,0.050969
2026-04-03T21:29:19.5155999Z,-0.335688,0.574673,0.005271,-0.581327,0.454925,-0.041809,6.57,gru,0.245639,0.119748,0.047080
2026-04-03T21:29:19.5491541Z,-0.334131,0.573403,0.004978,-0.582065,0.449700,-0.041508,6.01,gru,0.247933,0.123703,0.046486
2026-04-03T21:29:19.5917842Z,-0.330723,0.572796,0.003989,-0.581296,0.447732,-0.044803,6.72,gru,0.250573,0.125064,0.048792
2026-04-03T21:29:19.6254095Z,-0.321350,0.573484,0.001568,-0.576729,0.453957,-0.048240,7.38,gru,0.255378,0.119527,0.049808
2026-04-03T21:29:19.6573130Z,-0.321899,0.572766,0.002199,-0.577321,0.457959,-0.042542,6.60,gru,0.255422,0.114807,0.044741
2026-04-03T21:29:19.6924170Z,-0.332138,0.572318,0.004253,-0.580767,0.452036,-0.036805,6.06,gru,0.248628,0.120282,0.041057
2026-04-03T21:29:19.7345598Z,-0.322142,0.573403,0.001743,-0.580566,0.435208,-0.051687,8.19,gru,0.258424,0.138195,0.053429
2026-04-03T21:29:19.7572146Z,-0.327624,0.571689,0.003680,-0.577705,0.438925,-0.043860,7.65,gru,0.250081,0.132764,0.047540
2026-04-03T21:29:19.7970982Z,-0.334544,0.573788,0.005237,-0.576787,0.457094,-0.034075,6.56,gru,0.242244,0.116695,0.039312
2026-04-03T21:29:19.8303424Z,-0.333634,0.572820,0.005114,-0.580046,0.445192,-0.042984,5.50,gru,0.246412,0.127628,0.048098
2026-04-03T21:29:19.8457518Z,-0.332255,0.572566,0.004863,-0.581816,0.438400,-0.045527,6.94,gru,0.249560,0.134166,0.050390
2026-04-03T21:29:19.8892293Z,-0.325374,0.574459,0.002769,-0.579017,0.444752,-0.049303,7.31,gru,0.253643,0.129707,0.052072
2026-04-03T21:29:19.9246758Z,-0.322308,0.572059,0.002381,-0.578412,0.445975,-0.047233,6.07,gru,0.256104,0.126084,0.049614
2026-04-03T21:29:19.9637190Z,-0.334121,0.573589,0.005115,-0.581702,0.452986,-0.034491,7.08,gru,0.247580,0.120603,0.039606
2026-04-03T21:29:19.9951107Z,-0.324417,0.572484,0.002819,-0.581049,0.430133,-0.049366,7.85,gru,0.256633,0.142351,0.052186
2026-04-03T21:29:20.0253192Z,-0.319909,0.573407,0.001261,-0.577726,0.444307,-0.051065,8.20,gru,0.257816,0.129100,0.052326
2026-04-03T21:29:20.0568110Z,-0.332321,0.573125,0.004597,-0.576978,0.472042,-0.027129,5.93,gru,0.244656,0.101083,0.031726
2026-04-03T21:29:20.0792159Z,-0.323317,0.573522,0.002303,-0.573535,0.443330,-0.044730,6.17,gru,0.250218,0.130192,0.047033
2026-04-03T21:29:20.1150089Z,-0.322111,0.573353,0.002273,-0.574647,0.448476,-0.046978,4.93,gru,0.252536,0.124878,0.049250
2026-04-03T21:29:20.1698496Z,-0.322801,0.571145,0.002935,-0.572342,0.464654,-0.037017,6.21,gru,0.249541,0.106491,0.039951
2026-04-03T21:29:20.2047723Z,-0.324091,0.572105,0.003004,-0.571992,0.457025,-0.041078,7.02,gru,0.247902,0.115080,0.044082
2026-04-03T21:29:20.3159181Z,-0.322071,0.573354,0.002217,-0.575418,0.449852,-0.045642,8.61,gru,0.253348,0.123502,0.047859
2026-04-03T21:29:20.3723235Z,-0.323327,0.572842,0.002187,-0.577697,0.444496,-0.047571,8.22,gru,0.254370,0.128346,0.049758
2026-04-03T21:29:20.4047284Z,-0.321690,0.572506,0.001864,-0.573906,0.443927,-0.046613,6.12,gru,0.252217,0.128579,0.048477
2026-04-03T21:29:20.4357675Z,-0.332585,0.575342,0.003961,-0.576678,0.456598,-0.034593,7.63,gru,0.244094,0.118743,0.038554
2026-04-03T21:29:20.4791384Z,-0.325711,0.573981,0.002969,-0.578572,0.435677,-0.049100,7.13,gru,0.252861,0.138304,0.052068
2026-04-03T21:29:20.5083814Z,-0.331899,0.572454,0.004320,-0.577521,0.462196,-0.035829,5.67,gru,0.245622,0.110258,0.040148
2026-04-03T21:29:20.5612327Z,-0.334289,0.572779,0.005197,-0.576241,0.459362,-0.035988,6.56,gru,0.241952,0.113417,0.041184
2026-04-03T21:29:20.5849371Z,-0.323531,0.574367,0.001570,-0.579270,0.444183,-0.050170,7.28,gru,0.255739,0.130184,0.051741
2026-04-03T21:29:20.6256083Z,-0.321152,0.571441,0.001790,-0.580490,0.444345,-0.049058,7.63,gru,0.259338,0.127096,0.050848
2026-04-03T21:29:20.6670862Z,-0.332974,0.574271,0.004466,-0.579025,0.462309,-0.031729,7.68,gru,0.246051,0.111961,0.036196
2026-04-03T21:29:20.6883416Z,-0.322139,0.573435,0.001861,-0.576240,0.446723,-0.046600,7.67,gru,0.254100,0.126712,0.048460
2026-04-03T21:29:20.7317880Z,-0.324307,0.573983,0.002800,-0.578785,0.440585,-0.047709,7.25,gru,0.254478,0.133399,0.050509
2026-04-03T21:29:20.7569668Z,-0.322688,0.572117,0.002624,-0.576396,0.449395,-0.043777,8.50,gru,0.253708,0.122722,0.046401
2026-04-03T21:29:20.7967087Z,-0.333145,0.574497,0.004646,-0.575589,0.462157,-0.036262,7.29,gru,0.242444,0.112341,0.040908
2026-04-03T21:29:20.8327683Z,-0.323339,0.572638,0.002428,-0.577558,0.440444,-0.048673,6.36,gru,0.254219,0.132193,0.051101
2026-04-03T21:29:20.8561050Z,-0.319726,0.570532,0.001828,-0.578111,0.435617,-0.051405,6.69,gru,0.258385,0.134915,0.053234
2026-04-03T21:29:20.8983809Z,-0.325286,0.572373,0.003825,-0.577787,0.454680,-0.036415,8.95,gru,0.252501,0.117693,0.040240
2026-04-03T21:29:20.9232588Z,-0.323853,0.571795,0.003046,-0.574993,0.443559,-0.044885,7.84,gru,0.251140,0.128235,0.047931
2026-04-03T21:29:20.9683321Z,-0.320888,0.571281,0.002897,-0.576288,0.438237,-0.048353,7.66,gru,0.255400,0.133043,0.051250
2026-04-03T21:29:20.9899336Z,-0.332333,0.573418,0.004476,-0.581531,0.457069,-0.038264,6.37,gru,0.249197,0.116348,0.042741
2026-04-03T21:29:21.0351339Z,-0.323500,0.573196,0.002811,-0.577774,0.437462,-0.049036,7.21,gru,0.254274,0.135734,0.051847
2026-04-03T21:29:21.0559077Z,-0.322377,0.571373,0.002729,-0.571723,0.445158,-0.045166,6.77,gru,0.249346,0.126215,0.047895
2026-04-03T21:29:21.1026096Z,-0.328559,0.572137,0.003539,-0.578142,0.469334,-0.036844,7.64,gru,0.249583,0.102803,0.040383
2026-04-03T21:29:21.1268900Z,-0.321831,0.570644,0.002870,-0.577976,0.441447,-0.047414,8.18,gru,0.256145,0.129196,0.050284
2026-04-03T21:29:21.1676550Z,-0.328783,0.573542,0.002973,-0.574618,0.458288,-0.041546,5.32,gru,0.245835,0.115254,0.044520
2026-04-03T21:29:21.1921091Z,-0.334540,0.573728,0.004701,-0.577473,0.462544,-0.035177,6.98,gru,0.242933,0.111184,0.039878
2026-04-03T21:29:21.2336771Z,-0.332598,0.573452,0.004565,-0.585091,0.439031,-0.046394,7.72,gru,0.252492,0.134421,0.050959
2026-04-03T21:29:21.2560780Z,-0.330669,0.571688,0.004631,-0.580296,0.436500,-0.045988,7.44,gru,0.249627,0.135188,0.050620
2026-04-03T21:29:21.2903037Z,-0.324814,0.573656,0.002797,-0.576319,0.457939,-0.045654,7.33,gru,0.251505,0.115717,0.048451
2026-04-03T21:29:21.3285932Z,-0.324489,0.572744,0.003095,-0.579409,0.447091,-0.046266,7.14,gru,0.254921,0.125653,0.049361
2026-04-03T21:29:21.3610591Z,-0.322231,0.571526,0.002626,-0.579251,0.443823,-0.046261,5.84,gru,0.257019,0.127704,0.048888
2026-04-03T21:29:21.3828531Z,-0.322503,0.572149,0.002526,-0.574421,0.445012,-0.046090,6.76,gru,0.251918,0.127137,0.048617
2026-04-03T21:29:21.4198845Z,-0.323134,0.574272,0.002027,-0.574695,0.463138,-0.043273,6.54,gru,0.251560,0.111134,0.045300
2026-04-03T21:29:21.4566105Z,-0.325785,0.573218,0.003521,-0.576782,0.443419,-0.043188,8.19,gru,0.250997,0.129799,0.046709
2026-04-03T21:29:21.4922560Z,-0.324472,0.572687,0.003592,-0.573110,0.434302,-0.045253,9.08,gru,0.248637,0.138385,0.048845
2026-04-03T21:29:21.5204931Z,-0.332764,0.572576,0.004319,-0.575213,0.453118,-0.040216,8.46,gru,0.242449,0.119458,0.044535
2026-04-03T21:29:21.5654651Z,-0.321659,0.571953,0.002553,-0.577033,0.433060,-0.049695,6.24,gru,0.255374,0.138892,0.052249
2026-04-03T21:29:21.5889656Z,-0.319788,0.570159,0.002509,-0.573106,0.434821,-0.048101,6.88,gru,0.253319,0.135338,0.050610
2026-04-03T21:29:21.6326251Z,-0.321318,0.572963,0.001844,-0.574311,0.465171,-0.041558,8.24,gru,0.252993,0.107791,0.043402
2026-04-03T21:29:21.6563075Z,-0.330488,0.573265,0.003772,-0.577640,0.452927,-0.039899,8.94,gru,0.247152,0.120338,0.043671
2026-04-03T21:29:21.7033057Z,-0.328779,0.572714,0.003796,-0.577895,0.436085,-0.044396,8.66,gru,0.249117,0.136629,0.048192
2026-04-03T21:29:21.7258699Z,-0.329651,0.571654,0.004389,-0.578998,0.439538,-0.044066,7.12,gru,0.249347,0.132116,0.048455
2026-04-03T21:29:21.7487282Z,-0.327817,0.572250,0.003300,-0.577664,0.440648,-0.046010,7.17,gru,0.249847,0.131602,0.049309
2026-04-03T21:29:21.7884266Z,-0.333266,0.574636,0.004802,-0.579285,0.459311,-0.039299,6.22,gru,0.246019,0.115325,0.044101
2026-04-03T21:29:21.8312612Z,-0.331018,0.573744,0.004612,-0.578756,0.454488,-0.040833,6.91,gru,0.247737,0.119256,0.045445
2026-04-03T21:29:21.8669770Z,-0.332484,0.573229,0.005065,-0.579564,0.451084,-0.041690,6.13,gru,0.247080,0.122145,0.046755
2026-04-03T21:29:21.9095663Z,-0.330490,0.574521,0.003957,-0.579997,0.451836,-0.043459,6.15,gru,0.249507,0.122685,0.047415
2026-04-03T21:29:21.9486290Z,-0.329263,0.572655,0.003990,-0.580099,0.446918,-0.044897,6.12,gru,0.250837,0.125737,0.048886
2026-04-03T21:29:21.9924479Z,-0.319924,0.572851,0.001987,-0.579727,0.439008,-0.050667,7.67,gru,0.259802,0.133843,0.052653
2026-04-03T21:29:22.0363298Z,-0.320584,0.573338,0.002663,-0.576249,0.443316,-0.046093,7.83,gru,0.255665,0.130022,0.048756
2026-04-03T21:29:22.0867468Z,-0.322062,0.573355,0.003013,-0.574240,0.448003,-0.042549,6.56,gru,0.252179,0.125352,0.045562
2026-04-03T21:29:22.1226912Z,-0.318239,0.573894,0.001341,-0.573330,0.445136,-0.050075,8.67,gru,0.255091,0.128758,0.051416
2026-04-03T21:29:22.1634156Z,-0.320649,0.572508,0.002442,-0.572705,0.448012,-0.043731,7.52,gru,0.252056,0.124496,0.046173
2026-04-03T21:29:22.1855682Z,-0.321422,0.572286,0.003139,-0.569307,0.450504,-0.040748,8.23,gru,0.247885,0.121782,0.043888
2026-04-03T21:29:22.2252333Z,-0.333321,0.574177,0.004729,-0.572989,0.463679,-0.035732,6.82,gru,0.239668,0.110498,0.040461
2026-04-03T21:29:22.2591237Z,-0.318644,0.573725,0.001679,-0.573944,0.431225,-0.051615,6.65,gru,0.255301,0.142500,0.053294
2026-04-03T21:29:22.2845691Z,-0.323094,0.571433,0.003034,-0.574229,0.431593,-0.046347,7.93,gru,0.251135,0.139839,0.049382
2026-04-03T21:29:22.3229851Z,-0.324707,0.574754,0.002530,-0.575009,0.460357,-0.041060,7.87,gru,0.250302,0.114397,0.043590
2026-04-03T21:29:22.3560290Z,-0.319806,0.572244,0.001855,-0.574405,0.442427,-0.047362,6.02,gru,0.254599,0.129817,0.049216
2026-04-03T21:29:22.4004171Z,-0.323215,0.574407,0.002701,-0.574281,0.452072,-0.041914,7.66,gru,0.251065,0.122335,0.044615
2026-04-03T21:29:22.4222076Z,-0.323305,0.573634,0.002852,-0.574038,0.447559,-0.042931,8.02,gru,0.250732,0.126076,0.045783
2026-04-03T21:29:22.4636071Z,-0.322401,0.571366,0.002604,-0.572525,0.439786,-0.045339,8.01,gru,0.250124,0.131580,0.047943
2026-04-03T21:29:22.4869129Z,-0.332964,0.573577,0.004541,-0.573464,0.470413,-0.033986,7.29,gru,0.240500,0.103164,0.038527
2026-04-03T21:29:22.5246946Z,-0.333236,0.573058,0.004168,-0.575687,0.454488,-0.040536,6.94,gru,0.242451,0.118571,0.044704
2026-04-03T21:29:22.5483434Z,-0.332382,0.572879,0.004488,-0.576197,0.449476,-0.042305,7.74,gru,0.243814,0.123403,0.046794
2026-04-03T21:29:22.5918541Z,-0.323815,0.574556,0.001608,-0.576431,0.456474,-0.048716,8.65,gru,0.252616,0.118082,0.050324
2026-04-03T21:29:22.6257727Z,-0.330735,0.572946,0.003958,-0.578631,0.455050,-0.038361,7.18,gru,0.247896,0.117896,0.042319
2026-04-03T21:29:22.6671314Z,-0.334548,0.573544,0.004881,-0.583698,0.448368,-0.039529,7.47,gru,0.249150,0.125177,0.044411
2026-04-03T21:29:22.6940375Z,-0.319279,0.572477,0.002074,-0.579350,0.432010,-0.052271,6.32,gru,0.260071,0.140467,0.054345
2026-04-03T21:29:22.7363861Z,-0.320858,0.575328,0.001338,-0.575660,0.455664,-0.047955,7.00,gru,0.254801,0.119664,0.049293
2026-04-03T21:29:22.7567309Z,-0.324036,0.575032,0.002659,-0.577835,0.455803,-0.040445,6.57,gru,0.253799,0.119229,0.043103
2026-04-03T21:29:22.8060920Z,-0.330926,0.572992,0.003933,-0.577452,0.439736,-0.041511,6.33,gru,0.246525,0.133256,0.045444
2026-04-03T21:29:22.8442095Z,-0.333820,0.572786,0.004901,-0.575900,0.445750,-0.040488,5.13,gru,0.242080,0.127036,0.045388
2026-04-03T21:29:22.8817904Z,-0.331846,0.573285,0.003854,-0.578980,0.455432,-0.043426,7.89,gru,0.247134,0.117852,0.047279
2026-04-03T21:29:22.9210037Z,-0.330098,0.571703,0.004791,-0.579835,0.442555,-0.044344,6.83,gru,0.249737,0.129148,0.049135
2026-04-03T21:29:22.9520555Z,-0.323068,0.570966,0.002843,-0.578409,0.437175,-0.048472,6.57,gru,0.255342,0.133791,0.051316
2026-04-03T21:29:22.9891921Z,-0.327960,0.572015,0.003461,-0.581311,0.457041,-0.043792,7.24,gru,0.253351,0.114974,0.047253
2026-04-03T21:29:23.0227154Z,-0.325052,0.572446,0.003735,-0.580483,0.441661,-0.044970,6.78,gru,0.255430,0.130784,0.048705
2026-04-03T21:29:23.0621912Z,-0.322063,0.569921,0.003025,-0.577787,0.440833,-0.047980,7.68,gru,0.255724,0.129088,0.051005
2026-04-03T21:29:23.0922585Z,-0.323131,0.572470,0.002767,-0.577868,0.451559,-0.045706,6.60,gru,0.254736,0.120911,0.048473
2026-04-03T21:29:23.1322099Z,-0.323042,0.572670,0.002347,-0.577327,0.442821,-0.046716,8.96,gru,0.254285,0.129848,0.049064
2026-04-03T21:29:23.1706534Z,-0.323012,0.572050,0.002720,-0.573053,0.452048,-0.042923,6.17,gru,0.250041,0.120002,0.045643
2026-04-03T21:29:23.1911458Z,-0.321309,0.572951,0.001622,-0.572015,0.452694,-0.045308,7.88,gru,0.250706,0.120256,0.046929
2026-04-03T21:29:23.2472665Z,-0.324436,0.572225,0.003280,-0.574937,0.451810,-0.040697,6.87,gru,0.250501,0.120414,0.043977
2026-04-03T21:29:23.2770863Z,-0.320065,0.571424,0.001469,-0.577070,0.444253,-0.049437,8.01,gru,0.257005,0.127171,0.050906
2026-04-03T21:29:23.3125111Z,-0.322822,0.573645,0.001891,-0.573098,0.457172,-0.044117,7.02,gru,0.250277,0.116473,0.046008
2026-04-03T21:29:23.3535515Z,-0.321575,0.572032,0.002797,-0.572962,0.452850,-0.040285,8.04,gru,0.251387,0.119182,0.043082
2026-04-03T21:29:23.3978632Z,-0.320626,0.570642,0.002070,-0.573058,0.435349,-0.048518,8.95,gru,0.252433,0.135293,0.050589
2026-04-03T21:29:23.4228184Z,-0.320357,0.571828,0.002296,-0.573468,0.452117,-0.046256,7.67,gru,0.253111,0.119712,0.048553
2026-04-03T21:29:23.4695685Z,-0.327650,0.572120,0.003213,-0.574668,0.458544,-0.040381,8.82,gru,0.247018,0.113577,0.043595
2026-04-03T21:29:23.4835637Z,-0.324217,0.573695,0.002657,-0.574201,0.448732,-0.044833,5.66,gru,0.249983,0.124963,0.047489
2026-04-03T21:29:23.5321912Z,-0.321039,0.571669,0.002213,-0.571673,0.445820,-0.045777,8.73,gru,0.250634,0.125849,0.047990
2026-04-03T21:29:23.5670002Z,-0.323547,0.575275,0.001676,-0.572906,0.463637,-0.042902,9.22,gru,0.249358,0.111637,0.044577
2026-04-03T21:29:23.5909855Z,-0.319372,0.574363,0.000806,-0.572261,0.445422,-0.047396,7.91,gru,0.252889,0.128941,0.048203
2026-04-03T21:29:23.6305310Z,-0.321086,0.572045,0.002296,-0.573269,0.434592,-0.044605,5.82,gru,0.252183,0.137453,0.046901
2026-04-03T21:29:23.6524780Z,-0.332331,0.572623,0.005025,-0.576038,0.457519,-0.033590,8.40,gru,0.243707,0.115104,0.038615
2026-04-03T21:29:23.6951319Z,-0.330473,0.573907,0.004312,-0.576736,0.444745,-0.043758,7.93,gru,0.246262,0.129162,0.048070
2026-04-03T21:29:23.7208219Z,-0.324949,0.573518,0.003273,-0.575222,0.429913,-0.049262,8.04,gru,0.250272,0.143605,0.052535
2026-04-03T21:29:23.7650965Z,-0.320857,0.575032,0.001295,-0.574162,0.449014,-0.049259,8.07,gru,0.253305,0.126018,0.050555
2026-04-03T21:29:23.7858971Z,-0.325745,0.575387,0.002621,-0.575359,0.453883,-0.041586,7.22,gru,0.249614,0.121503,0.044207
2026-04-03T21:29:23.8512334Z,-0.322024,0.572573,0.002624,-0.575728,0.435976,-0.045674,6.56,gru,0.253704,0.136597,0.048298
2026-04-03T21:29:23.8737648Z,-0.328265,0.573241,0.003200,-0.577388,0.446992,-0.044710,6.64,gru,0.249123,0.126249,0.047910
2026-04-03T21:29:23.9066702Z,-0.329659,0.572810,0.004191,-0.578686,0.446927,-0.041318,6.12,gru,0.249028,0.125883,0.045509
2026-04-03T21:29:23.9390438Z,-0.329678,0.573092,0.004128,-0.578867,0.436574,-0.045974,6.36,gru,0.249189,0.136517,0.050102
2026-04-03T21:29:23.9727982Z,-0.320021,0.573866,0.001546,-0.575722,0.444205,-0.052015,4.89,gru,0.255701,0.129662,0.053561
2026-04-03T21:29:24.0160706Z,-0.320394,0.572632,0.001546,-0.574355,0.442995,-0.047494,7.15,gru,0.253961,0.129638,0.049040
2026-04-03T21:29:24.0560251Z,-0.324674,0.572539,0.002806,-0.576995,0.442798,-0.041303,6.64,gru,0.252322,0.129741,0.044109
2026-04-03T21:29:24.0951253Z,-0.322827,0.571353,0.002618,-0.575557,0.435364,-0.046793,8.38,gru,0.252731,0.135989,0.049411
2026-04-03T21:29:24.1322960Z,-0.322320,0.572545,0.001959,-0.577333,0.445185,-0.047525,10.08,gru,0.255013,0.127360,0.049484
2026-04-03T21:29:24.1764765Z,-0.321379,0.573200,0.002484,-0.576379,0.449999,-0.045229,6.57,gru,0.255001,0.123201,0.047713
2026-04-03T21:29:24.2168938Z,-0.319335,0.571367,0.001770,-0.571642,0.438115,-0.047611,5.82,gru,0.252307,0.133252,0.049381
2026-04-03T21:29:24.2819917Z,-0.320205,0.573253,0.002009,-0.572713,0.454918,-0.045794,8.28,gru,0.252508,0.118334,0.047803
2026-04-03T21:29:24.3186890Z,-0.324303,0.573653,0.003307,-0.576986,0.449528,-0.043561,7.40,gru,0.252683,0.124126,0.046868
2026-04-03T21:29:24.3564107Z,-0.322095,0.570292,0.003435,-0.573759,0.433383,-0.045902,7.99,gru,0.251664,0.136909,0.049338
2026-04-03T21:29:24.4002237Z,-0.332928,0.573775,0.004849,-0.573966,0.464413,-0.036004,8.59,gru,0.241038,0.109362,0.040853
2026-04-03T21:29:24.4212216Z,-0.334109,0.573343,0.004850,-0.576877,0.457711,-0.039456,6.84,gru,0.242769,0.115633,0.044306
2026-04-03T21:29:24.4599381Z,-0.323462,0.572371,0.002343,-0.578335,0.435483,-0.051223,7.56,gru,0.254874,0.136888,0.053566
2026-04-03T21:29:24.4871076Z,-0.324002,0.573532,0.002389,-0.577109,0.456417,-0.046169,8.90,gru,0.253107,0.117115,0.048558
2026-04-03T21:29:24.5324232Z,-0.321963,0.571458,0.002700,-0.576858,0.453403,-0.043080,9.21,gru,0.254895,0.118056,0.045780
2026-04-03T21:29:24.5588178Z,-0.324142,0.571744,0.002751,-0.577794,0.441149,-0.046135,8.69,gru,0.253652,0.130595,0.048886
2026-04-03T21:29:24.6030600Z,-0.322590,0.572930,0.002761,-0.577573,0.450210,-0.045262,8.29,gru,0.254983,0.122720,0.048023
2026-04-03T21:29:24.6323059Z,-0.330781,0.572129,0.004173,-0.575097,0.455600,-0.038057,8.38,gru,0.244316,0.116529,0.042230
2026-04-03T21:29:24.6724210Z,-0.325353,0.572423,0.003460,-0.575036,0.447164,-0.044266,7.43,gru,0.249683,0.125260,0.047726
2026-04-03T21:29:24.7161712Z,-0.321527,0.570348,0.002458,-0.576161,0.437471,-0.050358,7.13,gru,0.254634,0.132876,0.052816
2026-04-03T21:29:24.7530065Z,-0.332551,0.575133,0.003463,-0.577999,0.464867,-0.038718,6.65,gru,0.245448,0.110267,0.042181
2026-04-03T21:29:24.7979371Z,-0.333951,0.574614,0.004761,-0.580859,0.447243,-0.040823,7.96,gru,0.246908,0.127371,0.045584
2026-04-03T21:29:24.8221757Z,-0.332335,0.574400,0.004297,-0.580878,0.433166,-0.046338,6.82,gru,0.248543,0.141235,0.050635
2026-04-03T21:29:24.8660081Z,-0.325198,0.573941,0.002860,-0.581259,0.441009,-0.050155,8.06,gru,0.256061,0.132933,0.053015
2026-04-03T21:29:24.8898698Z,-0.323532,0.571303,0.003681,-0.580451,0.441618,-0.044810,7.07,gru,0.256919,0.129685,0.048491
2026-04-03T21:29:24.9317902Z,-0.332436,0.571725,0.005349,-0.578967,0.448335,-0.037104,6.11,gru,0.246530,0.123390,0.042453
2026-04-03T21:29:24.9543969Z,-0.333900,0.572513,0.005044,-0.580633,0.446587,-0.043374,6.51,gru,0.246733,0.125926,0.048418
2026-04-03T21:29:24.9902810Z,-0.324176,0.572796,0.003058,-0.581367,0.435849,-0.050822,8.39,gru,0.257191,0.136947,0.053880
2026-04-03T21:29:25.0289814Z,-0.320104,0.575820,0.000500,-0.575430,0.444687,-0.051764,5.99,gru,0.255326,0.131132,0.052264
2026-04-03T21:29:25.0704538Z,-0.322665,0.572028,0.002550,-0.572372,0.460925,-0.036778,7.09,gru,0.249707,0.111103,0.039328
2026-04-03T21:29:25.0891142Z,-0.322534,0.572718,0.002204,-0.574411,0.451580,-0.041974,8.21,gru,0.251877,0.121139,0.044179
2026-04-03T21:29:25.1228418Z,-0.330264,0.573449,0.004151,-0.578044,0.451069,-0.041290,5.91,gru,0.247780,0.122380,0.045441
2026-04-03T21:29:25.1562191Z,-0.332081,0.571919,0.005118,-0.578731,0.446007,-0.040358,6.25,gru,0.246650,0.125912,0.045475
2026-04-03T21:29:25.1896953Z,-0.320146,0.572987,0.001765,-0.577055,0.430467,-0.052917,5.52,gru,0.256910,0.142520,0.054682
2026-04-03T21:29:25.2233773Z,-0.317805,0.573715,0.000344,-0.575300,0.445658,-0.050977,5.35,gru,0.257494,0.128057,0.051320
2026-04-03T21:29:25.2678123Z,-0.323080,0.573654,0.002946,-0.573428,0.456986,-0.035828,8.19,gru,0.250348,0.116668,0.038774
2026-04-03T21:29:25.3042154Z,-0.332564,0.573986,0.004461,-0.575696,0.453935,-0.036034,7.08,gru,0.243132,0.120051,0.040495
2026-04-03T21:29:25.3258484Z,-0.334491,0.572632,0.005148,-0.579862,0.438245,-0.042072,8.03,gru,0.245371,0.134388,0.047220
2026-04-03T21:29:25.3684516Z,-0.332649,0.574667,0.004054,-0.581146,0.435763,-0.046960,7.11,gru,0.248497,0.138904,0.051013
2026-04-03T21:29:25.3919913Z,-0.321131,0.573148,0.002445,-0.578573,0.450993,-0.048568,6.99,gru,0.257442,0.122155,0.051013
2026-04-03T21:29:25.4354816Z,-0.319323,0.570533,0.002073,-0.571292,0.456648,-0.042815,6.99,gru,0.251969,0.113885,0.044888
2026-04-03T21:29:25.4575733Z,-0.320624,0.572256,0.001519,-0.572757,0.464586,-0.042186,8.09,gru,0.252132,0.107671,0.043705
2026-04-03T21:29:25.4820894Z,-0.320892,0.573775,0.002398,-0.577592,0.448351,-0.045399,6.98,gru,0.256700,0.125423,0.047796
2026-04-03T21:29:25.5174400Z,-0.321244,0.572904,0.002813,-0.574202,0.438592,-0.044859,7.46,gru,0.252958,0.134312,0.047671
2026-04-03T21:29:25.5621765Z,-0.319983,0.572358,0.002553,-0.570264,0.448571,-0.043672,8.66,gru,0.250281,0.123786,0.046225
2026-04-03T21:29:25.5844035Z,-0.320712,0.572856,0.002063,-0.569600,0.454873,-0.042979,7.25,gru,0.248888,0.117983,0.045042
2026-04-03T21:29:25.6257933Z,-0.334032,0.573312,0.004888,-0.573442,0.460912,-0.033591,8.62,gru,0.239410,0.112400,0.038479
2026-04-03T21:29:25.6702453Z,-0.323256,0.574060,0.002616,-0.577171,0.442719,-0.049623,8.43,gru,0.253916,0.131341,0.052239
2026-04-03T21:29:25.6937069Z,-0.321163,0.572644,0.002323,-0.575953,0.433839,-0.050614,10.12,gru,0.254789,0.138805,0.052937
2026-04-03T21:29:25.7499255Z,-0.319450,0.572178,0.003134,-0.576429,0.449028,-0.041863,6.50,gru,0.256979,0.123150,0.044997
2026-04-03T21:29:25.7844670Z,-0.320004,0.572466,0.002177,-0.571827,0.454677,-0.044303,7.23,gru,0.251823,0.117789,0.046480
2026-04-03T21:29:25.8229155Z,-0.321554,0.572973,0.002226,-0.571570,0.451635,-0.043032,5.58,gru,0.250016,0.121337,0.045258
2026-04-03T21:29:25.8571545Z,-0.323577,0.572677,0.003499,-0.574775,0.441869,-0.043615,6.03,gru,0.251198,0.130808,0.047114
2026-04-03T21:29:25.8897129Z,-0.320350,0.573614,0.002099,-0.574176,0.440380,-0.050234,5.01,gru,0.253826,0.133234,0.052333
2026-04-03T21:29:25.9309002Z,-0.322909,0.570826,0.003141,-0.571919,0.446345,-0.043536,6.68,gru,0.249010,0.124481,0.046676
2026-04-03T21:29:25.9502082Z,-0.333060,0.572037,0.004691,-0.574011,0.465406,-0.033458,7.19,gru,0.240951,0.106631,0.038148
2026-04-03T21:29:25.9886800Z,-0.334987,0.573013,0.005699,-0.574537,0.456678,-0.037122,6.23,gru,0.239550,0.116334,0.042822
2026-04-03T21:29:26.0717296Z,-0.334195,0.573057,0.005055,-0.578836,0.454033,-0.042391,5.70,gru,0.244641,0.119024,0.047446
2026-04-03T21:29:26.1283653Z,-0.329504,0.573987,0.003637,-0.579976,0.445044,-0.048268,7.18,gru,0.250472,0.128943,0.051905
2026-04-03T21:29:26.1695121Z,-0.332170,0.573585,0.004492,-0.582749,0.439405,-0.043477,7.37,gru,0.250579,0.134179,0.047969
2026-04-03T21:29:26.2482934Z,-0.334078,0.573158,0.004725,-0.583369,0.443984,-0.042801,7.06,gru,0.249291,0.129173,0.047526
2026-04-03T21:29:26.3229471Z,-0.324021,0.572500,0.002689,-0.580542,0.437851,-0.050942,4.85,gru,0.256520,0.134649,0.053630
2026-04-03T21:29:26.3556664Z,-0.319733,0.572800,0.001824,-0.578263,0.441589,-0.050109,6.01,gru,0.258530,0.131211,0.051933
2026-04-03T21:29:26.3940846Z,-0.320311,0.572853,0.002688,-0.577123,0.446353,-0.043505,5.41,gru,0.256812,0.126500,0.046192
2026-04-03T21:29:26.4400814Z,-0.321175,0.573065,0.002427,-0.573509,0.445633,-0.045446,5.49,gru,0.252334,0.127432,0.047873
2026-04-03T21:29:26.4788069Z,-0.321271,0.572856,0.002434,-0.571008,0.453776,-0.043188,7.87,gru,0.249737,0.119080,0.045623
2026-04-03T21:29:26.5099231Z,-0.322495,0.572324,0.002562,-0.572502,0.449876,-0.044383,6.69,gru,0.250007,0.122449,0.046945
2026-04-03T21:29:26.5378863Z,-0.332633,0.572634,0.004477,-0.574471,0.453246,-0.037564,7.26,gru,0.241838,0.119388,0.042041
2026-04-03T21:29:26.5582680Z,-0.328172,0.572189,0.003813,-0.575640,0.437272,-0.045272,4.97,gru,0.247469,0.134917,0.049085
2026-04-03T21:29:26.5909289Z,-0.329132,0.572468,0.004053,-0.578669,0.440217,-0.046482,7.22,gru,0.249537,0.132251,0.050535
2026-04-03T21:29:26.6260177Z,-0.334663,0.576822,0.004130,-0.579022,0.462834,-0.040450,7.37,gru,0.244359,0.113988,0.044580
2026-04-03T21:29:26.6560939Z,-0.321863,0.574576,0.002401,-0.577157,0.436054,-0.050303,7.28,gru,0.255294,0.138522,0.052704
2026-04-03T21:29:26.6890208Z,-0.320622,0.571498,0.002167,-0.578040,0.435364,-0.049617,6.58,gru,0.257418,0.136134,0.051784
2026-04-03T21:29:26.7207774Z,-0.321248,0.572287,0.003013,-0.576818,0.446630,-0.041775,6.55,gru,0.255570,0.125657,0.044788
2026-04-03T21:29:26.7593625Z,-0.319335,0.571985,0.001516,-0.573144,0.447372,-0.046180,5.03,gru,0.253808,0.124612,0.047696
2026-04-03T21:29:26.7886210Z,-0.329849,0.573578,0.004098,-0.571688,0.464143,-0.034555,5.53,gru,0.241839,0.109435,0.038653
2026-04-03T21:29:26.8228410Z,-0.332517,0.571409,0.005695,-0.575489,0.450927,-0.035738,7.56,gru,0.242972,0.120481,0.041433
2026-04-03T21:29:26.8646331Z,-0.334326,0.574564,0.004740,-0.577159,0.455024,-0.043312,6.39,gru,0.242833,0.119540,0.048052
2026-04-03T21:29:26.8818172Z,-0.333197,0.575235,0.004645,-0.575810,0.461899,-0.040965,6.20,gru,0.242613,0.113336,0.045610
2026-04-03T21:29:26.9230178Z,-0.323681,0.572225,0.002447,-0.575728,0.444824,-0.047567,7.45,gru,0.252048,0.127401,0.050014
2026-04-03T21:29:26.9549468Z,-0.320444,0.570599,0.001786,-0.579330,0.440017,-0.049390,8.06,gru,0.258886,0.130582,0.051176
2026-04-03T21:29:26.9925720Z,-0.320959,0.571628,0.002531,-0.578858,0.448182,-0.043744,7.89,gru,0.257899,0.123446,0.046274
2026-04-03T21:29:27.0313069Z,-0.329938,0.573183,0.003879,-0.577104,0.453569,-0.040102,7.13,gru,0.247165,0.119615,0.043982
2026-04-03T21:29:27.0527929Z,-0.329805,0.571383,0.004249,-0.579770,0.439042,-0.044498,5.69,gru,0.249965,0.132342,0.048746
2026-04-03T21:29:27.1047016Z,-0.330990,0.574454,0.004086,-0.578526,0.445180,-0.045711,6.90,gru,0.247536,0.129274,0.049797
2026-04-03T21:29:27.1232751Z,-0.319119,0.571595,0.001618,-0.573969,0.437121,-0.051542,6.51,gru,0.254850,0.134474,0.053160
2026-04-03T21:29:27.1572282Z,-0.320343,0.572529,0.002403,-0.574174,0.452150,-0.042897,5.76,gru,0.253832,0.120379,0.045300
2026-04-03T21:29:27.1894674Z,-0.324468,0.571420,0.003982,-0.575446,0.452888,-0.036988,6.07,gru,0.250978,0.118532,0.040970
2026-04-03T21:29:27.2313103Z,-0.328562,0.571840,0.003877,-0.574877,0.450133,-0.041497,6.13,gru,0.246315,0.121707,0.045374
2026-04-03T21:29:27.2546083Z,-0.325007,0.573471,0.003092,-0.576716,0.463570,-0.044265,8.13,gru,0.251708,0.109901,0.047357
2026-04-03T21:29:27.2949440Z,-0.324494,0.573321,0.002979,-0.576688,0.449774,-0.045901,7.21,gru,0.252194,0.123547,0.048880
2026-04-03T21:29:27.3286766Z,-0.322570,0.573336,0.002097,-0.574520,0.441561,-0.047231,7.59,gru,0.251951,0.131775,0.049328
2026-04-03T21:29:27.3670229Z,-0.322543,0.572145,0.002054,-0.573318,0.439898,-0.046543,6.23,gru,0.250774,0.132246,0.048596
2026-04-03T21:29:27.3839988Z,-0.320088,0.571293,0.002122,-0.575398,0.435549,-0.047723,6.56,gru,0.255310,0.135744,0.049845
2026-04-03T21:29:27.4198136Z,-0.323130,0.575160,0.002089,-0.573986,0.458879,-0.043596,7.12,gru,0.250856,0.116281,0.045684
2026-04-03T21:29:27.4514661Z,-0.324934,0.573479,0.003022,-0.571714,0.450192,-0.040364,7.39,gru,0.246781,0.123287,0.043386
2026-04-03T21:29:27.4962547Z,-0.332476,0.574148,0.004471,-0.572788,0.464071,-0.035995,7.20,gru,0.240312,0.110077,0.040465
2026-04-03T21:29:27.5254194Z,-0.332238,0.573084,0.004544,-0.575420,0.459651,-0.040044,6.55,gru,0.243181,0.113433,0.044588
2026-04-03T21:29:27.5578853Z,-0.323135,0.572228,0.002708,-0.577342,0.433005,-0.050394,5.99,gru,0.254207,0.139223,0.053102
2026-04-03T21:29:27.5897093Z,-0.321354,0.572378,0.001992,-0.576203,0.437076,-0.048936,6.58,gru,0.254850,0.135302,0.050928
2026-04-03T21:29:27.6224965Z,-0.323461,0.573129,0.002310,-0.576389,0.447513,-0.043696,4.96,gru,0.252929,0.125616,0.046006
2026-04-03T21:29:27.6525895Z,-0.322904,0.574538,0.003026,-0.576817,0.449151,-0.043472,6.06,gru,0.253913,0.125386,0.046498
2026-04-03T21:29:27.6865397Z,-0.318936,0.572887,0.001546,-0.571957,0.442270,-0.047636,7.91,gru,0.253021,0.130617,0.049182
2026-04-03T21:29:27.7242515Z,-0.320269,0.571887,0.002563,-0.572325,0.454480,-0.042418,5.29,gru,0.252056,0.117407,0.044981
2026-04-03T21:29:27.7655123Z,-0.320607,0.572706,0.002354,-0.572775,0.442230,-0.045443,7.13,gru,0.252169,0.130476,0.047797
2026-04-03T21:29:27.7833698Z,-0.319461,0.574249,0.000854,-0.571189,0.445035,-0.050024,5.21,gru,0.251728,0.129214,0.050878
2026-04-03T21:29:27.8210403Z,-0.320509,0.571240,0.002641,-0.569954,0.439791,-0.042588,6.11,gru,0.249445,0.131449,0.045229
2026-04-03T21:29:27.8565339Z,-0.332561,0.572198,0.004946,-0.574684,0.455653,-0.033703,7.70,gru,0.242123,0.116545,0.038648
2026-04-03T21:29:27.8901873Z,-0.330398,0.573080,0.003831,-0.575938,0.449421,-0.044344,5.50,gru,0.245540,0.123659,0.048175
2026-04-03T21:29:27.9284227Z,-0.335499,0.573972,0.005831,-0.579158,0.449617,-0.040475,6.21,gru,0.243659,0.124355,0.046306
2026-04-03T21:29:27.9573247Z,-0.322967,0.572626,0.002302,-0.580077,0.439037,-0.051878,7.18,gru,0.257110,0.133589,0.054180
2026-04-03T21:29:28.0045191Z,-0.321792,0.573207,0.002118,-0.577672,0.440441,-0.049951,7.05,gru,0.255879,0.132766,0.052069
2026-04-03T21:29:28.0379717Z,-0.322458,0.570372,0.002917,-0.576594,0.441673,-0.041090,7.06,gru,0.254136,0.128699,0.044007
2026-04-03T21:29:28.0730625Z,-0.324289,0.572008,0.002944,-0.578928,0.449443,-0.045670,6.67,gru,0.254639,0.122565,0.048614
2026-04-03T21:29:28.0898261Z,-0.320431,0.572476,0.002122,-0.576323,0.446922,-0.048004,6.01,gru,0.255892,0.125554,0.050126
2026-04-03T21:29:28.1221829Z,-0.321045,0.572247,0.002267,-0.571458,0.457158,-0.043043,6.04,gru,0.250414,0.115090,0.045310
2026-04-03T21:29:28.1752529Z,-0.332801,0.571394,0.004798,-0.574741,0.462457,-0.032309,7.45,gru,0.241940,0.108936,0.037107
2026-04-03T21:29:28.2092853Z,-0.324044,0.573227,0.002646,-0.576799,0.437659,-0.048454,6.21,gru,0.252755,0.135568,0.051100
2026-04-03T21:29:28.2400712Z,-0.321514,0.570577,0.002451,-0.576172,0.434119,-0.050163,5.49,gru,0.254658,0.136457,0.052615
2026-04-03T21:29:28.2605325Z,-0.323912,0.570505,0.003740,-0.575289,0.453304,-0.038634,7.50,gru,0.251377,0.117202,0.042374
2026-04-03T21:29:28.2922833Z,-0.324673,0.573203,0.003037,-0.576714,0.455237,-0.045040,6.66,gru,0.252041,0.117966,0.048077
2026-04-03T21:29:28.3226461Z,-0.321547,0.571196,0.002238,-0.577660,0.435718,-0.050104,6.47,gru,0.256112,0.135478,0.052343
2026-04-03T21:29:28.3558869Z,-0.324041,0.572565,0.002907,-0.575824,0.443184,-0.044384,7.23,gru,0.251782,0.129381,0.047291
2026-04-03T21:29:28.3896950Z,-0.333368,0.572823,0.004721,-0.577229,0.454056,-0.037528,7.68,gru,0.243861,0.118768,0.042249
2026-04-03T21:29:28.4222359Z,-0.322022,0.571351,0.002564,-0.579426,0.431578,-0.051396,7.21,gru,0.257404,0.139772,0.053961
2026-04-03T21:29:28.4560197Z,-0.324389,0.574174,0.002711,-0.575671,0.442478,-0.047440,6.32,gru,0.251282,0.131696,0.050151
2026-04-03T21:29:28.4957416Z,-0.334298,0.573916,0.004852,-0.578119,0.465688,-0.031333,8.53,gru,0.243821,0.108228,0.036185
2026-04-03T21:29:28.5152175Z,-0.324817,0.574473,0.002512,-0.576634,0.443638,-0.046873,5.45,gru,0.251816,0.130835,0.049385
2026-04-03T21:29:28.5554053Z,-0.319621,0.572077,0.002525,-0.571841,0.448573,-0.045713,6.02,gru,0.252220,0.123504,0.048238
2026-04-03T21:29:28.5918248Z,-0.324654,0.573230,0.002784,-0.578483,0.456636,-0.040613,6.25,gru,0.253828,0.116594,0.043397
2026-04-03T21:29:28.6272432Z,-0.318323,0.571728,0.002225,-0.576364,0.438799,-0.048666,7.18,gru,0.258041,0.132930,0.050891
2026-04-03T21:29:28.6591903Z,-0.320907,0.572261,0.002842,-0.572019,0.437173,-0.044896,6.46,gru,0.251112,0.135088,0.047738
2026-04-03T21:29:28.7851533Z,-0.318805,0.571570,0.002004,-0.572436,0.443598,-0.046539,5.65,gru,0.253632,0.127972,0.048543
2026-04-03T21:29:28.8029084Z,-0.321058,0.570439,0.003817,-0.574523,0.437951,-0.044152,6.47,gru,0.253465,0.132489,0.047969
2026-04-03T21:29:28.8806544Z,-0.334793,0.573218,0.005209,-0.574195,0.460154,-0.034926,5.46,gru,0.239402,0.113064,0.040135
2026-04-03T21:29:28.9119921Z,-0.334289,0.571633,0.005793,-0.575076,0.444736,-0.039148,5.99,gru,0.240787,0.126896,0.044942
2026-04-03T21:29:28.9773647Z,-0.330840,0.573105,0.004045,-0.581600,0.440151,-0.048345,7.37,gru,0.250760,0.132954,0.052390
2026-04-03T21:29:28.9952158Z,-0.319649,0.573401,0.001762,-0.577187,0.435055,-0.052690,6.77,gru,0.257538,0.138346,0.054452
2026-04-03T21:29:29.0454841Z,-0.318543,0.571792,0.001976,-0.572994,0.441041,-0.044926,7.26,gru,0.254451,0.130751,0.046902
2026-04-03T21:29:29.0648911Z,-0.321156,0.573193,0.002356,-0.577485,0.452343,-0.042768,8.43,gru,0.256329,0.120851,0.045123
2026-04-03T21:29:29.0949427Z,-0.330620,0.572259,0.004193,-0.579421,0.441237,-0.040862,7.82,gru,0.248801,0.131022,0.045055
2026-04-03T21:29:29.1277232Z,-0.320961,0.572383,0.002392,-0.575263,0.436915,-0.048401,7.21,gru,0.254301,0.135469,0.050793
2026-04-03T21:29:29.1452176Z,-0.330351,0.574103,0.004180,-0.576112,0.458727,-0.038444,5.98,gru,0.245761,0.115377,0.042623
2026-04-03T21:29:29.1951272Z,-0.331969,0.573632,0.005026,-0.576820,0.446807,-0.038666,6.96,gru,0.244851,0.126826,0.043692
2026-04-03T21:29:29.2198209Z,-0.331973,0.572708,0.005567,-0.576024,0.445526,-0.042065,7.74,gru,0.244051,0.127182,0.047632
2026-04-03T21:29:29.2613586Z,-0.332472,0.574694,0.005838,-0.576748,0.463076,-0.038368,5.01,gru,0.244277,0.111618,0.044205
2026-04-03T21:29:29.2823349Z,-0.332721,0.575511,0.005898,-0.580262,0.455321,-0.042044,7.00,gru,0.247541,0.120190,0.047942
2026-04-03T21:29:29.3203063Z,-0.334920,0.576424,0.006300,-0.580889,0.447060,-0.041633,8.07,gru,0.245969,0.129364,0.047933
2026-04-03T21:29:29.3631158Z,-0.336060,0.575758,0.007362,-0.582837,0.448078,-0.039741,8.14,gru,0.246777,0.127679,0.047103
2026-04-03T21:29:29.3883631Z,-0.334886,0.574389,0.006747,-0.580428,0.438617,-0.043641,9.30,gru,0.245542,0.135772,0.050388
2026-04-03T21:29:29.4324644Z,-0.334988,0.572772,0.006577,-0.580206,0.442430,-0.042714,8.07,gru,0.245218,0.130342,0.049291
2026-04-03T21:29:29.4602839Z,-0.335667,0.573040,0.006534,-0.582255,0.439404,-0.042611,8.98,gru,0.246589,0.133636,0.049146
2026-04-03T21:29:29.5057066Z,-0.322513,0.569958,0.003054,-0.578042,0.426642,-0.051909,10.22,gru,0.255529,0.143316,0.054963
2026-04-03T21:29:29.5224377Z,-0.324804,0.570140,0.003586,-0.578294,0.456713,-0.041673,8.63,gru,0.253490,0.113427,0.045259
2026-04-03T21:29:29.5701065Z,-0.328148,0.569596,0.005622,-0.574749,0.459725,-0.031683,9.68,gru,0.246601,0.109871,0.037305
2026-04-03T21:29:29.5970280Z,-0.326335,0.569734,0.004324,-0.577542,0.446375,-0.044066,8.48,gru,0.251207,0.123360,0.048390
2026-04-03T21:29:29.6264901Z,-0.326815,0.570451,0.004394,-0.579323,0.443948,-0.046382,10.46,gru,0.252508,0.126503,0.050776
2026-04-03T21:29:29.6578133Z,-0.326285,0.569953,0.003416,-0.577644,0.440673,-0.046354,9.60,gru,0.251359,0.129280,0.049770
2026-04-03T21:29:29.7018828Z,-0.327011,0.573515,0.003133,-0.576008,0.452790,-0.045100,7.06,gru,0.248997,0.120726,0.048233
2026-04-03T21:29:29.7281156Z,-0.326424,0.568911,0.003412,-0.577527,0.440509,-0.042940,7.42,gru,0.251103,0.128401,0.046352
2026-04-03T21:29:29.7479722Z,-0.329356,0.570993,0.004211,-0.578877,0.443295,-0.042845,6.04,gru,0.249521,0.127699,0.047056
2026-04-03T21:29:29.7926616Z,-0.327319,0.568754,0.003964,-0.578814,0.449777,-0.042859,8.46,gru,0.251494,0.118977,0.046823
2026-04-03T21:29:29.8375442Z,-0.335555,0.573627,0.004955,-0.579167,0.463642,-0.037251,7.76,gru,0.243613,0.109985,0.042207
2026-04-03T21:29:29.8627287Z,-0.334314,0.573272,0.004708,-0.578342,0.453011,-0.040290,9.01,gru,0.244028,0.120261,0.044998
2026-04-03T21:29:29.8999387Z,-0.334178,0.574423,0.004209,-0.578272,0.455188,-0.042464,5.88,gru,0.244093,0.119234,0.046673
2026-04-03T21:29:29.9525235Z,-0.330313,0.574761,0.004115,-0.575349,0.463819,-0.040599,7.22,gru,0.245036,0.110942,0.044714
2026-04-03T21:29:29.9875325Z,-0.335463,0.575883,0.004807,-0.574595,0.475078,-0.035532,6.67,gru,0.239132,0.100805,0.040339
2026-04-03T21:29:30.0206122Z,-0.334301,0.575918,0.005262,-0.575347,0.468344,-0.036767,6.55,gru,0.241045,0.107574,0.042028
2026-04-03T21:29:30.0499548Z,-0.336402,0.577106,0.004714,-0.576563,0.463530,-0.039699,6.08,gru,0.240160,0.113575,0.044413
2026-04-03T21:29:30.0844044Z,-0.330091,0.574315,0.003973,-0.574528,0.453267,-0.041996,6.19,gru,0.244438,0.121048,0.045969
2026-04-03T21:29:30.1159064Z,-0.320474,0.571616,0.003047,-0.574632,0.443329,-0.045431,7.21,gru,0.254158,0.128287,0.048478
2026-04-03T21:29:30.1494058Z,-0.318863,0.573844,0.001458,-0.575140,0.444586,-0.048620,7.17,gru,0.256277,0.129258,0.050077
2026-04-03T21:29:30.1998400Z,-0.329393,0.575525,0.002941,-0.574983,0.456239,-0.038028,4.99,gru,0.245590,0.119286,0.040969
2026-04-03T21:29:30.2422129Z,-0.321422,0.573377,0.003096,-0.573416,0.430088,-0.044603,5.78,gru,0.251994,0.143289,0.047699
2026-04-03T21:29:30.2760559Z,-0.319882,0.573224,0.001821,-0.572123,0.434764,-0.048950,7.12,gru,0.252241,0.138460,0.050771
2026-04-03T21:29:30.3209240Z,-0.330755,0.575246,0.003829,-0.573566,0.463083,-0.034214,7.62,gru,0.242810,0.112163,0.038044
2026-04-03T21:29:30.3562285Z,-0.332853,0.574733,0.004355,-0.576186,0.442494,-0.040331,7.53,gru,0.243333,0.132239,0.044685
2026-04-03T21:29:30.4060810Z,-0.331229,0.574257,0.004536,-0.578872,0.442587,-0.044500,7.98,gru,0.247643,0.131670,0.049036
2026-04-03T21:29:30.4269520Z,-0.318656,0.572143,0.001590,-0.577156,0.426402,-0.052444,8.60,gru,0.258499,0.145741,0.054034
2026-04-03T21:29:30.4488877Z,-0.317849,0.572652,0.001168,-0.576606,0.444972,-0.047189,7.42,gru,0.258756,0.127680,0.048357
2026-04-03T21:29:30.4933752Z,-0.332917,0.576407,0.003888,-0.577655,0.461358,-0.030436,8.83,gru,0.244737,0.115049,0.034324
2026-04-03T21:29:30.5201600Z,-0.320377,0.573509,0.001590,-0.577949,0.441689,-0.046750,8.36,gru,0.257573,0.131820,0.048339
2026-04-03T21:29:30.5720824Z,-0.320028,0.573113,0.001812,-0.574958,0.445986,-0.047129,11.72,gru,0.254930,0.127127,0.048941
2026-04-03T21:29:30.6034216Z,-0.319602,0.571364,0.001946,-0.573520,0.463596,-0.038987,10.58,gru,0.253918,0.107768,0.040933
2026-04-03T21:29:30.6269568Z,-0.328981,0.573571,0.003268,-0.572857,0.465227,-0.037657,8.42,gru,0.243877,0.108345,0.040925
2026-04-03T21:29:30.6708039Z,-0.329987,0.574907,0.003193,-0.575308,0.466310,-0.040145,8.86,gru,0.245321,0.108596,0.043339
2026-04-03T21:29:30.7012685Z,-0.317660,0.571563,0.001452,-0.571515,0.450146,-0.048150,7.37,gru,0.253855,0.121418,0.049602
2026-04-03T21:29:30.7272901Z,-0.319553,0.575216,0.001062,-0.569508,0.481575,-0.041632,7.70,gru,0.249955,0.093641,0.042694
2026-04-03T21:29:30.7558163Z,-0.329332,0.572703,0.003689,-0.576520,0.466601,-0.032493,9.64,gru,0.247188,0.106102,0.036181
2026-04-03T21:29:30.7964608Z,-0.319735,0.573170,0.001899,-0.577797,0.427915,-0.049663,8.28,gru,0.258062,0.145255,0.051562
2026-04-03T21:29:30.8322141Z,-0.319134,0.572351,0.001781,-0.575576,0.444077,-0.050331,6.98,gru,0.256442,0.128273,0.052112
2026-04-03T21:29:30.8582006Z,-0.328654,0.572064,0.003638,-0.576398,0.470122,-0.033254,6.70,gru,0.247744,0.101942,0.036892
2026-04-03T21:29:30.9015233Z,-0.333127,0.573920,0.004475,-0.576406,0.448871,-0.040464,8.62,gru,0.243279,0.125049,0.044939
2026-04-03T21:29:30.9334261Z,-0.329273,0.572605,0.003766,-0.581202,0.435428,-0.048043,7.23,gru,0.251929,0.137178,0.051809
2026-04-03T21:29:30.9554691Z,-0.330508,0.574365,0.003824,-0.578033,0.463237,-0.042270,8.20,gru,0.247525,0.111128,0.046094
2026-04-03T21:29:30.9909164Z,-0.331820,0.577159,0.003206,-0.575806,0.473323,-0.040393,8.78,gru,0.243985,0.103836,0.043599
2026-04-03T21:29:31.0247203Z,-0.326631,0.574260,0.001911,-0.578481,0.447963,-0.047176,7.71,gru,0.251851,0.126297,0.049087
2026-04-03T21:29:31.0596119Z,-0.328656,0.572768,0.003205,-0.583644,0.434315,-0.046079,8.45,gru,0.254988,0.138453,0.049283
2026-04-03T21:29:31.1006758Z,-0.324890,0.572631,0.001967,-0.581319,0.443414,-0.048998,6.99,gru,0.256429,0.129217,0.050965
2026-04-03T21:29:31.1364697Z,-0.327621,0.572867,0.003248,-0.577679,0.464119,-0.041300,7.14,gru,0.250058,0.108747,0.044548
2026-04-03T21:29:31.1580728Z,-0.327773,0.574591,0.002820,-0.578655,0.449792,-0.045374,8.36,gru,0.250882,0.124799,0.048194
2026-04-03T21:29:31.1950735Z,-0.326392,0.572428,0.002768,-0.581073,0.436477,-0.049310,7.03,gru,0.254681,0.135951,0.052078
2026-04-03T21:29:31.2293721Z,-0.317383,0.575696,0.000325,-0.575595,0.438186,-0.053629,6.12,gru,0.258212,0.137510,0.053955
2026-04-03T21:29:31.2655913Z,-0.318303,0.573953,0.000808,-0.571059,0.457938,-0.044929,6.38,gru,0.252756,0.116016,0.045737
2026-04-03T21:29:31.2998949Z,-0.329717,0.572631,0.003988,-0.577179,0.461927,-0.032114,5.41,gru,0.247462,0.110704,0.036102
2026-04-03T21:29:31.3175070Z,-0.332146,0.574293,0.003833,-0.580519,0.439113,-0.045176,5.99,gru,0.248373,0.135181,0.049008
2026-04-03T21:29:31.3567961Z,-0.326782,0.572967,0.003350,-0.579095,0.442425,-0.048738,8.84,gru,0.252313,0.130541,0.052088
2026-04-03T21:29:31.3920950Z,-0.325798,0.574400,0.002168,-0.576127,0.453112,-0.045316,6.78,gru,0.250329,0.121288,0.047484
2026-04-03T21:29:31.4271825Z,-0.329400,0.573062,0.003057,-0.579367,0.448745,-0.043153,7.24,gru,0.249967,0.124316,0.046210
2026-04-03T21:29:31.4666327Z,-0.327138,0.573771,0.003436,-0.579579,0.437314,-0.045746,7.10,gru,0.252441,0.136457,0.049182
2026-04-03T21:29:31.4876870Z,-0.331767,0.574773,0.004004,-0.580081,0.451601,-0.042385,6.78,gru,0.248314,0.123171,0.046389
2026-04-03T21:29:31.5267670Z,-0.334716,0.575013,0.004863,-0.581756,0.458452,-0.039202,7.44,gru,0.247040,0.116561,0.044065
2026-04-03T21:29:31.5648754Z,-0.332344,0.574097,0.004122,-0.581484,0.443233,-0.044882,9.82,gru,0.249141,0.130864,0.049004
2026-04-03T21:29:31.5877350Z,-0.328613,0.573818,0.003188,-0.578962,0.454103,-0.045568,7.23,gru,0.250349,0.119715,0.048755
2026-04-03T21:29:31.6304879Z,-0.330763,0.574777,0.004411,-0.581135,0.469973,-0.039318,7.02,gru,0.250371,0.104804,0.043729
2026-04-03T21:29:31.6601210Z,-0.328769,0.573100,0.003445,-0.581411,0.448898,-0.045727,7.51,gru,0.252642,0.124202,0.049172
2026-04-03T21:29:31.6897697Z,-0.332865,0.574701,0.003936,-0.582072,0.451084,-0.043515,9.03,gru,0.249207,0.123616,0.047451
2026-04-03T21:29:31.7323790Z,-0.330610,0.574300,0.003600,-0.584484,0.443521,-0.045978,8.24,gru,0.253874,0.130779,0.049578
2026-04-03T21:29:31.7560328Z,-0.317827,0.571953,0.000721,-0.580869,0.435573,-0.054077,7.03,gru,0.263043,0.136380,0.054798
2026-04-03T21:29:31.8072248Z,-0.318819,0.573319,0.000781,-0.575678,0.460191,-0.045691,8.38,gru,0.256859,0.113128,0.046472
2026-04-03T21:29:31.8321699Z,-0.319711,0.574146,0.000894,-0.574222,0.454344,-0.043456,9.06,gru,0.254511,0.119802,0.044350
2026-04-03T21:29:31.8558632Z,-0.329573,0.572601,0.004063,-0.579872,0.448737,-0.040860,6.63,gru,0.250299,0.123864,0.044923
2026-04-03T21:29:31.8919167Z,-0.329932,0.574057,0.003695,-0.579271,0.444614,-0.045378,6.71,gru,0.249339,0.129442,0.049073
2026-04-03T21:29:31.9314094Z,-0.330469,0.572715,0.003815,-0.576517,0.448039,-0.043887,7.40,gru,0.246048,0.124676,0.047702
2026-04-03T21:29:31.9638324Z,-0.330156,0.574265,0.003245,-0.577629,0.459976,-0.041946,8.01,gru,0.247473,0.114289,0.045191
2026-04-03T21:29:32.0126787Z,-0.330851,0.574394,0.003341,-0.578970,0.449886,-0.043164,6.56,gru,0.248119,0.124508,0.046505
2026-04-03T21:29:32.0947086Z,-0.329006,0.573033,0.004005,-0.583326,0.443797,-0.044616,5.74,gru,0.254321,0.129236,0.048621
2026-04-03T21:29:32.2361635Z,-0.330438,0.574077,0.003253,-0.581594,0.452390,-0.044485,6.44,gru,0.251155,0.121687,0.047737
2026-04-03T21:29:32.2805502Z,-0.330523,0.574508,0.003316,-0.580317,0.460195,-0.042988,6.09,gru,0.249794,0.114312,0.046305
2026-04-03T21:29:32.3344523Z,-0.328702,0.572438,0.003368,-0.579439,0.454528,-0.042551,5.70,gru,0.250738,0.117910,0.045919
2026-04-03T21:29:32.4191946Z,-0.320040,0.572432,0.001711,-0.576714,0.447686,-0.048900,5.10,gru,0.256674,0.124746,0.050610
2026-04-03T21:29:32.4721312Z,-0.319946,0.571921,0.001790,-0.575683,0.453525,-0.045604,7.78,gru,0.255738,0.118396,0.047394
2026-04-03T21:29:32.5261069Z,-0.317088,0.571040,0.001106,-0.573447,0.454389,-0.045350,6.04,gru,0.256359,0.116651,0.046455
2026-04-03T21:29:32.5546732Z,-0.332215,0.576385,0.003488,-0.577149,0.469166,-0.036358,6.66,gru,0.244934,0.107218,0.039846
2026-04-03T21:29:32.5884601Z,-0.329091,0.572868,0.003889,-0.576483,0.454136,-0.040655,6.19,gru,0.247393,0.118732,0.044544
2026-04-03T21:29:32.6214760Z,-0.334529,0.576320,0.003866,-0.578856,0.456253,-0.043413,5.99,gru,0.244327,0.120067,0.047279
2026-04-03T21:29:32.6667695Z,-0.331944,0.576888,0.003294,-0.580508,0.446788,-0.046724,7.84,gru,0.248564,0.130101,0.050017
2026-04-03T21:29:32.6853935Z,-0.317442,0.571576,0.002147,-0.581124,0.424224,-0.054168,7.17,gru,0.263683,0.147351,0.056314
2026-04-03T21:29:32.7230716Z,-0.329695,0.573110,0.003444,-0.580664,0.460715,-0.039542,6.98,gru,0.250969,0.112395,0.042986
2026-04-03T21:29:32.7694120Z,-0.332368,0.574662,0.003832,-0.580024,0.460517,-0.039058,6.70,gru,0.247657,0.114145,0.042890
2026-04-03T21:29:32.8171074Z,-0.327998,0.572389,0.003376,-0.582675,0.438758,-0.046579,8.50,gru,0.254678,0.133631,0.049955
2026-04-03T21:29:32.8624658Z,-0.329989,0.573312,0.003606,-0.581050,0.452187,-0.042941,6.99,gru,0.251061,0.121125,0.046547
2026-04-03T21:29:32.8844683Z,-0.328106,0.572080,0.003434,-0.580071,0.454011,-0.043385,8.61,gru,0.251965,0.118069,0.046818
2026-04-03T21:29:32.9213863Z,-0.331241,0.573547,0.003578,-0.578073,0.456855,-0.042107,7.42,gru,0.246832,0.116692,0.045685
2026-04-03T21:29:32.9581136Z,-0.330290,0.573362,0.003352,-0.580705,0.454720,-0.043884,8.55,gru,0.250415,0.118643,0.047236
2026-04-03T21:29:32.9838964Z,-0.330617,0.574422,0.003104,-0.579953,0.450268,-0.044816,8.11,gru,0.249336,0.124155,0.047920
2026-04-03T21:29:33.0274721Z,-0.331421,0.573515,0.003603,-0.583409,0.455145,-0.042880,8.27,gru,0.251988,0.118369,0.046483
2026-04-03T21:29:33.0511476Z,-0.329057,0.573364,0.003491,-0.581672,0.452937,-0.044042,8.15,gru,0.252615,0.120427,0.047533
2026-04-03T21:29:33.0967576Z,-0.329820,0.573773,0.004199,-0.581142,0.449789,-0.042955,9.53,gru,0.251321,0.123984,0.047155
2026-04-03T21:29:33.1381786Z,-0.330372,0.574446,0.003221,-0.582685,0.445478,-0.047170,7.01,gru,0.252313,0.128968,0.050391
2026-04-03T21:29:33.1579285Z,-0.329757,0.573048,0.004067,-0.581130,0.434409,-0.046189,6.57,gru,0.251373,0.138639,0.050256
2026-04-03T21:29:33.1998087Z,-0.332578,0.573183,0.004746,-0.581698,0.438319,-0.043553,8.60,gru,0.249120,0.134864,0.048300
2026-04-03T21:29:33.2193316Z,-0.330751,0.573487,0.003250,-0.583021,0.459556,-0.045786,5.88,gru,0.252270,0.113931,0.049036
2026-04-03T21:29:33.2655562Z,-0.334515,0.576341,0.003962,-0.579796,0.458873,-0.041424,6.84,gru,0.245281,0.117467,0.045386
2026-04-03T21:29:33.2847176Z,-0.331600,0.574866,0.002903,-0.578627,0.464952,-0.043011,6.98,gru,0.247027,0.109914,0.045914
2026-04-03T21:29:33.3209035Z,-0.331800,0.573877,0.004816,-0.583410,0.455889,-0.041678,8.16,gru,0.251610,0.117987,0.046494
2026-04-03T21:29:33.3573978Z,-0.330716,0.574366,0.003546,-0.581133,0.442034,-0.046644,7.44,gru,0.250417,0.132332,0.050190
2026-04-03T21:29:33.3982070Z,-0.327842,0.572382,0.003072,-0.580667,0.447149,-0.046635,7.82,gru,0.252824,0.125233,0.049707
2026-04-03T21:29:33.4312414Z,-0.330943,0.574304,0.003142,-0.581201,0.461359,-0.041378,5.75,gru,0.250257,0.112945,0.044520
2026-04-03T21:29:33.4506187Z,-0.328203,0.571993,0.003157,-0.581267,0.443365,-0.045246,7.50,gru,0.253064,0.128628,0.048403
2026-04-03T21:29:33.4848099Z,-0.332009,0.574973,0.004384,-0.581531,0.454094,-0.041055,7.06,gru,0.249521,0.120880,0.045439
2026-04-03T21:29:33.5211401Z,-0.318663,0.574458,0.001291,-0.577976,0.440487,-0.052159,6.46,gru,0.259313,0.133971,0.053450
2026-04-03T21:29:33.5505959Z,-0.328467,0.572388,0.002902,-0.578171,0.455835,-0.040699,6.59,gru,0.249704,0.116552,0.043600
2026-04-03T21:29:33.5839806Z,-0.330283,0.574701,0.003187,-0.579514,0.461581,-0.038666,5.77,gru,0.249232,0.113120,0.041853
2026-04-03T21:29:33.6202294Z,-0.328822,0.572466,0.003700,-0.581378,0.444932,-0.044601,6.13,gru,0.252556,0.127533,0.048301
2026-04-03T21:29:33.6563163Z,-0.331306,0.574513,0.003441,-0.580712,0.456844,-0.042563,6.17,gru,0.249406,0.117668,0.046005
2026-04-03T21:29:33.6971319Z,-0.331155,0.574473,0.003395,-0.580097,0.453898,-0.043723,7.61,gru,0.248942,0.120575,0.047119
2026-04-03T21:29:33.7285792Z,-0.328918,0.575113,0.002259,-0.578759,0.452160,-0.045911,7.38,gru,0.249841,0.122953,0.048170
2026-04-03T21:29:33.7612220Z,-0.292192,0.567070,-0.003185,-0.578637,0.420132,-0.062600,8.21,gru,0.286445,0.146938,0.059415
2026-04-03T21:29:33.7951713Z,-0.288594,0.564418,-0.004196,-0.567936,0.441724,-0.054128,7.44,gru,0.279343,0.122695,0.049932
2026-04-03T21:29:33.8251909Z,-0.317042,0.573327,0.001009,-0.570999,0.505334,-0.016435,7.68,gru,0.253957,0.067993,0.017444
2026-04-03T21:29:33.8582533Z,-0.295667,0.569412,-0.003876,-0.574470,0.434051,-0.050935,8.94,gru,0.278803,0.135361,0.047060
2026-04-03T21:29:33.8932978Z,-0.331480,0.574879,0.004015,-0.570949,0.482874,-0.026429,8.03,gru,0.239469,0.092005,0.030444
2026-04-03T21:29:33.9375446Z,-0.330501,0.575567,0.002264,-0.572964,0.474380,-0.036398,8.01,gru,0.242463,0.101187,0.038662
2026-04-03T21:29:33.9604244Z,-0.330211,0.573308,0.003244,-0.572757,0.444146,-0.041264,8.35,gru,0.242545,0.129162,0.044507
2026-04-03T21:29:33.9848683Z,-0.333315,0.574597,0.003810,-0.578731,0.467494,-0.035441,8.44,gru,0.245416,0.107103,0.039252
2026-04-03T21:29:34.0344051Z,-0.330163,0.574267,0.002731,-0.583189,0.447113,-0.046731,9.55,gru,0.253026,0.127154,0.049462
2026-04-03T21:29:34.0674752Z,-0.330276,0.573344,0.003363,-0.585985,0.449726,-0.043922,7.87,gru,0.255709,0.123618,0.047286
2026-04-03T21:29:34.1202339Z,-0.331612,0.573410,0.003594,-0.583795,0.448345,-0.041994,7.37,gru,0.252183,0.125066,0.045587
2026-04-03T21:29:34.1569789Z,-0.324771,0.573264,0.002336,-0.583010,0.449913,-0.047844,4.86,gru,0.258239,0.123351,0.050180
2026-04-03T21:29:34.2008874Z,-0.327953,0.575209,0.002665,-0.583412,0.450965,-0.046951,7.05,gru,0.255459,0.124244,0.049616
2026-04-03T21:29:34.2211633Z,-0.326438,0.572649,0.003014,-0.577977,0.445546,-0.043330,6.61,gru,0.251539,0.127102,0.046344
2026-04-03T21:29:34.2632765Z,-0.327832,0.572186,0.003122,-0.576290,0.449837,-0.043947,6.08,gru,0.248458,0.122349,0.047069
2026-04-03T21:29:34.2829537Z,-0.329641,0.573672,0.003334,-0.581305,0.452800,-0.043521,7.18,gru,0.251664,0.120872,0.046855
2026-04-03T21:29:34.3181256Z,-0.328085,0.573319,0.003327,-0.575624,0.457670,-0.043164,6.26,gru,0.247539,0.115649,0.046492
2026-04-03T21:29:34.3521704Z,-0.328369,0.573217,0.003288,-0.575606,0.462568,-0.042433,6.89,gru,0.247237,0.110649,0.045722
2026-04-03T21:29:34.3936176Z,-0.325555,0.571870,0.003287,-0.583706,0.449417,-0.046212,6.71,gru,0.258151,0.122453,0.049500
2026-04-03T21:29:34.4257255Z,-0.325135,0.572468,0.002475,-0.573227,0.412141,-0.054973,6.66,gru,0.248093,0.160327,0.057448
2026-04-03T21:29:34.4463539Z,-0.327070,0.575132,0.002493,-0.568279,0.417986,-0.051468,6.00,gru,0.241209,0.157146,0.053961
2026-04-03T21:29:34.4796923Z,-0.326808,0.573477,0.002767,-0.583453,0.433670,-0.049265,5.53,gru,0.256645,0.139807,0.052032
2026-04-03T21:29:34.5132501Z,-0.326015,0.573341,0.002583,-0.573850,0.418717,-0.053167,5.87,gru,0.247835,0.154625,0.055750
2026-04-03T21:29:34.5524592Z,-0.329024,0.576482,0.002047,-0.577753,0.467458,-0.043640,6.97,gru,0.248729,0.109024,0.045686
2026-04-03T21:29:34.5867266Z,-0.324921,0.572049,0.002452,-0.579766,0.447708,-0.045971,5.95,gru,0.254845,0.124341,0.048423
2026-04-03T21:29:34.6262582Z,-0.330026,0.574193,0.003818,-0.578499,0.454232,-0.040167,5.71,gru,0.248473,0.119961,0.043985
2026-04-03T21:29:34.6622727Z,-0.332258,0.574091,0.004098,-0.579485,0.462663,-0.040380,7.00,gru,0.247227,0.111428,0.044478
2026-04-03T21:29:34.6812054Z,-0.317781,0.570704,0.002614,-0.580178,0.434489,-0.050787,7.30,gru,0.262396,0.136214,0.053401
2026-04-03T21:29:34.7187912Z,-0.318411,0.573493,0.002038,-0.575558,0.457238,-0.045967,5.79,gru,0.257147,0.116255,0.048005
2026-04-03T21:29:34.7484958Z,-0.328646,0.573075,0.003072,-0.576858,0.468339,-0.035695,6.67,gru,0.248212,0.104736,0.038767
2026-04-03T21:29:34.7856094Z,-0.333145,0.574017,0.003971,-0.579475,0.447105,-0.041564,7.01,gru,0.246330,0.126912,0.045536
2026-04-03T21:29:34.8226980Z,-0.331679,0.574384,0.004313,-0.581498,0.449475,-0.044242,8.42,gru,0.249819,0.124908,0.048556
2026-04-03T21:29:34.8563115Z,-0.333991,0.573829,0.004777,-0.581351,0.448506,-0.042378,6.52,gru,0.247360,0.125323,0.047155
2026-04-03T21:29:34.8858303Z,-0.332295,0.574526,0.003420,-0.581035,0.449645,-0.045439,6.34,gru,0.248741,0.124881,0.048859
2026-04-03T21:29:34.9223105Z,-0.332078,0.574612,0.003793,-0.582088,0.452151,-0.043745,6.45,gru,0.250010,0.122461,0.047538
2026-04-03T21:29:34.9660406Z,-0.330121,0.574569,0.003975,-0.582338,0.449845,-0.043432,8.83,gru,0.252216,0.124723,0.047407
2026-04-03T21:29:34.9863227Z,-0.329857,0.574117,0.003002,-0.583652,0.448804,-0.046693,7.37,gru,0.253794,0.125313,0.049694
2026-04-03T21:29:35.0276567Z,-0.329258,0.572915,0.004082,-0.582284,0.441134,-0.043479,8.95,gru,0.253026,0.131780,0.047561
2026-04-03T21:29:35.0636172Z,-0.330785,0.575161,0.003421,-0.581639,0.450216,-0.044712,7.50,gru,0.250854,0.124945,0.048133
2026-04-03T21:29:35.0918374Z,-0.329880,0.572410,0.004192,-0.582897,0.450353,-0.044324,10.31,gru,0.253017,0.122057,0.048516
2026-04-03T21:29:35.1313981Z,-0.318050,0.573070,0.000407,-0.577349,0.439572,-0.053648,8.06,gru,0.259299,0.133498,0.054055
2026-04-03T21:29:35.1566964Z,-0.316951,0.573781,-0.000087,-0.573754,0.454782,-0.049564,7.16,gru,0.256802,0.118998,0.049477
2026-04-03T21:29:35.1988056Z,-0.317590,0.570039,0.001944,-0.577784,0.454434,-0.040093,6.97,gru,0.260194,0.115605,0.042036
2026-04-03T21:29:35.2242454Z,-0.315599,0.571085,0.000731,-0.574761,0.438929,-0.049356,8.96,gru,0.259162,0.132155,0.050087
2026-04-03T21:29:35.2653085Z,-0.324787,0.573036,0.001801,-0.571352,0.469148,-0.040653,6.38,gru,0.246565,0.103888,0.042454
2026-04-03T21:29:35.2880469Z,-0.328657,0.574017,0.003037,-0.574359,0.458313,-0.038757,7.92,gru,0.245702,0.115703,0.041793
2026-04-03T21:29:35.3221298Z,-0.327721,0.573515,0.003160,-0.574495,0.431019,-0.046885,8.33,gru,0.246773,0.142496,0.050045
2026-04-03T21:29:35.3532945Z,-0.325427,0.572407,0.002984,-0.575636,0.441470,-0.047284,7.85,gru,0.250209,0.130937,0.050268
2026-04-03T21:29:35.3845955Z,-0.330269,0.575538,0.003550,-0.577653,0.460677,-0.040853,8.30,gru,0.247384,0.114861,0.044402
2026-04-03T21:29:35.4270987Z,-0.318344,0.572664,0.001072,-0.576692,0.444589,-0.050185,7.49,gru,0.258348,0.128075,0.051257
2026-04-03T21:29:35.4528607Z,-0.316279,0.570067,0.001185,-0.574460,0.445512,-0.047414,7.19,gru,0.258180,0.124555,0.048599
2026-04-03T21:29:35.4797061Z,-0.317802,0.572430,0.001095,-0.573847,0.465846,-0.040965,6.18,gru,0.256046,0.106585,0.042060
2026-04-03T21:29:35.5100793Z,-0.327169,0.573932,0.002509,-0.576301,0.463987,-0.039785,5.96,gru,0.249132,0.109945,0.042294
2026-04-03T21:29:35.5384057Z,-0.321541,0.572534,0.002531,-0.573542,0.447261,-0.044455,3.81,gru,0.252001,0.125273,0.046986
2026-04-03T21:29:35.5753859Z,-0.318822,0.570582,0.001626,-0.571324,0.447161,-0.047810,5.77,gru,0.252502,0.123421,0.049435
2026-04-03T21:29:35.6187812Z,-0.320977,0.572507,0.001793,-0.573368,0.462603,-0.042544,7.67,gru,0.252391,0.109904,0.044337
2026-04-03T21:29:35.6497094Z,-0.315203,0.571187,0.000435,-0.569507,0.447750,-0.047907,4.91,gru,0.254304,0.123436,0.048341
2026-04-03T21:29:35.6832276Z,-0.332713,0.574287,0.004164,-0.575364,0.474254,-0.031908,8.10,gru,0.242651,0.100033,0.036072
2026-04-03T21:29:35.7172768Z,-0.319521,0.568251,0.003025,-0.576444,0.431486,-0.046120,6.69,gru,0.256922,0.136765,0.049146
2026-04-03T21:29:35.7526136Z,-0.323655,0.568110,0.003519,-0.579180,0.434677,-0.049223,5.38,gru,0.255525,0.133433,0.052742
2026-04-03T21:29:35.7841870Z,-0.324561,0.569106,0.003014,-0.578891,0.455845,-0.043629,7.68,gru,0.254329,0.113261,0.046643
2026-04-03T21:29:35.8254707Z,-0.323400,0.567243,0.003173,-0.578837,0.423330,-0.048654,9.12,gru,0.255437,0.143913,0.051827
2026-04-03T21:29:35.8430817Z,-0.322631,0.569032,0.001687,-0.578811,0.433186,-0.051143,4.23,gru,0.256180,0.135846,0.052830
2026-04-03T21:29:35.8817196Z,-0.324422,0.568012,0.002662,-0.579722,0.444700,-0.045316,8.11,gru,0.255300,0.123312,0.047978
2026-04-03T21:29:35.9109344Z,-0.325165,0.568711,0.003226,-0.580297,0.448904,-0.042961,5.23,gru,0.255132,0.119807,0.046187
2026-04-03T21:29:35.9469364Z,-0.323008,0.567191,0.002641,-0.580539,0.441396,-0.047683,4.17,gru,0.257531,0.125795,0.050324
2026-04-03T21:29:35.9829456Z,-0.324055,0.566356,0.003145,-0.577425,0.443940,-0.044149,5.39,gru,0.253369,0.122416,0.047294
2026-04-03T21:29:36.0184933Z,-0.325663,0.566731,0.003285,-0.578162,0.458524,-0.042171,7.32,gru,0.252499,0.108207,0.045457
2026-04-03T21:29:36.0511213Z,-0.325724,0.567712,0.003307,-0.582598,0.435765,-0.048090,6.53,gru,0.256875,0.131948,0.051397
2026-04-03T21:29:36.0803638Z,-0.327219,0.567449,0.004029,-0.580571,0.427152,-0.046624,5.25,gru,0.253351,0.140297,0.050653
2026-04-03T21:29:36.1120610Z,-0.325236,0.568249,0.002760,-0.581828,0.436844,-0.049969,3.69,gru,0.256592,0.131406,0.052729
2026-04-03T21:29:36.1410380Z,-0.324794,0.566419,0.003404,-0.581028,0.443842,-0.045321,3.39,gru,0.256234,0.122577,0.048725
2026-04-03T21:29:36.1706374Z,-0.328664,0.566790,0.004661,-0.580576,0.442321,-0.040960,3.97,gru,0.251912,0.124469,0.045621
2026-04-03T21:29:36.2069104Z,-0.328484,0.568047,0.003590,-0.582290,0.433298,-0.048125,6.40,gru,0.253806,0.134749,0.051715
2026-04-03T21:29:36.2444538Z,-0.328308,0.567482,0.003575,-0.584166,0.432519,-0.048592,6.03,gru,0.255858,0.134963,0.052166
2026-04-03T21:29:36.2876070Z,-0.331892,0.568455,0.004202,-0.582068,0.438116,-0.044215,3.99,gru,0.250175,0.130339,0.048417
2026-04-03T21:29:36.3121821Z,-0.327621,0.564981,0.003958,-0.582935,0.441691,-0.044647,5.47,gru,0.255314,0.123290,0.048605
2026-04-03T21:29:36.3472268Z,-0.331746,0.568927,0.003831,-0.581790,0.432785,-0.045748,3.64,gru,0.250044,0.136142,0.049579
2026-04-03T21:29:36.3743703Z,-0.331756,0.566509,0.005218,-0.583199,0.428778,-0.042241,5.82,gru,0.251444,0.137731,0.047459
2026-04-03T21:29:36.4094747Z,-0.330622,0.565836,0.004307,-0.584612,0.422704,-0.047070,3.86,gru,0.253990,0.143132,0.051377
2026-04-03T21:29:36.4413931Z,-0.329957,0.564791,0.004229,-0.584844,0.422486,-0.047023,4.41,gru,0.254887,0.142306,0.051252
2026-04-03T21:29:36.4714373Z,-0.332329,0.565086,0.005357,-0.587587,0.428150,-0.043094,5.73,gru,0.255258,0.136935,0.048451
2026-04-03T21:29:36.5059670Z,-0.331625,0.566174,0.004503,-0.585691,0.427721,-0.046565,3.30,gru,0.254066,0.138453,0.051068
2026-04-03T21:29:36.5411277Z,-0.330780,0.565026,0.004803,-0.585987,0.424612,-0.046327,4.30,gru,0.255207,0.140414,0.051130
2026-04-03T21:29:36.5724055Z,-0.332380,0.566934,0.004942,-0.586269,0.425823,-0.044764,3.86,gru,0.253889,0.141111,0.049706
2026-04-03T21:29:36.6048913Z,-0.333958,0.566255,0.005417,-0.586138,0.421846,-0.044276,5.06,gru,0.252180,0.144409,0.049692
2026-04-03T21:29:36.6390009Z,-0.333445,0.569255,0.003991,-0.586796,0.425877,-0.047709,5.62,gru,0.253351,0.143378,0.051700
2026-04-03T21:29:36.6737475Z,-0.331219,0.567882,0.003856,-0.585690,0.424226,-0.047483,3.80,gru,0.254471,0.143656,0.051339
2026-04-03T21:29:36.7085239Z,-0.331479,0.565607,0.005251,-0.586198,0.422059,-0.042152,4.28,gru,0.254719,0.143548,0.047403
2026-04-03T21:29:36.7425849Z,-0.330175,0.566762,0.004083,-0.586962,0.427218,-0.047430,6.10,gru,0.256787,0.139544,0.051513
2026-04-03T21:29:36.7768095Z,-0.334019,0.567359,0.004953,-0.585116,0.426128,-0.043653,6.14,gru,0.251097,0.141230,0.048606
2026-04-03T21:29:36.8158589Z,-0.334319,0.567044,0.005664,-0.585480,0.424780,-0.041596,3.38,gru,0.251162,0.142264,0.047260
2026-04-03T21:29:36.8400547Z,-0.333131,0.568558,0.005033,-0.586136,0.427255,-0.046026,4.29,gru,0.253005,0.141302,0.051059
2026-04-03T21:29:36.8751617Z,-0.333615,0.566977,0.005916,-0.585681,0.427645,-0.042486,3.33,gru,0.252066,0.139332,0.048402
2026-04-03T21:29:36.9088945Z,-0.330551,0.566322,0.004631,-0.586029,0.426349,-0.045737,3.80,gru,0.255478,0.139973,0.050368
2026-04-03T21:29:36.9404143Z,-0.329697,0.568921,0.004411,-0.583532,0.424313,-0.046241,4.99,gru,0.253835,0.144607,0.050652
2026-04-03T21:29:36.9767508Z,-0.331333,0.568287,0.004067,-0.584934,0.436422,-0.043388,3.23,gru,0.253601,0.131865,0.047454
2026-04-03T21:29:37.0058178Z,-0.331334,0.565878,0.004977,-0.583353,0.421575,-0.042468,4.43,gru,0.252019,0.144303,0.047444
2026-04-03T21:29:37.0374432Z,-0.330337,0.568184,0.003756,-0.584963,0.424099,-0.046563,4.47,gru,0.254625,0.144085,0.050320
2026-04-03T21:29:37.0745092Z,-0.331484,0.565808,0.005246,-0.583504,0.418871,-0.042373,4.92,gru,0.252020,0.146937,0.047619
2026-04-03T21:29:37.1129328Z,-0.330820,0.565851,0.004304,-0.582092,0.421603,-0.043731,4.67,gru,0.251272,0.144249,0.048035
2026-04-03T21:29:37.1471280Z,-0.331040,0.566672,0.004145,-0.584136,0.425565,-0.045562,2.73,gru,0.253097,0.141108,0.049706
2026-04-03T21:29:37.1768365Z,-0.333414,0.566043,0.005560,-0.584547,0.421998,-0.040231,6.00,gru,0.251133,0.144044,0.045791
2026-04-03T21:29:37.2103994Z,-0.332648,0.567365,0.004652,-0.584807,0.427939,-0.044424,4.40,gru,0.252159,0.139426,0.049076
2026-04-03T21:29:37.2423245Z,-0.331992,0.567004,0.005458,-0.583886,0.426592,-0.042551,5.42,gru,0.251894,0.140412,0.048008
2026-04-03T21:29:37.2788386Z,-0.334635,0.568749,0.004791,-0.586813,0.440684,-0.042568,4.28,gru,0.252178,0.128064,0.047360
2026-04-03T21:29:37.3029608Z,-0.331961,0.567872,0.004318,-0.586503,0.426909,-0.046254,4.09,gru,0.254542,0.140963,0.050572
2026-04-03T21:29:37.3379924Z,-0.340287,0.567828,0.005136,-0.586083,0.428348,-0.039317,4.80,gru,0.245796,0.139480,0.044453
2026-04-03T21:29:37.3741705Z,-0.332743,0.567732,0.004234,-0.588404,0.420500,-0.046945,4.72,gru,0.255661,0.147232,0.051179
2026-04-03T21:29:37.4035630Z,-0.333313,0.566764,0.004785,-0.587504,0.424988,-0.044227,5.50,gru,0.254191,0.141776,0.049012
2026-04-03T21:29:37.4368488Z,-0.334470,0.566651,0.005945,-0.586005,0.435152,-0.038040,3.37,gru,0.251535,0.131499,0.043985
2026-04-03T21:29:37.4759068Z,-0.330578,0.567100,0.004307,-0.585864,0.430717,-0.046257,3.65,gru,0.255286,0.136383,0.050564
2026-04-03T21:29:37.5098949Z,-0.331730,0.565815,0.004864,-0.584325,0.428116,-0.042758,3.81,gru,0.252595,0.137699,0.047621
2026-04-03T21:29:37.5422001Z,-0.334495,0.568242,0.005456,-0.585307,0.432072,-0.040029,3.88,gru,0.250813,0.136169,0.045486
2026-04-03T21:29:37.5754184Z,-0.340659,0.568443,0.005531,-0.587241,0.439239,-0.041332,4.61,gru,0.246582,0.129204,0.046862
2026-04-03T21:29:37.6040933Z,-0.336455,0.567001,0.005605,-0.589300,0.422872,-0.044525,4.50,gru,0.252845,0.144130,0.050130
2026-04-03T21:29:37.6390269Z,-0.339104,0.569232,0.005854,-0.588129,0.429498,-0.042144,3.84,gru,0.249025,0.139735,0.047997
2026-04-03T21:29:37.6882098Z,-0.336814,0.567838,0.005285,-0.589640,0.431501,-0.044330,3.81,gru,0.252826,0.136337,0.049616
2026-04-03T21:29:37.7293553Z,-0.337076,0.566669,0.006350,-0.588495,0.421035,-0.044705,4.91,gru,0.251419,0.145634,0.051055
2026-04-03T21:29:37.7834827Z,-0.334634,0.567224,0.004089,-0.591008,0.423988,-0.047869,4.69,gru,0.256373,0.143236,0.051957
2026-04-03T21:29:37.8238268Z,-0.335904,0.566444,0.005761,-0.588746,0.425814,-0.041508,4.48,gru,0.252842,0.140630,0.047268
2026-04-03T21:29:37.8481423Z,-0.335268,0.565804,0.005735,-0.588758,0.426883,-0.041491,3.82,gru,0.253490,0.138921,0.047226
2026-04-03T21:29:37.9118570Z,-0.338261,0.569509,0.005403,-0.586915,0.437463,-0.043022,4.04,gru,0.248653,0.132046,0.048425
2026-04-03T21:29:37.9357792Z,-0.334378,0.568014,0.004408,-0.589202,0.431227,-0.045792,3.83,gru,0.254825,0.136787,0.050200
2026-04-03T21:29:38.0038253Z,-0.335133,0.566376,0.005118,-0.588261,0.426700,-0.043149,4.31,gru,0.253128,0.139676,0.048266
2026-04-03T21:29:38.0244257Z,-0.332061,0.567052,0.004073,-0.589181,0.434967,-0.044092,4.85,gru,0.257120,0.132086,0.048164
2026-04-03T21:29:38.0971891Z,-0.327937,0.566547,0.003773,-0.589095,0.425197,-0.047642,3.38,gru,0.261158,0.141351,0.051415
2026-04-03T21:29:38.1190134Z,-0.326958,0.565722,0.003737,-0.584655,0.426636,-0.044216,3.76,gru,0.257696,0.139085,0.047953
2026-04-03T21:29:38.1966163Z,-0.332291,0.565966,0.004252,-0.583805,0.434165,-0.040568,5.57,gru,0.251514,0.131801,0.044820
2026-04-03T21:29:38.2303007Z,-0.334927,0.568525,0.005245,-0.586803,0.429756,-0.041547,4.66,gru,0.251876,0.138769,0.046792
2026-04-03T21:29:38.3022561Z,-0.335217,0.567048,0.005835,-0.585101,0.419959,-0.042501,5.26,gru,0.249884,0.147089,0.048336
2026-04-03T21:29:38.3336576Z,-0.334619,0.566556,0.005895,-0.585168,0.431842,-0.041888,4.76,gru,0.250548,0.134714,0.047783
2026-04-03T21:29:38.4248400Z,-0.333535,0.565295,0.005438,-0.586790,0.433976,-0.042100,5.02,gru,0.253255,0.131318,0.047538
2026-04-03T21:29:38.4488182Z,-0.334495,0.565118,0.006320,-0.586174,0.431353,-0.039533,4.67,gru,0.251679,0.133766,0.045853
2026-04-03T21:29:38.4896733Z,-0.334800,0.567957,0.004926,-0.587214,0.443855,-0.042547,3.94,gru,0.252413,0.124102,0.047472
2026-04-03T21:29:38.5504397Z,-0.332192,0.567289,0.003969,-0.588527,0.429897,-0.046672,5.43,gru,0.256335,0.137391,0.050641
2026-04-03T21:29:38.6083870Z,-0.326774,0.566843,0.003219,-0.586495,0.425189,-0.047001,3.80,gru,0.259721,0.141654,0.050220
2026-04-03T21:29:38.6693008Z,-0.328567,0.569356,0.002581,-0.582816,0.438750,-0.043990,6.35,gru,0.254249,0.130606,0.046572
2026-04-03T21:29:38.7281809Z,-0.333850,0.566494,0.004637,-0.587203,0.430241,-0.039162,7.06,gru,0.253353,0.136253,0.043800
2026-04-03T21:29:38.7469850Z,-0.333952,0.566419,0.004946,-0.584858,0.422268,-0.041606,6.08,gru,0.250906,0.144151,0.046552
2026-04-03T21:29:38.7657227Z,-0.334097,0.565975,0.005688,-0.583391,0.425851,-0.041586,6.37,gru,0.249294,0.140124,0.047274
2026-04-03T21:29:38.7764115Z,-0.336777,0.568027,0.005517,-0.586655,0.445818,-0.039860,5.36,gru,0.249878,0.122209,0.045378
