timestamp,actual_x,actual_y,actual_z,predicted_x,predicted_y,predicted_z,inference_ms,model_name,abs_err_x,abs_err_y,abs_err_z
2026-04-01T20:10:07.7179595Z,-0.005200,0.017043,0.000104,-0.005200,0.017043,0.000104,4.27,gru,0.000000,0.000000,0.000000
2026-04-01T20:10:07.7524755Z,-0.005459,0.016698,0.000565,-0.005459,0.016698,0.000565,4.25,gru,0.000000,0.000000,0.000000
2026-04-01T20:10:07.7860126Z,-0.005708,0.015934,0.001054,-0.005708,0.015934,0.001054,3.76,gru,0.000000,0.000000,0.000000
2026-04-01T20:10:07.8337562Z,-0.005892,0.015900,0.001537,0.074292,0.011324,0.017565,6.18,gru,0.080184,0.004576,0.016028
2026-04-01T20:10:07.8535696Z,-0.005899,0.015241,0.001254,0.139635,0.010834,0.016878,3.58,gru,0.145535,0.004408,0.015625
2026-04-01T20:10:07.8858399Z,-0.007098,0.016469,0.002204,0.139428,0.012132,0.018208,3.27,gru,0.146526,0.004337,0.016004
2026-04-01T20:10:07.9226965Z,-0.004624,0.011170,0.002676,0.138169,0.007805,0.018978,4.33,gru,0.142794,0.003364,0.016302
2026-04-01T20:10:07.9505841Z,-0.002428,0.011597,0.003856,0.138320,0.008608,0.019249,4.27,gru,0.140748,0.002989,0.015393
2026-04-01T20:10:07.9843501Z,-0.000464,0.011177,0.004955,0.138120,0.009933,0.019934,3.66,gru,0.138584,0.001243,0.014979
2026-04-01T20:10:08.0197542Z,0.002373,0.007745,0.007792,0.136008,0.007189,0.023442,3.83,gru,0.133635,0.000556,0.015649
2026-04-01T20:10:08.0497053Z,0.003602,0.005243,0.007591,0.136031,0.005729,0.021526,3.76,gru,0.132429,0.000486,0.013935
2026-04-01T20:10:08.0841283Z,0.006001,0.004306,0.008859,0.135426,0.006577,0.021988,4.30,gru,0.129426,0.002271,0.013129
2026-04-01T20:10:08.1179258Z,0.009298,0.004022,0.010750,0.133942,0.007237,0.024506,4.26,gru,0.124644,0.003215,0.013757
2026-04-01T20:10:08.1502154Z,0.011816,0.002341,0.013561,0.132064,0.005935,0.026990,3.68,gru,0.120248,0.003595,0.013429
2026-04-01T20:10:08.1857298Z,0.012329,0.005297,0.012848,0.132175,0.008964,0.023451,4.86,gru,0.119845,0.003667,0.010603
2026-04-01T20:10:08.2307577Z,0.015299,0.004456,0.014802,0.130199,0.007412,0.025729,6.37,gru,0.114900,0.002956,0.010927
2026-04-01T20:10:08.2528181Z,0.016925,0.003924,0.017133,0.127829,0.006532,0.029216,5.73,gru,0.110904,0.002608,0.012083
2026-04-01T20:10:08.2871895Z,0.017159,0.002967,0.018854,0.126062,0.006568,0.029247,4.85,gru,0.108903,0.003601,0.010393
2026-04-01T20:10:08.3317307Z,0.017194,0.002354,0.020094,0.124334,0.006790,0.029537,3.94,gru,0.107140,0.004435,0.009443
2026-04-01T20:10:08.3710072Z,0.018030,0.002376,0.020610,0.122781,0.007130,0.028956,3.95,gru,0.104751,0.004754,0.008346
2026-04-01T20:10:08.3892683Z,0.018770,0.001671,0.021693,0.120844,0.006277,0.030157,6.23,gru,0.102074,0.004606,0.008464
2026-04-01T20:10:08.4217018Z,0.020802,0.001304,0.024125,0.118590,0.006064,0.032923,7.75,gru,0.097788,0.004760,0.008798
2026-04-01T20:10:08.4559872Z,0.026662,-0.003533,0.025900,0.116668,0.001332,0.033063,6.02,gru,0.090006,0.004865,0.007164
2026-04-01T20:10:08.5176913Z,0.030267,-0.003681,0.026629,0.115753,0.003169,0.031417,5.35,gru,0.085486,0.006850,0.004788
2026-04-01T20:10:08.5549741Z,-0.023855,0.100090,0.083131,0.057292,0.083169,0.111417,3.56,gru,0.081147,0.016921,0.028286
2026-04-01T20:10:08.5891708Z,-0.040640,0.118582,0.095734,0.033811,0.153827,0.116712,4.73,gru,0.074452,0.035246,0.020977
2026-04-01T20:10:08.6229316Z,-0.025502,0.100004,0.093004,0.046901,0.143162,0.109173,2.91,gru,0.072403,0.043158,0.016168
2026-04-01T20:10:08.6863114Z,-0.050129,0.128339,0.109585,0.005085,0.189459,0.141301,11.14,gru,0.055214,0.061119,0.031716
2026-04-01T20:10:08.7127985Z,-0.015397,0.092781,0.100464,0.040347,0.120986,0.111105,10.95,gru,0.055745,0.028205,0.010641
2026-04-01T20:10:08.7261154Z,-0.014280,0.092068,0.104242,0.037872,0.128562,0.116307,3.73,gru,0.052152,0.036495,0.012065
2026-04-01T20:10:08.7518695Z,-0.010552,0.086519,0.107293,0.008072,0.151006,0.120443,4.75,gru,0.018624,0.064486,0.013150
2026-04-01T20:10:08.7898910Z,-0.001607,0.074818,0.107879,0.020527,0.106395,0.109375,5.67,gru,0.022134,0.031577,0.001496
2026-04-01T20:10:08.8266040Z,0.038593,0.007669,0.078698,0.059462,0.049188,0.080164,5.76,gru,0.020869,0.041518,0.001466
2026-04-01T20:10:08.8520169Z,0.040038,0.009302,0.081706,0.052496,0.074894,0.093452,6.32,gru,0.012458,0.065592,0.011746
2026-04-01T20:10:08.8825468Z,0.023500,0.039229,0.102124,0.040490,0.154894,0.165995,4.73,gru,0.016990,0.115666,0.063871
2026-04-01T20:10:08.9190192Z,0.024970,0.032651,0.099609,0.045052,0.113403,0.119976,3.27,gru,0.020082,0.080751,0.020367
2026-04-01T20:10:08.9512878Z,0.026651,0.042643,0.107775,0.040232,0.083463,0.110303,4.69,gru,0.013581,0.040820,0.002528
2026-04-01T20:10:08.9918444Z,0.038772,0.030709,0.101524,0.049393,0.061626,0.100412,6.91,gru,0.010621,0.030917,0.001113
2026-04-01T20:10:09.0177818Z,0.043139,0.030965,0.103364,0.049590,0.071070,0.110823,3.27,gru,0.006451,0.040106,0.007458
2026-04-01T20:10:09.0573129Z,0.046304,0.032720,0.105860,0.047972,0.071706,0.118544,3.59,gru,0.001668,0.038987,0.012684
2026-04-01T20:10:09.0858202Z,0.048776,0.034293,0.109096,0.054373,0.044304,0.111093,4.58,gru,0.005596,0.010011,0.001997
2026-04-01T20:10:09.1387760Z,0.049969,0.037302,0.112492,0.053984,0.035587,0.113702,7.59,gru,0.004015,0.001716,0.001210
2026-04-01T20:10:09.2105462Z,0.054138,0.041223,0.119178,0.062071,0.031516,0.126720,7.18,gru,0.007932,0.009706,0.007542
2026-04-01T20:10:09.2316861Z,0.056457,0.043178,0.122133,0.062518,0.052488,0.124628,6.38,gru,0.006061,0.009310,0.002495
2026-04-01T20:10:09.2652873Z,0.058437,0.046663,0.125265,0.063015,0.056913,0.121625,4.11,gru,0.004577,0.010250,0.003640
2026-04-01T20:10:09.2980003Z,0.060097,0.049975,0.127952,0.065923,0.057773,0.127407,4.62,gru,0.005826,0.007798,0.000545
2026-04-01T20:10:09.3413427Z,0.061980,0.052363,0.131229,0.068639,0.063778,0.130905,11.64,gru,0.006659,0.011414,0.000324
2026-04-01T20:10:09.3723940Z,0.063824,0.053997,0.133635,0.070118,0.060665,0.131881,5.75,gru,0.006294,0.006669,0.001754
2026-04-01T20:10:09.4021672Z,0.065234,0.058757,0.135914,0.071003,0.066978,0.132182,3.90,gru,0.005769,0.008220,0.003732
2026-04-01T20:10:09.4424152Z,0.066976,0.061472,0.138578,0.073605,0.069552,0.136028,4.79,gru,0.006628,0.008080,0.002550
2026-04-01T20:10:09.4589157Z,0.069233,0.064193,0.141130,0.076803,0.070766,0.139212,4.40,gru,0.007570,0.006573,0.001918
2026-04-01T20:10:09.4831764Z,0.070850,0.066422,0.144475,0.076873,0.063559,0.144423,3.68,gru,0.006023,0.002864,0.000052
2026-04-01T20:10:09.5227063Z,0.073148,0.070756,0.146378,0.078950,0.069719,0.144693,4.07,gru,0.005802,0.001037,0.001685
2026-04-01T20:10:09.5545364Z,0.075281,0.074001,0.149070,0.080990,0.077553,0.148079,5.06,gru,0.005709,0.003552,0.000991
2026-04-01T20:10:09.5869681Z,0.077105,0.077424,0.151511,0.082170,0.078321,0.151262,3.69,gru,0.005065,0.000897,0.000249
2026-04-01T20:10:09.6196158Z,0.078606,0.080556,0.154364,0.082739,0.084496,0.154044,3.76,gru,0.004133,0.003939,0.000320
2026-04-01T20:10:09.6534174Z,0.080063,0.083291,0.155923,0.084357,0.084563,0.154359,4.01,gru,0.004294,0.001272,0.001564
2026-04-01T20:10:09.6842153Z,0.080696,0.087378,0.157525,0.083981,0.090157,0.156020,5.53,gru,0.003285,0.002779,0.001505
2026-04-01T20:10:09.7207246Z,0.080812,0.087050,0.159433,0.083872,0.086011,0.159466,3.76,gru,0.003060,0.001039,0.000034
2026-04-01T20:10:09.7538203Z,0.080807,0.086881,0.161519,0.083503,0.084002,0.161643,4.67,gru,0.002696,0.002879,0.000124
2026-04-01T20:10:09.7876848Z,0.079772,0.087204,0.163487,0.080957,0.086986,0.163023,3.68,gru,0.001186,0.000219,0.000463
2026-04-01T20:10:09.8237063Z,0.079565,0.086951,0.165667,0.081865,0.086531,0.165611,4.69,gru,0.002300,0.000420,0.000056
2026-04-01T20:10:09.8600751Z,0.079010,0.086215,0.168733,0.081546,0.084301,0.170197,6.36,gru,0.002536,0.001913,0.001464
2026-04-01T20:10:09.8871676Z,0.078654,0.086171,0.172315,0.080424,0.085109,0.174375,6.77,gru,0.001770,0.001062,0.002060
2026-04-01T20:10:09.9208719Z,0.078894,0.087576,0.176721,0.081348,0.088396,0.179332,3.85,gru,0.002454,0.000820,0.002611
2026-04-01T20:10:09.9582249Z,0.079344,0.087877,0.181912,0.082535,0.087678,0.185529,3.59,gru,0.003191,0.000199,0.003617
2026-04-01T20:10:09.9954951Z,0.080630,0.088880,0.186977,0.084266,0.087578,0.190168,4.29,gru,0.003636,0.001302,0.003191
2026-04-01T20:10:10.0237573Z,0.082029,0.091480,0.192880,0.085208,0.092986,0.196923,4.59,gru,0.003179,0.001506,0.004043
2026-04-01T20:10:10.0578545Z,0.083848,0.095754,0.199066,0.087329,0.099066,0.203971,6.08,gru,0.003482,0.003312,0.004905
2026-04-01T20:10:10.0879985Z,0.086166,0.099577,0.204371,0.090687,0.100516,0.207565,4.61,gru,0.004521,0.000940,0.003195
2026-04-01T20:10:10.1224894Z,0.089401,0.103829,0.209162,0.094287,0.103673,0.211427,5.58,gru,0.004886,0.000156,0.002265
2026-04-01T20:10:10.1545606Z,0.091168,0.109027,0.214182,0.093525,0.111945,0.217812,5.58,gru,0.002357,0.002918,0.003629
2026-04-01T20:10:10.1890560Z,0.093077,0.113735,0.218591,0.095470,0.116140,0.221865,4.45,gru,0.002394,0.002405,0.003274
2026-04-01T20:10:10.2337719Z,0.093794,0.118280,0.222403,0.095860,0.119371,0.224202,11.21,gru,0.002066,0.001091,0.001799
2026-04-01T20:10:10.2678380Z,0.095438,0.124276,0.224888,0.097793,0.127239,0.225074,5.38,gru,0.002354,0.002963,0.000185
2026-04-01T20:10:10.2937909Z,0.096630,0.127573,0.228267,0.099272,0.129711,0.230385,4.67,gru,0.002642,0.002138,0.002118
2026-04-01T20:10:10.3213257Z,0.098364,0.133491,0.230059,0.100641,0.138486,0.230874,4.50,gru,0.002277,0.004995,0.000815
2026-04-01T20:10:10.3607838Z,0.100612,0.137959,0.232007,0.103949,0.142755,0.231821,7.29,gru,0.003337,0.004796,0.000186
2026-04-01T20:10:10.3982863Z,0.102292,0.143989,0.233793,0.104705,0.150442,0.234478,7.64,gru,0.002413,0.006453,0.000685
2026-04-01T20:10:10.4254988Z,0.103413,0.149579,0.235181,0.104727,0.156901,0.235396,3.67,gru,0.001314,0.007322,0.000215
2026-04-01T20:10:10.4504743Z,0.104491,0.154764,0.236609,0.106500,0.161053,0.236814,3.09,gru,0.002009,0.006289,0.000205
2026-04-01T20:10:10.4841092Z,0.105617,0.161464,0.237577,0.107732,0.170061,0.237235,3.78,gru,0.002115,0.008597,0.000342
2026-04-01T20:10:10.5198509Z,0.107581,0.168131,0.238090,0.110835,0.177201,0.237246,4.28,gru,0.003254,0.009070,0.000844
2026-04-01T20:10:10.5527243Z,0.109253,0.173590,0.239132,0.112177,0.180957,0.239391,4.19,gru,0.002924,0.007367,0.000258
2026-04-01T20:10:10.5838841Z,0.111582,0.179862,0.239258,0.114328,0.187494,0.238443,3.12,gru,0.002746,0.007632,0.000815
2026-04-01T20:10:10.6197222Z,0.113378,0.185295,0.240287,0.115848,0.193174,0.240259,3.27,gru,0.002470,0.007879,0.000028
2026-04-01T20:10:10.6526687Z,0.114671,0.190491,0.240199,0.116362,0.197585,0.239386,5.72,gru,0.001691,0.007094,0.000813
2026-04-01T20:10:10.6869246Z,0.116832,0.197367,0.239509,0.119692,0.205654,0.237293,6.06,gru,0.002859,0.008286,0.002217
2026-04-01T20:10:10.7173842Z,0.118610,0.201834,0.237940,0.121580,0.207598,0.235300,4.70,gru,0.002970,0.005764,0.002640
2026-04-01T20:10:10.7531378Z,0.119449,0.205643,0.237517,0.120279,0.210680,0.237063,4.36,gru,0.000830,0.005037,0.000454
2026-04-01T20:10:10.7877498Z,0.120566,0.208983,0.236866,0.121719,0.214408,0.236438,4.88,gru,0.001153,0.005425,0.000428
2026-04-01T20:10:10.8189022Z,0.120634,0.212117,0.236701,0.121470,0.218113,0.235770,4.89,gru,0.000836,0.005995,0.000931
2026-04-01T20:10:10.8542283Z,0.122466,0.215938,0.237193,0.125308,0.222286,0.237388,5.00,gru,0.002842,0.006348,0.000195
2026-04-01T20:10:10.9019891Z,0.123075,0.217543,0.238545,0.124839,0.221703,0.239920,9.64,gru,0.001763,0.004160,0.001375
2026-04-01T20:10:10.9316862Z,0.124004,0.220067,0.240391,0.124490,0.224733,0.242029,7.30,gru,0.000485,0.004666,0.001638
2026-04-01T20:10:10.9603279Z,0.121833,0.227067,0.243240,0.118965,0.239861,0.245715,4.85,gru,0.002868,0.012794,0.002476
2026-04-01T20:10:10.9925607Z,0.123730,0.229355,0.245678,0.128137,0.233358,0.247380,5.09,gru,0.004407,0.004003,0.001701
2026-04-01T20:10:11.0208035Z,0.124025,0.233113,0.248241,0.127077,0.235472,0.249652,5.84,gru,0.003051,0.002359,0.001411
2026-04-01T20:10:11.0543870Z,0.122618,0.237747,0.251667,0.118585,0.247336,0.255145,4.83,gru,0.004032,0.009588,0.003478
2026-04-01T20:10:11.1202261Z,0.044387,0.321925,0.276127,0.038585,0.327336,0.316809,8.33,gru,0.005801,0.005410,0.040682
2026-04-01T20:10:11.1545669Z,0.123591,0.246976,0.257848,0.118585,0.317834,0.286688,5.86,gru,0.005005,0.070858,0.028840
2026-04-01T20:10:11.1875732Z,0.119909,0.251909,0.261334,0.140537,0.240020,0.244292,4.60,gru,0.020629,0.011889,0.017042
2026-04-01T20:10:11.2245572Z,0.119646,0.253124,0.262338,0.100864,0.320020,0.293567,3.51,gru,0.018782,0.066896,0.031230
2026-04-01T20:10:11.2633385Z,0.118392,0.257229,0.264470,0.138842,0.344431,0.280102,6.90,gru,0.020449,0.087201,0.015633
2026-04-01T20:10:11.3111184Z,0.118095,0.260067,0.266062,0.144948,0.327381,0.271390,11.60,gru,0.026853,0.067314,0.005328
2026-04-01T20:10:11.3455683Z,0.118129,0.262853,0.267175,0.098351,0.301500,0.256784,6.47,gru,0.019778,0.038646,0.010391
2026-04-01T20:10:11.3621639Z,0.115936,0.266298,0.270017,0.088442,0.351524,0.277366,6.06,gru,0.027494,0.085226,0.007350
2026-04-01T20:10:11.3924963Z,0.120326,0.268269,0.271784,0.119462,0.337894,0.276012,4.60,gru,0.000864,0.069624,0.004228
2026-04-01T20:10:11.4305232Z,0.119508,0.273258,0.275691,0.116804,0.316909,0.270724,6.57,gru,0.002705,0.043651,0.004967
2026-04-01T20:10:11.4677417Z,0.017914,0.364058,0.299272,0.036803,0.396909,0.346537,5.99,gru,0.018889,0.032851,0.047264
2026-04-01T20:10:11.5131644Z,0.020695,0.365213,0.300726,0.053995,0.371699,0.304507,11.78,gru,0.033300,0.006486,0.003781
2026-04-01T20:10:11.5434653Z,0.020846,0.369300,0.302486,0.100379,0.373272,0.307446,11.71,gru,0.079533,0.003972,0.004959
2026-04-01T20:10:11.5706525Z,0.019201,0.371866,0.305301,0.020379,0.439882,0.321078,7.04,gru,0.001178,0.068016,0.015778
2026-04-01T20:10:11.6102324Z,0.036888,0.362862,0.303803,0.041339,0.405367,0.308172,6.44,gru,0.004451,0.042505,0.004369
2026-04-01T20:10:11.6484606Z,0.118154,0.302627,0.291965,0.121339,0.325822,0.300484,10.93,gru,0.003184,0.023194,0.008519
2026-04-01T20:10:11.6712698Z,0.118508,0.305960,0.293891,0.089776,0.376778,0.298772,8.03,gru,0.028732,0.070817,0.004882
2026-04-01T20:10:11.7065952Z,0.118744,0.311787,0.294924,0.071542,0.456366,0.304409,7.97,gru,0.047201,0.144579,0.009486
2026-04-01T20:10:11.7305886Z,0.118327,0.315779,0.296929,0.136874,0.376366,0.295036,4.74,gru,0.018547,0.060587,0.001893
2026-04-01T20:10:11.7554876Z,0.015470,0.399070,0.312945,0.056874,0.456366,0.334651,4.01,gru,0.041405,0.057296,0.021706
2026-04-01T20:10:11.7839923Z,0.015465,0.402661,0.314521,0.038346,0.402004,0.312673,4.15,gru,0.022880,0.000658,0.001848
2026-04-01T20:10:11.8222868Z,0.016034,0.405994,0.314667,0.079591,0.383466,0.315137,5.79,gru,0.063557,0.022527,0.000471
2026-04-01T20:10:11.8555357Z,0.016746,0.408903,0.316397,-0.000409,0.463466,0.322539,6.05,gru,0.017155,0.054563,0.006142
2026-04-01T20:10:11.8890367Z,0.016294,0.414498,0.317123,-0.004332,0.446991,0.316538,6.50,gru,0.020627,0.032493,0.000585
2026-04-01T20:10:11.9277516Z,0.014856,0.418223,0.319172,0.021273,0.434868,0.317413,4.97,gru,0.006417,0.016645,0.001760
2026-04-01T20:10:11.9671409Z,0.013948,0.422626,0.320686,0.022177,0.431822,0.316133,8.16,gru,0.008229,0.009196,0.004552
2026-04-01T20:10:11.9932955Z,0.034495,0.411678,0.320993,0.056941,0.411620,0.312225,6.79,gru,0.022445,0.000058,0.008768
2026-04-01T20:10:12.0209540Z,0.119797,0.354659,0.314734,0.136941,0.331620,0.305337,6.48,gru,0.017144,0.023039,0.009397
2026-04-01T20:10:12.0501654Z,0.120179,0.357485,0.316591,0.098246,0.400633,0.318841,4.69,gru,0.021932,0.043148,0.002250
2026-04-01T20:10:12.0851139Z,0.120350,0.360370,0.318614,0.061271,0.444256,0.319505,4.06,gru,0.059078,0.083886,0.000891
2026-04-01T20:10:12.1208585Z,0.120375,0.365593,0.320440,0.141271,0.364256,0.315875,4.02,gru,0.020896,0.001337,0.004564
2026-04-01T20:10:12.1547666Z,0.036496,0.426879,0.328336,0.061271,0.444256,0.336824,4.33,gru,0.024776,0.017377,0.008488
2026-04-01T20:10:12.1857131Z,0.036328,0.428767,0.330387,0.047498,0.443443,0.329139,6.50,gru,0.011170,0.014675,0.001249
2026-04-01T20:10:12.2202185Z,0.036486,0.431889,0.331816,0.094751,0.425626,0.330492,3.51,gru,0.058264,0.006263,0.001324
2026-04-01T20:10:12.2511918Z,0.037304,0.434593,0.332921,0.023750,0.473674,0.335124,4.03,gru,0.013554,0.039081,0.002203
2026-04-01T20:10:12.2831848Z,0.037825,0.438098,0.334566,0.022431,0.459258,0.333801,4.03,gru,0.015394,0.021160,0.000765
2026-04-01T20:10:12.3213508Z,0.037940,0.440726,0.336821,0.046276,0.442777,0.338387,5.51,gru,0.008336,0.002051,0.001566
2026-04-01T20:10:12.3506725Z,0.037820,0.443590,0.339858,0.055876,0.422497,0.339617,4.85,gru,0.018056,0.021092,0.000240
2026-04-01T20:10:12.3845093Z,0.035481,0.451688,0.341551,0.024154,0.470362,0.338654,3.51,gru,0.011327,0.018674,0.002897
2026-04-01T20:10:12.4183331Z,0.035767,0.454154,0.344049,0.028660,0.465594,0.342621,3.52,gru,0.007107,0.011440,0.001429
2026-04-01T20:10:12.4520260Z,0.035412,0.458462,0.347563,0.040110,0.458456,0.348199,4.00,gru,0.004698,0.000006,0.000636
2026-04-01T20:10:12.4857488Z,0.035498,0.462116,0.349752,0.036491,0.466078,0.347912,4.54,gru,0.000993,0.003962,0.001840
2026-04-01T20:10:12.5227386Z,0.035851,0.466746,0.352066,0.029765,0.476828,0.350876,6.01,gru,0.006085,0.010082,0.001190
2026-04-01T20:10:12.5539021Z,0.035698,0.471438,0.354450,0.032732,0.485167,0.354224,4.73,gru,0.002965,0.013729,0.000225
2026-04-01T20:10:12.5875458Z,0.036519,0.475135,0.356215,0.036711,0.494624,0.353785,3.51,gru,0.000192,0.019489,0.002430
2026-04-01T20:10:12.6194270Z,0.032658,0.480734,0.358545,0.022448,0.505729,0.355646,5.02,gru,0.010210,0.024995,0.002898
2026-04-01T20:10:12.6555911Z,0.033357,0.485546,0.360361,0.035544,0.500931,0.359075,3.51,gru,0.002187,0.015385,0.001285
2026-04-01T20:10:12.6856113Z,0.029257,0.492605,0.362402,0.027982,0.512012,0.359968,6.57,gru,0.001275,0.019407,0.002434
2026-04-01T20:10:12.7207411Z,0.031458,0.496338,0.364486,0.039691,0.499729,0.365107,4.16,gru,0.008234,0.003391,0.000621
2026-04-01T20:10:12.7556802Z,0.027643,0.502680,0.366578,0.032441,0.493286,0.367216,5.63,gru,0.004799,0.009395,0.000637
2026-04-01T20:10:12.7858647Z,0.017816,0.513909,0.367248,0.000046,0.533259,0.363903,5.30,gru,0.017770,0.019350,0.003345
2026-04-01T20:10:12.8234196Z,0.024071,0.515634,0.370085,0.045535,0.513764,0.370059,5.52,gru,0.021465,0.001870,0.000026
2026-04-01T20:10:12.8536428Z,0.050770,0.502747,0.374940,0.099369,0.487862,0.374914,4.00,gru,0.048599,0.014885,0.000026
2026-04-01T20:10:12.8832593Z,0.024921,0.523355,0.373817,0.019369,0.567862,0.359963,4.51,gru,0.005552,0.044507,0.013854
2026-04-01T20:10:12.9189368Z,0.008114,0.538948,0.373562,-0.034820,0.572052,0.361401,4.59,gru,0.042934,0.033104,0.012161
2026-04-01T20:10:12.9519898Z,0.005738,0.543832,0.375495,0.045180,0.524881,0.365500,4.19,gru,0.039443,0.018952,0.009995
2026-04-01T20:10:12.9858374Z,0.004823,0.548942,0.377180,0.020308,0.550810,0.372831,3.51,gru,0.015485,0.001868,0.004349
2026-04-01T20:10:13.0205323Z,0.010961,0.549303,0.379904,-0.002674,0.565415,0.370897,4.51,gru,0.013635,0.016112,0.009008
2026-04-01T20:10:13.0548995Z,0.009734,0.554046,0.382335,0.001539,0.566835,0.372263,6.01,gru,0.008195,0.012789,0.010072
2026-04-01T20:10:13.0888520Z,0.007104,0.560286,0.383620,0.012175,0.570501,0.375742,5.52,gru,0.005070,0.010215,0.007878
2026-04-01T20:10:13.1338223Z,0.013202,0.562401,0.386342,0.034772,0.563095,0.382662,4.53,gru,0.021570,0.000694,0.003680
2026-04-01T20:10:13.1684477Z,0.006984,0.568077,0.387057,-0.010129,0.583481,0.378628,4.70,gru,0.017113,0.015404,0.008429
2026-04-01T20:10:13.2145136Z,0.002342,0.577951,0.387336,-0.011568,0.589342,0.376409,5.10,gru,0.013910,0.011391,0.010927
2026-04-01T20:10:13.2548026Z,-0.001674,0.584553,0.386783,-0.000183,0.590971,0.383290,5.70,gru,0.001491,0.006418,0.003493
2026-04-01T20:10:13.2908672Z,-0.002402,0.589322,0.386569,-0.008528,0.596497,0.381274,6.39,gru,0.006126,0.007174,0.005296
2026-04-01T20:10:13.3338254Z,-0.006466,0.593438,0.385851,-0.008591,0.594812,0.380258,6.16,gru,0.002125,0.001374,0.005592
2026-04-01T20:10:13.3558432Z,-0.030176,0.611644,0.381940,-0.064010,0.636683,0.371714,4.52,gru,0.033834,0.025039,0.010226
2026-04-01T20:10:13.3875667Z,-0.029850,0.616313,0.382069,-0.009037,0.615053,0.379939,4.52,gru,0.020813,0.001260,0.002130
2026-04-01T20:10:13.4211829Z,-0.030044,0.619358,0.382432,-0.006696,0.615236,0.382364,6.70,gru,0.023347,0.004122,0.000068
2026-04-01T20:10:13.4525362Z,-0.029016,0.623476,0.383110,-0.040556,0.635568,0.378022,5.30,gru,0.011539,0.012092,0.005089
2026-04-01T20:10:13.4915601Z,-0.029427,0.628554,0.383268,-0.030701,0.628700,0.378867,7.13,gru,0.001274,0.000146,0.004401
2026-04-01T20:10:13.5241177Z,-0.010259,0.625330,0.387604,0.031793,0.614935,0.386878,6.73,gru,0.042053,0.010395,0.000726
2026-04-01T20:10:13.5537555Z,-0.038748,0.642565,0.382579,-0.048207,0.667199,0.367827,3.74,gru,0.009459,0.024634,0.014752
2026-04-01T20:10:13.5892218Z,-0.038078,0.646970,0.383279,-0.048945,0.650288,0.376606,4.52,gru,0.010867,0.003318,0.006673
2026-04-01T20:10:13.6254616Z,-0.037234,0.650255,0.383557,0.002227,0.634364,0.379939,5.51,gru,0.039461,0.015890,0.003619
2026-04-01T20:10:13.6537309Z,-0.037415,0.654121,0.383536,-0.042212,0.665172,0.378886,3.78,gru,0.004798,0.011050,0.004650
2026-04-01T20:10:13.6890553Z,-0.031383,0.655496,0.384291,-0.035096,0.655236,0.379688,5.71,gru,0.003713,0.000260,0.004604
2026-04-01T20:10:13.7206513Z,-0.035168,0.660954,0.383534,-0.041461,0.663262,0.375942,5.96,gru,0.006293,0.002308,0.007592
2026-04-01T20:10:13.7541922Z,-0.034372,0.663244,0.383973,-0.026673,0.664654,0.380782,3.52,gru,0.007699,0.001410,0.003191
2026-04-01T20:10:13.7891429Z,-0.038815,0.666809,0.383570,-0.039578,0.667763,0.380885,4.20,gru,0.000764,0.000953,0.002685
2026-04-01T20:10:13.8229721Z,-0.039131,0.670256,0.384268,-0.043923,0.675456,0.380235,5.00,gru,0.004792,0.005200,0.004033
2026-04-01T20:10:13.8597597Z,-0.038918,0.672446,0.384654,-0.028904,0.669249,0.381839,5.03,gru,0.010014,0.003197,0.002815
2026-04-01T20:10:13.8854728Z,-0.039283,0.676274,0.385038,-0.036207,0.678115,0.382899,5.58,gru,0.003075,0.001841,0.002139
2026-04-01T20:10:13.9210687Z,-0.043262,0.681292,0.384565,-0.050808,0.684891,0.380986,4.83,gru,0.007545,0.003599,0.003579
2026-04-01T20:10:13.9555390Z,-0.043316,0.683778,0.385062,-0.038063,0.680330,0.383032,7.00,gru,0.005253,0.003449,0.002030
2026-04-01T20:10:13.9839560Z,-0.047343,0.688290,0.384398,-0.047316,0.691891,0.381218,3.51,gru,0.000027,0.003601,0.003180
2026-04-01T20:10:14.0181532Z,-0.047566,0.693254,0.384300,-0.047648,0.699150,0.381247,4.53,gru,0.000082,0.005896,0.003053
2026-04-01T20:10:14.0542242Z,-0.053053,0.698812,0.382655,-0.057861,0.702741,0.377763,6.00,gru,0.004809,0.003929,0.004892
2026-04-01T20:10:14.0864803Z,-0.052796,0.703475,0.382268,-0.049741,0.703933,0.379350,4.87,gru,0.003055,0.000458,0.002917
2026-04-01T20:10:14.1271190Z,-0.056467,0.709915,0.380400,-0.057435,0.712062,0.376712,5.87,gru,0.000968,0.002146,0.003688
2026-04-01T20:10:14.1679488Z,-0.057296,0.715098,0.379163,-0.056861,0.716498,0.375969,10.89,gru,0.000436,0.001400,0.003193
2026-04-01T20:10:14.2016476Z,-0.062512,0.722050,0.377310,-0.068401,0.724998,0.373532,8.05,gru,0.005889,0.002948,0.003778
2026-04-01T20:10:14.2448112Z,-0.066764,0.728178,0.375809,-0.070187,0.731548,0.372396,10.96,gru,0.003423,0.003370,0.003413
2026-04-01T20:10:14.2637836Z,-0.070526,0.734272,0.374258,-0.069944,0.735662,0.371516,8.09,gru,0.000581,0.001390,0.002742
2026-04-01T20:10:14.2969323Z,-0.076024,0.739691,0.372447,-0.082116,0.742058,0.368361,6.00,gru,0.006092,0.002367,0.004086
2026-04-01T20:10:14.3241392Z,-0.076656,0.742790,0.371657,-0.073400,0.740773,0.369399,3.51,gru,0.003256,0.002016,0.002258
2026-04-01T20:10:14.3592547Z,-0.086879,0.751693,0.369029,-0.099500,0.758620,0.363800,4.78,gru,0.012622,0.006926,0.005229
2026-04-01T20:10:14.3914833Z,-0.087561,0.756737,0.367978,-0.084213,0.758509,0.364934,4.53,gru,0.003348,0.001772,0.003044
2026-04-01T20:10:14.4266232Z,-0.092244,0.761576,0.366356,-0.088368,0.759510,0.363765,6.19,gru,0.003876,0.002066,0.002591
2026-04-01T20:10:14.4656409Z,-0.092770,0.765823,0.365351,-0.094722,0.768524,0.362137,6.07,gru,0.001952,0.002701,0.003214
2026-04-01T20:10:14.4925026Z,-0.097981,0.771028,0.363772,-0.103126,0.772899,0.359642,3.61,gru,0.005146,0.001871,0.004129
2026-04-01T20:10:14.5225511Z,-0.097011,0.776385,0.363096,-0.090540,0.777858,0.360456,4.05,gru,0.006471,0.001472,0.002640
2026-04-01T20:10:14.5528382Z,-0.097024,0.777841,0.363017,-0.089445,0.775063,0.361962,4.53,gru,0.007579,0.002777,0.001055
2026-04-01T20:10:14.5831578Z,-0.097027,0.781285,0.361983,-0.099454,0.781209,0.358156,3.74,gru,0.002427,0.000076,0.003827
2026-04-01T20:10:14.6279257Z,-0.101672,0.787414,0.360550,-0.109603,0.792592,0.355185,5.79,gru,0.007931,0.005178,0.005365
2026-04-01T20:10:14.6588510Z,-0.103437,0.790114,0.359266,-0.099043,0.787865,0.356092,5.15,gru,0.004393,0.002249,0.003173
2026-04-01T20:10:14.6900978Z,-0.104223,0.795272,0.357299,-0.096978,0.793890,0.354399,4.61,gru,0.007245,0.001382,0.002900
2026-04-01T20:10:14.7236519Z,-0.107907,0.799468,0.355972,-0.114465,0.802319,0.352752,3.50,gru,0.006558,0.002852,0.003220
2026-04-01T20:10:14.7533757Z,-0.108768,0.801952,0.353954,-0.108691,0.798890,0.349745,3.00,gru,0.000077,0.003062,0.004209
2026-04-01T20:10:14.7856543Z,-0.108534,0.804158,0.353586,-0.099988,0.801817,0.352140,3.70,gru,0.008546,0.002341,0.001446
2026-04-01T20:10:14.8320642Z,-0.108831,0.806142,0.353011,-0.107827,0.807014,0.352142,6.45,gru,0.001004,0.000872,0.000869
2026-04-01T20:10:14.8590585Z,-0.112562,0.810720,0.351610,-0.119995,0.813393,0.346839,4.36,gru,0.007432,0.002673,0.004771
2026-04-01T20:10:14.8902385Z,-0.113686,0.815619,0.350028,-0.111961,0.816292,0.346200,4.41,gru,0.001725,0.000673,0.003827
2026-04-01T20:10:14.9231009Z,-0.118087,0.817703,0.348005,-0.117762,0.815495,0.344998,4.67,gru,0.000325,0.002208,0.003007
2026-04-01T20:10:14.9664530Z,-0.118405,0.821458,0.347344,-0.117059,0.823173,0.346502,7.31,gru,0.001346,0.001714,0.000842
2026-04-01T20:10:15.0035056Z,-0.117657,0.821824,0.347365,-0.113997,0.820763,0.346691,9.53,gru,0.003661,0.001061,0.000674
2026-04-01T20:10:15.0425839Z,-0.153678,0.829181,0.339811,-0.193997,0.841365,0.322187,10.90,gru,0.040318,0.012183,0.017624
2026-04-01T20:10:15.0706032Z,-0.153640,0.831893,0.339804,-0.139874,0.820615,0.336804,9.12,gru,0.013765,0.011278,0.003000
2026-04-01T20:10:15.1008539Z,-0.153517,0.835017,0.339660,-0.113847,0.831765,0.342730,4.25,gru,0.039670,0.003253,0.003069
2026-04-01T20:10:15.1320554Z,-0.129890,0.834223,0.343533,-0.109269,0.841793,0.344907,4.67,gru,0.020621,0.007570,0.001374
2026-04-01T20:10:15.1671989Z,-0.135731,0.836775,0.342782,-0.165282,0.835664,0.333275,5.45,gru,0.029551,0.001111,0.009507
2026-04-01T20:10:15.1888219Z,-0.158481,0.841177,0.338799,-0.203837,0.848945,0.321991,3.57,gru,0.045356,0.007768,0.016808
2026-04-01T20:10:15.2240767Z,-0.141596,0.842120,0.341825,-0.123837,0.817453,0.338455,7.10,gru,0.017759,0.024668,0.003370
2026-04-01T20:10:15.2605915Z,-0.159508,0.846994,0.338379,-0.176379,0.854165,0.333449,4.01,gru,0.016870,0.007171,0.004930
2026-04-01T20:10:15.2900316Z,-0.145921,0.847682,0.341444,-0.157228,0.847482,0.336923,4.03,gru,0.011307,0.000200,0.004521
2026-04-01T20:10:15.3228445Z,-0.146301,0.850218,0.340638,-0.128554,0.833414,0.335606,6.59,gru,0.017747,0.016805,0.005032
2026-04-01T20:10:15.3534316Z,-0.151957,0.853723,0.339976,-0.166634,0.868698,0.333216,4.04,gru,0.014678,0.014975,0.006760
2026-04-01T20:10:15.3900470Z,-0.146140,0.854650,0.341191,-0.135127,0.852063,0.340387,4.01,gru,0.011013,0.002588,0.000803
2026-04-01T20:10:15.4206195Z,-0.151590,0.856862,0.340040,-0.159042,0.858314,0.333521,6.84,gru,0.007452,0.001452,0.006519
2026-04-01T20:10:15.4575528Z,-0.151490,0.861019,0.339528,-0.153300,0.868640,0.334374,5.41,gru,0.001810,0.007621,0.005153
2026-04-01T20:10:15.4924750Z,-0.151592,0.861598,0.339348,-0.137926,0.858980,0.338498,6.18,gru,0.013666,0.002618,0.000850
2026-04-01T20:10:15.5254919Z,-0.151372,0.862278,0.339364,-0.150726,0.865128,0.337193,5.66,gru,0.000646,0.002851,0.002171
2026-04-01T20:10:15.5520122Z,-0.156780,0.866451,0.337804,-0.167513,0.868956,0.332539,4.09,gru,0.010733,0.002504,0.005265
2026-04-01T20:10:15.5890471Z,-0.156657,0.867350,0.337356,-0.151843,0.868803,0.333144,5.96,gru,0.004814,0.001453,0.004211
2026-04-01T20:10:15.6202484Z,-0.157058,0.871130,0.337211,-0.147338,0.874936,0.336604,4.52,gru,0.009721,0.003806,0.000608
2026-04-01T20:10:15.6558308Z,-0.156479,0.874382,0.337438,-0.156875,0.881415,0.336624,4.10,gru,0.000396,0.007033,0.000814
2026-04-01T20:10:15.7031704Z,-0.156111,0.876096,0.337170,-0.157590,0.878456,0.334175,5.07,gru,0.001478,0.002360,0.002995
2026-04-01T20:10:15.7295106Z,-0.156445,0.879666,0.337030,-0.157022,0.885352,0.333929,6.63,gru,0.000578,0.005687,0.003101
2026-04-01T20:10:15.7588599Z,-0.161389,0.881054,0.335681,-0.165918,0.885722,0.331392,6.08,gru,0.004529,0.004669,0.004289
2026-04-01T20:10:15.7925119Z,-0.161584,0.882893,0.335474,-0.157654,0.884605,0.333622,5.68,gru,0.003931,0.001712,0.001852
2026-04-01T20:10:15.8216741Z,-0.160965,0.887420,0.334664,-0.155655,0.893960,0.332439,4.53,gru,0.005310,0.006540,0.002225
2026-04-01T20:10:15.8544580Z,-0.167318,0.888974,0.333296,-0.178286,0.894488,0.328571,3.99,gru,0.010969,0.005515,0.004725
2026-04-01T20:10:15.8916122Z,-0.170153,0.891288,0.332073,-0.173760,0.892636,0.328419,3.16,gru,0.003607,0.001348,0.003655
2026-04-01T20:10:15.9267475Z,-0.170195,0.894224,0.331826,-0.159885,0.897657,0.330564,4.51,gru,0.010310,0.003433,0.001261
2026-04-01T20:10:15.9558261Z,-0.117174,0.888734,0.339186,-0.079885,0.885110,0.342256,3.00,gru,0.037289,0.003624,0.003071
2026-04-01T20:10:15.9893524Z,-0.195633,0.902421,0.324541,-0.159885,0.926173,0.291525,6.04,gru,0.035749,0.023752,0.033017
2026-04-01T20:10:16.0200702Z,-0.194330,0.903098,0.324723,-0.206316,0.884073,0.313016,4.51,gru,0.011986,0.019024,0.011707
2026-04-01T20:10:16.0532328Z,-0.195191,0.905907,0.324805,-0.126316,0.851397,0.315999,5.00,gru,0.068875,0.054510,0.008806
2026-04-01T20:10:16.0842414Z,-0.192823,0.909224,0.324838,-0.206316,0.931397,0.318954,3.05,gru,0.013493,0.022172,0.005884
2026-04-01T20:10:16.1189386Z,-0.199553,0.912841,0.323117,-0.232719,0.911334,0.308742,5.44,gru,0.033166,0.001507,0.014375
2026-04-01T20:10:16.1493385Z,-0.199837,0.913532,0.323028,-0.180027,0.895532,0.311859,4.99,gru,0.019810,0.018000,0.011169
2026-04-01T20:10:16.1899733Z,-0.204801,0.916043,0.321742,-0.174364,0.925018,0.318347,5.32,gru,0.030437,0.008975,0.003395
2026-04-01T20:10:16.2273871Z,-0.210671,0.917772,0.319993,-0.222925,0.923145,0.309864,6.53,gru,0.012254,0.005372,0.010129
2026-04-01T20:10:16.2555080Z,-0.210428,0.919817,0.319856,-0.210890,0.913634,0.311808,3.00,gru,0.000462,0.006183,0.008048
2026-04-01T20:10:16.2867529Z,-0.217133,0.921861,0.317999,-0.200295,0.918461,0.311661,3.51,gru,0.016838,0.003401,0.006337
2026-04-01T20:10:16.3217502Z,-0.217981,0.925321,0.317081,-0.204657,0.936690,0.314592,6.51,gru,0.013323,0.011369,0.002489
2026-04-01T20:10:16.3533612Z,-0.223738,0.928372,0.315490,-0.229812,0.931105,0.308959,4.84,gru,0.006074,0.002733,0.006530
2026-04-01T20:10:16.3889694Z,-0.222509,0.929749,0.314276,-0.213935,0.929666,0.308764,4.01,gru,0.008574,0.000083,0.005512
2026-04-01T20:10:16.4225218Z,-0.227572,0.932337,0.312848,-0.221554,0.941384,0.307758,5.76,gru,0.006018,0.009047,0.005090
2026-04-01T20:10:16.4512311Z,-0.234261,0.935175,0.310766,-0.238246,0.945749,0.305459,4.51,gru,0.003985,0.010574,0.005308
2026-04-01T20:10:16.4857793Z,-0.234605,0.937354,0.310500,-0.222195,0.941443,0.306864,5.08,gru,0.012410,0.004089,0.003636
2026-04-01T20:10:16.5296889Z,-0.240784,0.939060,0.308718,-0.238603,0.948138,0.304100,6.37,gru,0.002181,0.009078,0.004618
2026-04-01T20:10:16.5587413Z,-0.239015,0.944666,0.307538,-0.233827,0.961302,0.300233,4.52,gru,0.005188,0.016636,0.007305
2026-04-01T20:10:16.5914496Z,-0.245950,0.946979,0.304793,-0.240782,0.951322,0.299822,7.67,gru,0.005168,0.004343,0.004971
2026-04-01T20:10:16.6199327Z,-0.245835,0.949611,0.303640,-0.238539,0.958722,0.298592,5.65,gru,0.007297,0.009111,0.005048
2026-04-01T20:10:16.6506380Z,-0.251415,0.952678,0.300590,-0.247447,0.963096,0.294002,4.56,gru,0.003968,0.010418,0.006588
2026-04-01T20:10:16.6893325Z,-0.251617,0.955494,0.299882,-0.246028,0.968273,0.294710,6.64,gru,0.005589,0.012779,0.005172
2026-04-01T20:10:16.7431605Z,-0.255467,0.960601,0.297726,-0.250113,0.972284,0.292256,6.85,gru,0.005353,0.011684,0.005470
2026-04-01T20:10:16.7828447Z,-0.259875,0.966286,0.293962,-0.257943,0.982673,0.283910,3.67,gru,0.001932,0.016387,0.010052
2026-04-01T20:10:16.8306086Z,-0.260547,0.968706,0.293198,-0.248614,0.977185,0.289086,6.88,gru,0.011933,0.008480,0.004112
2026-04-01T20:10:16.8600901Z,-0.266480,0.971386,0.289539,-0.264793,0.983464,0.281920,5.02,gru,0.001687,0.012078,0.007619
2026-04-01T20:10:16.8960689Z,-0.266503,0.974944,0.288156,-0.258709,0.989569,0.281218,5.67,gru,0.007794,0.014625,0.006938
2026-04-01T20:10:16.9263749Z,-0.267810,0.979028,0.286607,-0.255510,0.992633,0.282178,4.52,gru,0.012300,0.013604,0.004429
2026-04-01T20:10:16.9586658Z,-0.272125,0.980405,0.283608,-0.271013,0.993276,0.274614,5.73,gru,0.001112,0.012870,0.008994
2026-04-01T20:10:16.9904946Z,-0.272997,0.983663,0.281962,-0.263958,0.995137,0.275582,5.24,gru,0.009039,0.011474,0.006380
2026-04-01T20:10:17.0218566Z,-0.279071,0.985131,0.277936,-0.274862,1.000450,0.268579,4.87,gru,0.004209,0.015320,0.009357
2026-04-01T20:10:17.0549558Z,-0.278500,0.987504,0.276642,-0.266402,1.000837,0.270493,6.03,gru,0.012098,0.013334,0.006149
2026-04-01T20:10:17.0867596Z,-0.285659,0.990633,0.272994,-0.282378,1.006296,0.265158,3.59,gru,0.003282,0.015663,0.007836
2026-04-01T20:10:17.1184900Z,-0.290668,0.994652,0.270120,-0.288595,1.012445,0.260206,4.02,gru,0.002073,0.017793,0.009914
2026-04-01T20:10:17.1510786Z,-0.290765,0.996498,0.269927,-0.271151,1.008472,0.266337,4.20,gru,0.019613,0.011974,0.003590
2026-04-01T20:10:17.1905656Z,-0.291895,0.997316,0.268457,-0.280356,1.013292,0.262204,6.61,gru,0.011539,0.015976,0.006252
2026-04-01T20:10:17.2256679Z,-0.291981,1.001238,0.266710,-0.285113,1.021115,0.257718,3.90,gru,0.006867,0.019877,0.008991
2026-04-01T20:10:17.2561710Z,-0.297490,1.002326,0.265195,-0.293100,1.019384,0.257525,3.52,gru,0.004390,0.017058,0.007670
2026-04-01T20:10:17.2866248Z,-0.297576,1.004586,0.264627,-0.281780,1.019427,0.259419,5.72,gru,0.015796,0.014841,0.005207
2026-04-01T20:10:17.3191930Z,-0.298110,1.006367,0.264303,-0.281981,1.024247,0.259253,3.76,gru,0.016129,0.017880,0.005050
2026-04-01T20:10:17.3554559Z,-0.297502,1.007455,0.264134,-0.287843,1.024749,0.257908,4.37,gru,0.009659,0.017294,0.006226
2026-04-01T20:10:17.3994828Z,-0.298521,1.008529,0.263496,-0.288499,1.024376,0.256502,8.56,gru,0.010023,0.015847,0.006995
2026-04-01T20:10:17.4227396Z,-0.299253,1.010648,0.261601,-0.286119,1.029122,0.253419,5.02,gru,0.013134,0.018474,0.008183
2026-04-01T20:10:17.4513344Z,-0.298917,1.010582,0.260537,-0.283807,1.025526,0.254066,4.26,gru,0.015110,0.014944,0.006471
2026-04-01T20:10:17.4856703Z,-0.299478,1.011522,0.258577,-0.288324,1.028477,0.251162,5.94,gru,0.011154,0.016955,0.007415
2026-04-01T20:10:17.5235124Z,-0.305088,1.013081,0.255140,-0.301843,1.031693,0.244387,5.57,gru,0.003245,0.018612,0.010753
2026-04-01T20:10:17.5555849Z,-0.315197,1.013635,0.250659,-0.313164,1.030332,0.239553,3.00,gru,0.002033,0.016697,0.011107
2026-04-01T20:10:17.5832902Z,-0.317065,1.015332,0.247676,-0.296891,1.028113,0.240329,3.04,gru,0.020174,0.012782,0.007347
2026-04-01T20:10:17.6202743Z,-0.316725,1.015712,0.244774,-0.294906,1.030472,0.238424,5.51,gru,0.021818,0.014761,0.006350
2026-04-01T20:10:17.6543320Z,-0.312543,1.018931,0.242585,-0.296270,1.038868,0.235249,4.00,gru,0.016273,0.019937,0.007336
2026-04-01T20:10:17.6832772Z,-0.316548,1.020045,0.238956,-0.310590,1.036596,0.229414,3.51,gru,0.005958,0.016551,0.009542
2026-04-01T20:10:17.7279376Z,-0.317194,1.023070,0.235389,-0.302389,1.038438,0.226390,7.64,gru,0.014805,0.015368,0.008999
2026-04-01T20:10:17.7595015Z,-0.313568,1.026613,0.232707,-0.286447,1.042589,0.226896,4.53,gru,0.027121,0.015975,0.005811
2026-04-01T20:10:17.7935752Z,-0.318643,1.028784,0.229092,-0.313896,1.048887,0.220712,5.65,gru,0.004746,0.020104,0.008381
2026-04-01T20:10:17.8355565Z,-0.319460,1.029903,0.225906,-0.308147,1.042957,0.217431,6.09,gru,0.011314,0.013054,0.008474
2026-04-01T20:10:17.8620079Z,-0.320712,1.032083,0.222654,-0.298769,1.044319,0.215488,5.88,gru,0.021943,0.012236,0.007166
2026-04-01T20:10:17.8927215Z,-0.326534,1.035446,0.218638,-0.318376,1.056401,0.209798,6.32,gru,0.008158,0.020956,0.008840
2026-04-01T20:10:17.9286647Z,-0.326940,1.037158,0.215718,-0.309263,1.049748,0.208069,7.84,gru,0.017678,0.012591,0.007649
2026-04-01T20:10:17.9674922Z,-0.332718,1.039326,0.211753,-0.317774,1.053131,0.202954,6.76,gru,0.014944,0.013806,0.008798
2026-04-01T20:10:17.9956729Z,-0.332620,1.042762,0.209213,-0.313479,1.060500,0.202150,8.24,gru,0.019142,0.017738,0.007063
2026-04-01T20:10:18.0503777Z,-0.308377,1.054082,0.206560,-0.252651,1.074023,0.202377,10.49,gru,0.055727,0.019941,0.004183
2026-04-01T20:10:18.0643875Z,-0.310577,1.053208,0.205469,-0.307197,1.070516,0.200783,5.49,gru,0.003380,0.017308,0.004687
2026-04-01T20:10:18.0931725Z,-0.310676,1.057568,0.201495,-0.314729,1.073277,0.191491,4.10,gru,0.004053,0.015709,0.010004
2026-04-01T20:10:18.1344766Z,-0.315604,1.060610,0.198418,-0.294282,1.068069,0.190538,11.12,gru,0.021322,0.007459,0.007879
2026-04-01T20:10:18.1658094Z,-0.317057,1.061623,0.196096,-0.293703,1.075971,0.192663,4.52,gru,0.023354,0.014348,0.003433
2026-04-01T20:10:18.2154512Z,-0.321824,1.062862,0.194300,-0.309716,1.072445,0.189457,8.56,gru,0.012108,0.009583,0.004843
2026-04-01T20:10:18.2482084Z,-0.322443,1.067853,0.190777,-0.306569,1.079888,0.182488,13.93,gru,0.015873,0.012035,0.008289
2026-04-01T20:10:18.2873860Z,-0.326888,1.067952,0.188737,-0.306702,1.074957,0.182491,5.53,gru,0.020186,0.007005,0.006246
2026-04-01T20:10:18.3286084Z,-0.331576,1.072921,0.181845,-0.314598,1.085210,0.171452,5.60,gru,0.016978,0.012289,0.010393
2026-04-01T20:10:18.3635914Z,-0.334744,1.072692,0.179959,-0.312956,1.077598,0.174415,7.06,gru,0.021789,0.004906,0.005543
2026-04-01T20:10:18.3914646Z,-0.335721,1.074681,0.176950,-0.311546,1.081177,0.173348,5.12,gru,0.024175,0.006497,0.003602
2026-04-01T20:10:18.4194436Z,-0.336288,1.075423,0.173601,-0.311038,1.083856,0.166081,5.04,gru,0.025251,0.008433,0.007520
2026-04-01T20:10:18.4516758Z,-0.373672,1.064749,0.170716,-0.391038,1.072970,0.165607,3.69,gru,0.017365,0.008221,0.005109
2026-04-01T20:10:18.4932820Z,-0.373835,1.066482,0.168112,-0.345023,1.052223,0.163844,8.53,gru,0.028812,0.014259,0.004268
2026-04-01T20:10:18.5287599Z,-0.341180,1.080043,0.165311,-0.265023,1.085083,0.165719,4.14,gru,0.076157,0.005040,0.000409
2026-04-01T20:10:18.5601641Z,-0.340724,1.080864,0.162200,-0.341881,1.092883,0.159678,6.04,gru,0.001157,0.012019,0.002521
2026-04-01T20:10:18.5960588Z,-0.343803,1.083365,0.159482,-0.348391,1.079838,0.154440,9.74,gru,0.004588,0.003526,0.005042
2026-04-01T20:10:18.6320331Z,-0.341789,1.087596,0.155990,-0.310791,1.064426,0.151646,6.08,gru,0.030998,0.023170,0.004343
2026-04-01T20:10:18.6656948Z,-0.338517,1.087833,0.154602,-0.299960,1.087963,0.154425,6.55,gru,0.038557,0.000130,0.000177
2026-04-01T20:10:18.6927173Z,-0.339350,1.088315,0.152490,-0.323193,1.087648,0.150406,7.22,gru,0.016157,0.000667,0.002084
2026-04-01T20:10:18.7203818Z,-0.336933,1.089556,0.149957,-0.308240,1.076809,0.145011,5.78,gru,0.028693,0.012747,0.004946
2026-04-01T20:10:18.7522236Z,-0.336937,1.089308,0.148019,-0.299747,1.079000,0.144893,4.82,gru,0.037190,0.010308,0.003126
2026-04-01T20:10:18.7918796Z,-0.334284,1.091865,0.145918,-0.295893,1.089004,0.144372,5.20,gru,0.038390,0.002861,0.001546
2026-04-01T20:10:18.8437087Z,-0.331713,1.091977,0.144381,-0.292591,1.083325,0.142180,7.01,gru,0.039121,0.008652,0.002200
2026-04-01T20:10:18.8798026Z,-0.324802,1.090433,0.142741,-0.290648,1.083202,0.141561,6.90,gru,0.034154,0.007231,0.001179
2026-04-01T20:10:18.9224357Z,-0.318842,1.094046,0.141380,-0.274967,1.091450,0.140241,3.28,gru,0.043875,0.002596,0.001140
2026-04-01T20:10:18.9679143Z,-0.311986,1.093116,0.140405,-0.269671,1.083253,0.139352,11.31,gru,0.042314,0.009863,0.001053
2026-04-01T20:10:18.9956180Z,-0.349554,1.077754,0.140946,-0.349671,1.078730,0.143236,6.30,gru,0.000117,0.000976,0.002290
2026-04-01T20:10:19.0209745Z,-0.342767,1.077780,0.140525,-0.304482,1.057807,0.140690,6.21,gru,0.038285,0.019973,0.000165
2026-04-01T20:10:19.0508790Z,-0.336580,1.077461,0.140691,-0.262513,1.058295,0.143316,3.76,gru,0.074067,0.019166,0.002625
2026-04-01T20:10:19.0836229Z,-0.336680,1.076356,0.139979,-0.324037,1.074540,0.140853,3.92,gru,0.012642,0.001816,0.000873
2026-04-01T20:10:19.1199664Z,-0.331062,1.075276,0.139569,-0.305362,1.054601,0.136659,5.26,gru,0.025700,0.020674,0.002910
2026-04-01T20:10:19.1558032Z,-0.324376,1.076804,0.139376,-0.278691,1.064205,0.138983,5.01,gru,0.045686,0.012599,0.000393
2026-04-01T20:10:19.1856062Z,-0.319121,1.076250,0.138260,-0.277444,1.070958,0.138652,3.39,gru,0.041678,0.005292,0.000392
2026-04-01T20:10:19.2193708Z,-0.295066,1.082930,0.139296,-0.242014,1.079161,0.140294,4.03,gru,0.053052,0.003769,0.000998
2026-04-01T20:10:19.2494923Z,-0.294456,1.081917,0.138402,-0.267813,1.076107,0.137777,3.67,gru,0.026643,0.005810,0.000625
2026-04-01T20:10:19.2876105Z,-0.290060,1.078886,0.138475,-0.267746,1.068020,0.137168,4.25,gru,0.022314,0.010866,0.001306
2026-04-01T20:10:19.3318981Z,-0.287668,1.077857,0.137611,-0.248251,1.059513,0.137360,6.62,gru,0.039417,0.018344,0.000251
2026-04-01T20:10:19.3774643Z,-0.283671,1.075742,0.137124,-0.247024,1.067514,0.137062,11.73,gru,0.036647,0.008228,0.000061
2026-04-01T20:10:19.3896163Z,-0.283527,1.074330,0.136300,-0.255700,1.065976,0.135929,3.64,gru,0.027827,0.008354,0.000371
2026-04-01T20:10:19.4432026Z,-0.276191,1.073423,0.136242,-0.238209,1.061724,0.135995,9.78,gru,0.037982,0.011698,0.000247
2026-04-01T20:10:19.4657415Z,-0.275538,1.072043,0.134993,-0.242513,1.062028,0.134176,4.51,gru,0.033025,0.010015,0.000817
2026-04-01T20:10:19.4987319Z,-0.270272,1.071984,0.134830,-0.234374,1.060774,0.135737,6.01,gru,0.035898,0.011210,0.000907
2026-04-01T20:10:19.5271241Z,-0.265617,1.070396,0.134604,-0.236086,1.065177,0.134136,5.32,gru,0.029531,0.005219,0.000469
2026-04-01T20:10:19.5610199Z,-0.257668,1.070744,0.134483,-0.224702,1.069569,0.133611,6.23,gru,0.032965,0.001175,0.000873
2026-04-01T20:10:19.5971326Z,-0.246757,1.070887,0.135048,-0.207634,1.063184,0.136622,7.63,gru,0.039124,0.007703,0.001574
2026-04-01T20:10:19.6210122Z,-0.249073,1.065435,0.135149,-0.236784,1.058806,0.135046,4.52,gru,0.012290,0.006628,0.000104
2026-04-01T20:10:19.6533430Z,-0.235753,1.068658,0.135171,-0.202324,1.062033,0.135051,5.08,gru,0.033429,0.006625,0.000120
2026-04-01T20:10:19.6914112Z,-0.230114,1.066410,0.135132,-0.197741,1.061263,0.135355,7.72,gru,0.032373,0.005147,0.000223
2026-04-01T20:10:19.7305339Z,-0.231229,1.064379,0.134080,-0.224656,1.062707,0.132805,8.09,gru,0.006573,0.001672,0.001275
2026-04-01T20:10:19.7679016Z,-0.232682,1.060095,0.133015,-0.215433,1.044742,0.131948,4.96,gru,0.017249,0.015352,0.001066
2026-04-01T20:10:19.8079223Z,-0.212880,1.064232,0.132924,-0.168606,1.055729,0.134249,6.03,gru,0.044273,0.008503,0.001325
2026-04-01T20:10:19.8513548Z,-0.208631,1.061562,0.129185,-0.204139,1.065290,0.128560,5.99,gru,0.004492,0.003727,0.000625
2026-04-01T20:10:19.8873883Z,-0.194578,1.062274,0.127804,-0.160916,1.046297,0.126773,4.99,gru,0.033662,0.015977,0.001032
2026-04-01T20:10:19.9228235Z,-0.182766,1.063802,0.126972,-0.155696,1.070330,0.127575,4.41,gru,0.027070,0.006528,0.000603
2026-04-01T20:10:19.9583901Z,-0.157932,1.068210,0.127091,-0.125616,1.071098,0.129009,6.55,gru,0.032316,0.002888,0.001918
2026-04-01T20:10:19.9949394Z,-0.152033,1.068360,0.126110,-0.146246,1.066347,0.124936,7.82,gru,0.005787,0.002013,0.001174
2026-04-01T20:10:20.0309939Z,-0.152209,1.066179,0.124674,-0.157424,1.062981,0.122371,8.74,gru,0.005215,0.003198,0.002302
2026-04-01T20:10:20.0658423Z,-0.139991,1.066902,0.123627,-0.111880,1.056412,0.123486,4.42,gru,0.028110,0.010490,0.000142
2026-04-01T20:10:20.0941637Z,-0.133937,1.065862,0.122221,-0.115891,1.067440,0.122272,6.37,gru,0.018047,0.001578,0.000051
2026-04-01T20:10:20.1296062Z,-0.120586,1.067644,0.121375,-0.108570,1.066900,0.121390,4.60,gru,0.012017,0.000745,0.000015
2026-04-01T20:10:20.1614333Z,-0.108521,1.069250,0.121432,-0.091719,1.067131,0.121927,6.58,gru,0.016802,0.002120,0.000495
2026-04-01T20:10:20.1884790Z,-0.109191,1.065456,0.118173,-0.112231,1.062511,0.113873,4.61,gru,0.003040,0.002946,0.004300
2026-04-01T20:10:20.2217625Z,-0.100876,1.065426,0.116998,-0.089551,1.060403,0.115638,7.18,gru,0.011325,0.005023,0.001360
2026-04-01T20:10:20.2541928Z,-0.100447,1.064999,0.115489,-0.093154,1.067405,0.116138,6.01,gru,0.007292,0.002407,0.000649
2026-04-01T20:10:20.2874438Z,-0.097828,1.063535,0.113244,-0.095601,1.065809,0.110257,2.67,gru,0.002227,0.002274,0.002987
2026-04-01T20:10:20.3265561Z,-0.098268,1.061655,0.110306,-0.094438,1.056089,0.106953,6.46,gru,0.003830,0.005566,0.003352
2026-04-01T20:10:20.3559709Z,-0.097489,1.058028,0.107989,-0.093930,1.054164,0.106102,4.00,gru,0.003559,0.003865,0.001887
2026-04-01T20:10:20.3893516Z,-0.092762,1.055979,0.106707,-0.082088,1.054620,0.106626,4.57,gru,0.010674,0.001359,0.000080
2026-04-01T20:10:20.4196606Z,-0.067909,1.061983,0.105643,-0.032782,1.070445,0.106022,3.51,gru,0.035127,0.008462,0.000378
2026-04-01T20:10:20.4675022Z,-0.075121,1.055368,0.102810,-0.093231,1.053027,0.099061,7.06,gru,0.018110,0.002340,0.003750
2026-04-01T20:10:20.4996996Z,-0.075309,1.052457,0.099015,-0.091516,1.043534,0.093965,4.66,gru,0.016207,0.008922,0.005050
2026-04-01T20:10:20.5331189Z,-0.046658,1.058138,0.099335,-0.011516,1.048688,0.100184,3.51,gru,0.035142,0.009449,0.000849
2026-04-01T20:10:20.5664690Z,-0.043577,1.054453,0.095814,-0.044342,1.058574,0.093481,4.13,gru,0.000765,0.004121,0.002333
2026-04-01T20:10:20.5877571Z,-0.040929,1.052248,0.092936,-0.066615,1.045525,0.086474,2.46,gru,0.025686,0.006723,0.006462
2026-04-01T20:10:20.6191632Z,-0.041682,1.048992,0.090965,-0.048166,1.028822,0.088595,4.35,gru,0.006484,0.020170,0.002370
2026-04-01T20:10:20.6530067Z,-0.040484,1.046243,0.089763,-0.034406,1.039922,0.088587,4.42,gru,0.006078,0.006322,0.001176
2026-04-01T20:10:20.6860838Z,-0.016367,1.052934,0.089785,0.015163,1.058493,0.090468,4.44,gru,0.031529,0.005559,0.000683
2026-04-01T20:10:20.7389198Z,-0.014638,1.052743,0.088591,-0.028024,1.050124,0.085821,10.40,gru,0.013386,0.002619,0.002770
2026-04-01T20:10:20.7756065Z,-0.014970,1.044621,0.088503,-0.036560,1.029999,0.087126,6.22,gru,0.021590,0.014622,0.001377
2026-04-01T20:10:20.7970607Z,-0.057097,1.021102,0.084745,-0.095304,0.999354,0.082847,4.10,gru,0.038207,0.021748,0.001898
2026-04-01T20:10:20.8401113Z,-0.059136,1.017834,0.084074,-0.065024,1.006044,0.084070,7.04,gru,0.005888,0.011790,0.000004
2026-04-01T20:10:20.8954463Z,-0.004062,1.037941,0.086002,0.014976,1.065544,0.090317,6.57,gru,0.019038,0.027603,0.004315
2026-04-01T20:10:20.9263954Z,-0.009729,1.035205,0.084667,-0.058772,1.019289,0.084386,3.51,gru,0.049043,0.015916,0.000281
2026-04-01T20:10:20.9529698Z,0.010268,1.034760,0.085876,-0.026234,1.006971,0.085288,4.61,gru,0.036502,0.027789,0.000588
2026-04-01T20:10:20.9880112Z,0.010325,1.033640,0.085555,0.000758,0.995544,0.086135,5.03,gru,0.009567,0.038095,0.000580
2026-04-01T20:10:21.0277114Z,0.009938,1.031784,0.083756,-0.002626,1.030099,0.080674,8.80,gru,0.012564,0.001685,0.003082
2026-04-01T20:10:21.0532019Z,0.010658,1.028200,0.082879,0.002747,1.006625,0.082962,4.00,gru,0.007911,0.021575,0.000083
2026-04-01T20:10:21.0855772Z,0.014954,1.027726,0.081175,0.010576,1.001994,0.079909,4.51,gru,0.004378,0.025732,0.001266
2026-04-01T20:10:21.1202015Z,0.016018,1.026434,0.079764,0.014027,1.008080,0.078010,4.66,gru,0.001991,0.018354,0.001754
2026-04-01T20:10:21.1526762Z,0.020753,1.025319,0.078585,0.025411,1.014940,0.078478,2.99,gru,0.004659,0.010378,0.000107
2026-04-01T20:10:21.1858340Z,0.022663,1.024640,0.076665,0.022411,1.017480,0.074722,4.73,gru,0.000252,0.007160,0.001943
2026-04-01T20:10:21.2213387Z,0.022002,1.022355,0.075406,0.017987,1.012024,0.074156,4.51,gru,0.004015,0.010330,0.001250
2026-04-01T20:10:21.2667852Z,0.026438,1.020214,0.074821,0.031490,1.006621,0.075459,10.39,gru,0.005052,0.013592,0.000639
2026-04-01T20:10:21.3010216Z,0.026981,1.019662,0.072493,0.027611,1.012190,0.069788,9.33,gru,0.000630,0.007472,0.002705
2026-04-01T20:10:21.3415264Z,0.027025,1.017599,0.071282,0.023019,1.015852,0.069306,6.71,gru,0.004006,0.001747,0.001976
2026-04-01T20:10:21.3522659Z,0.032304,1.015714,0.070276,0.041906,1.014711,0.069044,3.64,gru,0.009601,0.001003,0.001232
2026-04-01T20:10:21.3881898Z,0.031340,1.014184,0.069270,0.033240,1.020863,0.066653,3.51,gru,0.001899,0.006679,0.002617
2026-04-01T20:10:21.4266674Z,0.031078,1.010632,0.069075,0.029933,1.003720,0.069363,6.01,gru,0.001145,0.006912,0.000288
2026-04-01T20:10:21.4625828Z,0.032827,1.009901,0.067402,0.033506,1.003450,0.065297,7.44,gru,0.000679,0.006451,0.002106
2026-04-01T20:10:21.4976386Z,0.036311,1.008761,0.065975,0.037893,1.009669,0.063135,9.81,gru,0.001582,0.000907,0.002840
2026-04-01T20:10:21.5296859Z,0.036513,1.006167,0.064544,0.034249,1.003623,0.063346,11.54,gru,0.002264,0.002543,0.001197
2026-04-01T20:10:21.5546344Z,0.037397,1.002981,0.063715,0.033841,1.001079,0.062401,5.85,gru,0.003556,0.001902,0.001314
2026-04-01T20:10:21.5881714Z,0.034963,0.999109,0.063966,0.032313,0.996549,0.064111,5.39,gru,0.002650,0.002560,0.000146
2026-04-01T20:10:21.6247468Z,0.010016,0.985882,0.065413,-0.018209,0.980401,0.068403,4.81,gru,0.028225,0.005481,0.002989
2026-04-01T20:10:21.6590939Z,0.011019,0.984004,0.064308,0.010612,0.976107,0.062702,3.49,gru,0.000406,0.007897,0.001606
2026-04-01T20:10:21.6926506Z,0.010689,0.980992,0.063474,0.023525,0.981445,0.060751,6.14,gru,0.012836,0.000453,0.002723
2026-04-01T20:10:21.7212819Z,0.011122,0.979317,0.062030,0.002508,0.982872,0.061161,3.56,gru,0.008614,0.003555,0.000869
2026-04-01T20:10:21.7609188Z,0.013864,0.976764,0.061806,0.009852,0.971378,0.061306,4.11,gru,0.004012,0.005386,0.000500
2026-04-01T20:10:21.7961951Z,0.014322,0.975291,0.059377,0.013086,0.973919,0.056230,5.51,gru,0.001236,0.001372,0.003147
2026-04-01T20:10:21.8287705Z,0.018319,0.976785,0.057795,0.022008,0.983187,0.054960,6.09,gru,0.003689,0.006402,0.002835
2026-04-01T20:10:21.8616851Z,0.017849,0.973434,0.056640,0.015758,0.972953,0.056821,5.70,gru,0.002091,0.000481,0.000181
2026-04-01T20:10:21.8891314Z,0.017404,0.970374,0.056078,0.012671,0.965909,0.055792,4.69,gru,0.004732,0.004465,0.000286
2026-04-01T20:10:21.9236820Z,0.110045,0.997799,0.047008,0.092671,1.024768,0.045567,5.31,gru,0.017373,0.026969,0.001441
2026-04-01T20:10:21.9589233Z,0.055687,0.982144,0.047515,0.012671,0.958243,0.061013,7.54,gru,0.043015,0.023900,0.013498
2026-04-01T20:10:21.9906495Z,0.015764,0.957904,0.055411,-0.063388,0.962283,0.097702,5.21,gru,0.079152,0.004379,0.042291
2026-04-01T20:10:22.0305053Z,0.018872,0.958317,0.052910,-0.061514,0.901395,0.082401,4.98,gru,0.080385,0.056922,0.029491
2026-04-01T20:10:22.0635305Z,0.017758,0.955373,0.051994,-0.004130,0.959762,0.056764,5.68,gru,0.021887,0.004388,0.004770
2026-04-01T20:10:22.0971661Z,0.017970,0.952732,0.049564,-0.057629,0.919341,0.059356,6.47,gru,0.075598,0.033390,0.009792
2026-04-01T20:10:22.1286663Z,0.020095,0.953029,0.046385,-0.036494,0.900412,0.048749,5.07,gru,0.056589,0.052617,0.002364
2026-04-01T20:10:22.1637061Z,0.020393,0.950346,0.043421,-0.008318,0.909410,0.044761,6.39,gru,0.028711,0.040935,0.001340
2026-04-01T20:10:22.1968823Z,0.018969,0.948704,0.040000,0.004784,0.929672,0.039833,4.51,gru,0.014185,0.019032,0.000168
2026-04-01T20:10:22.2281867Z,0.022205,0.949078,0.037240,0.007769,0.927526,0.038545,4.52,gru,0.014436,0.021551,0.001305
2026-04-01T20:10:22.2606982Z,0.022480,0.947823,0.033044,0.010663,0.920818,0.031962,5.98,gru,0.011817,0.027004,0.001082
2026-04-01T20:10:22.2893106Z,0.025027,0.946981,0.028745,0.024077,0.924861,0.025774,6.07,gru,0.000950,0.022120,0.002971
2026-04-01T20:10:22.3263293Z,0.023117,0.944176,0.026864,0.022415,0.930214,0.028448,5.02,gru,0.000701,0.013961,0.001584
2026-04-01T20:10:22.3631645Z,0.023135,0.944241,0.023636,0.022414,0.939979,0.022121,5.90,gru,0.000721,0.004263,0.001515
2026-04-01T20:10:22.4011975Z,0.023626,0.943430,0.022172,0.027291,0.937967,0.020397,11.39,gru,0.003665,0.005463,0.001775
2026-04-01T20:10:22.4308623Z,0.030361,0.947149,0.016965,0.035141,0.944749,0.012422,6.79,gru,0.004780,0.002401,0.004543
2026-04-01T20:10:22.4679950Z,0.029579,0.945913,0.015716,0.025283,0.928290,0.016998,3.58,gru,0.004296,0.017624,0.001281
2026-04-01T20:10:22.4904783Z,0.027465,0.943042,0.015601,0.019590,0.937340,0.020549,5.63,gru,0.007875,0.005702,0.004948
2026-04-01T20:10:22.5176296Z,0.034299,0.948204,0.011266,0.035947,0.964928,0.005420,4.14,gru,0.001648,0.016723,0.005846
2026-04-01T20:10:22.5572630Z,0.035149,0.947383,0.009365,0.040120,0.956886,0.004679,5.02,gru,0.004972,0.009503,0.004686
2026-04-01T20:10:22.5905162Z,0.032755,0.948487,0.005983,0.026785,0.953437,0.003920,3.08,gru,0.005970,0.004951,0.002063
2026-04-01T20:10:22.6319720Z,0.034636,0.947366,0.009684,0.033562,0.948010,0.014539,5.54,gru,0.001074,0.000643,0.004855
2026-04-01T20:10:22.6594952Z,0.035397,0.948973,0.006836,0.036964,0.956550,0.004327,4.03,gru,0.001566,0.007577,0.002509
2026-04-01T20:10:22.6957917Z,0.036681,0.946447,0.008953,0.036185,0.951805,0.007560,5.52,gru,0.000497,0.005358,0.001393
2026-04-01T20:10:22.7195055Z,0.035810,0.947014,0.008047,0.031999,0.952071,0.009052,4.49,gru,0.003810,0.005057,0.001005
2026-04-01T20:10:22.7639647Z,0.029438,0.941550,0.012527,0.021216,0.943011,0.016693,7.92,gru,0.008222,0.001462,0.004166
2026-04-01T20:10:22.7907074Z,0.030553,0.941339,0.012427,0.030684,0.943527,0.012776,5.71,gru,0.000131,0.002188,0.000349
2026-04-01T20:10:22.8227646Z,0.029687,0.942120,0.011740,0.030373,0.953679,0.006978,4.01,gru,0.000686,0.011559,0.004762
2026-04-01T20:10:22.8544568Z,0.020714,0.933837,0.019360,0.008229,0.936609,0.032797,4.00,gru,0.012485,0.002772,0.013437
2026-04-01T20:10:22.8981970Z,0.023749,0.934123,0.019253,0.024205,0.936110,0.019847,5.51,gru,0.000456,0.001987,0.000594
2026-04-01T20:10:22.9304709Z,0.025874,0.934871,0.020344,0.030990,0.948066,0.016169,4.04,gru,0.005116,0.013195,0.004175
2026-04-01T20:10:22.9679059Z,0.078217,0.964533,-0.003715,0.110263,1.027881,-0.014557,6.98,gru,0.032046,0.063348,0.010842
2026-04-01T20:10:22.9978995Z,0.078665,0.963191,-0.002783,0.064880,0.976772,0.008695,5.65,gru,0.013785,0.013582,0.011479
2026-04-01T20:10:23.0302326Z,0.081328,0.962779,0.000929,0.049820,0.963800,0.041225,7.08,gru,0.031509,0.001021,0.040297
2026-04-01T20:10:23.0743781Z,0.083561,0.962229,0.006885,0.078144,0.959468,0.023711,7.02,gru,0.005417,0.002761,0.016826
2026-04-01T20:10:23.0958087Z,0.013350,0.927400,0.038097,-0.001856,0.921215,0.101677,6.52,gru,0.015206,0.006184,0.063579
2026-04-01T20:10:23.1330015Z,0.033923,0.940239,0.035365,0.029342,0.943663,0.048866,7.54,gru,0.004582,0.003423,0.013501
2026-04-01T20:10:23.1700016Z,0.034105,0.940664,0.039992,0.065365,0.956367,0.039212,7.14,gru,0.031260,0.015703,0.000780
2026-04-01T20:10:23.2055962Z,0.036213,0.941470,0.044937,0.003453,0.939426,0.077742,4.46,gru,0.032760,0.002043,0.032805
2026-04-01T20:10:23.2266012Z,0.060867,0.951491,0.045227,0.070719,0.944963,0.055092,5.21,gru,0.009851,0.006528,0.009865
2026-04-01T20:10:23.2706254Z,0.054072,0.949570,0.052563,0.044089,0.952916,0.064726,11.30,gru,0.009983,0.003346,0.012163
2026-04-01T20:10:23.3058156Z,0.112161,0.964930,0.053234,0.124089,0.978226,0.057993,8.62,gru,0.011927,0.013296,0.004759
2026-04-01T20:10:23.3354231Z,0.014789,0.928794,0.071963,0.044089,0.925493,0.121226,4.27,gru,0.029300,0.003300,0.049263
2026-04-01T20:10:23.3587609Z,0.025932,0.935084,0.073187,-0.003951,0.915376,0.087309,3.55,gru,0.029883,0.019708,0.014122
2026-04-01T20:10:23.3896294Z,0.020788,0.931192,0.080585,0.020879,0.912532,0.095369,5.48,gru,0.000091,0.018660,0.014783
2026-04-01T20:10:23.4206790Z,0.020792,0.929939,0.084442,-0.011912,0.928993,0.102772,4.59,gru,0.032703,0.000946,0.018330
2026-04-01T20:10:23.4579688Z,0.021340,0.929725,0.089410,-0.004830,0.912265,0.101290,5.01,gru,0.026169,0.017460,0.011880
2026-04-01T20:10:23.4966401Z,0.018041,0.926669,0.094045,-0.001907,0.904809,0.107199,6.27,gru,0.019948,0.021861,0.013154
2026-04-01T20:10:23.5255477Z,0.019161,0.927288,0.097855,0.017708,0.917924,0.107894,4.66,gru,0.001453,0.009364,0.010039
2026-04-01T20:10:23.5511338Z,0.018979,0.924569,0.101730,0.013114,0.924552,0.112251,4.23,gru,0.005864,0.000017,0.010521
2026-04-01T20:10:23.5851695Z,0.017321,0.921591,0.106991,0.004794,0.918015,0.115993,6.18,gru,0.012527,0.003576,0.009001
2026-04-01T20:10:23.6211368Z,0.016337,0.917976,0.111429,0.014308,0.918197,0.116264,5.02,gru,0.002029,0.000221,0.004835
2026-04-01T20:10:23.6785556Z,0.034053,0.923951,0.113662,0.062508,0.938081,0.114170,9.16,gru,0.028455,0.014130,0.000508
2026-04-01T20:10:23.7001910Z,0.033205,0.921470,0.119202,0.032142,0.926355,0.126517,8.65,gru,0.001063,0.004885,0.007315
2026-04-01T20:10:23.7270598Z,0.029475,0.917884,0.124607,0.006079,0.917779,0.134650,5.16,gru,0.023396,0.000105,0.010043
2026-04-01T20:10:23.7698398Z,0.029272,0.913978,0.129164,0.029122,0.903919,0.133919,7.90,gru,0.000150,0.010059,0.004755
2026-04-01T20:10:23.8015637Z,0.028826,0.910313,0.133823,0.030931,0.908042,0.138513,4.51,gru,0.002105,0.002271,0.004690
2026-04-01T20:10:23.8333609Z,0.024977,0.906534,0.139515,0.014270,0.907508,0.146962,8.54,gru,0.010707,0.000974,0.007448
2026-04-01T20:10:23.8665557Z,0.025382,0.903807,0.143498,0.020983,0.906242,0.145999,3.84,gru,0.004399,0.002436,0.002502
2026-04-01T20:10:23.8881862Z,0.027156,0.901277,0.148395,0.033075,0.908560,0.149179,3.55,gru,0.005920,0.007283,0.000784
2026-04-01T20:10:23.9280687Z,0.028364,0.899894,0.152486,0.034517,0.898899,0.155124,3.18,gru,0.006153,0.000995,0.002638
2026-04-01T20:10:23.9550527Z,0.028478,0.896102,0.157089,0.024132,0.900996,0.160130,4.30,gru,0.004346,0.004894,0.003041
2026-04-01T20:10:23.9941480Z,0.028524,0.893933,0.161345,0.027064,0.896771,0.163895,8.38,gru,0.001460,0.002838,0.002550
2026-04-01T20:10:24.0360508Z,0.025354,0.887033,0.166812,0.022682,0.888086,0.170545,10.54,gru,0.002672,0.001053,0.003733
2026-04-01T20:10:24.0913513Z,-0.025320,0.857343,0.176449,-0.057318,0.861207,0.194212,6.74,gru,0.031998,0.003864,0.017763
2026-04-01T20:10:24.1393165Z,0.018837,0.874003,0.179446,0.022682,0.885894,0.189955,7.06,gru,0.003845,0.011892,0.010509
2026-04-01T20:10:24.1639904Z,0.023313,0.870184,0.183677,0.062300,0.897955,0.186136,7.07,gru,0.038988,0.027772,0.002460
2026-04-01T20:10:24.1974611Z,-0.031895,0.839983,0.191112,-0.017700,0.847230,0.220334,3.52,gru,0.014196,0.007246,0.029222
2026-04-01T20:10:24.2288744Z,-0.032560,0.836282,0.193550,-0.077889,0.788199,0.208368,6.55,gru,0.045329,0.048083,0.014819
2026-04-01T20:10:24.2677842Z,0.015380,0.855490,0.193515,0.002111,0.868199,0.212085,5.86,gru,0.013269,0.012709,0.018570
2026-04-01T20:10:24.2994449Z,0.014849,0.851683,0.196610,-0.048100,0.846055,0.221232,4.04,gru,0.062949,0.005628,0.024622
2026-04-01T20:10:24.3338637Z,0.010195,0.846965,0.199382,-0.074749,0.821938,0.221605,6.22,gru,0.084944,0.025027,0.022223
2026-04-01T20:10:24.3748212Z,0.010283,0.844042,0.202707,-0.013598,0.783626,0.220106,4.53,gru,0.023881,0.060416,0.017398
2026-04-01T20:10:24.3937864Z,0.008890,0.836915,0.206070,0.028592,0.826145,0.216944,5.49,gru,0.019702,0.010771,0.010874
2026-04-01T20:10:24.4256325Z,0.009716,0.833776,0.208910,-0.009778,0.811278,0.222362,6.01,gru,0.019494,0.022498,0.013451
2026-04-01T20:10:24.4527753Z,-0.011049,0.818873,0.213844,-0.055612,0.780150,0.229213,3.61,gru,0.044563,0.038723,0.015369
2026-04-01T20:10:24.4881487Z,-0.010231,0.816442,0.215471,-0.006897,0.769636,0.223762,4.64,gru,0.003335,0.046806,0.008290
2026-04-01T20:10:24.5375882Z,-0.026257,0.805004,0.219023,-0.022524,0.784347,0.225073,7.07,gru,0.003733,0.020657,0.006050
2026-04-01T20:10:24.5773361Z,-0.029563,0.800860,0.221640,-0.043121,0.787617,0.228804,10.68,gru,0.013558,0.013243,0.007164
2026-04-01T20:10:24.5877811Z,-0.023305,0.798688,0.224758,-0.006916,0.772957,0.229970,3.51,gru,0.016389,0.025731,0.005213
2026-04-01T20:10:24.6241225Z,-0.024123,0.795630,0.226861,-0.018013,0.789555,0.228569,5.30,gru,0.006110,0.006074,0.001708
2026-04-01T20:10:24.6706255Z,-0.025838,0.789918,0.230793,-0.032505,0.777845,0.235382,10.94,gru,0.006667,0.012073,0.004588
2026-04-01T20:10:24.7028816Z,-0.025221,0.786877,0.232678,-0.021780,0.776149,0.234315,7.36,gru,0.003440,0.010729,0.001637
2026-04-01T20:10:24.7339661Z,-0.024802,0.783148,0.235367,-0.018542,0.788653,0.235374,4.08,gru,0.006259,0.005505,0.000007
2026-04-01T20:10:24.7534681Z,-0.025642,0.780365,0.236763,-0.023343,0.790831,0.235794,3.65,gru,0.002300,0.010467,0.000969
2026-04-01T20:10:24.7866655Z,-0.046058,0.767155,0.239162,-0.075807,0.755481,0.241501,4.85,gru,0.029749,0.011674,0.002339
2026-04-01T20:10:24.8168363Z,-0.048507,0.764831,0.240609,-0.050806,0.760765,0.240695,3.47,gru,0.002299,0.004066,0.000086
2026-04-01T20:10:24.8553954Z,-0.042809,0.761538,0.243197,-0.018053,0.770188,0.243704,5.86,gru,0.024757,0.008650,0.000507
2026-04-01T20:10:24.8855087Z,-0.042978,0.757866,0.244522,-0.053956,0.766840,0.244203,3.53,gru,0.010978,0.008974,0.000319
2026-04-01T20:10:24.9231333Z,-0.029358,0.760246,0.245864,-0.024571,0.762535,0.243562,4.21,gru,0.004787,0.002289,0.002303
2026-04-01T20:10:24.9706676Z,-0.029317,0.758467,0.247850,-0.030127,0.763539,0.247052,5.01,gru,0.000811,0.005073,0.000797
2026-04-01T20:10:24.9915009Z,-0.028305,0.755535,0.249319,-0.034948,0.763781,0.247838,6.63,gru,0.006643,0.008246,0.001481
2026-04-01T20:10:25.0306263Z,-0.032916,0.748912,0.250671,-0.038284,0.749014,0.248631,7.24,gru,0.005368,0.000102,0.002039
2026-04-01T20:10:25.0605699Z,-0.037252,0.744433,0.251751,-0.043172,0.747841,0.249451,6.02,gru,0.005920,0.003408,0.002300
2026-04-01T20:10:25.0912750Z,-0.039505,0.738926,0.253499,-0.037439,0.741885,0.252389,5.61,gru,0.002066,0.002959,0.001110
2026-04-01T20:10:25.1234985Z,0.003224,0.751972,0.255691,0.042561,0.771368,0.257828,5.51,gru,0.039337,0.019396,0.002138
2026-04-01T20:10:25.1568636Z,0.004652,0.749023,0.257643,-0.013151,0.756216,0.258457,6.06,gru,0.017803,0.007193,0.000814
2026-04-01T20:10:25.1870227Z,0.004434,0.745040,0.259276,-0.040694,0.743773,0.258216,5.86,gru,0.045128,0.001267,0.001059
2026-04-01T20:10:25.2225582Z,0.004397,0.742484,0.260766,0.005834,0.725803,0.259164,4.60,gru,0.001437,0.016680,0.001602
2026-04-01T20:10:25.2534125Z,0.004055,0.739829,0.263335,0.014386,0.751611,0.264801,4.41,gru,0.010331,0.011782,0.001466
2026-04-01T20:10:25.2897079Z,0.003819,0.735877,0.264938,-0.007832,0.735506,0.265535,5.29,gru,0.011651,0.000370,0.000598
2026-04-01T20:10:25.3233222Z,0.009404,0.733291,0.266721,0.007199,0.723752,0.265178,4.52,gru,0.002205,0.009539,0.001543
2026-04-01T20:10:25.3589413Z,0.002241,0.728025,0.268793,-0.008637,0.725989,0.267449,5.25,gru,0.010878,0.002036,0.001345
2026-04-01T20:10:25.3867698Z,-0.001594,0.723327,0.271195,-0.007248,0.725211,0.271532,3.59,gru,0.005654,0.001884,0.000338
2026-04-01T20:10:25.4273339Z,-0.002777,0.719883,0.272452,-0.000220,0.718193,0.271360,5.80,gru,0.002557,0.001690,0.001092
2026-04-01T20:10:25.4855704Z,-0.003521,0.717562,0.274160,-0.006704,0.717706,0.273206,6.16,gru,0.003183,0.000144,0.000954
2026-04-01T20:10:25.5212384Z,-0.002688,0.711795,0.278000,-0.004539,0.710480,0.280814,3.00,gru,0.001852,0.001315,0.002814
2026-04-01T20:10:25.5558753Z,0.001130,0.708379,0.279634,0.005245,0.708183,0.278563,4.00,gru,0.004115,0.000196,0.001071
2026-04-01T20:10:25.5883669Z,0.000211,0.704948,0.281111,-0.004305,0.709519,0.278069,6.06,gru,0.004516,0.004572,0.003042
2026-04-01T20:10:25.6218062Z,0.000084,0.701767,0.282786,-0.004189,0.703792,0.282626,5.18,gru,0.004273,0.002025,0.000160
2026-04-01T20:10:25.6698468Z,-0.000543,0.698374,0.284037,-0.001418,0.699537,0.282903,9.37,gru,0.000875,0.001164,0.001134
2026-04-01T20:10:25.7005087Z,0.003175,0.695499,0.285092,0.007118,0.698710,0.283798,4.92,gru,0.003943,0.003211,0.001294
2026-04-01T20:10:25.7383246Z,0.002851,0.691672,0.286211,-0.003022,0.697689,0.284852,3.51,gru,0.005873,0.006018,0.001359
2026-04-01T20:10:25.7597622Z,0.002718,0.689208,0.287210,-0.006666,0.692453,0.285502,5.09,gru,0.009383,0.003246,0.001708
2026-04-01T20:10:25.8005878Z,0.003754,0.686008,0.287917,0.004627,0.687792,0.285694,6.99,gru,0.000873,0.001784,0.002223
2026-04-01T20:10:25.8357763Z,0.004527,0.683059,0.288813,0.004395,0.687148,0.286760,4.61,gru,0.000131,0.004089,0.002053
2026-04-01T20:10:25.8708209Z,0.007289,0.681319,0.290424,0.006107,0.688094,0.289425,6.68,gru,0.001182,0.006775,0.000999
2026-04-01T20:10:25.8962251Z,0.007602,0.680045,0.291207,0.002804,0.686846,0.288691,4.50,gru,0.004797,0.006801,0.002516
2026-04-01T20:10:25.9340712Z,0.007871,0.677842,0.291789,0.004076,0.682114,0.288518,5.48,gru,0.003796,0.004272,0.003271
2026-04-01T20:10:25.9657763Z,0.007982,0.673094,0.292802,0.006975,0.674259,0.290927,6.32,gru,0.001007,0.001165,0.001875
2026-04-01T20:10:25.9934767Z,0.007847,0.671169,0.293654,0.004588,0.678024,0.291719,5.72,gru,0.003258,0.006856,0.001935
2026-04-01T20:10:26.0225207Z,0.007489,0.669154,0.294355,0.003542,0.676368,0.291617,4.24,gru,0.003947,0.007214,0.002737
2026-04-01T20:10:26.0529839Z,0.007883,0.666651,0.295405,0.006641,0.670869,0.293252,5.63,gru,0.001242,0.004218,0.002153
2026-04-01T20:10:26.0942258Z,0.008119,0.664392,0.296286,0.006141,0.669907,0.294091,5.38,gru,0.001978,0.005515,0.002194
2026-04-01T20:10:26.1319954Z,0.001879,0.661477,0.297109,-0.011900,0.669004,0.294336,3.60,gru,0.013779,0.007527,0.002773
2026-04-01T20:10:26.1637531Z,0.001570,0.658472,0.298448,-0.000049,0.661691,0.296746,5.65,gru,0.001620,0.003219,0.001702
2026-04-01T20:10:26.1833905Z,0.001971,0.656974,0.299377,0.006904,0.661686,0.297531,3.89,gru,0.004933,0.004712,0.001846
2026-04-01T20:10:26.2196999Z,0.001228,0.654872,0.299695,-0.004652,0.662421,0.296631,3.68,gru,0.005880,0.007549,0.003063
2026-04-01T20:10:26.2519245Z,0.001044,0.651867,0.300171,-0.004243,0.655429,0.297584,3.68,gru,0.005287,0.003562,0.002587
2026-04-01T20:10:26.2841871Z,0.000922,0.647581,0.301180,-0.000044,0.649566,0.299742,4.48,gru,0.000966,0.001985,0.001438
2026-04-01T20:10:26.3213954Z,-0.002641,0.645863,0.301526,-0.009563,0.653760,0.299080,6.12,gru,0.006922,0.007897,0.002446
2026-04-01T20:10:26.3512011Z,-0.003709,0.644383,0.302352,-0.007370,0.651093,0.300257,3.51,gru,0.003660,0.006710,0.002095
2026-04-01T20:10:26.3854731Z,-0.004139,0.641884,0.303305,-0.003558,0.644522,0.302010,4.53,gru,0.000581,0.002638,0.001295
2026-04-01T20:10:26.4193758Z,-0.004331,0.640709,0.305010,-0.006407,0.646460,0.304571,3.51,gru,0.002076,0.005751,0.000439
2026-04-01T20:10:26.4508405Z,-0.004234,0.638619,0.305873,-0.006973,0.644005,0.303860,4.04,gru,0.002739,0.005386,0.002013
2026-04-01T20:10:26.4876136Z,-0.004601,0.636531,0.306110,-0.007186,0.640631,0.302773,3.71,gru,0.002584,0.004100,0.003337
2026-04-01T20:10:26.5211357Z,-0.003891,0.634799,0.306896,-0.004273,0.639523,0.305490,6.62,gru,0.000382,0.004724,0.001406
2026-04-01T20:10:26.5554985Z,-0.004166,0.632965,0.306908,-0.006286,0.637839,0.304858,3.00,gru,0.002120,0.004874,0.002049
2026-04-01T20:10:26.5827692Z,-0.004351,0.630938,0.307217,-0.007590,0.635587,0.304759,4.16,gru,0.003239,0.004649,0.002458
2026-04-01T20:10:26.6194963Z,-0.004630,0.629479,0.307464,-0.006337,0.634131,0.305512,6.55,gru,0.001708,0.004652,0.001952
2026-04-01T20:10:26.6520035Z,-0.004606,0.628379,0.307653,-0.005610,0.632913,0.305586,3.69,gru,0.001003,0.004534,0.002067
2026-04-01T20:10:26.6842145Z,-0.009760,0.624742,0.307738,-0.019318,0.627789,0.305575,4.02,gru,0.009558,0.003047,0.002164
2026-04-01T20:10:26.7196669Z,-0.006901,0.623581,0.308040,-0.002762,0.626212,0.306291,5.01,gru,0.004138,0.002631,0.001749
2026-04-01T20:10:26.7520197Z,-0.006617,0.620823,0.308435,-0.003611,0.625546,0.306831,4.00,gru,0.003006,0.004723,0.001604
2026-04-01T20:10:26.7838820Z,-0.006632,0.618589,0.308724,-0.013068,0.624726,0.306896,4.62,gru,0.006436,0.006137,0.001829
2026-04-01T20:10:26.8224685Z,-0.006743,0.617195,0.308727,-0.009541,0.621102,0.306349,3.00,gru,0.002798,0.003907,0.002378
2026-04-01T20:10:26.8531664Z,-0.011925,0.614711,0.308430,-0.019689,0.619210,0.305699,5.01,gru,0.007764,0.004500,0.002731
2026-04-01T20:10:26.8834228Z,-0.026961,0.609391,0.309277,-0.049053,0.613649,0.308907,3.55,gru,0.022091,0.004258,0.000370
2026-04-01T20:10:26.9176949Z,-0.026978,0.607506,0.309495,-0.020345,0.606801,0.308559,4.02,gru,0.006634,0.000705,0.000936
2026-04-01T20:10:26.9532554Z,-0.023737,0.604999,0.309723,-0.007449,0.609172,0.307930,4.65,gru,0.016288,0.004174,0.001793
2026-04-01T20:10:26.9848307Z,-0.022468,0.601976,0.310102,-0.029892,0.610537,0.309084,4.15,gru,0.007423,0.008561,0.001018
2026-04-01T20:10:27.0190748Z,-0.022421,0.600238,0.310086,-0.031608,0.604499,0.307817,6.11,gru,0.009187,0.004261,0.002268
2026-04-01T20:10:27.0517590Z,-0.022673,0.598147,0.310302,-0.021726,0.601418,0.308327,3.61,gru,0.000946,0.003271,0.001975
2026-04-01T20:10:27.0920674Z,-0.022856,0.594555,0.310807,-0.020404,0.599571,0.309972,6.12,gru,0.002452,0.005016,0.000835
2026-04-01T20:10:27.1218831Z,-0.022591,0.591842,0.311089,-0.025578,0.597257,0.309796,4.52,gru,0.002987,0.005416,0.001293
2026-04-01T20:10:27.1547216Z,-0.023222,0.590386,0.311148,-0.027715,0.596155,0.308992,4.79,gru,0.004493,0.005768,0.002156
2026-04-01T20:10:27.2029768Z,-0.024982,0.586227,0.311563,-0.026866,0.589499,0.310112,9.53,gru,0.001884,0.003272,0.001451
2026-04-01T20:10:27.2391235Z,-0.024719,0.583093,0.312197,-0.023207,0.586370,0.311515,9.17,gru,0.001512,0.003277,0.000681
2026-04-01T20:10:27.2832597Z,-0.025386,0.580676,0.312315,-0.027563,0.587248,0.310580,5.79,gru,0.002177,0.006571,0.001735
2026-04-01T20:10:27.3164852Z,-0.025360,0.576796,0.312790,-0.027694,0.582445,0.311095,5.28,gru,0.002335,0.005649,0.001695
2026-04-01T20:10:27.3436480Z,-0.025481,0.575401,0.312768,-0.026574,0.581949,0.310737,4.48,gru,0.001093,0.006548,0.002031
2026-04-01T20:10:27.3520173Z,-0.025927,0.572789,0.313049,-0.027312,0.579929,0.311584,3.76,gru,0.001385,0.007140,0.001464
2026-04-01T20:10:27.3974844Z,-0.026312,0.570710,0.313286,-0.027477,0.576230,0.312203,9.88,gru,0.001166,0.005520,0.001083
2026-04-01T20:10:27.4328151Z,-0.026864,0.567272,0.313221,-0.028409,0.569678,0.311247,7.07,gru,0.001546,0.002406,0.001974
2026-04-01T20:10:27.4701410Z,-0.025967,0.565860,0.313658,-0.025211,0.571732,0.312613,6.52,gru,0.000756,0.005871,0.001045
2026-04-01T20:10:27.5036154Z,-0.026539,0.562124,0.313935,-0.027571,0.570183,0.312989,6.52,gru,0.001031,0.008059,0.000946
2026-04-01T20:10:27.5303636Z,-0.026028,0.559542,0.314020,-0.027372,0.567001,0.312085,5.04,gru,0.001344,0.007458,0.001935
2026-04-01T20:10:27.5600447Z,-0.027022,0.556787,0.314084,-0.029686,0.564579,0.312188,4.55,gru,0.002663,0.007791,0.001896
2026-04-01T20:10:27.6014723Z,-0.030398,0.553616,0.314000,-0.036950,0.561770,0.312169,11.54,gru,0.006552,0.008154,0.001831
2026-04-01T20:10:27.6394861Z,-0.031640,0.550112,0.314370,-0.032802,0.556098,0.313252,5.75,gru,0.001162,0.005986,0.001118
2026-04-01T20:10:27.6578908Z,-0.031698,0.547793,0.314272,-0.029851,0.555531,0.312577,3.19,gru,0.001848,0.007739,0.001695
2026-04-01T20:10:27.6936753Z,-0.031857,0.543265,0.314884,-0.033463,0.550971,0.313765,5.82,gru,0.001606,0.007706,0.001119
2026-04-01T20:10:27.7228225Z,-0.032127,0.541176,0.314879,-0.035233,0.549564,0.313250,4.01,gru,0.003106,0.008388,0.001629
2026-04-01T20:10:27.7605388Z,-0.032223,0.536519,0.315065,-0.032920,0.543043,0.313190,7.49,gru,0.000696,0.006524,0.001875
2026-04-01T20:10:27.7906170Z,-0.033108,0.533139,0.315109,-0.034681,0.541140,0.313594,7.56,gru,0.001574,0.008001,0.001515
2026-04-01T20:10:27.8297472Z,-0.038941,0.530017,0.315418,-0.049182,0.541291,0.314112,7.52,gru,0.010241,0.011274,0.001306
2026-04-01T20:10:27.8674520Z,-0.034996,0.526749,0.315518,-0.027884,0.531851,0.314153,7.38,gru,0.007112,0.005102,0.001366
2026-04-01T20:10:27.9046775Z,-0.034732,0.524267,0.315554,-0.031232,0.533058,0.313957,7.14,gru,0.003500,0.008791,0.001597
2026-04-01T20:10:27.9304682Z,-0.034988,0.520770,0.315755,-0.042507,0.531809,0.314742,5.03,gru,0.007519,0.011039,0.001012
2026-04-01T20:10:27.9632291Z,-0.034509,0.516520,0.316177,-0.035427,0.521939,0.315201,7.08,gru,0.000918,0.005419,0.000976
2026-04-01T20:10:27.9970682Z,-0.038333,0.514332,0.315691,-0.043351,0.525116,0.313269,8.89,gru,0.005018,0.010783,0.002422
2026-04-01T20:10:28.0258505Z,-0.038982,0.510530,0.315946,-0.040050,0.519895,0.314706,9.09,gru,0.001068,0.009365,0.001241
2026-04-01T20:10:28.0641842Z,-0.038897,0.506908,0.316393,-0.037092,0.514319,0.316212,8.44,gru,0.001804,0.007410,0.000181
2026-04-01T20:10:28.1136345Z,-0.039655,0.505236,0.315933,-0.043148,0.517098,0.313655,4.36,gru,0.003493,0.011863,0.002278
2026-04-01T20:10:28.1653634Z,-0.043118,0.499548,0.315381,-0.049370,0.506760,0.312818,6.72,gru,0.006252,0.007212,0.002563
2026-04-01T20:10:28.1978971Z,-0.038734,0.496895,0.315414,-0.031716,0.502938,0.314612,5.69,gru,0.007018,0.006042,0.000801
2026-04-01T20:10:28.2348081Z,-0.038605,0.495007,0.315054,-0.037979,0.508293,0.314156,5.17,gru,0.000626,0.013286,0.000898
2026-04-01T20:10:28.2625445Z,-0.029212,0.492085,0.315432,-0.021362,0.501523,0.314593,5.72,gru,0.007849,0.009438,0.000840
2026-04-01T20:10:28.2947574Z,-0.029779,0.489670,0.315497,-0.034421,0.500132,0.314325,3.58,gru,0.004642,0.010462,0.001172
2026-04-01T20:10:28.3290586Z,-0.030070,0.485979,0.316451,-0.038353,0.497303,0.316142,6.26,gru,0.008284,0.011324,0.000310
2026-04-01T20:10:28.3614942Z,-0.040217,0.485951,0.316193,-0.052290,0.498941,0.314563,6.56,gru,0.012073,0.012989,0.001630
2026-04-01T20:10:28.3887566Z,-0.030328,0.483011,0.317091,-0.011870,0.486427,0.316574,5.66,gru,0.018458,0.003416,0.000517
2026-04-01T20:10:28.4218391Z,-0.030400,0.478924,0.317979,-0.026351,0.486602,0.318836,4.39,gru,0.004049,0.007678,0.000858
2026-04-01T20:10:28.4538172Z,-0.034689,0.477576,0.317660,-0.055327,0.495075,0.314930,7.17,gru,0.020638,0.017499,0.002731
2026-04-01T20:10:28.4956354Z,-0.034693,0.474246,0.317822,-0.034121,0.478542,0.315695,5.48,gru,0.000573,0.004296,0.002128
2026-04-01T20:10:28.5227801Z,-0.035061,0.470793,0.317936,-0.027016,0.476982,0.317424,2.99,gru,0.008045,0.006189,0.000512
2026-04-01T20:10:28.5579295Z,-0.034968,0.469316,0.317431,-0.038230,0.481923,0.316067,4.01,gru,0.003262,0.012606,0.001364
2026-04-01T20:10:28.5851532Z,-0.032951,0.465282,0.317493,-0.034541,0.471967,0.316386,5.04,gru,0.001590,0.006685,0.001107
2026-04-01T20:10:28.6175851Z,-0.033360,0.462580,0.317210,-0.034640,0.470526,0.315900,4.22,gru,0.001280,0.007946,0.001310
2026-04-01T20:10:28.6519452Z,-0.033055,0.461139,0.317153,-0.032926,0.472432,0.316206,4.39,gru,0.000130,0.011294,0.000947
2026-04-01T20:10:28.6851187Z,-0.008475,0.450847,0.318271,0.027337,0.445548,0.318243,5.06,gru,0.035812,0.005299,0.000028
2026-04-01T20:10:28.7172830Z,-0.008435,0.449782,0.317586,-0.017629,0.464601,0.315674,5.13,gru,0.009193,0.014819,0.001913
2026-04-01T20:10:28.7544540Z,-0.008485,0.446176,0.316695,-0.032150,0.463478,0.312395,4.00,gru,0.023665,0.017302,0.004300
2026-04-01T20:10:28.7854196Z,-0.008548,0.443815,0.316578,-0.001359,0.442771,0.314938,5.50,gru,0.007189,0.001044,0.001639
2026-04-01T20:10:28.8243288Z,-0.008596,0.440692,0.315946,-0.001894,0.447563,0.315071,5.51,gru,0.006702,0.006872,0.000875
2026-04-01T20:10:28.8542011Z,-0.008343,0.438377,0.315374,-0.012687,0.447205,0.313885,4.00,gru,0.004344,0.008827,0.001489
2026-04-01T20:10:28.8892314Z,-0.004337,0.434344,0.314516,-0.004060,0.437083,0.312413,6.11,gru,0.000277,0.002739,0.002104
2026-04-01T20:10:28.9203493Z,-0.004733,0.432030,0.314181,-0.005723,0.438800,0.313238,4.08,gru,0.000990,0.006770,0.000943
2026-04-01T20:10:28.9514302Z,-0.005017,0.428402,0.313676,-0.006057,0.435377,0.313657,3.65,gru,0.001040,0.006975,0.000020
2026-04-01T20:10:28.9883940Z,-0.005187,0.424972,0.313180,-0.005969,0.430441,0.312030,4.02,gru,0.000781,0.005469,0.001150
2026-04-01T20:10:29.0197458Z,-0.004861,0.424378,0.312375,-0.005463,0.432754,0.311288,4.01,gru,0.000602,0.008377,0.001087
2026-04-01T20:10:29.0578681Z,-0.005226,0.419700,0.312207,-0.005438,0.424869,0.312260,6.02,gru,0.000212,0.005169,0.000053
2026-04-01T20:10:29.0888486Z,-0.005096,0.417092,0.312029,-0.005543,0.422734,0.312349,4.53,gru,0.000447,0.005642,0.000320
2026-04-01T20:10:29.1265189Z,-0.005433,0.412970,0.312462,-0.006002,0.419102,0.313209,6.02,gru,0.000570,0.006133,0.000747
2026-04-01T20:10:29.1502305Z,-0.005718,0.411191,0.311602,-0.006388,0.417696,0.310543,4.69,gru,0.000670,0.006505,0.001060
2026-04-01T20:10:29.1842329Z,-0.005457,0.409409,0.310755,-0.006691,0.416999,0.309143,3.03,gru,0.001235,0.007590,0.001612
2026-04-01T20:10:29.2181104Z,-0.002344,0.402493,0.310438,0.002656,0.404799,0.311313,3.51,gru,0.005000,0.002307,0.000875
2026-04-01T20:10:29.2510429Z,-0.002325,0.400704,0.309288,-0.004741,0.410999,0.308302,4.51,gru,0.002416,0.010295,0.000986
2026-04-01T20:10:29.2829553Z,-0.002331,0.398489,0.308373,-0.007172,0.410457,0.306475,3.51,gru,0.004842,0.011968,0.001898
2026-04-01T20:10:29.3190824Z,-0.001844,0.394343,0.307590,0.000259,0.395770,0.307590,4.01,gru,0.002103,0.001427,0.000000
2026-04-01T20:10:29.3521979Z,0.002131,0.390186,0.306625,0.007961,0.390020,0.306263,3.42,gru,0.005830,0.000166,0.000362
2026-04-01T20:10:29.3854374Z,0.002483,0.387557,0.305933,-0.000326,0.394992,0.305638,5.72,gru,0.002809,0.007435,0.000296
2026-04-01T20:10:29.4176542Z,0.002530,0.384932,0.304736,-0.002060,0.392675,0.303858,4.04,gru,0.004590,0.007743,0.000877
2026-04-01T20:10:29.4511070Z,0.002337,0.383104,0.304054,0.002825,0.386939,0.303811,4.58,gru,0.000488,0.003836,0.000243
2026-04-01T20:10:29.4831761Z,0.004225,0.380517,0.303429,0.007717,0.383279,0.303658,2.50,gru,0.003492,0.002762,0.000229
2026-04-01T20:10:29.5182413Z,0.004243,0.377952,0.303036,0.002680,0.383499,0.303282,3.51,gru,0.001563,0.005547,0.000246
2026-04-01T20:10:29.5531534Z,0.003964,0.377062,0.302610,0.000114,0.385200,0.302607,5.97,gru,0.003849,0.008138,0.000003
2026-04-01T20:10:29.5840932Z,0.004518,0.373828,0.302401,0.006030,0.376639,0.302544,3.51,gru,0.001512,0.002810,0.000143
2026-04-01T20:10:29.6191092Z,0.004469,0.371103,0.301912,0.005181,0.373924,0.301845,3.51,gru,0.000713,0.002820,0.000067
2026-04-01T20:10:29.6542144Z,0.004360,0.369086,0.301638,0.002231,0.376108,0.301701,4.00,gru,0.002129,0.007022,0.000063
2026-04-01T20:10:29.6922470Z,0.004560,0.369242,0.300849,0.003691,0.377168,0.300365,3.41,gru,0.000870,0.007926,0.000484
2026-04-01T20:10:29.7188104Z,0.003903,0.368281,0.300711,0.003042,0.374404,0.300820,4.01,gru,0.000861,0.006124,0.000109
2026-04-01T20:10:29.7516033Z,0.004391,0.366614,0.300010,0.005141,0.369423,0.299942,4.51,gru,0.000750,0.002809,0.000068
2026-04-01T20:10:29.7920002Z,0.004847,0.365162,0.299639,0.004858,0.370566,0.299398,5.01,gru,0.000012,0.005404,0.000241
2026-04-01T20:10:29.8240067Z,0.004429,0.363549,0.300054,0.002198,0.371888,0.301191,5.52,gru,0.002231,0.008339,0.001137
2026-04-01T20:10:29.8545041Z,0.007553,0.360668,0.299716,0.011675,0.363281,0.299504,6.54,gru,0.004122,0.002613,0.000212
2026-04-01T20:10:29.8855218Z,0.008451,0.358602,0.299845,0.009210,0.363311,0.299609,6.09,gru,0.000759,0.004710,0.000236
2026-04-01T20:10:29.9240721Z,0.008157,0.358194,0.299980,0.003944,0.367892,0.300397,5.15,gru,0.004214,0.009698,0.000418
2026-04-01T20:10:29.9616449Z,0.008417,0.358183,0.299976,0.008320,0.365350,0.299736,6.12,gru,0.000097,0.007167,0.000240
2026-04-01T20:10:30.0032843Z,0.013126,0.354290,0.299886,0.021699,0.354276,0.299332,6.00,gru,0.008573,0.000014,0.000554
2026-04-01T20:10:30.0303425Z,0.012724,0.354081,0.299027,0.010164,0.361228,0.297633,6.04,gru,0.002560,0.007147,0.001394
2026-04-01T20:10:30.0638588Z,0.009376,0.353657,0.298321,-0.000264,0.364850,0.297299,6.93,gru,0.009641,0.011193,0.001022
2026-04-01T20:10:30.0932177Z,0.012320,0.351324,0.298385,0.019452,0.352480,0.298595,4.02,gru,0.007132,0.001156,0.000210
2026-04-01T20:10:30.1219131Z,0.011946,0.348132,0.297006,0.015422,0.349821,0.295004,4.48,gru,0.003476,0.001690,0.002002
2026-04-01T20:10:30.1643858Z,0.008706,0.349432,0.295698,-0.000622,0.362500,0.293202,8.55,gru,0.009328,0.013068,0.002495
2026-04-01T20:10:30.2056195Z,0.007559,0.348097,0.295121,0.006037,0.355092,0.294993,5.01,gru,0.001521,0.006995,0.000127
2026-04-01T20:10:30.2254873Z,0.008363,0.345421,0.293586,0.014926,0.346219,0.291987,4.51,gru,0.006564,0.000799,0.001599
2026-04-01T20:10:30.2597171Z,0.011093,0.342151,0.292789,0.015154,0.345204,0.291194,4.06,gru,0.004061,0.003053,0.001595
2026-04-01T20:10:30.2893548Z,0.007801,0.341137,0.290776,-0.000402,0.352242,0.288509,3.76,gru,0.008203,0.011106,0.002267
2026-04-01T20:10:30.3229472Z,0.010245,0.338211,0.289753,0.012133,0.342741,0.288443,5.50,gru,0.001888,0.004530,0.001310
2026-04-01T20:10:30.3504452Z,0.010170,0.334768,0.288571,0.014610,0.336404,0.287487,3.51,gru,0.004440,0.001636,0.001084
2026-04-01T20:10:30.3859462Z,0.007329,0.332923,0.287653,0.000758,0.341668,0.286239,4.21,gru,0.006571,0.008745,0.001414
2026-04-01T20:10:30.4188397Z,0.008609,0.330918,0.287377,0.009422,0.337124,0.287167,4.71,gru,0.000813,0.006206,0.000211
2026-04-01T20:10:30.4534841Z,0.008980,0.327664,0.286220,0.012534,0.331400,0.284550,3.00,gru,0.003554,0.003736,0.001670
2026-04-01T20:10:30.4859562Z,0.002599,0.327125,0.285642,-0.007732,0.337096,0.284418,5.67,gru,0.010331,0.009972,0.001224
2026-04-01T20:10:30.5233790Z,0.004472,0.323969,0.284939,0.007008,0.326157,0.284528,4.13,gru,0.002536,0.002188,0.000411
2026-04-01T20:10:30.5568247Z,-0.002360,0.324405,0.284125,-0.006804,0.333420,0.283181,3.52,gru,0.004444,0.009014,0.000944
2026-04-01T20:10:30.5891887Z,-0.001768,0.320678,0.283585,-0.002398,0.326653,0.282646,4.03,gru,0.000630,0.005975,0.000939
2026-04-01T20:10:30.6264763Z,0.001783,0.316633,0.282870,0.010688,0.315791,0.282099,7.94,gru,0.008906,0.000842,0.000771
2026-04-01T20:10:30.6660928Z,0.001498,0.313865,0.282065,-0.001689,0.323568,0.281065,7.52,gru,0.003187,0.009703,0.001000
2026-04-01T20:10:30.7013832Z,-0.000203,0.311025,0.282039,-0.006398,0.320656,0.281936,7.97,gru,0.006195,0.009631,0.000102
2026-04-01T20:10:30.7369388Z,0.000207,0.310359,0.280116,0.002204,0.314756,0.277658,6.06,gru,0.001997,0.004397,0.002458
2026-04-01T20:10:30.7723204Z,-0.000331,0.307435,0.279680,0.001349,0.310986,0.278728,6.76,gru,0.001680,0.003550,0.000952
2026-04-01T20:10:30.8019655Z,-0.001176,0.305331,0.279106,-0.003701,0.312026,0.279633,7.47,gru,0.002525,0.006696,0.000527
2026-04-01T20:10:30.8283718Z,-0.003522,0.304801,0.277653,-0.007900,0.314279,0.275336,7.28,gru,0.004378,0.009478,0.002317
2026-04-01T20:10:30.8601428Z,-0.003836,0.302310,0.277245,-0.002729,0.307639,0.276254,5.28,gru,0.001108,0.005329,0.000990
2026-04-01T20:10:30.8903305Z,-0.004416,0.300740,0.275862,-0.003082,0.305814,0.274500,5.63,gru,0.001334,0.005074,0.001362
2026-04-01T20:10:30.9197964Z,-0.004585,0.298025,0.275830,-0.005934,0.305905,0.275516,5.84,gru,0.001348,0.007880,0.000314
2026-04-01T20:10:30.9500101Z,-0.002920,0.294007,0.275115,-0.001083,0.298870,0.274283,4.51,gru,0.001838,0.004862,0.000832
2026-04-01T20:10:30.9839987Z,0.077792,0.239143,0.272110,0.078917,0.230685,0.269149,3.51,gru,0.001126,0.008459,0.002962
2026-04-01T20:10:31.0165641Z,0.078992,0.234625,0.270963,0.055897,0.277794,0.268725,4.01,gru,0.023095,0.043169,0.002238
2026-04-01T20:10:31.0544714Z,0.079072,0.231570,0.270354,0.030086,0.328200,0.268638,4.00,gru,0.048986,0.096630,0.001716
2026-04-01T20:10:31.0913461Z,0.078994,0.228319,0.269694,0.080537,0.248200,0.263607,6.22,gru,0.001543,0.019881,0.006087
2026-04-01T20:10:31.1241395Z,0.077773,0.224208,0.269296,0.082937,0.224139,0.258819,5.23,gru,0.005164,0.000069,0.010477
2026-04-01T20:10:31.1531854Z,0.076091,0.222681,0.268854,0.051431,0.248467,0.264352,3.74,gru,0.024660,0.025786,0.004502
2026-04-01T20:10:31.1958542Z,0.073894,0.218913,0.269234,0.051044,0.247583,0.268367,3.62,gru,0.022851,0.028670,0.000867
2026-04-01T20:10:31.2299401Z,0.074992,0.214975,0.267958,0.073204,0.229555,0.263231,5.04,gru,0.001788,0.014580,0.004727
2026-04-01T20:10:31.2613762Z,0.074822,0.212387,0.267237,0.072961,0.218329,0.259783,5.02,gru,0.001860,0.005941,0.007454
2026-04-01T20:10:31.2927561Z,0.071261,0.212758,0.267088,0.056308,0.236950,0.266992,7.91,gru,0.014954,0.024192,0.000096
2026-04-01T20:10:31.3320409Z,0.071471,0.208388,0.267012,0.065845,0.222149,0.267734,6.40,gru,0.005625,0.013760,0.000722
2026-04-01T20:10:31.3704517Z,0.071444,0.206000,0.266743,0.071604,0.212530,0.262968,7.60,gru,0.000159,0.006530,0.003774
2026-04-01T20:10:31.4055867Z,0.068769,0.204318,0.267725,0.062671,0.214608,0.265897,4.97,gru,0.006097,0.010290,0.001828
2026-04-01T20:10:31.4346575Z,0.065821,0.204657,0.268253,0.058511,0.216512,0.269460,7.06,gru,0.007310,0.011855,0.001207
2026-04-01T20:10:31.4648370Z,0.065090,0.202758,0.269090,0.065630,0.211243,0.269434,5.67,gru,0.000540,0.008485,0.000344
2026-04-01T20:10:31.5031791Z,-0.009903,0.259282,0.269921,-0.014370,0.291243,0.264264,6.71,gru,0.004467,0.031961,0.005657
2026-04-01T20:10:31.5555258Z,-0.016517,0.258604,0.271597,-0.002514,0.263951,0.266686,5.00,gru,0.014003,0.005347,0.004911
2026-04-01T20:10:31.5858562Z,0.061187,0.194737,0.266744,0.064708,0.237016,0.262514,4.01,gru,0.003520,0.042279,0.004229
2026-04-01T20:10:31.6233838Z,0.062648,0.189784,0.264370,0.012443,0.272482,0.253661,3.51,gru,0.050205,0.082698,0.010709
2026-04-01T20:10:31.6564216Z,0.062566,0.186332,0.261080,-0.018819,0.352482,0.253364,3.45,gru,0.081384,0.166150,0.007716
2026-04-01T20:10:31.6865286Z,0.061597,0.182482,0.257479,0.026080,0.272482,0.241690,6.02,gru,0.035517,0.090000,0.015789
2026-04-01T20:10:31.7206317Z,0.060761,0.179395,0.253716,0.044322,0.221379,0.233857,3.55,gru,0.016439,0.041984,0.019858
2026-04-01T20:10:31.7585549Z,0.059594,0.174922,0.250371,0.011556,0.241455,0.236891,3.77,gru,0.048038,0.066534,0.013480
2026-04-01T20:10:31.7890681Z,0.057481,0.171454,0.247595,0.010132,0.248205,0.239573,4.67,gru,0.047349,0.076750,0.008022
2026-04-01T20:10:31.8227576Z,0.056704,0.166016,0.244490,0.032930,0.214203,0.234067,7.30,gru,0.023774,0.048187,0.010423
2026-04-01T20:10:31.8534359Z,0.056171,0.162951,0.241637,0.037268,0.189825,0.226982,3.73,gru,0.018904,0.026875,0.014655
2026-04-01T20:10:31.8890602Z,0.055707,0.158664,0.238805,0.033706,0.189750,0.231487,5.45,gru,0.022001,0.031086,0.007318
2026-04-01T20:10:31.9275246Z,0.053201,0.154969,0.235688,0.033256,0.184693,0.230748,5.07,gru,0.019944,0.029724,0.004940
2026-04-01T20:10:31.9587784Z,0.051939,0.149598,0.231603,0.040004,0.165681,0.223162,4.01,gru,0.011936,0.016083,0.008442
2026-04-01T20:10:31.9895512Z,0.050595,0.143972,0.227278,0.046813,0.153125,0.217698,5.58,gru,0.003781,0.009153,0.009580
2026-04-01T20:10:32.0233380Z,0.045876,0.140287,0.223224,0.037808,0.151762,0.219040,7.69,gru,0.008069,0.011475,0.004184
2026-04-01T20:10:32.0565899Z,0.045545,0.133390,0.216940,0.047964,0.135470,0.211634,3.51,gru,0.002419,0.002081,0.005306
2026-04-01T20:10:32.1061077Z,0.043409,0.128371,0.210713,0.044267,0.126225,0.203596,4.00,gru,0.000858,0.002147,0.007116
2026-04-01T20:10:32.1268836Z,0.042654,0.123921,0.203852,0.046675,0.113194,0.197600,5.04,gru,0.004021,0.010727,0.006252
2026-04-01T20:10:32.1569853Z,0.041149,0.119126,0.196236,0.038071,0.138744,0.188516,3.00,gru,0.003079,0.019619,0.007721
2026-04-01T20:10:32.1936587Z,0.038831,0.115011,0.189033,0.034469,0.129067,0.181417,5.70,gru,0.004362,0.014056,0.007616
2026-04-01T20:10:32.2257593Z,0.038776,0.110650,0.181064,0.039715,0.110184,0.173967,5.23,gru,0.000939,0.000467,0.007097
2026-04-01T20:10:32.2514389Z,0.037903,0.107196,0.173811,0.038557,0.108634,0.167469,4.02,gru,0.000654,0.001438,0.006342
2026-04-01T20:10:32.2995922Z,0.036472,0.103092,0.168196,0.035887,0.105348,0.164538,5.64,gru,0.000585,0.002256,0.003658
2026-04-01T20:10:32.3344312Z,0.035639,0.100679,0.161771,0.036099,0.101982,0.156024,6.63,gru,0.000459,0.001302,0.005747
2026-04-01T20:10:32.3680325Z,0.034738,0.098408,0.155639,0.035820,0.100074,0.148729,7.15,gru,0.001082,0.001666,0.006911
2026-04-01T20:10:32.4009976Z,0.034625,0.095068,0.150088,0.036646,0.095327,0.144644,4.51,gru,0.002021,0.000259,0.005444
2026-04-01T20:10:32.4358997Z,0.034066,0.093833,0.145465,0.035298,0.096181,0.141144,5.06,gru,0.001232,0.002348,0.004321
2026-04-01T20:10:32.4662365Z,0.033888,0.091903,0.141000,0.035637,0.093481,0.136086,5.25,gru,0.001749,0.001578,0.004914
2026-04-01T20:10:32.4982174Z,0.033173,0.088486,0.137371,0.035762,0.087658,0.132552,5.09,gru,0.002589,0.000828,0.004819
2026-04-01T20:10:32.5272321Z,0.033074,0.087790,0.133174,0.035511,0.088793,0.127583,4.52,gru,0.002437,0.001003,0.005591
2026-04-01T20:10:32.5579799Z,0.031860,0.085345,0.129868,0.034184,0.086437,0.125127,3.52,gru,0.002324,0.001092,0.004741
2026-04-01T20:10:32.5836296Z,0.031540,0.083594,0.126573,0.034730,0.082953,0.122092,5.03,gru,0.003190,0.000641,0.004481
2026-04-01T20:10:32.6302106Z,0.030768,0.082720,0.124026,0.034069,0.082880,0.119542,7.11,gru,0.003301,0.000161,0.004484
2026-04-01T20:10:32.6528290Z,0.030661,0.080415,0.121944,0.034691,0.079295,0.118099,3.00,gru,0.004030,0.001120,0.003845
2026-04-01T20:10:32.6819264Z,0.030517,0.080297,0.119258,0.034876,0.079406,0.114343,3.52,gru,0.004359,0.000890,0.004915
2026-04-01T20:10:32.7184609Z,0.030397,0.079175,0.116399,0.035082,0.077785,0.110995,3.77,gru,0.004685,0.001391,0.005403
2026-04-01T20:10:32.7523652Z,0.029945,0.079148,0.112895,0.034861,0.077269,0.107141,4.23,gru,0.004916,0.001879,0.005754
2026-04-01T20:10:32.7840414Z,0.029664,0.078487,0.109579,0.035004,0.075777,0.104055,3.52,gru,0.005339,0.002710,0.005524
2026-04-01T20:10:32.8231876Z,0.028861,0.076580,0.106453,0.034586,0.072011,0.101450,5.51,gru,0.005726,0.004569,0.005003
2026-04-01T20:10:32.8520693Z,0.027405,0.077361,0.102182,0.032515,0.074868,0.095526,5.02,gru,0.005110,0.002493,0.006657
2026-04-01T20:10:32.8820023Z,0.026876,0.076182,0.099047,0.033105,0.071513,0.093448,4.53,gru,0.006229,0.004669,0.005599
2026-04-01T20:10:32.9185339Z,0.026356,0.076387,0.095155,0.033267,0.070588,0.089409,4.03,gru,0.006911,0.005799,0.005746
2026-04-01T20:10:32.9531276Z,0.024998,0.075264,0.092094,0.031585,0.069332,0.086554,4.29,gru,0.006587,0.005932,0.005539
2026-04-01T20:10:32.9903079Z,0.024155,0.074919,0.088769,0.031237,0.068311,0.083363,5.15,gru,0.007081,0.006609,0.005407
2026-04-01T20:10:33.0256184Z,0.023464,0.074073,0.084875,0.031494,0.066529,0.078265,3.12,gru,0.008030,0.007543,0.006611
2026-04-01T20:10:33.0607096Z,0.023144,0.073324,0.081129,0.031874,0.065030,0.074831,6.13,gru,0.008730,0.008293,0.006298
2026-04-01T20:10:33.0901639Z,0.022282,0.072534,0.076737,0.031407,0.063913,0.070067,5.06,gru,0.009125,0.008621,0.006670
2026-04-01T20:10:33.1293448Z,0.021405,0.072109,0.072332,0.031020,0.062895,0.065513,4.58,gru,0.009616,0.009214,0.006819
2026-04-01T20:10:33.1602811Z,0.019897,0.071861,0.067802,0.030032,0.062369,0.061141,5.50,gru,0.010136,0.009492,0.006660
2026-04-01T20:10:33.1916204Z,0.018927,0.072476,0.063041,0.030036,0.062131,0.056053,4.52,gru,0.011109,0.010345,0.006988
2026-04-01T20:10:33.2246505Z,0.018039,0.072301,0.059223,0.030376,0.059960,0.053366,5.51,gru,0.012338,0.012340,0.005857
2026-04-01T20:10:33.2580415Z,0.017731,0.073155,0.054929,0.031473,0.059795,0.048775,5.40,gru,0.013742,0.013360,0.006154
2026-04-01T20:10:33.2857728Z,0.017822,0.072007,0.050569,0.033504,0.055804,0.043879,4.50,gru,0.015682,0.016203,0.006690
2026-04-01T20:10:33.3243784Z,0.017089,0.071904,0.046527,0.034046,0.055286,0.040734,6.11,gru,0.016957,0.016618,0.005793
2026-04-01T20:10:33.3587514Z,0.016469,0.072832,0.042237,0.035133,0.056253,0.036456,5.08,gru,0.018665,0.016580,0.005781
2026-04-01T20:10:33.3926613Z,0.015644,0.073153,0.038161,0.036927,0.053822,0.032671,6.24,gru,0.021283,0.019331,0.005490
2026-04-01T20:10:33.4211549Z,0.014497,0.073619,0.035541,0.038111,0.052057,0.031961,5.07,gru,0.023614,0.021563,0.003580
2026-04-01T20:10:33.4550240Z,0.014271,0.074537,0.033482,0.040798,0.051048,0.030702,3.80,gru,0.026527,0.023489,0.002780
2026-04-01T20:10:33.4910804Z,0.014619,0.075107,0.031938,0.045083,0.048977,0.029322,4.43,gru,0.030463,0.026129,0.002616
2026-04-01T20:10:33.5202350Z,0.014744,0.074986,0.031365,0.048403,0.046510,0.029975,4.24,gru,0.033659,0.028476,0.001391
2026-04-01T20:10:33.5525452Z,0.015280,0.075386,0.030200,0.052379,0.045338,0.028414,5.78,gru,0.037099,0.030049,0.001786
2026-04-01T20:10:33.5867341Z,0.016229,0.076236,0.030083,0.056774,0.044827,0.029254,4.13,gru,0.040546,0.031409,0.000829
2026-04-01T20:10:33.6170535Z,0.015844,0.076267,0.030891,0.059566,0.043120,0.031972,5.22,gru,0.043722,0.033147,0.001081
2026-04-01T20:10:33.6518526Z,0.016077,0.075941,0.031614,0.063255,0.040292,0.032397,4.93,gru,0.047178,0.035649,0.000782
2026-04-01T20:10:33.6892048Z,0.015966,0.077044,0.030991,0.066424,0.041109,0.030341,7.10,gru,0.050458,0.035935,0.000650
2026-04-01T20:10:33.7226157Z,0.015534,0.076603,0.030985,0.068866,0.038975,0.031367,5.51,gru,0.053333,0.037628,0.000382
2026-04-01T20:10:33.7520026Z,0.015590,0.076359,0.031071,0.071377,0.037001,0.032535,4.01,gru,0.055787,0.039358,0.001464
2026-04-01T20:10:33.7840492Z,0.015197,0.076305,0.030997,0.073475,0.036583,0.032234,4.51,gru,0.058278,0.039722,0.001237
2026-04-01T20:10:33.8157352Z,0.015061,0.074577,0.031310,0.075633,0.033233,0.033096,4.07,gru,0.060572,0.041344,0.001786
2026-04-01T20:10:33.8535009Z,0.014266,0.074242,0.030838,0.077163,0.033004,0.032264,4.00,gru,0.062897,0.041238,0.001427
2026-04-01T20:10:33.8893421Z,0.013578,0.073533,0.030559,0.078510,0.032229,0.032307,4.52,gru,0.064932,0.041304,0.001748
2026-04-01T20:10:33.9230659Z,0.012583,0.073573,0.029671,0.079461,0.031607,0.031562,7.07,gru,0.066878,0.041965,0.001891
2026-04-01T20:10:33.9656626Z,0.012399,0.073739,0.029456,0.080635,0.031028,0.031785,4.14,gru,0.068237,0.042711,0.002329
2026-04-01T20:10:34.0000480Z,0.011629,0.073215,0.030215,0.080948,0.029657,0.033916,4.07,gru,0.069320,0.043557,0.003700
2026-04-01T20:10:34.0323246Z,0.011151,0.072630,0.030871,0.081516,0.028523,0.034349,3.64,gru,0.070365,0.044106,0.003478
2026-04-01T20:10:34.0564082Z,0.010907,0.073515,0.030474,0.082622,0.029773,0.032636,4.50,gru,0.071716,0.043742,0.002161
2026-04-01T20:10:34.0853835Z,0.010239,0.073472,0.031147,0.082814,0.029230,0.034373,6.76,gru,0.072575,0.044241,0.003225
2026-04-01T20:10:34.1272731Z,0.008665,0.074015,0.032162,0.082162,0.029556,0.036475,6.03,gru,0.073497,0.044460,0.004313
2026-04-01T20:10:34.1616617Z,0.009139,0.074151,0.032148,0.083338,0.028701,0.034901,5.00,gru,0.074199,0.045450,0.002754
2026-04-01T20:10:34.1985727Z,0.008244,0.074270,0.032369,0.083554,0.028655,0.035106,6.22,gru,0.075310,0.045615,0.002737
2026-04-01T20:10:34.2224971Z,0.007969,0.073357,0.033590,0.083292,0.027685,0.037685,3.00,gru,0.075323,0.045672,0.004095
2026-04-01T20:10:34.2520270Z,0.007330,0.073752,0.034116,0.083304,0.028714,0.037604,3.75,gru,0.075974,0.045038,0.003488
2026-04-01T20:10:34.2884854Z,0.007732,0.073954,0.035163,0.083398,0.029235,0.038357,4.03,gru,0.075666,0.044719,0.003194
2026-04-01T20:10:34.3201915Z,0.007032,0.074257,0.036209,0.082901,0.029542,0.039663,4.51,gru,0.075869,0.044715,0.003455
2026-04-01T20:10:34.3569910Z,0.006874,0.073116,0.038078,0.082446,0.027795,0.041958,4.46,gru,0.075571,0.045322,0.003880
2026-04-01T20:10:34.3843506Z,0.006791,0.074776,0.037732,0.082654,0.030616,0.039660,5.69,gru,0.075862,0.044160,0.001928
2026-04-01T20:10:34.4169629Z,0.006096,0.075486,0.038497,0.081996,0.031547,0.040783,3.51,gru,0.075900,0.043939,0.002286
2026-04-01T20:10:34.4527338Z,0.006322,0.076989,0.038058,0.081997,0.031791,0.040230,3.70,gru,0.075675,0.045198,0.002172
2026-04-01T20:10:34.4843546Z,0.006104,0.077228,0.038452,0.081547,0.031075,0.040635,3.52,gru,0.075443,0.046153,0.002182
2026-04-01T20:10:34.5192474Z,0.005998,0.076503,0.039069,0.080814,0.029853,0.041970,4.03,gru,0.074817,0.046650,0.002901
2026-04-01T20:10:34.5645568Z,0.006242,0.078013,0.039117,0.081119,0.032504,0.040863,10.67,gru,0.074877,0.045509,0.001746
2026-04-01T20:10:34.5940181Z,0.006027,0.077240,0.042397,0.079720,0.031522,0.046901,4.64,gru,0.073693,0.045717,0.004503
2026-04-01T20:10:34.6216007Z,0.006336,0.077396,0.043074,0.079385,0.030850,0.045527,4.65,gru,0.073049,0.046547,0.002453
2026-04-01T20:10:34.6555844Z,0.006651,0.077816,0.042726,0.079139,0.032114,0.042424,6.42,gru,0.072488,0.045702,0.000303
2026-04-01T20:10:34.6835132Z,0.006482,0.078539,0.042411,0.078307,0.033102,0.043222,4.10,gru,0.071825,0.045438,0.000811
2026-04-01T20:10:34.7216636Z,0.006397,0.079010,0.042121,0.077585,0.033294,0.043394,4.51,gru,0.071188,0.045715,0.001273
2026-04-01T20:10:34.7557020Z,0.005758,0.080192,0.039531,0.077378,0.034342,0.038778,5.00,gru,0.071620,0.045851,0.000753
2026-04-01T20:10:34.7910178Z,0.006096,0.080554,0.037171,0.077759,0.033733,0.036152,4.62,gru,0.071663,0.046821,0.001019
2026-04-01T20:10:34.8258418Z,0.005087,0.080497,0.036244,0.077141,0.033272,0.037781,4.69,gru,0.072054,0.047225,0.001538
2026-04-01T20:10:34.8756360Z,0.004510,0.080316,0.034709,0.077120,0.033015,0.035903,6.17,gru,0.072611,0.047300,0.001194
2026-04-01T20:10:34.9179471Z,0.002939,0.080042,0.031986,0.077435,0.033970,0.032842,5.63,gru,0.074496,0.046072,0.000856
2026-04-01T20:10:34.9586600Z,0.002271,0.079489,0.031544,0.078863,0.030362,0.034106,5.70,gru,0.076593,0.049128,0.002561
2026-04-01T20:10:34.9959886Z,0.002053,0.079433,0.030815,0.079512,0.031116,0.032738,10.24,gru,0.077459,0.048317,0.001923
2026-04-01T20:10:35.0306001Z,0.001580,0.080056,0.029677,0.080686,0.031869,0.031296,7.04,gru,0.079106,0.048187,0.001619
2026-04-01T20:10:35.0699235Z,0.001809,0.079614,0.028761,0.082181,0.030193,0.030792,7.16,gru,0.080372,0.049420,0.002031
2026-04-01T20:10:35.1042768Z,0.001767,0.079528,0.027890,0.083436,0.029731,0.030463,5.77,gru,0.081669,0.049797,0.002573
2026-04-01T20:10:35.1344359Z,0.001756,0.079048,0.027574,0.084487,0.029522,0.030737,9.70,gru,0.082731,0.049526,0.003164
2026-04-01T20:10:35.1701550Z,0.001558,0.077805,0.027326,0.085814,0.027970,0.030809,6.65,gru,0.084255,0.049835,0.003482
2026-04-01T20:10:35.2074686Z,0.000491,0.080074,0.024723,0.087720,0.031581,0.026434,7.05,gru,0.087229,0.048494,0.001711
2026-04-01T20:10:35.2360748Z,0.000050,0.079560,0.022868,0.088878,0.029582,0.025531,10.96,gru,0.088828,0.049978,0.002663
2026-04-01T20:10:35.2682175Z,-0.000639,0.079713,0.022238,0.089952,0.028387,0.027264,4.63,gru,0.090591,0.051326,0.005026
2026-04-01T20:10:35.2882472Z,-0.001270,0.079144,0.021845,0.091476,0.027777,0.027095,3.63,gru,0.092746,0.051368,0.005249
2026-04-01T20:10:35.3267009Z,-0.001210,0.080529,0.018949,0.094079,0.029326,0.022236,5.35,gru,0.095290,0.051203,0.003287
2026-04-01T20:10:35.3579894Z,-0.001375,0.079485,0.018996,0.094960,0.027530,0.024503,4.53,gru,0.096335,0.051955,0.005507
2026-04-01T20:10:35.3905714Z,-0.002022,0.080746,0.018250,0.096777,0.028333,0.024867,5.16,gru,0.098799,0.052413,0.006617
2026-04-01T20:10:35.4358410Z,-0.002378,0.080836,0.017752,0.098380,0.028114,0.023678,9.60,gru,0.100758,0.052722,0.005926
2026-04-01T20:10:35.4705780Z,-0.002798,0.080593,0.017838,0.099324,0.027042,0.024763,8.49,gru,0.102121,0.053551,0.006925
2026-04-01T20:10:35.4925039Z,-0.003094,0.080004,0.017786,0.100493,0.026340,0.024686,5.62,gru,0.103587,0.053664,0.006900
2026-04-01T20:10:35.5264110Z,-0.003719,0.080591,0.017107,0.102204,0.027062,0.023818,4.91,gru,0.105923,0.053529,0.006711
2026-04-01T20:10:35.5620378Z,-0.004067,0.080784,0.016448,0.103282,0.027011,0.023449,6.58,gru,0.107348,0.053773,0.007001
2026-04-01T20:10:35.5874726Z,-0.004369,0.079672,0.016858,0.103912,0.025161,0.025039,3.51,gru,0.108281,0.054511,0.008181
2026-04-01T20:10:35.6190018Z,-0.004256,0.079754,0.015953,0.105297,0.025357,0.023390,3.51,gru,0.109553,0.054398,0.007437
2026-04-01T20:10:35.6606498Z,-0.004921,0.079723,0.015809,0.106131,0.025942,0.023609,4.28,gru,0.111052,0.053781,0.007800
2026-04-01T20:10:35.7032913Z,-0.005080,0.080150,0.015666,0.107029,0.025945,0.024211,8.57,gru,0.112109,0.054205,0.008545
2026-04-01T20:10:35.7362496Z,-0.004424,0.079419,0.014841,0.108389,0.024267,0.022866,6.56,gru,0.112812,0.055153,0.008025
2026-04-01T20:10:35.7640166Z,-0.004947,0.079549,0.016627,0.108059,0.024767,0.026475,3.27,gru,0.113007,0.054783,0.009847
2026-04-01T20:10:35.7964824Z,-0.005460,0.079416,0.015966,0.108470,0.025179,0.024704,4.02,gru,0.113930,0.054237,0.008738
2026-04-01T20:10:35.8267620Z,-0.004546,0.078897,0.014912,0.109769,0.023808,0.022517,4.51,gru,0.114315,0.055090,0.007605
2026-04-01T20:10:35.8660848Z,-0.004491,0.078668,0.015882,0.109655,0.023660,0.025611,6.72,gru,0.114146,0.055009,0.009728
2026-04-01T20:10:35.8999652Z,-0.005357,0.079299,0.016652,0.109487,0.025003,0.026639,5.19,gru,0.114844,0.054296,0.009987
2026-04-01T20:10:35.9316964Z,-0.004449,0.078599,0.015592,0.110362,0.023643,0.023808,5.02,gru,0.114811,0.054956,0.008216
2026-04-01T20:10:35.9613893Z,-0.004935,0.078115,0.015828,0.110377,0.022886,0.024710,5.57,gru,0.115312,0.055229,0.008882
2026-04-01T20:10:35.9914553Z,-0.006538,0.079355,0.015015,0.110408,0.025289,0.024116,6.53,gru,0.116946,0.054066,0.009101
2026-04-01T20:10:36.0193774Z,-0.007321,0.079168,0.013355,0.111151,0.024398,0.021874,4.95,gru,0.118472,0.054770,0.008520
2026-04-01T20:10:36.0535642Z,-0.008318,0.080900,0.013257,0.111354,0.025413,0.023041,4.00,gru,0.119672,0.055487,0.009784
2026-04-01T20:10:36.0881799Z,-0.008213,0.079067,0.013667,0.111264,0.022801,0.024183,5.03,gru,0.119477,0.056266,0.010516
2026-04-01T20:10:36.1184003Z,-0.008214,0.078611,0.013072,0.112094,0.022376,0.022655,3.84,gru,0.120308,0.056235,0.009583
2026-04-01T20:10:36.1505785Z,-0.008816,0.078637,0.013063,0.112543,0.023654,0.022824,4.51,gru,0.121358,0.054983,0.009761
2026-04-01T20:10:36.1841893Z,-0.009543,0.080784,0.012214,0.113357,0.025842,0.021955,4.51,gru,0.122900,0.054942,0.009740
2026-04-01T20:10:36.2226212Z,-0.009533,0.081294,0.010670,0.114209,0.024976,0.020014,4.00,gru,0.123742,0.056318,0.009345
2026-04-01T20:10:36.2589959Z,-0.009714,0.080850,0.010577,0.114182,0.023362,0.021242,5.28,gru,0.123896,0.057488,0.010664
2026-04-01T20:10:36.2904559Z,-0.010134,0.080013,0.010980,0.114457,0.022911,0.022378,5.96,gru,0.124590,0.057102,0.011398
2026-04-01T20:10:36.3212895Z,-0.010553,0.081277,0.011191,0.115314,0.025122,0.022026,4.01,gru,0.125867,0.056155,0.010835
2026-04-01T20:10:36.3509589Z,-0.009639,0.079817,0.010634,0.115875,0.023017,0.021066,3.52,gru,0.125514,0.056800,0.010432
2026-04-01T20:10:36.3907020Z,-0.010671,0.081490,0.011121,0.115950,0.024950,0.022133,5.52,gru,0.126622,0.056540,0.011013
2026-04-01T20:10:36.4174833Z,-0.010401,0.080227,0.010714,0.116491,0.023451,0.021751,4.52,gru,0.126891,0.056776,0.011037
2026-04-01T20:10:36.4522041Z,-0.010421,0.078631,0.011225,0.116590,0.021651,0.022658,5.70,gru,0.127011,0.056980,0.011433
2026-04-01T20:10:36.4877691Z,-0.010425,0.080121,0.010808,0.117501,0.024349,0.021694,4.03,gru,0.127926,0.055771,0.010886
2026-04-01T20:10:36.5229934Z,-0.010649,0.077133,0.012136,0.116952,0.021469,0.024155,5.43,gru,0.127601,0.055664,0.012019
2026-04-01T20:10:36.5566765Z,-0.010570,0.077170,0.011992,0.117349,0.021504,0.023498,3.01,gru,0.127919,0.055666,0.011506
2026-04-01T20:10:36.6101028Z,-0.010896,0.077579,0.011651,0.117695,0.023157,0.022136,4.40,gru,0.128591,0.054422,0.010485
2026-04-01T20:10:36.6318435Z,-0.010499,0.076992,0.011981,0.117416,0.021977,0.023515,4.03,gru,0.127915,0.055015,0.011534
2026-04-01T20:10:36.6620442Z,-0.010747,0.077006,0.012236,0.117483,0.021745,0.023800,4.52,gru,0.128229,0.055261,0.011565
2026-04-01T20:10:36.6855520Z,-0.011024,0.078236,0.011324,0.118142,0.023012,0.022018,4.54,gru,0.129167,0.055223,0.010694
2026-04-01T20:10:36.7925156Z,-0.011781,0.076538,0.011107,0.117981,0.020935,0.022551,5.56,gru,0.129763,0.055603,0.011444
2026-04-01T20:10:36.8286345Z,-0.012035,0.076406,0.010883,0.118150,0.020803,0.022721,4.80,gru,0.130185,0.055603,0.011839
2026-04-01T20:10:36.8512427Z,-0.013779,0.077537,0.009772,0.118639,0.023018,0.020969,5.73,gru,0.132419,0.054519,0.011197
2026-04-01T20:10:36.8822156Z,-0.013262,0.076301,0.009557,0.118578,0.020987,0.021465,7.01,gru,0.131840,0.055314,0.011908
2026-04-01T20:10:36.9034533Z,-0.016037,0.076589,0.009924,0.118402,0.021549,0.022731,4.00,gru,0.134439,0.055041,0.012807
2026-04-01T20:10:36.9392166Z,-0.016221,0.076607,0.009503,0.119191,0.021630,0.021612,5.01,gru,0.135412,0.054976,0.012109
2026-04-01T20:10:36.9753027Z,-0.015459,0.073362,0.009023,0.119386,0.018189,0.021213,3.75,gru,0.134845,0.055173,0.012190
2026-04-01T20:10:36.9908435Z,-0.017580,0.075460,0.008339,0.120343,0.021767,0.020528,5.32,gru,0.137923,0.053693,0.012189
2026-04-01T20:10:37.0204713Z,-0.017731,0.075491,0.007671,0.121160,0.021882,0.020115,5.39,gru,0.138891,0.053609,0.012444
2026-04-01T20:10:37.0536917Z,-0.018454,0.073149,0.008007,0.120723,0.019033,0.021639,3.33,gru,0.139178,0.054116,0.013632
2026-04-01T20:10:37.0833283Z,-0.019354,0.072959,0.009142,0.121140,0.019494,0.023014,3.04,gru,0.140494,0.053465,0.013872
2026-04-01T20:10:37.1187670Z,-0.018015,0.071531,0.008003,0.122595,0.018699,0.020468,4.19,gru,0.140609,0.052832,0.012465
2026-04-01T20:10:37.1508195Z,-0.017528,0.069275,0.008304,0.122800,0.017101,0.021430,3.52,gru,0.140328,0.052174,0.013126
2026-04-01T20:10:37.1903017Z,-0.018228,0.071253,0.008546,0.123531,0.020311,0.022243,4.07,gru,0.141759,0.050942,0.013698
2026-04-01T20:10:37.2241168Z,-0.018249,0.069362,0.010272,0.123027,0.018587,0.024577,6.87,gru,0.141276,0.050775,0.014305
2026-04-01T20:10:37.2529535Z,-0.017587,0.068418,0.009800,0.123631,0.017246,0.023073,3.00,gru,0.141218,0.051172,0.013274
2026-04-01T20:10:37.2867625Z,-0.018127,0.067765,0.009058,0.124477,0.017748,0.021454,5.48,gru,0.142604,0.050016,0.012396
2026-04-01T20:10:37.3231499Z,-0.019416,0.068001,0.008379,0.124858,0.018733,0.021878,5.35,gru,0.144274,0.049269,0.013499
2026-04-01T20:10:37.3501724Z,-0.020786,0.068193,0.009228,0.124388,0.019244,0.023806,4.12,gru,0.145174,0.048948,0.014578
2026-04-01T20:10:37.3845033Z,-0.020223,0.067478,0.008820,0.124744,0.017882,0.022747,4.21,gru,0.144967,0.049597,0.013927
2026-04-01T20:10:37.4256064Z,-0.020673,0.067437,0.009044,0.125066,0.018001,0.022561,6.55,gru,0.145738,0.049436,0.013517
2026-04-01T20:10:37.4749500Z,-0.021159,0.067738,0.009247,0.125146,0.018821,0.023270,6.63,gru,0.146305,0.048917,0.014023
2026-04-01T20:10:37.5134639Z,-0.021088,0.067703,0.009040,0.125436,0.018673,0.022799,6.02,gru,0.146524,0.049029,0.013759
2026-04-01T20:10:37.5506912Z,-0.022557,0.068307,0.009861,0.125315,0.019373,0.024209,4.11,gru,0.147873,0.048934,0.014348
2026-04-01T20:10:37.5785180Z,-0.022505,0.069098,0.009608,0.125570,0.019827,0.023344,5.02,gru,0.148075,0.049271,0.013737
2026-04-01T20:10:37.5890673Z,-0.022306,0.069236,0.009590,0.125619,0.019554,0.023095,6.53,gru,0.147925,0.049682,0.013505
2026-04-01T20:10:37.6191076Z,-0.021824,0.070300,0.009118,0.125747,0.020206,0.022608,3.51,gru,0.147571,0.050095,0.013490
2026-04-01T20:10:37.6541970Z,-0.022180,0.070392,0.009203,0.125713,0.020351,0.022962,5.00,gru,0.147893,0.050040,0.013759
2026-04-01T20:10:37.6884145Z,-0.022037,0.070325,0.009091,0.125865,0.020081,0.022968,4.02,gru,0.147902,0.050244,0.013877
2026-04-01T20:10:37.7229089Z,-0.022109,0.070716,0.008744,0.126200,0.020632,0.022255,6.03,gru,0.148309,0.050083,0.013512
2026-04-01T20:10:37.7553245Z,-0.022098,0.071455,0.008169,0.126501,0.021202,0.021632,5.39,gru,0.148599,0.050253,0.013462
2026-04-01T20:10:37.7882848Z,-0.021890,0.070783,0.008047,0.126531,0.020340,0.021955,5.84,gru,0.148421,0.050443,0.013908
2026-04-01T20:10:37.8245651Z,-0.022319,0.071538,0.007255,0.127063,0.020967,0.020975,3.71,gru,0.149382,0.050571,0.013720
2026-04-01T20:10:37.8572860Z,-0.022628,0.070615,0.007374,0.127062,0.020364,0.021570,4.08,gru,0.149690,0.050251,0.014196
2026-04-01T20:10:37.8958145Z,-0.023253,0.071543,0.006653,0.127439,0.021244,0.020687,4.90,gru,0.150692,0.050299,0.014034
2026-04-01T20:10:37.9225977Z,-0.023723,0.070747,0.006603,0.127379,0.020499,0.020841,3.85,gru,0.151103,0.050248,0.014238
2026-04-01T20:10:37.9555163Z,-0.023892,0.070868,0.006248,0.127631,0.020238,0.020716,5.38,gru,0.151522,0.050631,0.014469
2026-04-01T20:10:37.9922449Z,-0.024031,0.070582,0.005908,0.128106,0.020147,0.020218,4.84,gru,0.152137,0.050435,0.014310
2026-04-01T20:10:38.0203643Z,-0.023881,0.069840,0.005784,0.128311,0.019431,0.020487,4.51,gru,0.152192,0.050409,0.014703
2026-04-01T20:10:38.0550366Z,-0.024249,0.070642,0.005004,0.129058,0.020328,0.019401,4.00,gru,0.153306,0.050313,0.014397
2026-04-01T20:10:38.0887793Z,-0.024334,0.071196,0.004492,0.129451,0.020662,0.019081,4.06,gru,0.153784,0.050534,0.014589
2026-04-01T20:10:38.1333705Z,-0.024686,0.070753,0.004473,0.129361,0.019846,0.019797,4.35,gru,0.154047,0.050907,0.015324
2026-04-01T20:10:38.1568571Z,-0.026137,0.071188,0.004749,0.129605,0.020397,0.020347,2.63,gru,0.155742,0.050791,0.015598
2026-04-01T20:10:38.1851340Z,-0.026386,0.070590,0.004612,0.129829,0.019890,0.020038,3.51,gru,0.156215,0.050700,0.015426
2026-04-01T20:10:38.2215231Z,-0.025398,0.068504,0.004468,0.129865,0.018050,0.019914,4.04,gru,0.155263,0.050455,0.015446
2026-04-01T20:10:38.2557039Z,-0.024960,0.068188,0.004110,0.130470,0.018404,0.019429,5.83,gru,0.155430,0.049784,0.015319
2026-04-01T20:10:38.2851702Z,-0.025241,0.069270,0.004112,0.130957,0.020261,0.019585,4.57,gru,0.156199,0.049009,0.015473
2026-04-01T20:10:38.3224125Z,-0.025552,0.068553,0.004592,0.130647,0.019429,0.020712,5.01,gru,0.156198,0.049123,0.016119
2026-04-01T20:10:38.3609307Z,-0.024871,0.068582,0.004323,0.130909,0.018965,0.019853,5.52,gru,0.155780,0.049617,0.015530
2026-04-01T20:10:38.3867506Z,-0.024231,0.067496,0.004713,0.130850,0.018237,0.020328,4.04,gru,0.155081,0.049259,0.015614
2026-04-01T20:10:38.4200899Z,-0.023753,0.068497,0.004917,0.131069,0.019586,0.020572,5.12,gru,0.154822,0.048911,0.015655
2026-04-01T20:10:38.4518181Z,-0.022438,0.067346,0.004745,0.131001,0.018575,0.020100,3.82,gru,0.153440,0.048771,0.015356
