timestamp,actual_x,actual_y,actual_z,predicted_x,predicted_y,predicted_z,inference_ms,model_name,abs_err_x,abs_err_y,abs_err_z
2026-04-03T21:14:57.8092967Z,-0.066770,0.194872,0.349099,-0.066770,0.194872,0.349099,4.79,gru,0.000000,0.000000,0.000000
2026-04-03T21:14:57.8401229Z,-0.065525,0.180191,0.345116,-0.065525,0.180191,0.345116,4.05,gru,0.000000,0.000000,0.000000
2026-04-03T21:14:57.8753078Z,-0.065835,0.165537,0.339926,-0.065835,0.165537,0.339926,3.85,gru,0.000000,0.000000,0.000000
2026-04-03T21:14:57.9096493Z,-0.066227,0.150028,0.336247,-0.063553,0.140703,0.326011,4.03,gru,0.002674,0.009325,0.010235
2026-04-03T21:14:57.9376987Z,-0.068663,0.136055,0.331234,-0.067849,0.127114,0.321395,4.04,gru,0.000814,0.008941,0.009839
2026-04-03T21:14:57.9760154Z,-0.069732,0.126799,0.325038,-0.069505,0.121650,0.313641,8.99,gru,0.000227,0.005149,0.011397
2026-04-03T21:14:58.0386397Z,-0.071268,0.110690,0.317612,-0.068790,0.100161,0.307502,4.04,gru,0.002478,0.010529,0.010110
2026-04-03T21:14:58.0731418Z,-0.072294,0.107364,0.313616,-0.074370,0.109662,0.310829,3.53,gru,0.002075,0.002298,0.002787
2026-04-03T21:14:58.1054258Z,-0.071378,0.102804,0.310338,-0.071141,0.106326,0.309752,5.09,gru,0.000238,0.003522,0.000586
2026-04-03T21:14:58.1447848Z,-0.071143,0.100345,0.308427,-0.070315,0.099309,0.307070,4.06,gru,0.000828,0.001036,0.001357
2026-04-03T21:14:58.1739625Z,-0.070398,0.097785,0.307007,-0.071861,0.096430,0.305784,3.63,gru,0.001463,0.001355,0.001223
2026-04-03T21:14:58.2094247Z,-0.069336,0.096565,0.306712,-0.071073,0.098025,0.307421,2.52,gru,0.001737,0.001460,0.000709
2026-04-03T21:14:58.2565890Z,-0.068896,0.094886,0.304726,-0.071104,0.097106,0.303074,5.55,gru,0.002208,0.002219,0.001652
2026-04-03T21:14:58.2831985Z,-0.068895,0.093119,0.304042,-0.071806,0.094713,0.302474,3.27,gru,0.002911,0.001595,0.001568
2026-04-03T21:14:58.3050026Z,-0.068489,0.092815,0.302346,-0.071334,0.095842,0.300241,3.56,gru,0.002844,0.003026,0.002105
2026-04-03T21:14:58.3398705Z,-0.069320,0.092355,0.299642,-0.073247,0.099069,0.295237,4.54,gru,0.003927,0.006713,0.004406
2026-04-03T21:14:58.3758588Z,-0.069820,0.091999,0.297094,-0.073534,0.101475,0.293149,3.52,gru,0.003713,0.009476,0.003945
2026-04-03T21:14:58.4086342Z,-0.070362,0.092227,0.292971,-0.073331,0.104653,0.286983,5.80,gru,0.002970,0.012426,0.005988
2026-04-03T21:14:58.4454723Z,-0.070975,0.092434,0.289873,-0.073917,0.109493,0.284650,5.60,gru,0.002942,0.017058,0.005223
2026-04-03T21:14:58.4749531Z,-0.070583,0.093611,0.286309,-0.071769,0.114031,0.281108,4.97,gru,0.001186,0.020419,0.005201
2026-04-03T21:14:58.5123463Z,-0.072544,0.094545,0.286030,-0.075156,0.119050,0.284205,5.75,gru,0.002613,0.024505,0.001825
2026-04-03T21:14:58.5554255Z,-0.072065,0.095521,0.286076,-0.070726,0.118733,0.284303,7.61,gru,0.001339,0.023212,0.001773
2026-04-03T21:14:58.5801430Z,-0.070304,0.096479,0.287553,-0.064579,0.118878,0.285158,4.82,gru,0.005725,0.022399,0.002396
2026-04-03T21:14:58.6134455Z,-0.069971,0.097263,0.290885,-0.066835,0.121801,0.291034,5.56,gru,0.003136,0.024538,0.000149
2026-04-03T21:14:58.6441611Z,-0.069656,0.097881,0.295869,-0.066055,0.120694,0.297426,5.64,gru,0.003601,0.022813,0.001558
2026-04-03T21:14:58.6802231Z,-0.066925,0.097563,0.301083,-0.056935,0.114289,0.300964,4.07,gru,0.009990,0.016726,0.000119
2026-04-03T21:14:58.7097033Z,-0.064870,0.099266,0.305791,-0.055605,0.118162,0.303621,3.64,gru,0.009265,0.018896,0.002170
2026-04-03T21:14:58.7481554Z,-0.064580,0.098136,0.310946,-0.058559,0.116106,0.309810,5.69,gru,0.006021,0.017970,0.001136
2026-04-03T21:14:58.7784448Z,-0.063813,0.098319,0.314682,-0.055685,0.113428,0.311981,4.23,gru,0.008129,0.015109,0.002701
2026-04-03T21:14:58.8095341Z,-0.064332,0.097845,0.317186,-0.055761,0.112802,0.312022,3.56,gru,0.008571,0.014957,0.005165
2026-04-03T21:14:58.8385006Z,-0.064647,0.097664,0.318677,-0.056250,0.112998,0.313152,4.04,gru,0.008398,0.015334,0.005525
2026-04-03T21:14:58.8770691Z,-0.068029,0.097005,0.318104,-0.062406,0.111807,0.311049,5.28,gru,0.005623,0.014801,0.007056
2026-04-03T21:14:58.9063523Z,-0.071291,0.098424,0.315907,-0.065550,0.113364,0.307426,4.09,gru,0.005741,0.014940,0.008481
2026-04-03T21:14:58.9393186Z,-0.076265,0.099025,0.313389,-0.070257,0.113787,0.305755,4.10,gru,0.006007,0.014761,0.007634
2026-04-03T21:14:58.9869819Z,-0.084889,0.101228,0.311394,-0.083631,0.118898,0.305930,6.29,gru,0.001258,0.017671,0.005463
2026-04-03T21:14:59.0095053Z,-0.096699,0.103657,0.308853,-0.097617,0.121043,0.302677,4.53,gru,0.000918,0.017386,0.006175
2026-04-03T21:14:59.0399721Z,-0.124261,0.111610,0.301293,-0.137874,0.136631,0.287225,3.62,gru,0.013614,0.025020,0.014068
2026-04-03T21:14:59.0750038Z,-0.160145,0.126609,0.286787,-0.175383,0.155896,0.265002,4.23,gru,0.015238,0.029287,0.021785
2026-04-03T21:14:59.1097156Z,-0.194572,0.138338,0.262847,-0.191273,0.149638,0.237157,4.05,gru,0.003299,0.011300,0.025690
2026-04-03T21:14:59.1398179Z,-0.229301,0.155569,0.229927,-0.219782,0.171399,0.199564,3.51,gru,0.009519,0.015830,0.030364
2026-04-03T21:14:59.1729338Z,-0.258122,0.176320,0.190877,-0.243354,0.202700,0.159291,5.07,gru,0.014768,0.026380,0.031585
2026-04-03T21:14:59.2075439Z,-0.305464,0.210723,0.141747,-0.286220,0.268274,0.102882,5.07,gru,0.019245,0.057551,0.038864
2026-04-03T21:14:59.2446659Z,-0.332249,0.234695,0.104472,-0.289520,0.249676,0.081414,3.59,gru,0.042729,0.014981,0.023058
2026-04-03T21:14:59.2707799Z,-0.341640,0.255418,0.081534,-0.288307,0.234506,0.070507,4.08,gru,0.053333,0.020912,0.011027
2026-04-03T21:14:59.3037034Z,-0.360623,0.279111,0.050693,-0.281395,0.275656,0.038526,3.94,gru,0.079228,0.003454,0.012167
2026-04-03T21:14:59.3404702Z,-0.374557,0.286447,0.047940,-0.264343,0.255691,0.057229,6.57,gru,0.110213,0.030755,0.009289
2026-04-03T21:14:59.3781282Z,-0.375927,0.293880,0.010845,-0.216368,0.223960,0.011811,4.67,gru,0.159560,0.069920,0.000966
2026-04-03T21:14:59.4036516Z,-0.379905,0.296689,0.005326,-0.183703,0.204556,0.014023,3.83,gru,0.196202,0.092133,0.008697
2026-04-03T21:14:59.4402112Z,-0.382848,0.299682,0.001673,-0.153364,0.188912,0.032340,5.42,gru,0.229483,0.110771,0.030667
2026-04-03T21:14:59.4780734Z,-0.384598,0.298841,-0.000055,-0.112022,0.161213,0.025640,6.46,gru,0.272576,0.137628,0.025696
2026-04-03T21:14:59.5227222Z,-0.386362,0.298426,-0.001458,-0.075867,0.139089,0.027278,4.80,gru,0.310495,0.159337,0.028736
2026-04-03T21:14:59.5561241Z,-0.387224,0.298418,-0.002356,-0.036751,0.126398,0.029522,6.69,gru,0.350473,0.172020,0.031878
2026-04-03T21:14:59.5831513Z,-0.388143,0.299170,-0.002493,-0.005274,0.109695,0.034321,6.38,gru,0.382869,0.189475,0.036814
2026-04-03T21:14:59.6069228Z,-0.389239,0.299328,-0.003027,0.009685,0.098244,0.037057,3.66,gru,0.398924,0.201083,0.040084
2026-04-03T21:14:59.6438555Z,-0.389392,0.299117,-0.002294,0.021006,0.095654,0.040350,3.35,gru,0.410398,0.203463,0.042644
2026-04-03T21:14:59.6706450Z,-0.389491,0.299875,-0.001978,0.001336,0.091264,0.038588,4.02,gru,0.390827,0.208611,0.040566
2026-04-03T21:14:59.7035672Z,-0.389463,0.301185,-0.001059,-0.078664,0.077835,0.025924,4.01,gru,0.310800,0.223350,0.026983
2026-04-03T21:14:59.7399749Z,-0.389853,0.300403,-0.000191,-0.158664,0.091598,0.012437,4.79,gru,0.231189,0.208805,0.012628
2026-04-03T21:14:59.7900883Z,-0.389889,0.303907,-0.001057,-0.238664,0.127331,0.004705,8.02,gru,0.151225,0.176576,0.005762
2026-04-03T21:14:59.8122888Z,-0.387884,0.304153,-0.000851,-0.308844,0.147972,0.001741,6.08,gru,0.079040,0.156181,0.002591
2026-04-03T21:14:59.8460125Z,-0.387478,0.307402,-0.001651,-0.348820,0.120972,-0.004076,7.09,gru,0.038658,0.186430,0.002425
2026-04-03T21:14:59.8798229Z,-0.386481,0.306169,-0.001637,-0.366248,0.074097,-0.008347,4.12,gru,0.020232,0.232073,0.006710
2026-04-03T21:14:59.9164390Z,-0.379107,0.311503,-0.007654,-0.375152,0.060864,-0.021371,5.80,gru,0.003955,0.250639,0.013717
2026-04-03T21:14:59.9456195Z,-0.379251,0.312810,-0.008551,-0.391221,0.028671,-0.022822,4.20,gru,0.011970,0.284140,0.014271
2026-04-03T21:14:59.9840836Z,-0.379842,0.316955,-0.010047,-0.403795,0.019305,-0.023219,8.69,gru,0.023953,0.297650,0.013172
2026-04-03T21:15:00.0327755Z,-0.380219,0.319890,-0.010551,-0.392647,0.031877,-0.025331,12.45,gru,0.012428,0.288014,0.014780
2026-04-03T21:15:00.0643931Z,-0.380228,0.320574,-0.010612,-0.394378,0.027925,-0.024463,6.32,gru,0.014150,0.292649,0.013850
2026-04-03T21:15:00.1028697Z,-0.380147,0.319264,-0.010672,-0.395910,0.028181,-0.026643,5.13,gru,0.015763,0.291083,0.015971
2026-04-03T21:15:00.1480756Z,-0.380243,0.322078,-0.011815,-0.395219,0.032529,-0.026050,5.37,gru,0.014976,0.289549,0.014235
2026-04-03T21:15:00.1742297Z,-0.380157,0.321766,-0.012008,-0.394595,0.032669,-0.026523,3.22,gru,0.014438,0.289097,0.014515
2026-04-03T21:15:00.2275983Z,-0.380091,0.321122,-0.011830,-0.395641,0.027709,-0.025414,3.25,gru,0.015550,0.293412,0.013583
2026-04-03T21:15:00.2663504Z,-0.379442,0.321942,-0.011399,-0.396659,0.028476,-0.025629,5.73,gru,0.017217,0.293466,0.014230
2026-04-03T21:15:00.2736067Z,-0.380443,0.323215,-0.012514,-0.396201,0.032347,-0.027198,3.55,gru,0.015758,0.290868,0.014684
2026-04-03T21:15:00.3082732Z,-0.379958,0.324001,-0.012613,-0.397674,0.029651,-0.027486,3.94,gru,0.017716,0.294350,0.014873
2026-04-03T21:15:00.3401229Z,-0.379975,0.323641,-0.012528,-0.398973,0.025566,-0.026840,4.02,gru,0.018998,0.298075,0.014312
2026-04-03T21:15:00.3760796Z,-0.380444,0.325841,-0.012734,-0.399937,0.028834,-0.027584,3.87,gru,0.019492,0.297007,0.014850
2026-04-03T21:15:00.4041136Z,-0.380097,0.325954,-0.013009,-0.402670,0.024645,-0.028606,3.80,gru,0.022573,0.301309,0.015597
2026-04-03T21:15:00.4393282Z,-0.380379,0.326968,-0.013490,-0.402028,0.027926,-0.028983,4.51,gru,0.021649,0.299042,0.015493
2026-04-03T21:15:00.4761385Z,-0.380541,0.326699,-0.013291,-0.404888,0.024306,-0.028720,4.36,gru,0.024347,0.302393,0.015429
2026-04-03T21:15:00.5113543Z,-0.380551,0.327946,-0.012558,-0.403123,0.027186,-0.027179,6.52,gru,0.022572,0.300760,0.014621
2026-04-03T21:15:00.5516766Z,-0.380172,0.327624,-0.012584,-0.399232,0.037242,-0.027773,6.59,gru,0.019059,0.290382,0.015189
2026-04-03T21:15:00.5902233Z,-0.380283,0.326468,-0.011990,-0.399866,0.035496,-0.026903,6.07,gru,0.019583,0.290971,0.014914
2026-04-03T21:15:00.6282858Z,-0.380776,0.327582,-0.012527,-0.404064,0.037204,-0.028658,8.01,gru,0.023288,0.290378,0.016130
2026-04-03T21:15:00.6420297Z,-0.380416,0.326721,-0.012183,-0.407072,0.032870,-0.028814,3.76,gru,0.026656,0.293851,0.016630
2026-04-03T21:15:00.6728091Z,-0.380443,0.328002,-0.012541,-0.408183,0.034194,-0.029488,6.10,gru,0.027739,0.293808,0.016947
2026-04-03T21:15:00.7067007Z,-0.380197,0.327998,-0.012498,-0.408423,0.033581,-0.029866,3.43,gru,0.028225,0.294417,0.017368
2026-04-03T21:15:00.7425921Z,-0.380353,0.328382,-0.011925,-0.406484,0.034797,-0.027938,5.40,gru,0.026132,0.293585,0.016014
2026-04-03T21:15:00.7757348Z,-0.380555,0.328805,-0.012574,-0.408802,0.035206,-0.030128,4.33,gru,0.028246,0.293599,0.017554
2026-04-03T21:15:00.8108716Z,-0.381298,0.330433,-0.012893,-0.408344,0.038184,-0.030231,4.63,gru,0.027046,0.292248,0.017338
2026-04-03T21:15:00.8443700Z,-0.381226,0.330870,-0.013364,-0.407534,0.037844,-0.030257,5.95,gru,0.026307,0.293026,0.016893
2026-04-03T21:15:00.8812241Z,-0.380989,0.330563,-0.012829,-0.408141,0.035789,-0.029282,6.53,gru,0.027152,0.294774,0.016453
2026-04-03T21:15:00.9135875Z,-0.381376,0.331802,-0.013581,-0.410070,0.037898,-0.030964,6.63,gru,0.028694,0.293904,0.017382
2026-04-03T21:15:00.9500116Z,-0.381441,0.329891,-0.013107,-0.410123,0.034532,-0.030006,5.05,gru,0.028682,0.295360,0.016899
2026-04-03T21:15:00.9842855Z,-0.381430,0.331147,-0.013081,-0.410425,0.036744,-0.029711,4.98,gru,0.028995,0.294402,0.016630
2026-04-03T21:15:01.0189983Z,-0.381502,0.331816,-0.013825,-0.412583,0.037746,-0.031973,6.07,gru,0.031081,0.294071,0.018148
2026-04-03T21:15:01.0473707Z,-0.380985,0.330758,-0.013776,-0.412349,0.034074,-0.031272,4.53,gru,0.031364,0.296684,0.017496
2026-04-03T21:15:01.0966388Z,-0.380877,0.332318,-0.013784,-0.413690,0.036477,-0.031380,6.21,gru,0.032813,0.295840,0.017596
2026-04-03T21:15:01.1396969Z,-0.380777,0.330872,-0.013486,-0.413405,0.033974,-0.030868,4.02,gru,0.032628,0.296898,0.017382
2026-04-03T21:15:01.1761078Z,-0.380854,0.331946,-0.013924,-0.415232,0.033924,-0.032049,6.14,gru,0.034378,0.298023,0.018126
2026-04-03T21:15:01.2110213Z,-0.380343,0.330807,-0.013907,-0.414360,0.032962,-0.031907,4.34,gru,0.034017,0.297845,0.018000
2026-04-03T21:15:01.2428460Z,-0.380670,0.332514,-0.014360,-0.413802,0.036046,-0.032030,5.86,gru,0.033132,0.296468,0.017670
2026-04-03T21:15:01.2797246Z,-0.380795,0.332222,-0.014204,-0.415030,0.034191,-0.031971,7.31,gru,0.034235,0.298031,0.017767
2026-04-03T21:15:01.3116252Z,-0.379514,0.335102,-0.018130,-0.413461,0.039937,-0.038493,4.62,gru,0.033947,0.295165,0.020362
2026-04-03T21:15:01.3427866Z,-0.379961,0.336725,-0.018190,-0.415485,0.040009,-0.036711,3.75,gru,0.035524,0.296715,0.018521
2026-04-03T21:15:01.3735759Z,-0.381527,0.336522,-0.016610,-0.416090,0.036191,-0.031238,4.10,gru,0.034563,0.300331,0.014627
2026-04-03T21:15:01.4062958Z,-0.381413,0.334813,-0.016173,-0.416089,0.032340,-0.033275,3.95,gru,0.034676,0.302473,0.017102
2026-04-03T21:15:01.4406959Z,-0.381129,0.336114,-0.016087,-0.416774,0.036366,-0.034013,4.08,gru,0.035645,0.299748,0.017925
2026-04-03T21:15:01.4765854Z,-0.381074,0.336419,-0.015942,-0.418896,0.035849,-0.033888,6.51,gru,0.037822,0.300570,0.017946
2026-04-03T21:15:01.5065835Z,-0.381350,0.337695,-0.013854,-0.418645,0.036253,-0.030294,6.15,gru,0.037295,0.301442,0.016440
2026-04-03T21:15:01.5408675Z,-0.380910,0.344950,-0.010564,-0.418152,0.046091,-0.026403,3.91,gru,0.037242,0.298859,0.015839
2026-04-03T21:15:01.5879576Z,-0.380652,0.341679,-0.012494,-0.414825,0.041246,-0.032038,5.50,gru,0.034173,0.300434,0.019544
2026-04-03T21:15:01.6085704Z,-0.382150,0.338509,-0.014490,-0.411546,0.039771,-0.033575,3.38,gru,0.029396,0.298737,0.019085
2026-04-03T21:15:01.6454607Z,-0.380079,0.338870,-0.021924,-0.415226,0.044173,-0.044065,3.51,gru,0.035147,0.294697,0.022141
2026-04-03T21:15:01.6921926Z,-0.379823,0.339347,-0.021457,-0.419773,0.040377,-0.039468,5.09,gru,0.039950,0.298970,0.018011
2026-04-03T21:15:01.7283275Z,-0.379137,0.334506,-0.027273,-0.418948,0.033830,-0.046886,4.55,gru,0.039812,0.300676,0.019613
2026-04-03T21:15:01.7549441Z,-0.380145,0.335775,-0.023197,-0.424519,0.030010,-0.040202,5.84,gru,0.044375,0.305765,0.017005
2026-04-03T21:15:01.7753152Z,-0.381192,0.336816,-0.020949,-0.424318,0.032458,-0.034684,3.89,gru,0.043126,0.304358,0.013734
2026-04-03T21:15:02.4768156Z,-0.378728,0.325619,-0.012316,-0.378728,0.325619,-0.012316,5.75,gru,0.000000,0.000000,0.000000
2026-04-03T21:15:02.5225401Z,-0.377882,0.322966,-0.011349,-0.377882,0.322966,-0.011349,7.95,gru,0.000000,0.000000,0.000000
2026-04-03T21:15:02.5587031Z,-0.378786,0.322464,-0.010519,-0.378786,0.322464,-0.010519,7.03,gru,0.000000,0.000000,0.000000
2026-04-03T21:15:02.6021254Z,-0.378307,0.322292,-0.010322,-0.422136,0.242464,-0.030760,5.10,gru,0.043828,0.079828,0.020438
2026-04-03T21:15:02.6520362Z,-0.378491,0.317961,-0.009196,-0.422884,0.162464,-0.029176,5.68,gru,0.044393,0.155497,0.019980
2026-04-03T21:15:02.6776752Z,-0.378645,0.317049,-0.008525,-0.424336,0.082464,-0.028837,6.04,gru,0.045692,0.234585,0.020312
2026-04-03T21:15:02.7163651Z,-0.378842,0.316418,-0.008884,-0.421438,0.020539,-0.029801,4.68,gru,0.042596,0.295879,0.020917
2026-04-03T21:15:02.7395720Z,-0.377560,0.315834,-0.008059,-0.421501,0.016892,-0.028528,3.68,gru,0.043941,0.298942,0.020469
2026-04-03T21:15:02.7749233Z,-0.377085,0.318418,-0.008648,-0.421581,0.021756,-0.030087,6.76,gru,0.044496,0.296662,0.021439
2026-04-03T21:15:02.8075588Z,-0.375654,0.320662,-0.008329,-0.419426,0.024342,-0.029654,4.59,gru,0.043772,0.296320,0.021326
2026-04-03T21:15:02.8447645Z,-0.372291,0.299750,0.017718,-0.427674,-0.012139,0.015204,5.99,gru,0.055383,0.311889,0.002514
2026-04-03T21:15:02.8721089Z,-0.362453,0.296665,0.024277,-0.416601,-0.016570,0.009033,4.91,gru,0.054148,0.313235,0.015244
2026-04-03T21:15:02.9114909Z,-0.360294,0.284107,0.045293,-0.409144,-0.018708,0.031478,6.36,gru,0.048850,0.302815,0.013815
2026-04-03T21:15:02.9457161Z,-0.357961,0.273067,0.061800,-0.402277,-0.028798,0.056892,3.14,gru,0.044316,0.301865,0.004908
2026-04-03T21:15:02.9794703Z,-0.358954,0.249803,0.098373,-0.396831,-0.049158,0.101862,4.76,gru,0.037877,0.298961,0.003489
2026-04-03T21:15:03.0091678Z,-0.352989,0.235500,0.097455,-0.381452,-0.044023,0.078311,5.95,gru,0.028463,0.279523,0.019145
2026-04-03T21:15:03.0387051Z,-0.333540,0.211258,0.132573,-0.375185,-0.080366,0.116655,4.02,gru,0.041645,0.291624,0.015919
2026-04-03T21:15:03.0727855Z,-0.321352,0.190934,0.150116,-0.364690,-0.088012,0.142853,5.52,gru,0.043339,0.278946,0.007263
2026-04-03T21:15:03.1137180Z,-0.283530,0.197315,-0.019549,-0.337854,-0.008012,0.062853,3.04,gru,0.054325,0.205327,0.082402
2026-04-03T21:15:03.1761153Z,-0.294808,0.154808,0.186292,-0.417854,-0.030207,0.142853,4.96,gru,0.123047,0.185014,0.043439
2026-04-03T21:15:03.2033102Z,-0.273141,0.132469,0.202272,-0.375110,-0.110207,0.222853,3.10,gru,0.101969,0.242675,0.020580
2026-04-03T21:15:03.2293051Z,-0.265987,0.120053,0.218248,-0.331147,-0.085156,0.274196,5.56,gru,0.065160,0.205209,0.055948
2026-04-03T21:15:03.2556358Z,-0.256565,0.105340,0.231818,-0.314219,-0.118332,0.282603,5.59,gru,0.057655,0.223671,0.050785
2026-04-03T21:15:03.2737150Z,-0.251635,0.092944,0.241808,-0.283036,-0.148147,0.257688,3.43,gru,0.031401,0.241092,0.015880
2026-04-03T21:15:03.3153658Z,-0.246906,0.083850,0.249827,-0.267154,-0.158554,0.264023,3.90,gru,0.020247,0.242404,0.014196
2026-04-03T21:15:03.3409195Z,-0.239549,0.073932,0.257660,-0.251568,-0.170902,0.254306,3.01,gru,0.012019,0.244834,0.003354
2026-04-03T21:15:03.3748358Z,-0.233847,0.065032,0.266789,-0.245432,-0.166506,0.260269,4.17,gru,0.011585,0.231537,0.006521
2026-04-03T21:15:03.4049315Z,-0.226092,0.057157,0.273676,-0.239692,-0.170223,0.267928,3.74,gru,0.013600,0.227380,0.005749
2026-04-03T21:15:03.4422954Z,-0.217581,0.050446,0.280105,-0.228945,-0.172801,0.269269,5.11,gru,0.011364,0.223247,0.010836
2026-04-03T21:15:03.4754507Z,-0.209256,0.044805,0.285902,-0.213074,-0.158421,0.266876,3.64,gru,0.003819,0.203226,0.019026
2026-04-03T21:15:03.5085221Z,-0.199176,0.039363,0.288033,-0.199048,-0.141607,0.265420,6.38,gru,0.000129,0.180970,0.022613
2026-04-03T21:15:03.5419955Z,-0.191092,0.037089,0.285512,-0.190735,-0.125233,0.258879,4.75,gru,0.000358,0.162322,0.026633
2026-04-03T21:15:03.5763889Z,-0.181280,0.035393,0.278697,-0.179084,-0.093257,0.243226,4.32,gru,0.002196,0.128650,0.035471
2026-04-03T21:15:03.6090412Z,-0.172692,0.034503,0.267454,-0.168797,-0.063903,0.228173,6.51,gru,0.003895,0.098405,0.039281
2026-04-03T21:15:03.6439221Z,-0.161203,0.033465,0.253894,-0.151613,-0.073547,0.219335,3.49,gru,0.009590,0.107013,0.034558
2026-04-03T21:15:03.6772047Z,-0.151836,0.032802,0.240344,-0.143149,0.006453,0.207834,5.21,gru,0.008688,0.026349,0.032511
2026-04-03T21:15:03.7091864Z,-0.139694,0.030055,0.230603,-0.131878,0.035499,0.202242,4.31,gru,0.007816,0.005443,0.028360
2026-04-03T21:15:03.7439574Z,-0.132364,0.030548,0.231936,-0.126646,-0.027430,0.213161,2.88,gru,0.005718,0.057978,0.018775
2026-04-03T21:15:03.7785910Z,-0.121678,0.029299,0.240809,-0.100119,0.038104,0.234910,3.68,gru,0.021559,0.008805,0.005899
2026-04-03T21:15:03.8144226Z,-0.109651,0.028447,0.257515,-0.081898,0.046734,0.254926,4.73,gru,0.027753,0.018287,0.002590
2026-04-03T21:15:03.8637334Z,-0.097275,0.027475,0.281162,-0.071340,0.052572,0.284907,3.52,gru,0.025936,0.025097,0.003745
2026-04-03T21:15:03.8869862Z,-0.085705,0.027685,0.310357,-0.062167,0.058899,0.318611,4.40,gru,0.023537,0.031214,0.008254
2026-04-03T21:15:03.9286063Z,-0.075148,0.027107,0.340847,-0.052104,0.057896,0.346115,8.11,gru,0.023044,0.030790,0.005267
2026-04-03T21:15:03.9482494Z,-0.064218,0.026135,0.371286,-0.039796,0.056531,0.371335,6.17,gru,0.024422,0.030396,0.000048
2026-04-03T21:15:03.9896072Z,-0.056443,0.026281,0.399003,-0.036369,0.059869,0.394436,6.29,gru,0.020074,0.033588,0.004567
2026-04-03T21:15:04.0107363Z,-0.057545,0.028483,0.420524,-0.049565,0.064910,0.407924,3.66,gru,0.007980,0.036427,0.012601
2026-04-03T21:15:04.0431322Z,-0.061574,0.031584,0.435023,-0.052884,0.064235,0.415015,4.74,gru,0.008690,0.032651,0.020008
2026-04-03T21:15:04.0750256Z,-0.054643,0.029957,0.445868,-0.023548,0.056376,0.425785,3.80,gru,0.031094,0.026419,0.020083
2026-04-03T21:15:04.1023918Z,-0.055920,0.032473,0.441737,-0.041492,0.064278,0.408618,4.59,gru,0.014428,0.031805,0.033120
2026-04-03T21:15:04.1418197Z,-0.056325,0.033063,0.428911,-0.051478,0.064545,0.387940,3.29,gru,0.004847,0.031482,0.040971
2026-04-03T21:15:04.1782612Z,-0.057228,0.032983,0.406417,-0.044635,0.052146,0.365193,5.22,gru,0.012593,0.019163,0.041225
2026-04-03T21:15:04.2118859Z,-0.061795,0.034287,0.372982,-0.054014,0.054049,0.325453,6.07,gru,0.007780,0.019762,0.047529
2026-04-03T21:15:04.2469848Z,-0.068089,0.033762,0.337165,-0.063418,0.053250,0.291609,5.71,gru,0.004671,0.019489,0.045556
2026-04-03T21:15:04.2900548Z,-0.076794,0.033876,0.299735,-0.073923,0.051442,0.258124,7.88,gru,0.002871,0.017566,0.041612
2026-04-03T21:15:04.3168685Z,-0.078756,0.032326,0.264485,-0.070750,0.042499,0.225435,6.08,gru,0.008007,0.010174,0.039049
2026-04-03T21:15:04.3509327Z,-0.082906,0.030672,0.233960,-0.077240,0.043140,0.199441,6.97,gru,0.005666,0.012469,0.034518
2026-04-03T21:15:04.3797330Z,-0.085832,0.030882,0.210224,-0.085212,0.049827,0.183127,3.80,gru,0.000620,0.018945,0.027097
2026-04-03T21:15:04.4137617Z,-0.084110,0.030278,0.192881,-0.081141,0.044338,0.171046,8.10,gru,0.002969,0.014059,0.021834
2026-04-03T21:15:04.4442658Z,-0.078788,0.030181,0.180876,-0.073669,0.042969,0.162448,5.42,gru,0.005119,0.012788,0.018427
2026-04-03T21:15:04.4776038Z,-0.069345,0.030293,0.175553,-0.063938,0.045193,0.163167,3.60,gru,0.005408,0.014900,0.012386
2026-04-03T21:15:04.5129985Z,-0.057684,0.031207,0.177026,-0.051362,0.047823,0.172909,7.07,gru,0.006322,0.016615,0.004117
2026-04-03T21:15:04.5483845Z,-0.031549,0.029263,0.179698,-0.013536,0.035873,0.173937,8.78,gru,0.018014,0.006610,0.005761
2026-04-03T21:15:04.5849565Z,-0.029974,0.034207,0.198328,-0.032105,0.057419,0.216309,6.75,gru,0.002130,0.023212,0.017981
2026-04-03T21:15:04.6193754Z,-0.013208,0.036952,0.220203,-0.007470,0.052226,0.239889,5.63,gru,0.005738,0.015274,0.019687
2026-04-03T21:15:04.6557454Z,0.004317,0.039047,0.247788,0.027070,0.045523,0.263638,5.84,gru,0.022753,0.006476,0.015850
2026-04-03T21:15:04.6909180Z,0.017802,0.041512,0.279831,0.023557,0.061010,0.301261,5.13,gru,0.005755,0.019497,0.021430
2026-04-03T21:15:04.7264602Z,0.031292,0.043626,0.314221,0.036309,0.062857,0.336427,5.87,gru,0.005017,0.019231,0.022207
2026-04-03T21:15:04.7504986Z,0.038165,0.045753,0.346584,0.041235,0.065269,0.363332,6.54,gru,0.003071,0.019516,0.016748
2026-04-03T21:15:04.7911858Z,0.042363,0.049403,0.374497,0.043847,0.069967,0.381663,5.25,gru,0.001484,0.020564,0.007165
2026-04-03T21:15:04.8265224Z,0.044807,0.053681,0.394652,0.050202,0.072569,0.393616,9.66,gru,0.005395,0.018888,0.001036
2026-04-03T21:15:04.8585028Z,0.035534,0.058564,0.403263,0.026338,0.078432,0.390969,6.64,gru,0.009196,0.019869,0.012294
2026-04-03T21:15:04.8926039Z,0.035757,0.062308,0.407842,0.044080,0.075781,0.396636,6.84,gru,0.008323,0.013472,0.011206
2026-04-03T21:15:04.9203682Z,0.035151,0.064054,0.401801,0.049897,0.073012,0.383860,5.26,gru,0.014746,0.008958,0.017940
2026-04-03T21:15:04.9511438Z,0.036084,0.066788,0.387551,0.040247,0.080073,0.360361,6.86,gru,0.004163,0.013285,0.027190
2026-04-03T21:15:04.9820571Z,0.035751,0.068945,0.363094,0.036804,0.079158,0.329639,6.44,gru,0.001053,0.010213,0.033455
2026-04-03T21:15:05.0125244Z,0.035535,0.067457,0.329646,0.038689,0.068184,0.290182,3.68,gru,0.003155,0.000727,0.039464
2026-04-03T21:15:05.0387289Z,0.047495,0.064560,0.291617,0.063832,0.057211,0.252646,5.57,gru,0.016337,0.007349,0.038971
2026-04-03T21:15:05.0755651Z,0.045735,0.062614,0.250553,0.047055,0.069598,0.210148,4.03,gru,0.001320,0.006984,0.040405
2026-04-03T21:15:05.1096668Z,0.031834,0.058105,0.214505,0.019409,0.068864,0.182610,7.84,gru,0.012426,0.010759,0.031895
2026-04-03T21:15:05.1437907Z,0.023277,0.054595,0.184397,0.015615,0.051075,0.158794,4.35,gru,0.007662,0.003520,0.025603
2026-04-03T21:15:05.1791127Z,-0.008781,0.046207,0.171709,-0.025682,0.053705,0.169390,4.57,gru,0.016901,0.007498,0.002319
2026-04-03T21:15:05.2197065Z,-0.018515,0.045583,0.160337,-0.028272,0.050975,0.150863,3.57,gru,0.009757,0.005392,0.009474
2026-04-03T21:15:05.2485147Z,-0.031111,0.045030,0.155900,-0.033720,0.050963,0.145480,4.31,gru,0.002610,0.005933,0.010419
2026-04-03T21:15:05.2792793Z,-0.011780,0.054051,0.142722,-0.002310,0.059896,0.126969,3.69,gru,0.009470,0.005845,0.015753
2026-04-03T21:15:05.3109863Z,-0.010981,0.059057,0.136901,-0.008194,0.070445,0.126535,4.72,gru,0.002786,0.011388,0.010366
2026-04-03T21:15:05.3460583Z,-0.004957,0.069182,0.133945,-0.010110,0.083627,0.137102,6.81,gru,0.005154,0.014445,0.003156
2026-04-03T21:15:05.3808578Z,-0.005674,0.076139,0.130296,-0.005685,0.078011,0.125636,3.86,gru,0.000011,0.001873,0.004660
2026-04-03T21:15:05.4109285Z,-0.005319,0.080979,0.125697,-0.003763,0.075530,0.117085,5.71,gru,0.001556,0.005448,0.008612
2026-04-03T21:15:05.4403398Z,-0.000839,0.083297,0.123865,0.005359,0.071011,0.119267,4.12,gru,0.006198,0.012286,0.004598
2026-04-03T21:15:05.4785332Z,0.003482,0.083409,0.118767,0.011033,0.070881,0.113306,4.68,gru,0.007551,0.012528,0.005461
2026-04-03T21:15:05.5093195Z,0.011609,0.082040,0.115935,0.022279,0.068149,0.109689,4.52,gru,0.010670,0.013891,0.006246
2026-04-03T21:15:05.5444454Z,0.091061,0.099257,0.090706,0.102279,0.083182,0.078777,6.45,gru,0.011218,0.016075,0.011929
2026-04-03T21:15:05.5872894Z,0.102591,0.101592,0.082736,0.120383,0.089993,0.074726,4.12,gru,0.017792,0.011600,0.008011
2026-04-03T21:15:05.6148346Z,0.154934,0.060396,0.077603,0.187711,0.050026,0.085145,2.98,gru,0.032777,0.010370,0.007542
2026-04-03T21:15:05.6448613Z,0.175926,0.057132,0.079603,0.202365,0.038975,0.082943,3.99,gru,0.026439,0.018157,0.003341
2026-04-03T21:15:05.6721074Z,0.220925,0.034588,0.093835,0.246467,0.026166,0.107178,2.51,gru,0.025542,0.008422,0.013343
2026-04-03T21:15:05.7083047Z,0.246585,0.030335,0.101415,0.275271,0.016599,0.106956,4.08,gru,0.028687,0.013736,0.005541
2026-04-03T21:15:05.7450482Z,0.271244,0.020070,0.109660,0.282542,-0.000610,0.107893,5.00,gru,0.011298,0.020681,0.001767
2026-04-03T21:15:05.7909650Z,0.287984,0.013799,0.114364,0.298028,-0.004078,0.114098,5.79,gru,0.010045,0.017877,0.000267
2026-04-03T21:15:05.8123897Z,0.304993,0.008052,0.118884,0.312095,-0.006036,0.116946,4.06,gru,0.007102,0.014088,0.001938
2026-04-03T21:15:05.8638660Z,0.323131,0.004286,0.121940,0.333625,-0.010479,0.121138,3.69,gru,0.010494,0.014765,0.000803
2026-04-03T21:15:05.8862474Z,0.336938,0.003212,0.124980,0.341220,-0.013194,0.123948,5.07,gru,0.004282,0.016407,0.001032
2026-04-03T21:15:05.9093732Z,0.351411,0.003190,0.127663,0.354661,-0.010967,0.126825,4.39,gru,0.003250,0.014157,0.000838
2026-04-03T21:15:05.9469700Z,0.365906,0.005020,0.131452,0.371918,-0.007953,0.132855,3.51,gru,0.006011,0.012973,0.001403
2026-04-03T21:15:05.9956770Z,0.378613,0.007787,0.134505,0.384057,-0.001574,0.136434,3.66,gru,0.005444,0.009360,0.001929
2026-04-03T21:15:06.0195626Z,0.389610,0.010390,0.135663,0.391853,-0.000367,0.134281,4.34,gru,0.002244,0.010757,0.001382
2026-04-03T21:15:06.0430928Z,0.400774,0.014116,0.135292,0.404942,0.009463,0.132995,5.57,gru,0.004167,0.004653,0.002297
2026-04-03T21:15:06.0719651Z,0.296615,-0.305000,0.169294,0.361581,0.027383,0.212995,4.03,gru,0.064966,0.332383,0.043701
2026-04-03T21:15:06.1052978Z,0.308222,-0.296919,0.193197,0.361396,0.093876,0.162776,3.32,gru,0.053175,0.390795,0.030421
2026-04-03T21:15:06.1384438Z,0.313064,-0.294439,0.195700,0.334736,0.173876,0.166502,4.55,gru,0.021672,0.468315,0.029198
2026-04-03T21:15:06.1771476Z,0.324830,-0.289597,0.198556,0.374836,0.182265,0.219225,3.93,gru,0.050006,0.471862,0.020669
2026-04-03T21:15:06.2171620Z,0.334609,-0.283618,0.196705,0.350938,0.102265,0.202221,4.50,gru,0.016329,0.385883,0.005516
2026-04-03T21:15:06.2555320Z,0.382037,-0.566746,0.055578,0.399612,0.038811,0.127825,6.54,gru,0.017574,0.605558,0.072247
2026-04-03T21:15:06.2770163Z,0.210218,-0.342635,0.220872,0.451274,0.118811,0.207825,3.66,gru,0.241056,0.461446,0.013047
2026-04-03T21:15:06.3095819Z,0.225432,-0.324689,0.211360,0.380934,0.198811,0.287825,4.16,gru,0.155502,0.523501,0.076465
2026-04-03T21:15:06.3409525Z,0.313544,-0.393626,0.176405,0.440174,0.254506,0.334436,3.65,gru,0.126630,0.648131,0.158031
2026-04-03T21:15:06.3782495Z,0.276881,-0.310850,0.164535,0.391398,0.174506,0.254436,6.42,gru,0.114517,0.485355,0.089901
2026-04-03T21:15:06.4154179Z,0.291354,-0.283927,0.162990,0.363275,0.172791,0.286157,6.14,gru,0.071921,0.456717,0.123167
2026-04-03T21:15:06.4532783Z,0.306628,-0.256073,0.158346,0.387964,0.135192,0.256556,7.53,gru,0.081336,0.391265,0.098210
2026-04-03T21:15:06.4805975Z,0.198137,-0.150009,0.302590,0.307964,0.108481,0.336556,3.46,gru,0.109827,0.258490,0.033965
2026-04-03T21:15:06.5183118Z,0.208802,-0.135477,0.302702,0.253828,0.065188,0.384851,4.56,gru,0.045026,0.200664,0.082149
2026-04-03T21:15:06.5510590Z,0.214953,-0.120670,0.307270,0.310078,0.021508,0.338966,4.53,gru,0.095125,0.142177,0.031696
2026-04-03T21:15:06.5819989Z,0.220914,-0.109157,0.312015,0.254425,0.065004,0.418966,6.07,gru,0.033511,0.174161,0.106951
2026-04-03T21:15:06.6129900Z,0.231058,-0.100069,0.311045,0.236718,0.045408,0.398930,3.89,gru,0.005660,0.145478,0.087885
2026-04-03T21:15:06.6443095Z,0.242473,-0.093202,0.311147,0.281399,0.035395,0.374672,4.29,gru,0.038926,0.128597,0.063525
2026-04-03T21:15:06.6779400Z,0.250258,-0.089254,0.317609,0.255295,0.007932,0.352432,6.35,gru,0.005037,0.097186,0.034823
2026-04-03T21:15:06.7117746Z,0.514027,-0.224741,0.067360,0.335295,-0.034891,0.272432,4.00,gru,0.178732,0.189850,0.205072
2026-04-03T21:15:06.7545281Z,0.514137,-0.213727,0.062874,0.415295,-0.014550,0.229972,3.36,gru,0.098842,0.199177,0.167099
2026-04-03T21:15:06.7925161Z,0.515697,-0.202819,0.057582,0.438809,-0.000751,0.298860,3.04,gru,0.076888,0.202068,0.241278
2026-04-03T21:15:06.8268530Z,0.525295,-0.189690,0.057036,0.479848,0.059972,0.240481,3.74,gru,0.045447,0.249661,0.183445
2026-04-03T21:15:06.8889439Z,0.548084,-0.172266,0.086311,0.474572,-0.004164,0.217914,4.79,gru,0.073511,0.168102,0.131603
2026-04-03T21:15:06.9412379Z,0.541954,-0.150836,0.039087,0.412792,-0.040021,0.137914,4.27,gru,0.129162,0.110814,0.098826
2026-04-03T21:15:06.9707575Z,0.545463,-0.136755,0.027203,0.472499,-0.050901,0.095192,3.51,gru,0.072965,0.085854,0.067989
2026-04-03T21:15:06.9983806Z,0.548132,-0.123089,0.021639,0.491798,-0.038313,0.121890,3.82,gru,0.056334,0.084776,0.100251
2026-04-03T21:15:07.0232060Z,0.554694,-0.106788,0.007909,0.514849,-0.051053,0.041890,4.72,gru,0.039845,0.055735,0.033982
2026-04-03T21:15:07.0650037Z,0.529722,-0.085096,-0.021217,0.472945,-0.003545,-0.038110,3.80,gru,0.056777,0.081551,0.016893
2026-04-03T21:15:07.0878691Z,0.575387,-0.075784,-0.003020,0.527474,-0.004548,0.023216,5.55,gru,0.047913,0.071235,0.026236
2026-04-03T21:15:07.1397993Z,0.577273,-0.059674,-0.004468,0.555303,-0.031428,0.013520,4.71,gru,0.021970,0.028245,0.017987
2026-04-03T21:15:07.1721914Z,0.587334,-0.041516,0.011693,0.550365,-0.003601,0.003186,5.41,gru,0.036969,0.037915,0.008507
2026-04-03T21:15:07.1939182Z,0.584402,-0.022972,0.009392,0.559733,0.021287,0.002979,6.12,gru,0.024668,0.044259,0.006413
2026-04-03T21:15:07.2123251Z,0.547403,-0.006781,0.004195,0.495127,0.012347,-0.013882,3.94,gru,0.052276,0.019128,0.018077
2026-04-03T21:15:07.2420226Z,0.548805,0.009301,-0.001377,0.507003,0.028637,0.000247,4.10,gru,0.041802,0.019336,0.001624
2026-04-03T21:15:07.2749487Z,0.550362,0.024524,-0.040764,0.515437,0.054302,-0.062114,4.34,gru,0.034925,0.029778,0.021350
2026-04-03T21:15:07.3042161Z,0.550005,0.041190,-0.046410,0.523544,0.057838,-0.044503,3.14,gru,0.026461,0.016648,0.001907
2026-04-03T21:15:07.3382398Z,0.551398,0.055028,-0.053255,0.523804,0.053608,-0.023351,3.56,gru,0.027593,0.001420,0.029904
2026-04-03T21:15:07.3742367Z,0.549027,0.067928,-0.055548,0.526537,0.063073,-0.049589,3.67,gru,0.022490,0.004855,0.005959
2026-04-03T21:15:07.4092926Z,0.547850,0.079283,-0.049872,0.529845,0.074611,-0.039988,5.61,gru,0.018005,0.004672,0.009884
2026-04-03T21:15:07.4439476Z,0.549738,0.091038,-0.052248,0.533411,0.079662,-0.050173,4.87,gru,0.016327,0.011376,0.002075
2026-04-03T21:15:07.4785917Z,0.549496,0.101726,-0.051050,0.534961,0.085168,-0.047150,4.22,gru,0.014535,0.016557,0.003900
2026-04-03T21:15:07.5116911Z,0.509998,0.115615,-0.127689,0.454961,0.165169,-0.127150,3.71,gru,0.055037,0.049554,0.000539
2026-04-03T21:15:07.5438622Z,0.508361,0.115231,-0.125217,0.453069,0.131383,-0.116300,4.64,gru,0.055292,0.016152,0.008917
2026-04-03T21:15:07.5730957Z,0.509759,0.132144,-0.135149,0.464125,0.118354,-0.098805,4.80,gru,0.045634,0.013789,0.036344
2026-04-03T21:15:07.6113112Z,0.509525,0.138720,-0.138331,0.459820,0.125149,-0.135923,5.57,gru,0.049705,0.013571,0.002408
2026-04-03T21:15:07.6454223Z,0.509937,0.142154,-0.139727,0.466851,0.103629,-0.129388,4.57,gru,0.043087,0.038525,0.010339
2026-04-03T21:15:07.6779312Z,0.543190,0.141428,-0.015672,0.468368,0.067165,-0.049388,5.97,gru,0.074821,0.074263,0.033717
2026-04-03T21:15:07.7090043Z,0.503212,0.151857,-0.045897,0.392246,0.128951,-0.052432,3.01,gru,0.110967,0.022906,0.006535
2026-04-03T21:15:07.7426594Z,0.503331,0.150995,-0.045424,0.400039,0.153896,-0.079870,4.62,gru,0.103292,0.002901,0.034446
2026-04-03T21:15:07.7760355Z,0.503670,0.151506,-0.044461,0.391229,0.124373,-0.013589,4.01,gru,0.112440,0.027134,0.030872
2026-04-03T21:15:07.8137190Z,0.503475,0.152647,-0.044035,0.417004,0.076851,-0.016659,3.52,gru,0.086471,0.075796,0.027376
2026-04-03T21:15:07.8449212Z,0.504058,0.154531,-0.044437,0.421946,0.091459,-0.032722,3.54,gru,0.082112,0.063072,0.011715
2026-04-03T21:15:07.8808828Z,0.162517,0.062356,0.168041,0.341946,0.011459,0.047278,3.86,gru,0.179429,0.050897,0.120763
2026-04-03T21:15:07.9126051Z,0.162026,0.062923,0.170854,0.261946,-0.005203,0.127278,3.59,gru,0.099920,0.068126,0.043576
2026-04-03T21:15:07.9579521Z,0.161376,0.062714,0.171192,0.205684,-0.032725,0.207278,4.32,gru,0.044307,0.095439,0.036086
2026-04-03T21:15:07.9848634Z,0.160313,0.061189,0.170058,0.211681,-0.052692,0.287278,4.76,gru,0.051368,0.113882,0.117220
2026-04-03T21:15:08.0121689Z,0.164530,0.061537,0.171091,0.168235,-0.077012,0.260555,4.19,gru,0.003705,0.138549,0.089464
2026-04-03T21:15:08.0391454Z,0.165738,0.060744,0.174667,0.141968,-0.103107,0.255409,4.31,gru,0.023770,0.163850,0.080742
2026-04-03T21:15:08.0948899Z,0.219558,0.076820,0.266030,0.221968,-0.047429,0.335409,6.52,gru,0.002410,0.124249,0.069378
2026-04-03T21:15:08.1319964Z,0.221563,0.076583,0.270049,0.193847,-0.071495,0.338150,6.73,gru,0.027716,0.148078,0.068101
2026-04-03T21:15:08.1424397Z,0.221732,0.077026,0.270927,0.157739,-0.054580,0.281469,3.79,gru,0.063993,0.131606,0.010541
2026-04-03T21:15:08.1741489Z,0.220864,0.076601,0.271548,0.141199,-0.095719,0.306996,6.37,gru,0.079666,0.172320,0.035449
2026-04-03T21:15:08.2080066Z,0.244056,0.076411,0.295519,0.221199,-0.033109,0.359072,5.10,gru,0.022858,0.109520,0.063554
2026-04-03T21:15:08.2488782Z,0.244371,0.076094,0.296097,0.186084,-0.062407,0.329590,3.53,gru,0.058287,0.138501,0.033494
2026-04-03T21:15:08.2802176Z,0.248387,0.076574,0.305323,0.182350,-0.062495,0.294380,6.34,gru,0.066037,0.139068,0.010943
2026-04-03T21:15:08.3089377Z,0.250719,0.075999,0.314183,0.218251,-0.021460,0.332962,4.13,gru,0.032468,0.097459,0.018779
2026-04-03T21:15:08.3546755Z,0.250601,0.076263,0.315261,0.233929,0.019443,0.329099,5.50,gru,0.016672,0.056820,0.013838
2026-04-03T21:15:08.3780455Z,0.249387,0.074449,0.312028,0.230693,0.006830,0.308864,3.76,gru,0.018694,0.067619,0.003164
2026-04-03T21:15:08.4114463Z,0.206174,0.073887,0.278647,0.150693,0.047487,0.228864,5.14,gru,0.055481,0.026400,0.049783
2026-04-03T21:15:08.4507859Z,0.204930,0.073302,0.279762,0.183180,0.030163,0.279350,9.07,gru,0.021750,0.043139,0.000412
2026-04-03T21:15:08.4743934Z,0.204769,0.073321,0.280490,0.218060,0.033412,0.310017,4.28,gru,0.013291,0.039909,0.029528
2026-04-03T21:15:08.5134680Z,0.205634,0.071686,0.279752,0.188810,0.070803,0.259581,6.74,gru,0.016824,0.000883,0.020171
2026-04-03T21:15:08.5408915Z,0.211169,0.071606,0.292031,0.202252,0.072588,0.292317,3.16,gru,0.008917,0.000981,0.000286
2026-04-03T21:15:08.5869996Z,0.209751,0.070570,0.289407,0.205021,0.072169,0.281218,3.64,gru,0.004730,0.001599,0.008189
2026-04-03T21:15:08.6170770Z,0.263689,0.077981,0.411490,0.257782,0.084935,0.361218,5.32,gru,0.005908,0.006954,0.050272
2026-04-03T21:15:08.6435056Z,0.262914,0.079161,0.418250,0.223639,0.063897,0.425681,5.03,gru,0.039275,0.015264,0.007431
2026-04-03T21:15:08.6750846Z,0.202866,0.074992,0.306082,0.143639,0.041234,0.345681,6.11,gru,0.059227,0.033758,0.039599
2026-04-03T21:15:08.7064295Z,0.507380,0.107057,-0.022488,0.210844,-0.038766,0.265681,3.86,gru,0.296536,0.145822,0.288170
2026-04-03T21:15:08.7447600Z,0.506413,0.105513,-0.021740,0.212441,0.041234,0.185681,4.69,gru,0.293972,0.064279,0.207421
2026-04-03T21:15:08.7805507Z,0.505666,0.104214,-0.021336,0.292441,0.057239,0.246223,4.09,gru,0.213225,0.046975,0.267559
2026-04-03T21:15:08.8355658Z,0.499692,0.098638,-0.014020,0.285917,0.090104,0.171104,3.98,gru,0.213775,0.008535,0.185124
2026-04-03T21:15:08.8562239Z,0.504756,0.101505,-0.016642,0.342671,0.010104,0.091104,5.16,gru,0.162084,0.091402,0.107746
2026-04-03T21:15:08.9017060Z,0.573812,0.105671,-0.040886,0.418844,-0.040553,0.054671,4.06,gru,0.154968,0.146224,0.095557
2026-04-03T21:15:08.9321828Z,0.574172,0.104747,-0.039175,0.483752,-0.090876,0.099981,4.19,gru,0.090419,0.195623,0.139156
2026-04-03T21:15:08.9639469Z,0.561412,0.101905,-0.044914,0.452530,-0.081862,0.045417,3.54,gru,0.108882,0.183767,0.090331
2026-04-03T21:15:09.0052563Z,0.554345,0.099554,-0.004170,0.497659,-0.071226,0.111552,6.64,gru,0.056687,0.170780,0.115722
2026-04-03T21:15:09.0858533Z,0.557291,0.095434,0.008573,0.523289,-0.067388,0.101194,5.94,gru,0.034002,0.162822,0.092621
2026-04-03T21:15:09.1108448Z,0.564194,0.094595,0.004187,0.521383,-0.030408,0.059264,5.68,gru,0.042811,0.125003,0.055077
2026-04-03T21:15:09.1263550Z,0.566181,0.095137,0.005783,0.534182,-0.019868,0.053062,4.36,gru,0.031998,0.115005,0.047279
2026-04-03T21:15:09.1489449Z,0.564071,0.099520,-0.005525,0.533082,-0.001281,0.024200,6.00,gru,0.030989,0.100800,0.029725
2026-04-03T21:15:09.1871302Z,0.574630,0.098709,0.004790,0.544715,0.010983,0.048442,7.52,gru,0.029916,0.087725,0.043651
2026-04-03T21:15:09.2139408Z,0.575657,0.100227,0.001031,0.544928,0.026708,0.025385,6.21,gru,0.030729,0.073519,0.024354
2026-04-03T21:15:09.2460621Z,0.578896,0.102293,-0.004771,0.546726,0.052646,-0.001609,4.74,gru,0.032170,0.049647,0.003163
2026-04-03T21:15:09.2791776Z,0.578883,0.103624,-0.005324,0.564888,0.036441,0.015956,5.83,gru,0.013994,0.067183,0.021280
2026-04-03T21:15:09.3111373Z,0.578423,0.104258,-0.000987,0.549317,0.027262,0.029659,7.73,gru,0.029106,0.076997,0.030646
2026-04-03T21:15:09.3437193Z,0.576647,0.110718,-0.029791,0.519996,0.062859,-0.032627,3.78,gru,0.056651,0.047859,0.002836
2026-04-03T21:15:09.3776576Z,0.576579,0.112190,-0.026987,0.548859,0.071873,-0.015840,5.27,gru,0.027719,0.040317,0.011146
2026-04-03T21:15:09.4098271Z,0.577954,0.114613,-0.025566,0.554654,0.074271,0.010065,4.14,gru,0.023300,0.040342,0.035632
2026-04-03T21:15:09.4496153Z,0.580001,0.118928,-0.023454,0.552007,0.074781,-0.013336,6.42,gru,0.027994,0.044148,0.010118
2026-04-03T21:15:09.4778109Z,0.571190,0.120818,-0.022845,0.538758,0.076868,-0.019767,4.23,gru,0.032432,0.043950,0.003078
2026-04-03T21:15:09.5079267Z,0.534343,0.121193,-0.007185,0.488152,0.080791,0.032576,4.02,gru,0.046191,0.040401,0.039760
2026-04-03T21:15:09.5469708Z,0.537521,0.127592,0.004318,0.510838,0.077260,0.032042,4.47,gru,0.026683,0.050332,0.027724
2026-04-03T21:15:09.5811422Z,0.542959,0.136971,0.014416,0.535477,0.097254,0.028099,5.36,gru,0.007482,0.039716,0.013683
2026-04-03T21:15:09.6092058Z,0.545831,0.146359,0.020291,0.522000,0.084944,0.024716,4.30,gru,0.023830,0.061415,0.004425
2026-04-03T21:15:09.6446140Z,0.551368,0.156282,0.020903,0.530253,0.106243,0.025311,6.65,gru,0.021115,0.050039,0.004408
2026-04-03T21:15:09.6766509Z,0.555426,0.165962,0.020834,0.536733,0.118193,0.029539,4.47,gru,0.018693,0.047769,0.008705
2026-04-03T21:15:09.7113303Z,0.566787,0.178171,0.026934,0.558103,0.134350,0.038902,6.99,gru,0.008684,0.043821,0.011969
2026-04-03T21:15:09.7385954Z,0.571064,0.188409,0.029352,0.557663,0.143258,0.036572,3.75,gru,0.013401,0.045152,0.007220
2026-04-03T21:15:09.7767286Z,0.575992,0.198760,0.042362,0.557492,0.153584,0.061356,3.62,gru,0.018500,0.045176,0.018993
2026-04-03T21:15:09.8057383Z,0.581142,0.208965,0.040564,0.563391,0.169024,0.042269,4.44,gru,0.017751,0.039941,0.001705
2026-04-03T21:15:09.8394686Z,0.585766,0.217666,0.039732,0.568133,0.179025,0.034619,4.54,gru,0.017633,0.038640,0.005113
2026-04-03T21:15:09.9019578Z,0.590430,0.225781,0.038759,0.573231,0.182419,0.046113,4.80,gru,0.017199,0.043362,0.007354
2026-04-03T21:15:09.9259842Z,0.591488,0.230849,0.038029,0.569413,0.187274,0.043532,3.25,gru,0.022075,0.043575,0.005503
2026-04-03T21:15:09.9651207Z,0.077651,0.175176,0.356648,0.489413,0.107274,0.123532,4.03,gru,0.411762,0.067902,0.233116
2026-04-03T21:15:09.9909430Z,0.078063,0.183461,0.362125,0.409413,0.027274,0.203532,3.51,gru,0.331350,0.156187,0.158593
2026-04-03T21:15:10.0123052Z,0.077449,0.189703,0.367609,0.447104,0.021827,0.283532,4.80,gru,0.369654,0.167876,0.084077
2026-04-03T21:15:10.0521737Z,0.076471,0.196171,0.370973,0.367104,0.081285,0.363532,3.61,gru,0.290633,0.114886,0.007441
2026-04-03T21:15:10.0897082Z,0.075397,0.202471,0.373782,0.287104,0.090002,0.443532,4.22,gru,0.211707,0.112468,0.069750
2026-04-03T21:15:10.1328129Z,0.073650,0.207714,0.376047,0.207104,0.046273,0.424686,5.80,gru,0.133454,0.161440,0.048639
2026-04-03T21:15:10.1537729Z,0.071167,0.211863,0.378599,0.156171,0.095065,0.404455,5.44,gru,0.085005,0.116797,0.025856
2026-04-03T21:15:10.1780061Z,0.069396,0.216788,0.381172,0.125253,0.154829,0.464458,3.59,gru,0.055857,0.061958,0.083286
2026-04-03T21:15:10.2079446Z,0.069048,0.219110,0.383985,0.083678,0.141236,0.416784,3.50,gru,0.014630,0.077873,0.032799
2026-04-03T21:15:10.2400411Z,0.065258,0.222517,0.386215,0.061208,0.113058,0.408525,3.59,gru,0.004050,0.109459,0.022309
2026-04-03T21:15:10.2736661Z,0.065015,0.225905,0.388919,0.069317,0.154936,0.416592,3.55,gru,0.004302,0.070970,0.027673
2026-04-03T21:15:10.3068705Z,0.069355,0.229578,0.388659,0.064475,0.169430,0.418635,6.01,gru,0.004880,0.060148,0.029976
2026-04-03T21:15:10.3398673Z,0.064986,0.235642,0.393017,0.044204,0.168166,0.408147,4.49,gru,0.020782,0.067476,0.015130
2026-04-03T21:15:10.3744299Z,0.061410,0.241793,0.396724,0.033509,0.179425,0.421005,3.83,gru,0.027902,0.062368,0.024281
2026-04-03T21:15:10.4176070Z,0.061863,0.247640,0.399749,0.060697,0.198142,0.411745,4.03,gru,0.001166,0.049498,0.011996
2026-04-03T21:15:10.4511149Z,0.063881,0.252625,0.401931,0.059304,0.210910,0.418661,6.13,gru,0.004577,0.041715,0.016730
2026-04-03T21:15:10.4881232Z,0.064214,0.257817,0.404404,0.057546,0.246274,0.407028,3.53,gru,0.006668,0.011543,0.002624
2026-04-03T21:15:10.5196331Z,0.065103,0.265558,0.406679,0.066722,0.235226,0.400516,3.83,gru,0.001619,0.030332,0.006162
2026-04-03T21:15:10.5510826Z,0.064917,0.270284,0.408854,0.065892,0.199173,0.419518,5.93,gru,0.000975,0.071112,0.010664
2026-04-03T21:15:10.5761846Z,0.066824,0.276524,0.410555,0.071509,0.279173,0.408476,2.93,gru,0.004684,0.002649,0.002078
2026-04-03T21:15:10.6097814Z,0.067728,0.284001,0.411738,0.067839,0.295570,0.409946,4.55,gru,0.000112,0.011569,0.001792
2026-04-03T21:15:10.6424475Z,0.068615,0.290307,0.414836,0.068691,0.299931,0.415974,5.46,gru,0.000076,0.009624,0.001138
2026-04-03T21:15:10.6771604Z,0.071689,0.297492,0.416976,0.078638,0.302849,0.416141,6.43,gru,0.006949,0.005357,0.000835
2026-04-03T21:15:10.7091092Z,0.074299,0.305062,0.419069,0.078644,0.313285,0.416647,6.74,gru,0.004345,0.008223,0.002422
2026-04-03T21:15:10.7441426Z,0.072752,0.315184,0.424850,0.066778,0.332259,0.429767,4.61,gru,0.005974,0.017075,0.004916
2026-04-03T21:15:10.7747534Z,0.074951,0.324858,0.429523,0.079428,0.336145,0.431822,4.01,gru,0.004477,0.011287,0.002299
2026-04-03T21:15:10.8091161Z,0.077988,0.333707,0.433243,0.088237,0.339753,0.430911,3.35,gru,0.010250,0.006046,0.002332
2026-04-03T21:15:10.8371136Z,0.091367,0.343603,0.431342,0.111903,0.349334,0.422826,3.64,gru,0.020536,0.005731,0.008516
2026-04-03T21:15:10.8789932Z,0.095136,0.355211,0.434019,0.092911,0.374820,0.435136,3.76,gru,0.002224,0.019608,0.001117
2026-04-03T21:15:10.9080294Z,0.096738,0.364546,0.436800,0.085948,0.379081,0.440740,3.77,gru,0.010789,0.014535,0.003939
2026-04-03T21:15:10.9408511Z,0.100521,0.376595,0.438692,0.112384,0.381320,0.435752,5.07,gru,0.011864,0.004725,0.002940
2026-04-03T21:15:10.9907052Z,0.100510,0.388984,0.441840,0.103656,0.403859,0.440156,3.75,gru,0.003146,0.014875,0.001684
2026-04-03T21:15:11.0155163Z,0.103070,0.400740,0.443430,0.101938,0.414281,0.441944,4.77,gru,0.001131,0.013541,0.001486
2026-04-03T21:15:11.0473446Z,0.106689,0.412271,0.444119,0.112672,0.420127,0.440565,6.76,gru,0.005983,0.007855,0.003554
2026-04-03T21:15:11.0757627Z,0.111916,0.424418,0.442644,0.120810,0.433291,0.435888,4.00,gru,0.008894,0.008873,0.006756
2026-04-03T21:15:11.1110651Z,0.111262,0.438270,0.445552,0.105958,0.456271,0.447219,4.39,gru,0.005303,0.018001,0.001667
2026-04-03T21:15:11.1396062Z,0.113899,0.450684,0.445016,0.114661,0.462469,0.441775,4.02,gru,0.000763,0.011784,0.003240
2026-04-03T21:15:11.2026784Z,0.116334,0.462978,0.445849,0.124679,0.469909,0.440531,6.64,gru,0.008346,0.006931,0.005318
2026-04-03T21:15:11.2164525Z,0.118193,0.475537,0.446566,0.119544,0.489510,0.444349,5.46,gru,0.001351,0.013973,0.002217
2026-04-03T21:15:11.2476111Z,0.122668,0.488657,0.447637,0.127272,0.502189,0.444882,6.52,gru,0.004604,0.013532,0.002755
2026-04-03T21:15:11.2823703Z,0.127330,0.501830,0.448280,0.134097,0.512872,0.444014,4.41,gru,0.006767,0.011042,0.004266
2026-04-03T21:15:11.3170027Z,0.125903,0.515127,0.451902,0.117968,0.527742,0.451689,5.44,gru,0.007935,0.012615,0.000213
2026-04-03T21:15:11.3467567Z,0.126123,0.528619,0.453225,0.124103,0.539030,0.449844,4.13,gru,0.002020,0.010412,0.003381
2026-04-03T21:15:11.3811741Z,0.118831,0.541382,0.457991,0.109162,0.553593,0.457103,3.54,gru,0.009669,0.012211,0.000889
2026-04-03T21:15:11.4152126Z,0.119263,0.555439,0.457482,0.124218,0.565946,0.451528,3.72,gru,0.004954,0.010507,0.005954
2026-04-03T21:15:11.4450443Z,0.129002,0.563069,0.453730,0.154006,0.560555,0.441684,5.45,gru,0.025005,0.002514,0.012045
2026-04-03T21:15:11.4885888Z,0.130402,0.576088,0.452801,0.123285,0.591885,0.449543,4.86,gru,0.007117,0.015797,0.003258
2026-04-03T21:15:11.5097682Z,0.130822,0.585309,0.450941,0.117574,0.596580,0.445912,5.63,gru,0.013249,0.011271,0.005029
2026-04-03T21:15:11.5429961Z,0.131893,0.596642,0.448202,0.142034,0.598933,0.439222,3.50,gru,0.010141,0.002291,0.008981
2026-04-03T21:15:11.5730216Z,0.134424,0.606924,0.444839,0.144302,0.614322,0.435358,3.73,gru,0.009878,0.007398,0.009481
2026-04-03T21:15:11.6123764Z,0.141179,0.614033,0.440153,0.147161,0.617448,0.430771,4.40,gru,0.005981,0.003415,0.009382
2026-04-03T21:15:11.6430531Z,0.139814,0.623792,0.436791,0.127380,0.632586,0.429220,4.04,gru,0.012434,0.008794,0.007571
2026-04-03T21:15:11.6709308Z,0.148402,0.629230,0.427559,0.163229,0.626714,0.412834,5.20,gru,0.014827,0.002516,0.014725
2026-04-03T21:15:11.7062742Z,0.143489,0.639690,0.428197,0.138629,0.650210,0.428601,3.89,gru,0.004860,0.010520,0.000404
2026-04-03T21:15:11.7415878Z,0.140440,0.649844,0.425742,0.123441,0.662476,0.424646,4.58,gru,0.016999,0.012632,0.001097
2026-04-03T21:15:11.7709394Z,0.155416,0.651464,0.418205,0.193152,0.635064,0.406739,5.27,gru,0.037736,0.016400,0.011466
2026-04-03T21:15:11.8104102Z,0.153981,0.663132,0.415719,0.149956,0.678967,0.411294,4.26,gru,0.004025,0.015834,0.004425
2026-04-03T21:15:11.8427245Z,0.157916,0.669040,0.410916,0.142756,0.680441,0.407350,4.62,gru,0.015160,0.011401,0.003566
2026-04-03T21:15:11.8810377Z,0.156084,0.679175,0.407097,0.159301,0.679210,0.400895,5.98,gru,0.003216,0.000035,0.006203
2026-04-03T21:15:11.9091072Z,0.157895,0.686567,0.404749,0.164992,0.692454,0.400101,4.02,gru,0.007097,0.005887,0.004649
2026-04-03T21:15:11.9416651Z,0.156793,0.699346,0.403557,0.152551,0.713437,0.401957,5.33,gru,0.004242,0.014092,0.001601
2026-04-03T21:15:11.9761242Z,0.161896,0.707006,0.398728,0.164010,0.713243,0.390050,4.58,gru,0.002114,0.006238,0.008677
2026-04-03T21:15:12.0465172Z,0.163750,0.715172,0.395511,0.166604,0.718320,0.388715,5.03,gru,0.002854,0.003148,0.006796
2026-04-03T21:15:12.0856534Z,0.168385,0.736245,0.387599,0.171317,0.766465,0.378525,4.04,gru,0.002932,0.030220,0.009073
2026-04-03T21:15:12.1333723Z,0.167784,0.751512,0.385785,0.158917,0.770047,0.384062,4.96,gru,0.008867,0.018536,0.001723
2026-04-03T21:15:12.1561912Z,0.168867,0.762242,0.382222,0.163235,0.765174,0.379871,5.11,gru,0.005632,0.002932,0.002352
2026-04-03T21:15:12.2318917Z,0.173411,0.773228,0.376915,0.182487,0.775577,0.368011,4.38,gru,0.009076,0.002349,0.008903
2026-04-03T21:15:12.2523449Z,0.161777,0.803069,0.375512,0.133841,0.855577,0.373352,4.66,gru,0.027936,0.052508,0.002160
2026-04-03T21:15:12.2888755Z,0.161771,0.813316,0.370825,0.157683,0.826124,0.364447,4.88,gru,0.004087,0.012808,0.006378
2026-04-03T21:15:12.3119072Z,0.162932,0.821683,0.367280,0.179141,0.811848,0.360839,4.11,gru,0.016208,0.009835,0.006442
2026-04-03T21:15:12.3457944Z,0.163177,0.831350,0.362400,0.153363,0.853064,0.354873,3.50,gru,0.009815,0.021714,0.007527
2026-04-03T21:15:12.3836448Z,0.167095,0.836893,0.357531,0.164134,0.851535,0.347274,3.53,gru,0.002961,0.014642,0.010257
2026-04-03T21:15:12.4228043Z,0.167567,0.843162,0.351980,0.165778,0.847669,0.343566,7.28,gru,0.001788,0.004507,0.008414
2026-04-03T21:15:12.4498953Z,0.166066,0.848317,0.349422,0.159173,0.849030,0.346862,3.43,gru,0.006893,0.000712,0.002560
2026-04-03T21:15:12.4789681Z,0.168528,0.854474,0.344138,0.170754,0.859306,0.335943,3.44,gru,0.002226,0.004833,0.008194
2026-04-03T21:15:12.5092508Z,0.171349,0.860446,0.338249,0.171361,0.869613,0.326018,3.00,gru,0.000011,0.009167,0.012231
2026-04-03T21:15:12.5422672Z,0.209103,0.835313,0.325827,0.251361,0.804064,0.309751,5.99,gru,0.042258,0.031250,0.016076
2026-04-03T21:15:12.5845930Z,0.175659,0.867419,0.329031,0.171361,0.884064,0.346112,3.81,gru,0.004298,0.016645,0.017081
2026-04-03T21:15:12.6098802Z,0.230470,0.829089,0.315485,0.251361,0.804064,0.315269,4.34,gru,0.020890,0.025025,0.000216
2026-04-03T21:15:12.6418496Z,0.228955,0.835073,0.311610,0.254995,0.818776,0.300858,3.84,gru,0.026040,0.016297,0.010751
2026-04-03T21:15:12.6772381Z,0.242171,0.825011,0.307344,0.212674,0.864165,0.318771,4.44,gru,0.029497,0.039153,0.011427
2026-04-03T21:15:12.7103020Z,0.185788,0.883263,0.311667,0.132674,0.944165,0.313713,6.15,gru,0.053113,0.060902,0.002046
2026-04-03T21:15:12.7435432Z,0.215250,0.863958,0.299530,0.212674,0.869579,0.305098,7.53,gru,0.002576,0.005621,0.005568
2026-04-03T21:15:12.7804729Z,0.216904,0.868899,0.295149,0.262288,0.862805,0.277627,6.59,gru,0.045384,0.006094,0.017523
2026-04-03T21:15:12.8135824Z,0.216736,0.873298,0.292392,0.185929,0.942805,0.293781,6.05,gru,0.030807,0.069507,0.001389
2026-04-03T21:15:12.8446748Z,0.217925,0.877618,0.288492,0.218725,0.929804,0.286636,4.03,gru,0.000800,0.052186,0.001857
2026-04-03T21:15:12.8750158Z,0.219567,0.879228,0.286084,0.267954,0.910130,0.277614,4.66,gru,0.048387,0.030902,0.008471
2026-04-03T21:15:12.9121392Z,0.221626,0.882758,0.283204,0.229147,0.896803,0.270075,4.02,gru,0.007522,0.014045,0.013129
2026-04-03T21:15:12.9452464Z,0.214273,0.897107,0.275315,0.176693,0.964594,0.247106,4.94,gru,0.037580,0.067488,0.028210
2026-04-03T21:15:12.9787877Z,0.208460,0.905012,0.276102,0.195471,0.942441,0.266389,5.85,gru,0.012989,0.037429,0.009713
2026-04-03T21:15:13.0104596Z,0.197194,0.918679,0.272868,0.213795,0.933103,0.267808,3.54,gru,0.016602,0.014424,0.005060
2026-04-03T21:15:13.0468501Z,0.210046,0.911178,0.269725,0.236032,0.897773,0.252789,7.59,gru,0.025986,0.013405,0.016936
2026-04-03T21:15:13.0808893Z,0.211889,0.913972,0.265980,0.200237,0.930651,0.251190,4.29,gru,0.011652,0.016679,0.014790
2026-04-03T21:15:13.1107267Z,0.213607,0.918440,0.261957,0.190398,0.951773,0.251550,3.77,gru,0.023209,0.033332,0.010407
2026-04-03T21:15:13.1451776Z,0.216198,0.919833,0.259933,0.231183,0.925530,0.255733,6.61,gru,0.014984,0.005698,0.004200
2026-04-03T21:15:13.1765499Z,0.220069,0.920387,0.250555,0.231602,0.907844,0.234275,6.87,gru,0.011533,0.012543,0.016279
2026-04-03T21:15:13.2109245Z,0.221619,0.923077,0.248365,0.207732,0.945848,0.240439,4.84,gru,0.013887,0.022772,0.007927
2026-04-03T21:15:13.2408727Z,0.222480,0.924623,0.245665,0.209932,0.938905,0.245086,4.23,gru,0.012547,0.014282,0.000579
2026-04-03T21:15:13.2825229Z,0.224435,0.921388,0.243049,0.231456,0.916544,0.238920,7.91,gru,0.007021,0.004843,0.004129
2026-04-03T21:15:13.3196249Z,0.204192,0.948962,0.251053,0.175770,0.985953,0.265956,7.02,gru,0.028422,0.036991,0.014903
2026-04-03T21:15:13.3583183Z,0.215215,0.938665,0.246197,0.237417,0.934724,0.241630,7.75,gru,0.022202,0.003941,0.004566
2026-04-03T21:15:13.3873603Z,0.215727,0.938076,0.240864,0.231293,0.920617,0.226609,4.86,gru,0.015565,0.017459,0.014255
2026-04-03T21:15:13.4202297Z,0.202870,0.947167,0.240114,0.170385,0.999360,0.249047,5.77,gru,0.032485,0.052193,0.008933
2026-04-03T21:15:13.4500067Z,0.199651,0.948917,0.240652,0.199081,0.960031,0.246454,5.86,gru,0.000570,0.011114,0.005803
2026-04-03T21:15:13.4827207Z,0.206552,0.945006,0.239667,0.243479,0.938282,0.238878,5.22,gru,0.036927,0.006725,0.000790
2026-04-03T21:15:13.5089019Z,0.190009,0.953332,0.241910,0.163479,0.972494,0.241433,3.74,gru,0.026530,0.019162,0.000476
2026-04-03T21:15:13.5456052Z,0.182253,0.956618,0.244438,0.152367,0.970331,0.245905,5.66,gru,0.029886,0.013713,0.001467
2026-04-03T21:15:13.5769860Z,0.176032,0.958526,0.245862,0.191989,0.956689,0.246450,5.03,gru,0.015957,0.001837,0.000588
2026-04-03T21:15:13.6136979Z,0.173967,0.959405,0.247621,0.184645,0.960278,0.245630,4.81,gru,0.010678,0.000873,0.001991
2026-04-03T21:15:13.6470683Z,0.165841,0.962002,0.249051,0.142744,0.971524,0.246152,6.09,gru,0.023097,0.009523,0.002898
2026-04-03T21:15:13.6736461Z,0.160999,0.963197,0.246809,0.144538,0.968538,0.238640,4.05,gru,0.016461,0.005341,0.008169
2026-04-03T21:15:13.7101654Z,0.159190,0.962501,0.249870,0.171830,0.961145,0.250436,4.78,gru,0.012640,0.001356,0.000566
2026-04-03T21:15:13.7419776Z,0.157200,0.964315,0.250132,0.160284,0.968752,0.250525,4.07,gru,0.003084,0.004437,0.000393
2026-04-03T21:15:13.7747555Z,0.154320,0.965416,0.250055,0.139444,0.969171,0.242800,6.07,gru,0.014876,0.003755,0.007255
2026-04-03T21:15:13.8046493Z,0.106095,1.005227,0.245968,0.059444,1.049171,0.228320,4.43,gru,0.046651,0.043944,0.017648
2026-04-03T21:15:13.8386970Z,0.102149,1.007866,0.246392,0.125991,1.006076,0.239575,4.67,gru,0.023842,0.001790,0.006817
2026-04-03T21:15:13.8752056Z,0.101686,1.006461,0.245958,0.154021,0.993960,0.237938,5.96,gru,0.052334,0.012501,0.008020
2026-04-03T21:15:13.9095467Z,0.084181,1.020650,0.242136,0.074021,1.073960,0.218922,4.94,gru,0.010160,0.053310,0.023213
2026-04-03T21:15:13.9394781Z,0.081056,1.021869,0.242344,0.064698,1.035024,0.229997,4.01,gru,0.016358,0.013155,0.012347
2026-04-03T21:15:13.9753110Z,0.077260,1.025479,0.241114,0.110703,1.023504,0.233467,4.02,gru,0.033443,0.001975,0.007647
2026-04-03T21:15:14.0077804Z,0.074915,1.024599,0.241177,0.080270,1.029145,0.231434,4.57,gru,0.005355,0.004546,0.009743
2026-04-03T21:15:14.0471249Z,0.073319,1.026523,0.240529,0.059959,1.036177,0.227894,5.14,gru,0.013360,0.009654,0.012635
2026-04-03T21:15:14.0886550Z,0.077964,1.021460,0.242821,0.085319,1.022564,0.235810,5.94,gru,0.007355,0.001104,0.007011
2026-04-03T21:15:14.1109462Z,0.078247,1.020003,0.245166,0.095835,1.017955,0.243884,3.29,gru,0.017589,0.002047,0.001281
2026-04-03T21:15:14.1521908Z,0.074379,1.018618,0.244897,0.066576,1.022577,0.236262,5.43,gru,0.007804,0.003959,0.008635
2026-04-03T21:15:14.1857540Z,0.067539,1.019546,0.244982,0.053012,1.023257,0.236170,4.83,gru,0.014527,0.003711,0.008812
2026-04-03T21:15:14.2094984Z,0.058916,1.020041,0.246253,0.054891,1.021024,0.244391,3.77,gru,0.004025,0.000984,0.001862
2026-04-03T21:15:14.2402724Z,0.060175,1.018524,0.248690,0.079438,1.017201,0.249937,3.50,gru,0.019262,0.001323,0.001248
2026-04-03T21:15:14.2947634Z,0.058900,1.011486,0.251344,0.059390,1.006161,0.249272,6.34,gru,0.000490,0.005326,0.002072
2026-04-03T21:15:14.3193338Z,0.074916,0.996687,0.266776,0.096213,0.990538,0.281783,5.33,gru,0.021297,0.006149,0.015007
2026-04-03T21:15:14.3394423Z,0.074522,0.996516,0.263865,0.069987,1.005090,0.250690,3.99,gru,0.004535,0.008575,0.013175
2026-04-03T21:15:14.3708791Z,0.069407,0.995941,0.263065,0.048983,1.003875,0.244872,3.52,gru,0.020424,0.007934,0.018193
2026-04-03T21:15:14.4148433Z,0.066586,0.991030,0.269814,0.074293,0.983426,0.281174,4.18,gru,0.007707,0.007604,0.011360
2026-04-03T21:15:14.4444541Z,0.064132,0.988744,0.271470,0.071137,0.986573,0.271086,4.01,gru,0.007006,0.002171,0.000384
2026-04-03T21:15:14.4768907Z,0.062698,0.987123,0.272640,0.056623,0.991893,0.261479,3.59,gru,0.006075,0.004771,0.011161
2026-04-03T21:15:14.5091535Z,0.059023,0.988578,0.272408,0.049947,0.990200,0.265381,3.85,gru,0.009076,0.001621,0.007027
2026-04-03T21:15:14.5409908Z,0.056377,0.987545,0.271629,0.056460,0.985004,0.267018,6.91,gru,0.000083,0.002541,0.004612
2026-04-03T21:15:14.5728840Z,0.055653,0.990082,0.271782,0.061746,0.991105,0.270319,3.86,gru,0.006093,0.001022,0.001462
2026-04-03T21:15:14.6074636Z,0.029103,1.002090,0.257720,-0.018254,1.028710,0.224789,5.51,gru,0.047357,0.026621,0.032931
2026-04-03T21:15:14.6399472Z,0.028363,1.000527,0.257893,0.032707,0.993555,0.249084,3.06,gru,0.004344,0.006972,0.008809
2026-04-03T21:15:14.6739576Z,0.028004,1.000366,0.258683,0.056792,0.995292,0.263805,5.25,gru,0.028788,0.005075,0.005122
2026-04-03T21:15:14.7048200Z,0.027369,1.000884,0.258570,0.012689,1.012072,0.245894,3.87,gru,0.014680,0.011188,0.012676
2026-04-03T21:15:14.7421217Z,0.026243,1.000253,0.258016,0.012995,0.995001,0.245979,5.53,gru,0.013248,0.005252,0.012037
2026-04-03T21:15:14.7756855Z,0.024904,1.003486,0.257319,0.029445,1.001082,0.250253,3.50,gru,0.004541,0.002404,0.007067
2026-04-03T21:15:14.8136227Z,0.023658,1.004450,0.256570,0.030905,1.005067,0.252991,6.58,gru,0.007247,0.000617,0.003579
2026-04-03T21:15:14.8434743Z,0.024190,1.004904,0.256448,0.021617,1.004237,0.251205,2.76,gru,0.002573,0.000667,0.005243
2026-04-03T21:15:14.8748755Z,0.023185,1.005965,0.255322,0.015531,1.007565,0.246289,3.15,gru,0.007653,0.001600,0.009033
2026-04-03T21:15:14.9069625Z,0.022374,1.005804,0.254063,0.024488,1.005577,0.247126,4.61,gru,0.002114,0.000227,0.006938
2026-04-03T21:15:14.9402495Z,0.023115,1.008955,0.254338,0.028541,1.013654,0.253882,4.03,gru,0.005426,0.004700,0.000455
2026-04-03T21:15:14.9782671Z,0.022397,1.010125,0.252776,0.019352,1.012666,0.247124,3.39,gru,0.003045,0.002541,0.005652
2026-04-03T21:15:15.0105260Z,0.020703,1.010614,0.251821,0.015719,1.010274,0.244828,3.17,gru,0.004985,0.000340,0.006993
2026-04-03T21:15:15.0460377Z,0.021797,1.011472,0.251673,0.026769,1.013646,0.249226,4.31,gru,0.004972,0.002173,0.002447
2026-04-03T21:15:15.0900614Z,0.012467,1.013885,0.244982,-0.002351,1.019725,0.231466,5.02,gru,0.014818,0.005840,0.013517
2026-04-03T21:15:15.1109435Z,0.008016,1.015712,0.239410,0.000198,1.016953,0.228688,5.83,gru,0.007818,0.001240,0.010722
2026-04-03T21:15:15.1399669Z,0.000622,1.016165,0.235209,-0.002057,1.013776,0.231797,4.11,gru,0.002678,0.002390,0.003412
2026-04-03T21:15:15.1826024Z,-0.000372,1.017662,0.234184,0.001955,1.019377,0.234305,3.01,gru,0.002327,0.001715,0.000120
2026-04-03T21:15:15.2065070Z,0.000564,1.017166,0.234263,0.006067,1.014499,0.234103,2.91,gru,0.005503,0.002668,0.000159
2026-04-03T21:15:15.2394331Z,0.000296,1.016016,0.233824,-0.003514,1.013427,0.228702,4.82,gru,0.003810,0.002589,0.005122
2026-04-03T21:15:15.2746036Z,-0.016447,1.016100,0.228086,-0.046059,1.016586,0.214758,5.09,gru,0.029612,0.000486,0.013327
2026-04-03T21:15:15.3044928Z,-0.017804,1.015060,0.227899,-0.013239,1.009048,0.225616,3.07,gru,0.004564,0.006011,0.002283
2026-04-03T21:15:15.3411143Z,-0.018040,1.011794,0.228114,-0.000519,1.005794,0.230004,4.63,gru,0.017521,0.006000,0.001890
2026-04-03T21:15:15.3774090Z,-0.017832,1.010973,0.228593,-0.026040,1.011907,0.224038,3.97,gru,0.008207,0.000934,0.004555
2026-04-03T21:15:15.4067175Z,-0.018822,1.006751,0.228459,-0.027089,0.998866,0.223265,3.58,gru,0.008267,0.007885,0.005194
2026-04-03T21:15:15.4390806Z,-0.042600,1.010344,0.210733,-0.077065,1.016897,0.180044,4.27,gru,0.034466,0.006554,0.030690
2026-04-03T21:15:15.4860458Z,-0.008744,0.999028,0.225322,0.002935,0.982828,0.226645,4.15,gru,0.011679,0.016200,0.001322
2026-04-03T21:15:15.5121227Z,-0.008191,0.995890,0.223985,-0.002801,0.988863,0.229242,4.72,gru,0.005390,0.007027,0.005256
2026-04-03T21:15:15.5571445Z,-0.004958,0.993783,0.223890,-0.047418,1.002833,0.191494,3.79,gru,0.042460,0.009050,0.032395
2026-04-03T21:15:15.5785536Z,0.021447,0.978921,0.246002,0.032582,0.953276,0.247171,3.86,gru,0.011135,0.025645,0.001169
2026-04-03T21:15:15.6205413Z,-0.006672,0.998510,0.228470,-0.047101,1.033276,0.188776,4.10,gru,0.040429,0.034766,0.039693
2026-04-03T21:15:15.6395332Z,-0.009642,1.010050,0.226292,-0.033317,1.035754,0.203363,3.58,gru,0.023675,0.025704,0.022929
2026-04-03T21:15:15.6760517Z,0.128419,0.944572,0.274551,0.046683,1.013829,0.241057,4.44,gru,0.081736,0.069257,0.033493
2026-04-03T21:15:15.7050860Z,0.091010,0.930496,0.294516,0.017753,0.933829,0.306220,3.01,gru,0.073257,0.003333,0.011704
2026-04-03T21:15:15.7514077Z,0.095401,0.928165,0.296631,-0.027261,1.013829,0.226220,5.01,gru,0.122663,0.085664,0.070410
2026-04-03T21:15:15.7808789Z,0.091237,0.933770,0.291085,0.012824,0.933829,0.208130,4.02,gru,0.078413,0.000059,0.082955
2026-04-03T21:15:15.8157653Z,0.248082,0.794400,0.255712,0.071018,0.866901,0.188505,5.33,gru,0.177064,0.072501,0.067207
2026-04-03T21:15:15.8677439Z,0.249353,0.794600,0.255870,0.027870,0.884558,0.228139,6.07,gru,0.221483,0.089958,0.027730
2026-04-03T21:15:15.8908443Z,0.257768,0.780539,0.225086,-0.050898,0.964558,0.159161,6.83,gru,0.308666,0.184019,0.065925
2026-04-03T21:15:15.9187855Z,0.261481,0.782034,0.226775,0.029102,0.936803,0.180504,6.94,gru,0.232379,0.154768,0.046270
2026-04-03T21:15:15.9444422Z,0.269564,0.782996,0.239778,0.109102,0.960701,0.213364,3.50,gru,0.160462,0.177705,0.026414
2026-04-03T21:15:15.9745375Z,0.271735,0.782225,0.239664,0.085489,0.943674,0.203102,5.09,gru,0.186245,0.161449,0.036561
2026-04-03T21:15:16.0125295Z,0.276680,0.782040,0.243662,0.133197,0.977890,0.214703,7.16,gru,0.143483,0.195850,0.028959
2026-04-03T21:15:16.0522330Z,0.276358,0.843562,0.326147,0.184941,1.056090,0.294703,9.09,gru,0.091416,0.212528,0.031444
2026-04-03T21:15:16.0854360Z,0.283084,0.828548,0.329217,0.248897,0.976090,0.342601,4.73,gru,0.034187,0.147542,0.013384
2026-04-03T21:15:16.1173956Z,0.301993,0.778899,0.248731,0.251835,0.896090,0.262601,4.14,gru,0.050158,0.117191,0.013870
2026-04-03T21:15:16.1459450Z,0.303247,0.819545,0.327985,0.243308,0.976090,0.342601,4.76,gru,0.059939,0.156545,0.014616
2026-04-03T21:15:16.1855589Z,0.285270,0.823080,0.365315,0.196502,0.919116,0.422601,8.90,gru,0.088769,0.096036,0.057286
2026-04-03T21:15:16.2149256Z,0.291714,0.821933,0.362452,0.276502,0.839116,0.438108,3.85,gru,0.015213,0.017183,0.075656
2026-04-03T21:15:16.2451217Z,0.298415,0.822465,0.360073,0.263656,0.880159,0.358108,4.65,gru,0.034759,0.057694,0.001965
2026-04-03T21:15:16.2825197Z,0.299026,0.831828,0.354891,0.258828,0.960159,0.401171,3.95,gru,0.040198,0.128331,0.046281
2026-04-03T21:15:16.3101417Z,0.298424,0.844011,0.347509,0.248664,0.944689,0.371080,4.11,gru,0.049761,0.100678,0.023571
2026-04-03T21:15:16.3612916Z,0.321110,0.820586,0.352828,0.328664,0.878641,0.375157,4.57,gru,0.007554,0.058056,0.022329
2026-04-03T21:15:16.3872838Z,0.344960,0.798163,0.361744,0.333599,0.814603,0.354551,3.27,gru,0.011361,0.016440,0.007193
2026-04-03T21:15:16.4083766Z,0.350981,0.798919,0.358395,0.287516,0.894603,0.334428,3.57,gru,0.063465,0.095683,0.023967
2026-04-03T21:15:16.4388377Z,0.348274,0.813869,0.346664,0.293845,0.909891,0.322995,3.99,gru,0.054429,0.096022,0.023669
2026-04-03T21:15:16.4737450Z,0.369024,0.796308,0.355191,0.368635,0.881064,0.340931,4.61,gru,0.000389,0.084756,0.014261
2026-04-03T21:15:16.5084389Z,0.372692,0.798075,0.350800,0.349236,0.812320,0.317986,3.96,gru,0.023457,0.014246,0.032813
2026-04-03T21:15:16.5498443Z,0.377232,0.799424,0.342490,0.313100,0.892320,0.268593,4.30,gru,0.064132,0.092896,0.073897
2026-04-03T21:15:16.5883649Z,0.381973,0.800549,0.336013,0.357416,0.882821,0.290245,5.02,gru,0.024557,0.082273,0.045768
2026-04-03T21:15:16.6095004Z,0.384952,0.804565,0.330982,0.373706,0.859974,0.297147,4.01,gru,0.011246,0.055409,0.033835
2026-04-03T21:15:16.6440427Z,0.389264,0.807124,0.324436,0.368648,0.825901,0.283291,4.31,gru,0.020616,0.018776,0.041145
2026-04-03T21:15:16.6746319Z,0.391008,0.812800,0.318981,0.363673,0.883050,0.277896,4.08,gru,0.027335,0.070251,0.041085
2026-04-03T21:15:16.7082674Z,0.392207,0.818201,0.312126,0.372420,0.864713,0.283461,3.55,gru,0.019787,0.046512,0.028665
2026-04-03T21:15:16.7377667Z,0.396936,0.814430,0.311795,0.400037,0.830345,0.291429,3.72,gru,0.003101,0.015915,0.020365
2026-04-03T21:15:16.7718536Z,0.405225,0.806442,0.313303,0.402318,0.805432,0.301171,3.02,gru,0.002907,0.001010,0.012132
2026-04-03T21:15:16.8092589Z,0.406983,0.807250,0.310646,0.384447,0.843979,0.283527,5.30,gru,0.022535,0.036730,0.027120
2026-04-03T21:15:16.8420482Z,0.408511,0.804483,0.311980,0.391790,0.825372,0.300207,4.75,gru,0.016721,0.020889,0.011773
2026-04-03T21:15:16.8788055Z,0.410235,0.804263,0.310176,0.410504,0.800656,0.306829,4.65,gru,0.000269,0.003607,0.003347
2026-04-03T21:15:16.9085073Z,0.410482,0.801854,0.312590,0.402123,0.797528,0.312000,4.40,gru,0.008359,0.004326,0.000590
2026-04-03T21:15:16.9411277Z,0.395933,0.831340,0.297775,0.346373,0.877528,0.258207,5.58,gru,0.049560,0.046187,0.039568
2026-04-03T21:15:16.9825077Z,0.392005,0.836594,0.298377,0.372226,0.870501,0.283433,3.73,gru,0.019779,0.033907,0.014944
2026-04-03T21:15:17.0056516Z,0.330360,0.957784,0.266401,0.292226,0.950501,0.216763,3.16,gru,0.038134,0.007283,0.049638
2026-04-03T21:15:17.0393897Z,0.316035,0.968063,0.279417,0.290786,1.030501,0.268260,3.61,gru,0.025248,0.062438,0.011156
2026-04-03T21:15:17.1074364Z,0.312759,0.960110,0.289852,0.333305,1.011433,0.286361,5.56,gru,0.020546,0.051324,0.003491
2026-04-03T21:15:17.1298078Z,0.310347,0.950470,0.301097,0.272046,0.992358,0.245858,5.82,gru,0.038301,0.041888,0.055239
2026-04-03T21:15:17.1485387Z,0.301613,0.947023,0.315037,0.256006,1.027474,0.290203,3.39,gru,0.045607,0.080451,0.024834
2026-04-03T21:15:17.1754863Z,0.294910,0.939227,0.327574,0.276271,1.005581,0.308626,6.25,gru,0.018639,0.066354,0.018948
2026-04-03T21:15:17.2189099Z,0.290298,0.929563,0.339197,0.280883,0.954571,0.322244,4.42,gru,0.009415,0.025008,0.016953
2026-04-03T21:15:17.2546235Z,0.289453,0.911385,0.350634,0.271200,0.934930,0.324468,6.67,gru,0.018252,0.023544,0.026166
2026-04-03T21:15:17.2762311Z,0.280223,0.906480,0.363959,0.242855,0.972115,0.345988,3.14,gru,0.037368,0.065636,0.017970
2026-04-03T21:15:17.3078492Z,0.275023,0.893519,0.375708,0.262693,0.932030,0.369489,4.76,gru,0.012330,0.038511,0.006219
2026-04-03T21:15:17.3430628Z,0.271496,0.879121,0.387467,0.270842,0.890960,0.382623,5.03,gru,0.000654,0.011838,0.004844
2026-04-03T21:15:17.3763640Z,0.268457,0.866019,0.398307,0.251613,0.890838,0.385797,3.33,gru,0.016844,0.024819,0.012510
2026-04-03T21:15:17.4074823Z,0.264566,0.850145,0.409063,0.240495,0.878589,0.399973,6.71,gru,0.024071,0.028444,0.009089
2026-04-03T21:15:17.4380569Z,0.261987,0.835452,0.418494,0.255458,0.858265,0.416037,3.51,gru,0.006530,0.022813,0.002456
2026-04-03T21:15:17.4731534Z,0.255342,0.819147,0.429253,0.245308,0.819935,0.432804,3.57,gru,0.010034,0.000788,0.003552
2026-04-03T21:15:17.5093518Z,0.254184,0.799957,0.437360,0.247677,0.789369,0.436031,3.57,gru,0.006507,0.010588,0.001329
2026-04-03T21:15:17.5420550Z,0.251102,0.780369,0.445725,0.237255,0.767110,0.447085,4.07,gru,0.013847,0.013259,0.001361
2026-04-03T21:15:17.5739381Z,0.246847,0.761456,0.454468,0.231385,0.752327,0.462741,4.58,gru,0.015461,0.009129,0.008273
2026-04-03T21:15:17.6098477Z,0.247986,0.735698,0.459609,0.254544,0.700784,0.463640,3.83,gru,0.006558,0.034914,0.004030
2026-04-03T21:15:17.6424242Z,0.244275,0.715607,0.466745,0.237613,0.700635,0.462810,2.96,gru,0.006662,0.014972,0.003935
2026-04-03T21:15:17.6780618Z,0.238752,0.695553,0.474409,0.217776,0.692450,0.473537,4.87,gru,0.020976,0.003104,0.000872
2026-04-03T21:15:17.7079060Z,0.239195,0.670475,0.478899,0.238814,0.650308,0.471018,5.35,gru,0.000381,0.020167,0.007881
2026-04-03T21:15:17.7983682Z,0.236340,0.647128,0.484289,0.229984,0.631810,0.476895,5.51,gru,0.006356,0.015318,0.007395
2026-04-03T21:15:17.8272539Z,0.231350,0.596494,0.493401,0.210867,0.579913,0.493777,4.22,gru,0.020483,0.016581,0.000376
2026-04-03T21:15:17.8530834Z,0.216284,0.578245,0.505382,0.179395,0.599932,0.502300,6.87,gru,0.036890,0.021687,0.003083
2026-04-03T21:15:17.8763874Z,0.224745,0.544628,0.500193,0.243604,0.532379,0.476734,3.96,gru,0.018859,0.012249,0.023459
2026-04-03T21:15:17.9104360Z,0.220086,0.521426,0.502918,0.212883,0.512456,0.492778,5.00,gru,0.007203,0.008971,0.010140
2026-04-03T21:15:17.9431615Z,0.223275,0.493810,0.499736,0.194073,0.495941,0.497314,3.32,gru,0.029202,0.002132,0.002421
2026-04-03T21:15:17.9733593Z,0.217011,0.472785,0.501546,0.193507,0.477403,0.490188,3.89,gru,0.023504,0.004618,0.011358
2026-04-03T21:15:18.0084523Z,0.210003,0.454332,0.503375,0.196403,0.458838,0.496602,5.42,gru,0.013600,0.004506,0.006773
2026-04-03T21:15:18.0432890Z,0.208296,0.433227,0.500333,0.201100,0.412748,0.489459,5.33,gru,0.007197,0.020479,0.010874
2026-04-03T21:15:18.0769636Z,0.204605,0.413974,0.497363,0.181625,0.402106,0.487916,6.21,gru,0.022980,0.011869,0.009448
2026-04-03T21:15:18.1104792Z,0.199068,0.397847,0.494830,0.174069,0.410482,0.485783,6.02,gru,0.024999,0.012636,0.009046
2026-04-03T21:15:18.1510480Z,0.194687,0.381305,0.489850,0.186338,0.369138,0.480165,6.50,gru,0.008349,0.012167,0.009685
2026-04-03T21:15:18.1880481Z,0.188942,0.365928,0.485361,0.178672,0.340647,0.479325,7.58,gru,0.010270,0.025281,0.006035
2026-04-03T21:15:18.2220769Z,0.184098,0.349154,0.477708,0.167772,0.325410,0.468094,5.64,gru,0.016326,0.023743,0.009614
2026-04-03T21:15:18.2475080Z,0.176384,0.334371,0.470846,0.159601,0.328117,0.460469,6.01,gru,0.016783,0.006254,0.010377
2026-04-03T21:15:18.2748401Z,0.175503,0.318871,0.459723,0.179641,0.298334,0.446392,5.44,gru,0.004138,0.020537,0.013331
2026-04-03T21:15:18.3062979Z,0.170950,0.302358,0.449072,0.171103,0.278437,0.437202,5.74,gru,0.000153,0.023921,0.011870
2026-04-03T21:15:18.3419476Z,0.168005,0.288081,0.436188,0.161196,0.273973,0.423184,6.89,gru,0.006810,0.014108,0.013003
2026-04-03T21:15:18.3754487Z,0.164092,0.271803,0.423102,0.160979,0.264642,0.409593,5.07,gru,0.003113,0.007160,0.013509
2026-04-03T21:15:18.4071501Z,0.160421,0.257099,0.408597,0.162572,0.250089,0.393049,4.05,gru,0.002151,0.007010,0.015548
2026-04-03T21:15:18.4454715Z,0.156727,0.241514,0.392489,0.158231,0.231192,0.378010,4.94,gru,0.001504,0.010322,0.014479
2026-04-03T21:15:18.4749522Z,0.151526,0.225169,0.376072,0.147245,0.219436,0.364216,3.84,gru,0.004280,0.005733,0.011856
2026-04-03T21:15:18.5131890Z,0.148805,0.211817,0.358798,0.150399,0.207895,0.347448,4.51,gru,0.001595,0.003921,0.011350
2026-04-03T21:15:18.5451904Z,0.146882,0.197704,0.341698,0.151773,0.189907,0.332747,7.06,gru,0.004891,0.007797,0.008951
2026-04-03T21:15:18.5730736Z,0.143059,0.181723,0.325501,0.144440,0.166211,0.319764,3.72,gru,0.001381,0.015512,0.005737
2026-04-03T21:15:18.6087136Z,0.140974,0.169660,0.305411,0.140679,0.152994,0.294409,4.15,gru,0.000295,0.016665,0.011003
2026-04-03T21:15:18.6400516Z,0.140397,0.157089,0.290184,0.145974,0.141116,0.287590,3.52,gru,0.005577,0.015973,0.002594
2026-04-03T21:15:18.6795330Z,0.141665,0.145427,0.274091,0.149447,0.122536,0.273861,4.99,gru,0.007782,0.022891,0.000231
2026-04-03T21:15:18.7207660Z,0.138993,0.133503,0.257210,0.139381,0.106563,0.252030,7.17,gru,0.000388,0.026940,0.005181
2026-04-03T21:15:18.7536384Z,0.135381,0.124001,0.241325,0.132935,0.099531,0.237945,7.90,gru,0.002447,0.024470,0.003381
2026-04-03T21:15:18.7851007Z,0.135452,0.113890,0.225921,0.140248,0.085782,0.224828,5.81,gru,0.004797,0.028108,0.001093
2026-04-03T21:15:18.8110925Z,0.133162,0.106013,0.211164,0.135904,0.079221,0.210294,3.99,gru,0.002742,0.026792,0.000870
2026-04-03T21:15:18.8446616Z,0.131155,0.099174,0.195756,0.130247,0.073984,0.192165,5.37,gru,0.000909,0.025190,0.003591
2026-04-03T21:15:18.8776277Z,0.130487,0.092813,0.181392,0.131112,0.067271,0.178397,4.62,gru,0.000626,0.025542,0.002995
2026-04-03T21:15:18.9109618Z,0.132032,0.088429,0.168975,0.134903,0.066516,0.168486,5.03,gru,0.002870,0.021914,0.000488
2026-04-03T21:15:18.9456349Z,0.127903,0.083160,0.154278,0.125508,0.064612,0.149683,5.82,gru,0.002395,0.018547,0.004595
2026-04-03T21:15:18.9789621Z,0.128300,0.078884,0.141925,0.127097,0.061067,0.137452,3.74,gru,0.001203,0.017817,0.004473
2026-04-03T21:15:19.0140710Z,0.129201,0.074695,0.130206,0.129978,0.058294,0.127021,7.60,gru,0.000776,0.016400,0.003185
2026-04-03T21:15:19.0523545Z,0.128432,0.072968,0.119470,0.126637,0.062690,0.115473,7.43,gru,0.001794,0.010278,0.003997
2026-04-03T21:15:19.0777411Z,0.129232,0.069585,0.109507,0.128334,0.057759,0.104680,4.02,gru,0.000898,0.011826,0.004827
2026-04-03T21:15:19.1068889Z,0.130265,0.066780,0.100216,0.130070,0.054791,0.094488,3.96,gru,0.000195,0.011990,0.005728
2026-04-03T21:15:19.1401631Z,0.130575,0.065685,0.092198,0.129850,0.059883,0.086878,3.74,gru,0.000725,0.005803,0.005320
2026-04-03T21:15:19.1730783Z,0.132208,0.062847,0.084812,0.133263,0.057112,0.079459,5.02,gru,0.001055,0.005735,0.005353
2026-04-03T21:15:19.2094956Z,0.131666,0.060543,0.076917,0.132635,0.055147,0.069751,4.87,gru,0.000969,0.005396,0.007167
2026-04-03T21:15:19.2410709Z,0.137974,0.060539,0.075436,0.141903,0.057232,0.074491,5.07,gru,0.003929,0.003307,0.000944
2026-04-03T21:15:19.2769730Z,0.140009,0.059489,0.070876,0.144666,0.056052,0.067248,4.76,gru,0.004656,0.003436,0.003628
2026-04-03T21:15:19.3266370Z,0.141612,0.057874,0.067207,0.145008,0.052753,0.060778,5.55,gru,0.003396,0.005122,0.006429
2026-04-03T21:15:19.3806115Z,0.144712,0.056744,0.063425,0.149276,0.050723,0.058731,4.15,gru,0.004564,0.006021,0.004694
2026-04-03T21:15:19.4001038Z,0.146565,0.056638,0.059461,0.151024,0.052605,0.054583,3.85,gru,0.004459,0.004033,0.004878
2026-04-03T21:15:19.4059122Z,0.146404,0.054419,0.055508,0.149999,0.049223,0.051110,3.51,gru,0.003595,0.005195,0.004398
2026-04-03T21:15:19.4410602Z,0.148043,0.054444,0.053032,0.151637,0.049586,0.049975,4.06,gru,0.003595,0.004858,0.003057
2026-04-03T21:15:19.4775636Z,0.148877,0.053823,0.050643,0.152492,0.049799,0.047805,6.68,gru,0.003615,0.004024,0.002838
2026-04-03T21:15:19.5197660Z,0.149444,0.052532,0.051605,0.152582,0.048060,0.052594,5.73,gru,0.003138,0.004472,0.000989
2026-04-03T21:15:19.5523383Z,0.149065,0.052035,0.052414,0.151459,0.048900,0.053681,5.23,gru,0.002394,0.003135,0.001267
2026-04-03T21:15:19.5773326Z,0.146863,0.052056,0.051436,0.147632,0.050404,0.048708,4.19,gru,0.000768,0.001651,0.002728
2026-04-03T21:15:19.6107840Z,0.146239,0.050748,0.055898,0.147626,0.047895,0.060648,6.26,gru,0.001387,0.002853,0.004750
2026-04-03T21:15:19.6389167Z,0.145034,0.050087,0.059892,0.146579,0.046900,0.065950,3.61,gru,0.001545,0.003187,0.006058
2026-04-03T21:15:19.6896793Z,0.145480,0.049677,0.065507,0.147276,0.047441,0.070102,3.90,gru,0.001796,0.002235,0.004595
2026-04-03T21:15:19.7151526Z,0.145185,0.049727,0.071501,0.146881,0.048016,0.077265,3.40,gru,0.001696,0.001711,0.005764
2026-04-03T21:15:19.7410210Z,0.144208,0.049736,0.079633,0.144817,0.048092,0.088022,4.27,gru,0.000608,0.001644,0.008390
2026-04-03T21:15:19.7742527Z,0.141770,0.049369,0.089226,0.141152,0.047768,0.100186,4.14,gru,0.000618,0.001601,0.010959
2026-04-03T21:15:19.8158602Z,0.124459,0.047858,0.095462,0.111205,0.048941,0.100870,4.47,gru,0.013254,0.001083,0.005407
2026-04-03T21:15:19.8438105Z,0.117111,0.048591,0.108649,0.109804,0.045370,0.122260,3.03,gru,0.007308,0.003221,0.013611
2026-04-03T21:15:19.8757154Z,0.111585,0.049414,0.124817,0.113438,0.045789,0.144398,3.56,gru,0.001853,0.003625,0.019581
2026-04-03T21:15:19.9232444Z,0.107789,0.053782,0.141121,0.106447,0.055073,0.156277,6.38,gru,0.001342,0.001291,0.015156
2026-04-03T21:15:19.9425719Z,0.105504,0.057684,0.158383,0.104511,0.058248,0.172964,3.53,gru,0.000993,0.000564,0.014580
2026-04-03T21:15:19.9746803Z,0.102660,0.061436,0.176696,0.100807,0.061429,0.193853,4.02,gru,0.001853,0.000008,0.017157
2026-04-03T21:15:20.0077197Z,0.102656,0.066711,0.196020,0.103872,0.067938,0.214496,4.34,gru,0.001216,0.001228,0.018476
2026-04-03T21:15:20.0411612Z,0.101639,0.072136,0.214022,0.102457,0.074121,0.229643,5.95,gru,0.000818,0.001985,0.015621
2026-04-03T21:15:20.0833683Z,0.088094,0.076414,0.231524,0.070990,0.080495,0.246162,4.17,gru,0.017104,0.004081,0.014638
2026-04-03T21:15:20.1063445Z,0.100028,0.083531,0.248455,0.115621,0.079078,0.262054,4.21,gru,0.015594,0.004452,0.013598
2026-04-03T21:15:20.1390499Z,0.099260,0.091165,0.264575,0.107156,0.095769,0.278019,4.16,gru,0.007896,0.004604,0.013444
2026-04-03T21:15:20.1770614Z,0.099376,0.097561,0.281236,0.087437,0.105895,0.296458,3.29,gru,0.011939,0.008334,0.015222
2026-04-03T21:15:20.2082328Z,0.101675,0.105686,0.297560,0.105166,0.105990,0.311178,3.50,gru,0.003491,0.000304,0.013618
2026-04-03T21:15:20.2502191Z,0.104433,0.112820,0.313937,0.110052,0.117212,0.326466,6.31,gru,0.005619,0.004392,0.012529
2026-04-03T21:15:20.2814045Z,0.106730,0.122264,0.329778,0.108117,0.131309,0.342157,5.25,gru,0.001387,0.009045,0.012378
2026-04-03T21:15:20.3114778Z,0.109397,0.132200,0.343806,0.110354,0.141499,0.354043,6.11,gru,0.000957,0.009299,0.010237
2026-04-03T21:15:20.3427080Z,0.111682,0.141791,0.358846,0.113794,0.149733,0.369822,4.05,gru,0.002112,0.007942,0.010976
2026-04-03T21:15:20.3842373Z,0.117051,0.152711,0.372885,0.124604,0.162576,0.382686,5.56,gru,0.007553,0.009865,0.009801
2026-04-03T21:15:20.4175227Z,0.118105,0.163674,0.386922,0.117647,0.178160,0.395963,7.05,gru,0.000458,0.014486,0.009041
2026-04-03T21:15:20.4433097Z,0.123010,0.175854,0.399678,0.126869,0.188805,0.407129,3.64,gru,0.003858,0.012951,0.007451
2026-04-03T21:15:20.4772339Z,0.127439,0.187491,0.412432,0.134656,0.198906,0.418984,3.74,gru,0.007217,0.011416,0.006551
2026-04-03T21:15:20.5091252Z,0.130889,0.201022,0.424741,0.131895,0.216789,0.431222,4.65,gru,0.001006,0.015767,0.006481
2026-04-03T21:15:20.5432754Z,0.135321,0.212912,0.436534,0.138458,0.227271,0.441392,6.54,gru,0.003137,0.014360,0.004858
2026-04-03T21:15:20.5794331Z,0.140474,0.228221,0.447433,0.146868,0.244527,0.450412,6.51,gru,0.006393,0.016306,0.002979
2026-04-03T21:15:20.6081533Z,0.143991,0.243063,0.458811,0.145243,0.261856,0.462314,4.04,gru,0.001252,0.018793,0.003503
2026-04-03T21:15:20.6384915Z,0.149034,0.257748,0.468508,0.152553,0.273304,0.469704,4.72,gru,0.003519,0.015556,0.001196
2026-04-03T21:15:20.6751952Z,0.153294,0.273088,0.478593,0.157105,0.290156,0.479271,3.27,gru,0.003811,0.017068,0.000678
2026-04-03T21:15:20.7116051Z,0.155805,0.288380,0.489098,0.154116,0.308436,0.491030,4.98,gru,0.001689,0.020056,0.001932
2026-04-03T21:15:20.7425006Z,0.158746,0.303254,0.497647,0.159893,0.319872,0.495436,4.46,gru,0.001148,0.016618,0.002211
2026-04-03T21:15:20.7833242Z,0.162090,0.316769,0.505037,0.165483,0.330701,0.500113,4.91,gru,0.003394,0.013932,0.004924
2026-04-03T21:15:20.8135051Z,0.163702,0.330378,0.511699,0.161960,0.346774,0.507147,3.89,gru,0.001742,0.016396,0.004552
2026-04-03T21:15:20.8561299Z,0.164720,0.342771,0.516689,0.161830,0.358061,0.509530,4.51,gru,0.002890,0.015290,0.007159
2026-04-03T21:15:20.8830118Z,0.168740,0.354251,0.518924,0.175240,0.364436,0.507302,3.69,gru,0.006500,0.010185,0.011622
2026-04-03T21:15:20.9257786Z,0.167000,0.366062,0.522661,0.160389,0.380997,0.514442,3.53,gru,0.006611,0.014935,0.008218
2026-04-03T21:15:20.9529722Z,0.164488,0.376107,0.525512,0.153960,0.388960,0.517351,5.87,gru,0.010528,0.012853,0.008161
2026-04-03T21:15:20.9851273Z,0.164664,0.386462,0.524975,0.169368,0.392632,0.509751,3.75,gru,0.004704,0.006170,0.015224
2026-04-03T21:15:21.0118168Z,0.163819,0.397561,0.524187,0.164613,0.408449,0.509039,4.02,gru,0.000795,0.010888,0.015148
2026-04-03T21:15:21.0429226Z,0.162772,0.410093,0.523220,0.155876,0.423943,0.512215,3.55,gru,0.006896,0.013851,0.011005
2026-04-03T21:15:21.0782900Z,0.163294,0.422800,0.522426,0.162793,0.431977,0.510854,6.20,gru,0.000501,0.009177,0.011572
2026-04-03T21:15:21.1111746Z,0.164459,0.436739,0.521548,0.168043,0.445088,0.508553,4.14,gru,0.003584,0.008350,0.012995
2026-04-03T21:15:21.1401887Z,0.166798,0.448881,0.520554,0.167899,0.456374,0.507888,4.53,gru,0.001100,0.007493,0.012666
2026-04-03T21:15:21.1723612Z,0.168291,0.462060,0.520436,0.164578,0.470998,0.510111,4.57,gru,0.003713,0.008938,0.010325
2026-04-03T21:15:21.2125097Z,0.170365,0.477094,0.519824,0.170197,0.487423,0.508319,6.23,gru,0.000167,0.010328,0.011505
2026-04-03T21:15:21.2411798Z,0.163621,0.495265,0.526743,0.147414,0.511946,0.527160,4.10,gru,0.016207,0.016681,0.000416
2026-04-03T21:15:21.2719533Z,0.169782,0.510851,0.523477,0.183320,0.512922,0.509474,3.73,gru,0.013539,0.002071,0.014003
2026-04-03T21:15:21.3068401Z,0.174789,0.525161,0.520343,0.187362,0.525122,0.499956,3.10,gru,0.012574,0.000039,0.020387
2026-04-03T21:15:21.3483311Z,0.168656,0.545144,0.525766,0.140380,0.572080,0.534591,3.16,gru,0.028276,0.026936,0.008825
2026-04-03T21:15:21.3818915Z,0.170569,0.563351,0.525203,0.171653,0.576006,0.519517,4.78,gru,0.001084,0.012655,0.005686
2026-04-03T21:15:21.4041957Z,0.172605,0.582346,0.523126,0.191160,0.586997,0.506816,2.79,gru,0.018555,0.004651,0.016311
2026-04-03T21:15:21.4535250Z,0.174442,0.599471,0.521341,0.169279,0.616436,0.512855,5.03,gru,0.005163,0.016965,0.008486
2026-04-03T21:15:21.4782663Z,0.177200,0.617331,0.517846,0.168691,0.635532,0.508268,3.52,gru,0.008509,0.018200,0.009578
2026-04-03T21:15:21.5125969Z,0.179444,0.634834,0.515329,0.181567,0.651673,0.503791,4.42,gru,0.002123,0.016839,0.011538
2026-04-03T21:15:21.5423241Z,0.180617,0.650073,0.512339,0.182257,0.662323,0.500069,5.00,gru,0.001640,0.012251,0.012269
2026-04-03T21:15:21.5750914Z,0.184315,0.665192,0.507405,0.184312,0.676867,0.492993,4.01,gru,0.000003,0.011675,0.014412
2026-04-03T21:15:21.6063274Z,0.186332,0.679517,0.503333,0.181107,0.696899,0.489541,4.91,gru,0.005225,0.017382,0.013793
2026-04-03T21:15:21.6386780Z,0.188250,0.693701,0.499648,0.185981,0.709005,0.487566,4.73,gru,0.002269,0.015304,0.012082
2026-04-03T21:15:21.6752683Z,0.190945,0.707577,0.495099,0.193428,0.718231,0.481663,4.64,gru,0.002483,0.010653,0.013437
2026-04-03T21:15:21.7084979Z,0.194629,0.719369,0.489404,0.195164,0.727978,0.473039,5.06,gru,0.000535,0.008609,0.016365
2026-04-03T21:15:21.8047700Z,0.196445,0.731069,0.484760,0.191253,0.743314,0.470659,6.85,gru,0.005192,0.012245,0.014102
2026-04-03T21:15:21.8948039Z,0.206398,0.775327,0.465440,0.217082,0.823314,0.433849,3.80,gru,0.010685,0.047987,0.031591
2026-04-03T21:15:21.9344796Z,0.206659,0.787855,0.461462,0.192468,0.812708,0.446749,4.12,gru,0.014191,0.024852,0.014713
2026-04-03T21:15:21.9591751Z,0.207089,0.799959,0.457481,0.188785,0.804705,0.457022,4.98,gru,0.018304,0.004746,0.000459
2026-04-03T21:15:21.9956115Z,0.207485,0.812739,0.451691,0.203340,0.844821,0.430694,5.49,gru,0.004145,0.032082,0.020997
2026-04-03T21:15:22.0182481Z,0.206215,0.824167,0.446230,0.202509,0.860493,0.425976,4.57,gru,0.003706,0.036325,0.020255
2026-04-03T21:15:22.0571186Z,0.199525,0.841875,0.442679,0.173047,0.863519,0.434418,5.31,gru,0.026478,0.021644,0.008261
2026-04-03T21:15:22.0813609Z,0.207044,0.843302,0.431979,0.215276,0.837347,0.415083,4.47,gru,0.008231,0.005955,0.016897
2026-04-03T21:15:22.1063205Z,0.200764,0.861413,0.425612,0.189789,0.896873,0.405637,4.99,gru,0.010975,0.035460,0.019976
2026-04-03T21:15:22.1379092Z,0.201968,0.867769,0.417150,0.187377,0.897377,0.403184,4.52,gru,0.014591,0.029608,0.013966
2026-04-03T21:15:22.1762793Z,0.202405,0.877917,0.407666,0.205548,0.882462,0.390493,3.85,gru,0.003143,0.004546,0.017174
2026-04-03T21:15:22.2064816Z,0.203556,0.883852,0.399712,0.200694,0.891298,0.387642,4.97,gru,0.002862,0.007446,0.012070
2026-04-03T21:15:22.2491025Z,0.203983,0.891535,0.389391,0.198940,0.907529,0.373184,4.12,gru,0.005043,0.015994,0.016208
2026-04-03T21:15:22.2762911Z,0.204799,0.899877,0.380436,0.196437,0.917866,0.366683,5.16,gru,0.008362,0.017989,0.013753
2026-04-03T21:15:22.3097267Z,0.205178,0.907020,0.370859,0.201654,0.910360,0.362559,4.01,gru,0.003524,0.003340,0.008300
2026-04-03T21:15:22.3378276Z,0.213971,0.904147,0.359230,0.227657,0.892076,0.345197,4.01,gru,0.013686,0.012070,0.014033
2026-04-03T21:15:22.3769473Z,0.206972,0.919404,0.352986,0.182754,0.950632,0.350938,4.49,gru,0.024218,0.031228,0.002048
2026-04-03T21:15:22.4668348Z,0.212126,0.928694,0.335507,0.208226,0.950738,0.315391,5.73,gru,0.003900,0.022044,0.020116
2026-04-03T21:15:22.4887209Z,0.214790,0.929039,0.327621,0.227659,0.922372,0.318554,5.11,gru,0.012870,0.006667,0.009067
2026-04-03T21:15:22.5346493Z,0.218395,0.931650,0.319054,0.212942,0.932342,0.324029,6.14,gru,0.005453,0.000691,0.004975
2026-04-03T21:15:22.5635484Z,0.211613,0.945199,0.310343,0.180800,0.985707,0.295741,6.02,gru,0.030813,0.040508,0.014602
2026-04-03T21:15:22.5841466Z,0.215372,0.950321,0.301306,0.221984,0.960959,0.290388,5.72,gru,0.006611,0.010638,0.010918
2026-04-03T21:15:22.6069677Z,0.219577,0.952646,0.293356,0.233965,0.949846,0.286938,4.05,gru,0.014387,0.002801,0.006418
2026-04-03T21:15:22.6551931Z,0.224231,0.956641,0.282647,0.215565,0.964686,0.272369,4.42,gru,0.008666,0.008046,0.010279
2026-04-03T21:15:22.6754945Z,0.226877,0.958974,0.271758,0.212248,0.978778,0.256635,4.07,gru,0.014629,0.019804,0.015123
2026-04-03T21:15:22.7045872Z,0.231110,0.961728,0.264814,0.233955,0.973456,0.258259,3.99,gru,0.002845,0.011728,0.006556
2026-04-03T21:15:22.7528341Z,0.233278,0.963793,0.254326,0.236432,0.962377,0.245998,4.76,gru,0.003154,0.001416,0.008328
2026-04-03T21:15:22.7804217Z,0.234689,0.967276,0.247322,0.224258,0.976165,0.239009,5.24,gru,0.010431,0.008889,0.008313
2026-04-03T21:15:22.8290543Z,0.301291,0.899047,0.248601,0.304258,0.898960,0.242757,5.51,gru,0.002966,0.000088,0.005845
2026-04-03T21:15:22.8420808Z,0.528109,0.681969,0.127872,0.384258,0.818960,0.206557,4.05,gru,0.143851,0.136991,0.078684
2026-04-03T21:15:22.8755936Z,0.528975,0.684475,0.126660,0.432059,0.898960,0.178398,4.02,gru,0.096916,0.214485,0.051738
2026-04-03T21:15:22.9071567Z,0.528984,0.682357,0.126527,0.352059,0.978960,0.258398,4.61,gru,0.176925,0.296603,0.131871
2026-04-03T21:15:22.9439786Z,0.528638,0.681668,0.126341,0.383876,0.951701,0.220248,4.36,gru,0.144762,0.270033,0.093906
2026-04-03T21:15:22.9750351Z,0.529206,0.681191,0.125777,0.429345,0.871701,0.196790,4.03,gru,0.099861,0.190510,0.071013
2026-04-03T21:15:23.0041685Z,0.534374,0.674353,0.113932,0.349345,0.811774,0.151177,3.27,gru,0.185028,0.137421,0.037246
2026-04-03T21:15:23.0444145Z,0.534809,0.672928,0.114329,0.347778,0.853624,0.184410,4.44,gru,0.187031,0.180696,0.070081
2026-04-03T21:15:23.0721702Z,0.535023,0.671560,0.114670,0.397463,0.843190,0.180422,4.43,gru,0.137560,0.171629,0.065752
2026-04-03T21:15:23.1165796Z,0.537290,0.670976,0.114868,0.416451,0.763190,0.140861,4.35,gru,0.120838,0.092214,0.025992
2026-04-03T21:15:23.1385348Z,0.537916,0.670759,0.114314,0.439352,0.792102,0.128777,4.11,gru,0.098564,0.121343,0.014463
2026-04-03T21:15:23.1744780Z,0.539067,0.671310,0.112641,0.468983,0.786742,0.142040,5.89,gru,0.070083,0.115432,0.029399
2026-04-03T21:15:23.2049830Z,0.538505,0.671073,0.112912,0.499285,0.740980,0.135063,4.87,gru,0.039220,0.069907,0.022151
2026-04-03T21:15:23.2426894Z,0.538696,0.672679,0.111977,0.507526,0.680802,0.124462,3.44,gru,0.031170,0.008124,0.012485
2026-04-03T21:15:23.2748486Z,0.536896,0.673686,0.113391,0.517655,0.675801,0.124930,4.11,gru,0.019241,0.002114,0.011540
2026-04-03T21:15:23.3043736Z,0.529565,0.675142,0.110620,0.507031,0.698832,0.118722,4.51,gru,0.022534,0.023690,0.008102
2026-04-03T21:15:23.3426674Z,0.527958,0.675783,0.109892,0.530702,0.694993,0.115928,3.65,gru,0.002744,0.019210,0.006036
2026-04-03T21:15:23.3705860Z,0.521908,0.676981,0.109477,0.539197,0.713207,0.110474,3.82,gru,0.017289,0.036226,0.000996
2026-04-03T21:15:23.4081106Z,0.521456,0.675087,0.105427,0.528945,0.685343,0.102427,4.36,gru,0.007490,0.010256,0.002999
2026-04-03T21:15:23.4469517Z,0.522196,0.674239,0.104486,0.531322,0.683573,0.105443,5.47,gru,0.009126,0.009333,0.000957
2026-04-03T21:15:23.4759547Z,0.521430,0.675029,0.101610,0.520979,0.682913,0.100036,4.47,gru,0.000452,0.007885,0.001574
2026-04-03T21:15:23.5096454Z,0.520475,0.675127,0.101190,0.519473,0.682148,0.100896,4.12,gru,0.001002,0.007020,0.000294
2026-04-03T21:15:23.5528448Z,0.523843,0.676526,0.106453,0.529857,0.680933,0.114467,4.61,gru,0.006014,0.004407,0.008014
2026-04-03T21:15:23.5832687Z,0.524607,0.677839,0.110967,0.526342,0.682892,0.115093,3.77,gru,0.001735,0.005054,0.004126
2026-04-03T21:15:23.6203870Z,0.528033,0.677768,0.106791,0.529000,0.684106,0.097395,3.99,gru,0.000968,0.006338,0.009396
2026-04-03T21:15:23.6759406Z,0.703264,0.533258,0.157995,0.579398,0.664714,0.144797,4.57,gru,0.123866,0.131456,0.013198
2026-04-03T21:15:23.7435200Z,0.727996,0.501542,0.067919,0.541624,0.587905,0.064797,3.50,gru,0.186372,0.086362,0.003122
2026-04-03T21:15:23.7698643Z,0.736009,0.494520,0.045058,0.567147,0.667905,-0.015203,4.02,gru,0.168862,0.173385,0.060262
2026-04-03T21:15:23.8137864Z,0.733484,0.494091,0.044281,0.544515,0.705834,0.044705,3.11,gru,0.188970,0.211743,0.000425
2026-04-03T21:15:23.8490006Z,0.731955,0.493793,0.042837,0.576915,0.652675,0.058865,5.56,gru,0.155040,0.158882,0.016028
2026-04-03T21:15:23.8593252Z,0.690148,0.533260,0.134978,0.540097,0.616436,0.138865,3.62,gru,0.150051,0.083177,0.003887
2026-04-03T21:15:23.9002197Z,0.693534,0.539318,0.144049,0.611596,0.674649,0.118991,4.99,gru,0.081938,0.135331,0.025058
2026-04-03T21:15:23.9230210Z,0.661450,0.534490,0.134365,0.612171,0.665930,0.088845,6.77,gru,0.049279,0.131440,0.045520
2026-04-03T21:15:23.9480439Z,0.714172,0.491720,0.039187,0.632918,0.585931,0.008845,5.62,gru,0.081254,0.094210,0.030341
2026-04-03T21:15:23.9761203Z,0.713833,0.491806,0.039313,0.649445,0.611894,0.088845,3.64,gru,0.064388,0.120087,0.049532
2026-04-03T21:15:24.0101325Z,0.713415,0.491799,0.038998,0.607550,0.639888,0.133953,4.20,gru,0.105866,0.148090,0.094955
2026-04-03T21:15:24.0413039Z,0.712644,0.492324,0.039024,0.676147,0.632269,0.091815,3.99,gru,0.036497,0.139945,0.052791
2026-04-03T21:15:24.0749164Z,0.712027,0.492370,0.038788,0.641878,0.552269,0.052643,4.61,gru,0.070149,0.059899,0.013855
2026-04-03T21:15:24.1071906Z,0.711062,0.492702,0.038632,0.659370,0.536201,0.085095,3.98,gru,0.051692,0.043499,0.046463
2026-04-03T21:15:24.1535772Z,0.709316,0.493687,0.038546,0.668903,0.554656,0.087269,6.24,gru,0.040413,0.060969,0.048723
2026-04-03T21:15:24.1723505Z,0.706835,0.494365,0.038242,0.667741,0.544361,0.070047,3.41,gru,0.039094,0.049996,0.031805
2026-04-03T21:15:24.2064471Z,0.585324,0.675645,-0.058695,0.587741,0.624361,-0.009953,3.53,gru,0.002417,0.051284,0.048743
2026-04-03T21:15:24.2413920Z,0.585261,0.675197,-0.059488,0.507741,0.704361,-0.030642,4.72,gru,0.077520,0.029165,0.028846
2026-04-03T21:15:24.2758259Z,0.585155,0.675230,-0.059813,0.477347,0.760699,-0.024210,6.02,gru,0.107808,0.085469,0.035603
2026-04-03T21:15:24.3235399Z,0.584681,0.675120,-0.061089,0.493710,0.717186,-0.101209,4.53,gru,0.090971,0.042066,0.040119
2026-04-03T21:15:24.3499085Z,0.584995,0.675051,-0.060149,0.514904,0.708735,-0.074600,4.17,gru,0.070091,0.033684,0.014451
2026-04-03T21:15:24.3777660Z,0.587358,0.674801,-0.056565,0.535943,0.695747,-0.047978,4.18,gru,0.051415,0.020946,0.008587
2026-04-03T21:15:24.4064979Z,0.587346,0.674331,-0.054460,0.547773,0.674546,-0.040317,3.53,gru,0.039573,0.000215,0.014142
2026-04-03T21:15:24.4458730Z,0.588684,0.673281,0.036969,0.546957,0.666577,0.039683,6.50,gru,0.041727,0.006704,0.002714
2026-04-03T21:15:24.4720332Z,0.586025,0.672416,0.037346,0.570375,0.746577,0.049789,2.56,gru,0.015650,0.074161,0.012443
2026-04-03T21:15:24.5072021Z,0.588624,0.673424,0.037703,0.582496,0.725052,0.014268,5.02,gru,0.006127,0.051629,0.023435
2026-04-03T21:15:24.5399173Z,0.570273,0.670833,0.078361,0.538684,0.689633,0.094268,4.05,gru,0.031589,0.018799,0.015907
2026-04-03T21:15:24.5759498Z,0.570548,0.670896,0.078236,0.552794,0.701280,0.107283,3.88,gru,0.017754,0.030384,0.029048
2026-04-03T21:15:24.6079699Z,0.571123,0.669950,0.078688,0.577195,0.720433,0.078775,3.49,gru,0.006073,0.050483,0.000086
2026-04-03T21:15:24.6463663Z,0.571350,0.671716,0.081251,0.561407,0.693039,0.096941,6.10,gru,0.009943,0.021323,0.015690
2026-04-03T21:15:24.6800208Z,0.569659,0.670956,0.081481,0.562316,0.657241,0.103303,4.29,gru,0.007343,0.013715,0.021822
2026-04-03T21:15:24.7107578Z,0.580841,0.672699,0.081562,0.587899,0.668485,0.096600,5.11,gru,0.007058,0.004214,0.015038
2026-04-03T21:15:24.7484559Z,0.581265,0.673096,0.079722,0.585699,0.655944,0.076012,5.54,gru,0.004434,0.017152,0.003710
2026-04-03T21:15:24.7790786Z,0.580148,0.672031,0.079854,0.572391,0.650587,0.083470,3.06,gru,0.007757,0.021444,0.003616
2026-04-03T21:15:24.8113866Z,0.578549,0.674743,0.086042,0.580922,0.656612,0.112235,8.47,gru,0.002373,0.018131,0.026193
2026-04-03T21:15:24.8776973Z,0.570323,0.674002,0.091978,0.554720,0.670097,0.108950,5.84,gru,0.015602,0.003904,0.016972
2026-04-03T21:15:24.9116904Z,0.570198,0.676336,0.093259,0.562378,0.661465,0.098255,5.62,gru,0.007820,0.014870,0.004996
2026-04-03T21:15:24.9460319Z,0.571578,0.677883,0.096470,0.568588,0.662874,0.105034,5.88,gru,0.002989,0.015008,0.008564
2026-04-03T21:15:24.9750163Z,0.570287,0.678173,0.097231,0.561908,0.666968,0.107810,3.95,gru,0.008379,0.011204,0.010579
2026-04-03T21:15:25.0057206Z,0.570133,0.680055,0.092429,0.561923,0.671463,0.088939,6.04,gru,0.008210,0.008592,0.003490
2026-04-03T21:15:25.0450959Z,0.567333,0.679652,0.106809,0.562062,0.673584,0.128396,4.13,gru,0.005270,0.006068,0.021588
2026-04-03T21:15:25.0954662Z,0.566677,0.677453,0.112691,0.564117,0.665778,0.121292,5.00,gru,0.002560,0.011675,0.008600
2026-04-03T21:15:25.1137248Z,0.539635,0.688605,0.142941,0.502170,0.702480,0.177668,3.20,gru,0.037465,0.013876,0.034728
2026-04-03T21:15:25.1419994Z,0.539636,0.690363,0.142704,0.545572,0.696764,0.144929,3.52,gru,0.005936,0.006401,0.002224
2026-04-03T21:15:25.1784568Z,0.541298,0.692394,0.146274,0.560979,0.680532,0.140216,3.77,gru,0.019680,0.011862,0.006058
2026-04-03T21:15:25.2360088Z,0.544740,0.691114,0.143658,0.544909,0.690389,0.156599,5.06,gru,0.000169,0.000725,0.012940
2026-04-03T21:15:25.2601224Z,0.555106,0.692047,0.139290,0.560827,0.699209,0.142108,3.83,gru,0.005721,0.007162,0.002817
2026-04-03T21:15:25.2837335Z,0.557570,0.691947,0.137201,0.557813,0.696258,0.137725,3.78,gru,0.000244,0.004312,0.000524
2026-04-03T21:15:25.3156727Z,0.492990,0.523260,0.176069,0.479754,0.668880,0.217725,5.94,gru,0.013235,0.145619,0.041656
2026-04-03T21:15:25.3418251Z,0.091465,0.901543,0.385758,0.399754,0.748880,0.297725,3.39,gru,0.308290,0.152663,0.088032
2026-04-03T21:15:25.3752904Z,0.086000,0.898687,0.400707,0.459764,0.813054,0.328270,5.07,gru,0.373764,0.085633,0.072437
2026-04-03T21:15:25.4046684Z,0.155437,0.850643,0.448808,0.492655,0.893054,0.408270,4.53,gru,0.337218,0.042410,0.040538
2026-04-03T21:15:25.4441315Z,0.150677,0.848246,0.453531,0.412655,0.852880,0.488270,3.93,gru,0.261978,0.004635,0.034739
2026-04-03T21:15:25.4779498Z,0.042253,1.008532,0.412467,0.332655,0.932880,0.408270,4.68,gru,0.290402,0.075651,0.004197
2026-04-03T21:15:25.5136796Z,0.034297,1.040933,0.425605,0.252655,1.012880,0.328270,5.14,gru,0.218358,0.028052,0.097335
2026-04-03T21:15:25.5439425Z,0.044649,1.043735,0.438283,0.192896,1.092880,0.408270,3.97,gru,0.148247,0.049146,0.030013
2026-04-03T21:15:25.5749090Z,0.070934,1.023532,0.449788,0.165405,1.012880,0.440502,5.45,gru,0.094471,0.010651,0.009286
2026-04-03T21:15:25.6110135Z,0.092964,1.013741,0.460536,0.155645,1.092880,0.399421,3.72,gru,0.062681,0.079140,0.061115
2026-04-03T21:15:25.6714193Z,0.095112,1.032247,0.474455,0.170034,1.146272,0.452681,4.00,gru,0.074922,0.114026,0.021774
2026-04-03T21:15:25.6812009Z,0.112765,1.018658,0.479426,0.196963,1.130997,0.455152,3.92,gru,0.084198,0.112339,0.024274
2026-04-03T21:15:25.7069954Z,0.114060,1.047210,0.503230,0.155970,1.081424,0.514225,3.28,gru,0.041910,0.034214,0.010995
2026-04-03T21:15:25.7444939Z,0.133576,1.039147,0.507310,0.181413,1.107459,0.485507,4.35,gru,0.047838,0.068312,0.021802
2026-04-03T21:15:25.7886844Z,0.147397,1.035375,0.509414,0.230321,1.087624,0.479648,3.37,gru,0.082925,0.052249,0.029766
2026-04-03T21:15:25.8116723Z,0.177298,1.002136,0.500394,0.239727,1.007624,0.460310,3.90,gru,0.062429,0.005488,0.040084
2026-04-03T21:15:25.8450238Z,0.188979,1.017782,0.514477,0.229557,1.087624,0.517068,4.10,gru,0.040578,0.069842,0.002592
2026-04-03T21:15:25.8724867Z,0.197367,1.016870,0.510829,0.201650,1.059754,0.490418,4.19,gru,0.004283,0.042884,0.020412
2026-04-03T21:15:25.9078877Z,0.208768,1.015833,0.508442,0.281650,1.061859,0.472620,3.21,gru,0.072882,0.046026,0.035822
2026-04-03T21:15:25.9409312Z,0.220984,1.014600,0.504342,0.272358,1.060901,0.484271,3.68,gru,0.051374,0.046302,0.020071
2026-04-03T21:15:25.9753316Z,0.235935,1.009354,0.496564,0.228582,1.059128,0.459061,6.55,gru,0.007353,0.049774,0.037503
2026-04-03T21:15:26.0052051Z,0.245525,1.006150,0.492384,0.219906,1.049542,0.459650,4.98,gru,0.025619,0.043392,0.032734
2026-04-03T21:15:26.0393641Z,0.259291,0.994543,0.483898,0.272862,0.969893,0.465982,4.19,gru,0.013571,0.024651,0.017916
2026-04-03T21:15:26.0834996Z,0.268303,0.992991,0.476014,0.289381,0.965390,0.465537,3.56,gru,0.021078,0.027601,0.010477
2026-04-03T21:15:26.1229475Z,0.276169,0.990861,0.464719,0.249468,1.019182,0.427481,5.34,gru,0.026701,0.028321,0.037238
2026-04-03T21:15:26.1485233Z,0.281131,0.983471,0.453566,0.255201,0.982151,0.422250,3.42,gru,0.025930,0.001320,0.031317
2026-04-03T21:15:26.1839584Z,0.287992,0.980791,0.444655,0.279744,0.978968,0.425733,4.68,gru,0.008248,0.001823,0.018922
2026-04-03T21:15:26.2142018Z,0.294343,0.975311,0.433077,0.282208,0.975886,0.408460,4.14,gru,0.012135,0.000575,0.024617
2026-04-03T21:15:26.2504322Z,0.298327,0.970213,0.427817,0.265065,0.976128,0.409804,4.08,gru,0.033262,0.005915,0.018013
2026-04-03T21:15:26.3341246Z,0.302988,0.953511,0.428596,0.275970,0.949689,0.427645,4.63,gru,0.027018,0.003822,0.000951
2026-04-03T21:15:26.3581644Z,0.302018,0.942339,0.430816,0.277186,0.937414,0.425170,3.14,gru,0.024832,0.004926,0.005646
2026-04-03T21:15:26.4471246Z,0.304190,0.929155,0.434643,0.282350,0.938467,0.430117,6.73,gru,0.021840,0.009312,0.004526
2026-04-03T21:15:26.5162843Z,0.307231,0.869817,0.432883,0.285053,0.858468,0.419430,6.95,gru,0.022178,0.011350,0.013454
2026-04-03T21:15:26.5364197Z,0.294668,0.867246,0.454192,0.247242,0.915864,0.491293,4.10,gru,0.047427,0.048618,0.037101
2026-04-03T21:15:26.6083295Z,0.304592,0.827492,0.460035,0.308386,0.835864,0.465971,3.66,gru,0.003794,0.008373,0.005936
2026-04-03T21:15:26.6313467Z,0.302452,0.793449,0.461086,0.286794,0.755864,0.445948,3.61,gru,0.015658,0.037585,0.015139
2026-04-03T21:15:26.6665676Z,0.301038,0.774942,0.460993,0.258284,0.789112,0.469324,5.89,gru,0.042754,0.014170,0.008331
2026-04-03T21:15:26.6873061Z,0.298513,0.754430,0.459115,0.271643,0.764243,0.464949,4.10,gru,0.026870,0.009813,0.005835
2026-04-03T21:15:26.7231493Z,0.298540,0.741475,0.461227,0.281802,0.736596,0.468295,5.49,gru,0.016738,0.004879,0.007068
2026-04-03T21:15:26.7447651Z,0.296562,0.729540,0.461309,0.261801,0.710803,0.471334,3.55,gru,0.034761,0.018736,0.010025
2026-04-03T21:15:26.7743068Z,0.292614,0.716907,0.461697,0.247602,0.695788,0.468485,3.97,gru,0.045012,0.021120,0.006788
2026-04-03T21:15:26.8131104Z,0.289540,0.703442,0.462892,0.261389,0.707373,0.469194,4.84,gru,0.028150,0.003931,0.006302
2026-04-03T21:15:26.8519627Z,0.285186,0.691305,0.463506,0.258773,0.677994,0.474193,6.36,gru,0.026412,0.013311,0.010687
2026-04-03T21:15:26.8759740Z,0.278876,0.676451,0.462524,0.241202,0.643953,0.470229,4.38,gru,0.037674,0.032498,0.007705
2026-04-03T21:15:26.9143287Z,0.273210,0.662277,0.462834,0.237952,0.640613,0.467425,6.03,gru,0.035257,0.021664,0.004591
2026-04-03T21:15:26.9506066Z,0.267558,0.649694,0.463902,0.241312,0.638501,0.469322,5.61,gru,0.026246,0.011194,0.005420
2026-04-03T21:15:26.9783190Z,0.262263,0.636344,0.464085,0.237190,0.614582,0.468461,6.55,gru,0.025073,0.021763,0.004376
2026-04-03T21:15:27.0108282Z,0.251468,0.627797,0.471504,0.211153,0.616808,0.485008,4.04,gru,0.040314,0.010989,0.013503
2026-04-03T21:15:27.0477784Z,0.246437,0.611070,0.472225,0.226042,0.583583,0.469735,6.56,gru,0.020395,0.027487,0.002490
2026-04-03T21:15:27.0771603Z,0.240406,0.593821,0.473136,0.220165,0.576217,0.464691,4.89,gru,0.020241,0.017604,0.008446
2026-04-03T21:15:27.1094886Z,0.241494,0.569660,0.470674,0.224535,0.562969,0.463937,4.82,gru,0.016959,0.006691,0.006737
2026-04-03T21:15:27.1463811Z,0.236922,0.554966,0.471020,0.213951,0.552888,0.469045,2.63,gru,0.022970,0.002077,0.001975
2026-04-03T21:15:27.1755302Z,0.232679,0.536017,0.472054,0.206366,0.529211,0.472383,3.39,gru,0.026313,0.006807,0.000329
2026-04-03T21:15:27.2130834Z,0.222108,0.522076,0.474491,0.197049,0.501640,0.475054,6.17,gru,0.025059,0.020437,0.000562
2026-04-03T21:15:27.2476030Z,0.220938,0.501294,0.471790,0.212822,0.471394,0.464430,7.50,gru,0.008116,0.029899,0.007359
2026-04-03T21:15:27.2912299Z,0.214544,0.483877,0.472009,0.197196,0.470731,0.470274,10.06,gru,0.017347,0.013146,0.001735
2026-04-03T21:15:27.3309191Z,0.210738,0.464350,0.468667,0.190183,0.446853,0.464887,6.87,gru,0.020554,0.017497,0.003780
2026-04-03T21:15:27.3663973Z,0.204044,0.446410,0.467343,0.190803,0.419217,0.464312,5.04,gru,0.013241,0.027193,0.003031
2026-04-03T21:15:27.3729669Z,0.200146,0.424891,0.463339,0.192183,0.396880,0.456744,3.50,gru,0.007964,0.028012,0.006594
2026-04-03T21:15:27.4113693Z,0.194208,0.404403,0.459708,0.180478,0.387394,0.452248,6.29,gru,0.013729,0.017009,0.007460
2026-04-03T21:15:27.4443370Z,0.188228,0.382991,0.455204,0.172361,0.366015,0.449753,3.82,gru,0.015867,0.016976,0.005450
2026-04-03T21:15:27.4808334Z,0.181751,0.360135,0.449947,0.174544,0.334693,0.443302,6.57,gru,0.007207,0.025442,0.006645
2026-04-03T21:15:27.5117867Z,0.176056,0.337962,0.443167,0.172092,0.313600,0.433004,5.02,gru,0.003965,0.024363,0.010162
2026-04-03T21:15:27.5442170Z,0.169729,0.315237,0.435851,0.161499,0.301830,0.426708,4.53,gru,0.008230,0.013407,0.009143
2026-04-03T21:15:27.5759943Z,0.163807,0.293785,0.426557,0.155460,0.281877,0.415321,4.57,gru,0.008348,0.011908,0.011236
2026-04-03T21:15:27.6098794Z,0.156866,0.272703,0.416366,0.153021,0.258796,0.405562,5.46,gru,0.003845,0.013907,0.010804
2026-04-03T21:15:27.6424926Z,0.148419,0.253606,0.404465,0.143184,0.240722,0.393402,6.20,gru,0.005235,0.012884,0.011063
2026-04-03T21:15:27.6729135Z,0.142724,0.234324,0.390534,0.142669,0.223910,0.379052,4.22,gru,0.000055,0.010414,0.011482
2026-04-03T21:15:27.7098906Z,0.134653,0.216644,0.375603,0.131355,0.210782,0.364620,3.62,gru,0.003298,0.005861,0.010983
2026-04-03T21:15:27.7397898Z,0.127391,0.199235,0.359453,0.124965,0.194029,0.350337,4.12,gru,0.002426,0.005206,0.009117
2026-04-03T21:15:27.7741102Z,0.120984,0.181480,0.342010,0.123589,0.172564,0.332579,6.55,gru,0.002605,0.008916,0.009430
2026-04-03T21:15:27.8090603Z,0.108878,0.165623,0.323385,0.103655,0.161778,0.314679,3.14,gru,0.005224,0.003846,0.008707
2026-04-03T21:15:27.8440066Z,0.108675,0.149309,0.301032,0.117162,0.137422,0.290811,4.69,gru,0.008487,0.011887,0.010220
2026-04-03T21:15:27.8745396Z,0.105346,0.134177,0.279368,0.113862,0.121788,0.272057,5.73,gru,0.008516,0.012389,0.007312
2026-04-03T21:15:27.9062810Z,0.102325,0.121728,0.257388,0.102434,0.112742,0.252968,3.90,gru,0.000109,0.008986,0.004419
2026-04-03T21:15:27.9404698Z,0.110277,0.109574,0.236808,0.123468,0.087001,0.233064,5.04,gru,0.013191,0.022573,0.003743
2026-04-03T21:15:27.9792427Z,0.106689,0.100912,0.217158,0.109974,0.083578,0.213870,6.33,gru,0.003285,0.017334,0.003288
2026-04-03T21:15:28.0112404Z,0.101330,0.093839,0.202086,0.096076,0.078491,0.204859,6.41,gru,0.005254,0.015348,0.002773
2026-04-03T21:15:28.0476941Z,0.107524,0.086746,0.181396,0.115606,0.056142,0.176199,7.34,gru,0.008082,0.030604,0.005196
2026-04-03T21:15:28.0769025Z,0.114841,0.081638,0.166327,0.126267,0.054531,0.161915,3.52,gru,0.011427,0.027108,0.004413
2026-04-03T21:15:28.1113710Z,0.120432,0.077937,0.153957,0.124223,0.061294,0.158810,5.07,gru,0.003791,0.016642,0.004853
2026-04-03T21:15:28.1493800Z,0.125872,0.075874,0.140818,0.127781,0.057653,0.138805,7.96,gru,0.001909,0.018220,0.002013
2026-04-03T21:15:28.1809622Z,0.129012,0.073740,0.129578,0.130988,0.054978,0.125722,4.53,gru,0.001976,0.018762,0.003856
2026-04-03T21:15:28.2140246Z,0.133301,0.071775,0.119236,0.136085,0.054467,0.116445,6.09,gru,0.002785,0.017308,0.002791
2026-04-03T21:15:28.2471940Z,0.135839,0.069617,0.110054,0.137042,0.056258,0.107952,5.87,gru,0.001203,0.013358,0.002102
2026-04-03T21:15:28.2812014Z,0.139669,0.068023,0.101727,0.140428,0.057340,0.098563,5.26,gru,0.000759,0.010682,0.003164
2026-04-03T21:15:28.3126023Z,0.144078,0.066339,0.095187,0.146310,0.054655,0.091388,3.61,gru,0.002232,0.011684,0.003799
2026-04-03T21:15:28.3428844Z,0.146743,0.064366,0.089435,0.147951,0.054826,0.085775,3.28,gru,0.001208,0.009539,0.003660
2026-04-03T21:15:28.3730025Z,0.149151,0.062063,0.086415,0.149973,0.054891,0.085188,4.36,gru,0.000822,0.007172,0.001226
2026-04-03T21:15:28.4096647Z,0.149917,0.059585,0.085584,0.150537,0.054533,0.086169,4.61,gru,0.000620,0.005052,0.000585
2026-04-03T21:15:28.4451384Z,0.150961,0.057753,0.086327,0.151825,0.054747,0.086663,4.90,gru,0.000864,0.003006,0.000336
2026-04-03T21:15:28.4744227Z,0.149630,0.055439,0.086844,0.150528,0.051774,0.086046,3.07,gru,0.000898,0.003665,0.000798
2026-04-03T21:15:28.5077496Z,0.149730,0.056101,0.088038,0.151027,0.053935,0.087515,3.74,gru,0.001297,0.002166,0.000523
2026-04-03T21:15:28.5399330Z,0.148493,0.055736,0.088406,0.150045,0.053233,0.087451,4.46,gru,0.001552,0.002503,0.000955
2026-04-03T21:15:28.5759870Z,0.148610,0.057592,0.088949,0.150907,0.055072,0.087897,4.10,gru,0.002297,0.002520,0.001052
2026-04-03T21:15:28.6077886Z,0.146759,0.060858,0.087464,0.147798,0.061275,0.084479,3.66,gru,0.001039,0.000416,0.002985
2026-04-03T21:15:28.6452505Z,0.143966,0.064205,0.086002,0.143424,0.065516,0.083287,5.07,gru,0.000542,0.001311,0.002715
2026-04-03T21:15:28.6779787Z,0.141072,0.072148,0.084398,0.140172,0.077188,0.083034,5.96,gru,0.000901,0.005040,0.001363
2026-04-03T21:15:28.7128225Z,0.138089,0.082263,0.085033,0.137219,0.090723,0.086637,5.01,gru,0.000870,0.008461,0.001604
2026-04-03T21:15:28.7441406Z,0.137071,0.094687,0.087033,0.137864,0.104145,0.090324,5.67,gru,0.000793,0.009458,0.003291
2026-04-03T21:15:28.7757862Z,0.136430,0.108300,0.090222,0.137641,0.119545,0.093558,4.56,gru,0.001211,0.011245,0.003336
2026-04-03T21:15:28.8092051Z,0.138321,0.122810,0.094300,0.140971,0.135416,0.098382,5.40,gru,0.002650,0.012606,0.004082
2026-04-03T21:15:28.8438118Z,0.141655,0.137105,0.100107,0.146098,0.150218,0.106215,4.33,gru,0.004442,0.013113,0.006109
2026-04-03T21:15:28.8706208Z,0.141605,0.150309,0.103363,0.141891,0.164410,0.106012,3.03,gru,0.000287,0.014101,0.002650
2026-04-03T21:15:28.9069513Z,0.143900,0.161444,0.109202,0.145510,0.172250,0.113858,4.19,gru,0.001610,0.010805,0.004656
2026-04-03T21:15:28.9415684Z,0.145295,0.173633,0.114725,0.147742,0.186142,0.120969,3.63,gru,0.002448,0.012510,0.006244
2026-04-03T21:15:28.9772481Z,0.146664,0.184039,0.120378,0.147995,0.196606,0.124809,6.21,gru,0.001331,0.012568,0.004431
2026-04-03T21:15:29.0061866Z,0.147385,0.193888,0.125777,0.148349,0.204377,0.129770,6.32,gru,0.000964,0.010489,0.003994
2026-04-03T21:15:29.0455839Z,0.151064,0.204646,0.131067,0.154823,0.215588,0.134726,6.44,gru,0.003759,0.010941,0.003659
2026-04-03T21:15:29.0810543Z,0.152179,0.212708,0.135467,0.153982,0.222680,0.138440,6.61,gru,0.001803,0.009972,0.002973
2026-04-03T21:15:29.1152726Z,0.148759,0.221702,0.138780,0.143128,0.234074,0.140485,6.11,gru,0.005631,0.012372,0.001705
2026-04-03T21:15:29.1431418Z,0.148085,0.230450,0.146341,0.146875,0.241464,0.154430,5.53,gru,0.001211,0.011014,0.008089
2026-04-03T21:15:29.1771498Z,0.147683,0.238343,0.154911,0.150285,0.246875,0.164651,3.87,gru,0.002602,0.008532,0.009740
2026-04-03T21:15:29.2113971Z,0.150329,0.246209,0.166172,0.154177,0.254626,0.176175,4.51,gru,0.003848,0.008416,0.010004
2026-04-03T21:15:29.2548496Z,0.148251,0.253421,0.176050,0.145152,0.262160,0.184067,5.63,gru,0.003100,0.008740,0.008016
2026-04-03T21:15:29.2931179Z,0.146304,0.260138,0.187699,0.141888,0.266369,0.197515,7.74,gru,0.004416,0.006231,0.009816
2026-04-03T21:15:29.3168836Z,0.144843,0.267104,0.198886,0.145439,0.270715,0.209661,7.24,gru,0.000596,0.003611,0.010775
2026-04-03T21:15:29.3567352Z,0.135677,0.273908,0.210641,0.125018,0.280325,0.221072,3.16,gru,0.010659,0.006417,0.010431
2026-04-03T21:15:29.3797099Z,0.129805,0.279209,0.223223,0.123056,0.281347,0.235115,4.92,gru,0.006749,0.002138,0.011892
2026-04-03T21:15:29.4119975Z,0.127175,0.283736,0.235229,0.130700,0.281820,0.245702,5.37,gru,0.003525,0.001916,0.010472
2026-04-03T21:15:29.4443314Z,0.127066,0.286645,0.249057,0.130026,0.287157,0.261413,5.98,gru,0.002960,0.000513,0.012356
2026-04-03T21:15:29.4806677Z,0.124377,0.290380,0.263918,0.119643,0.294264,0.278500,4.38,gru,0.004734,0.003884,0.014583
2026-04-03T21:15:29.5239869Z,0.121989,0.294559,0.277414,0.117584,0.296543,0.287792,9.13,gru,0.004405,0.001984,0.010379
2026-04-03T21:15:29.5441682Z,0.111439,0.301051,0.291576,0.098727,0.305932,0.302024,2.66,gru,0.012711,0.004881,0.010448
2026-04-03T21:15:29.5752936Z,0.120910,0.304449,0.303009,0.140150,0.299413,0.310865,3.98,gru,0.019241,0.005036,0.007856
2026-04-03T21:15:29.6124622Z,0.118437,0.310898,0.316058,0.120531,0.315082,0.326451,5.54,gru,0.002094,0.004184,0.010393
2026-04-03T21:15:29.6429117Z,0.108311,0.315472,0.331695,0.080768,0.324604,0.348974,3.72,gru,0.027543,0.009132,0.017278
2026-04-03T21:15:29.6739861Z,0.110258,0.322444,0.343281,0.121140,0.317615,0.351367,5.57,gru,0.010882,0.004829,0.008086
2026-04-03T21:15:29.7079326Z,0.106483,0.329899,0.354175,0.114529,0.332781,0.357935,5.12,gru,0.008046,0.002882,0.003759
2026-04-03T21:15:29.7500338Z,0.116867,0.334678,0.362953,0.130062,0.335780,0.368166,4.06,gru,0.013195,0.001102,0.005213
2026-04-03T21:15:29.7811153Z,0.111051,0.344734,0.376623,0.098280,0.354918,0.390701,3.38,gru,0.012770,0.010183,0.014078
2026-04-03T21:15:29.8170217Z,0.116046,0.351913,0.384655,0.118102,0.355823,0.388052,4.14,gru,0.002055,0.003910,0.003398
2026-04-03T21:15:29.8379780Z,0.114309,0.360995,0.394774,0.123663,0.361964,0.395910,4.34,gru,0.009354,0.000969,0.001136
2026-04-03T21:15:29.8731254Z,0.114100,0.372762,0.405125,0.110395,0.388012,0.414395,3.85,gru,0.003705,0.015251,0.009271
2026-04-03T21:15:29.9046542Z,0.112446,0.384996,0.414824,0.111533,0.394593,0.420196,4.28,gru,0.000913,0.009597,0.005372
2026-04-03T21:15:29.9461855Z,0.112438,0.395934,0.424002,0.116891,0.402026,0.425465,5.07,gru,0.004454,0.006092,0.001463
2026-04-03T21:15:29.9763343Z,0.109752,0.407753,0.434076,0.109101,0.418057,0.437031,3.27,gru,0.000651,0.010304,0.002955
2026-04-03T21:15:30.0119603Z,0.091117,0.426128,0.451411,0.059078,0.452201,0.468381,4.01,gru,0.032039,0.026072,0.016970
2026-04-03T21:15:30.0484411Z,0.091969,0.437356,0.458030,0.110287,0.443558,0.458182,4.66,gru,0.018319,0.006203,0.000153
2026-04-03T21:15:30.1099231Z,0.090687,0.448173,0.464957,0.112581,0.449495,0.457000,5.00,gru,0.021893,0.001321,0.007958
2026-04-03T21:15:30.1322277Z,0.091805,0.458486,0.470739,0.085513,0.478639,0.473486,3.82,gru,0.006292,0.020153,0.002747
2026-04-03T21:15:30.2096259Z,0.092104,0.469569,0.476026,0.090299,0.483749,0.473853,2.99,gru,0.001805,0.014180,0.002173
2026-04-03T21:15:30.2346260Z,0.094029,0.487416,0.481609,0.104281,0.508448,0.476922,3.57,gru,0.010252,0.021032,0.004688
2026-04-03T21:15:30.2823821Z,0.093987,0.495818,0.482983,0.098309,0.500185,0.471960,4.61,gru,0.004322,0.004367,0.011023
2026-04-03T21:15:30.3034373Z,0.093945,0.503003,0.482576,0.088660,0.504870,0.469745,6.19,gru,0.005285,0.001867,0.012831
2026-04-03T21:15:30.3380267Z,0.096446,0.509631,0.479847,0.100334,0.519836,0.466032,6.49,gru,0.003887,0.010205,0.013815
2026-04-03T21:15:30.3570660Z,0.098141,0.517643,0.476340,0.105838,0.528574,0.462190,3.56,gru,0.007697,0.010931,0.014150
2026-04-03T21:15:30.3772326Z,0.098440,0.525682,0.470825,0.095691,0.531009,0.455046,4.05,gru,0.002749,0.005327,0.015779
2026-04-03T21:15:30.4125263Z,0.099592,0.533159,0.465357,0.098750,0.533988,0.450220,5.54,gru,0.000842,0.000829,0.015137
2026-04-03T21:15:30.4424710Z,0.101377,0.541363,0.458799,0.105937,0.548607,0.443103,3.98,gru,0.004559,0.007243,0.015696
2026-04-03T21:15:30.4780530Z,0.102914,0.550767,0.452817,0.105561,0.561820,0.438540,6.32,gru,0.002647,0.011053,0.014277
2026-04-03T21:15:30.5134869Z,0.103460,0.562538,0.447939,0.101343,0.571522,0.436902,3.04,gru,0.002117,0.008983,0.011037
2026-04-03T21:15:30.5477618Z,0.104730,0.573772,0.441663,0.107186,0.577356,0.427894,6.32,gru,0.002456,0.003583,0.013769
2026-04-03T21:15:30.5768916Z,0.107855,0.584440,0.434742,0.115110,0.589338,0.419668,4.10,gru,0.007255,0.004898,0.015074
2026-04-03T21:15:30.6126428Z,0.107764,0.595538,0.428790,0.105181,0.606251,0.417078,6.96,gru,0.002584,0.010713,0.011712
2026-04-03T21:15:30.6529445Z,0.109175,0.607042,0.422622,0.109645,0.615265,0.412127,6.53,gru,0.000469,0.008223,0.010494
2026-04-03T21:15:30.6842819Z,0.109111,0.617680,0.417057,0.111635,0.623807,0.406780,7.56,gru,0.002524,0.006127,0.010278
2026-04-03T21:15:30.7119330Z,0.108895,0.628899,0.411240,0.108374,0.637755,0.400967,4.55,gru,0.000521,0.008856,0.010273
2026-04-03T21:15:30.7456828Z,0.111846,0.637531,0.402253,0.116076,0.642972,0.387952,6.25,gru,0.004230,0.005440,0.014301
2026-04-03T21:15:30.7809541Z,0.114671,0.649187,0.394535,0.117612,0.660922,0.383449,7.99,gru,0.002941,0.011735,0.011087
2026-04-03T21:15:30.8180517Z,0.115712,0.660877,0.386119,0.112682,0.673818,0.377235,7.02,gru,0.003030,0.012941,0.008883
2026-04-03T21:15:30.8512029Z,0.116993,0.669885,0.378630,0.117029,0.676286,0.369845,5.10,gru,0.000036,0.006401,0.008785
2026-04-03T21:15:30.8857548Z,0.119502,0.679180,0.370591,0.123624,0.686794,0.361727,3.71,gru,0.004121,0.007614,0.008864
2026-04-03T21:15:30.9130731Z,0.121876,0.688263,0.362451,0.122807,0.701254,0.353436,4.16,gru,0.000931,0.012991,0.009016
2026-04-03T21:15:30.9468653Z,0.124324,0.697130,0.354949,0.123469,0.708534,0.348316,3.84,gru,0.000855,0.011403,0.006632
2026-04-03T21:15:30.9818966Z,0.126588,0.705504,0.348467,0.127442,0.713807,0.343448,5.62,gru,0.000854,0.008303,0.005019
2026-04-03T21:15:31.0118535Z,0.128238,0.715844,0.343426,0.128956,0.727753,0.339859,6.39,gru,0.000718,0.011910,0.003567
2026-04-03T21:15:31.0421824Z,0.129948,0.722206,0.338228,0.129867,0.729530,0.333485,3.82,gru,0.000082,0.007324,0.004742
2026-04-03T21:15:31.0762602Z,0.131465,0.730892,0.332932,0.130340,0.739155,0.327556,4.84,gru,0.001126,0.008263,0.005375
2026-04-03T21:15:31.1189974Z,0.136025,0.738657,0.329003,0.141788,0.747803,0.326666,5.66,gru,0.005762,0.009146,0.002337
2026-04-03T21:15:31.1455988Z,0.136868,0.747469,0.324149,0.134906,0.756521,0.320429,2.38,gru,0.001962,0.009052,0.003720
2026-04-03T21:15:31.1984951Z,0.139276,0.753604,0.320199,0.137306,0.758288,0.316308,5.02,gru,0.001969,0.004683,0.003890
2026-04-03T21:15:31.2109970Z,0.139414,0.761284,0.316829,0.138152,0.767103,0.314995,4.01,gru,0.001262,0.005818,0.001834
2026-04-03T21:15:31.2493650Z,0.142209,0.768305,0.311754,0.144597,0.775324,0.307102,2.75,gru,0.002388,0.007019,0.004652
2026-04-03T21:15:31.2778536Z,0.144053,0.777217,0.305973,0.145058,0.784612,0.300042,5.43,gru,0.001004,0.007395,0.005930
2026-04-03T21:15:31.3694660Z,0.147370,0.793598,0.292641,0.146909,0.810768,0.278094,4.98,gru,0.000461,0.017170,0.014548
2026-04-03T21:15:31.4138943Z,0.148085,0.801742,0.286482,0.145814,0.807141,0.282928,3.55,gru,0.002270,0.005399,0.003554
2026-04-03T21:15:31.4374105Z,0.148060,0.811714,0.278999,0.144218,0.814140,0.278631,3.50,gru,0.003842,0.002426,0.000368
2026-04-03T21:15:31.4866820Z,0.149670,0.820020,0.272300,0.150452,0.825410,0.265469,4.73,gru,0.000782,0.005390,0.006831
2026-04-03T21:15:31.4981729Z,0.134457,0.842160,0.268586,0.104489,0.872048,0.266100,4.05,gru,0.029968,0.029889,0.002485
2026-04-03T21:15:31.5198360Z,0.133508,0.852516,0.263932,0.135062,0.856214,0.260751,4.07,gru,0.001554,0.003698,0.003180
2026-04-03T21:15:31.5394274Z,0.127507,0.865326,0.261301,0.133549,0.861990,0.259498,3.98,gru,0.006042,0.003337,0.001804
2026-04-03T21:15:31.5760644Z,0.125092,0.875239,0.258182,0.114207,0.887323,0.255041,5.58,gru,0.010885,0.012084,0.003141
2026-04-03T21:15:31.6079291Z,0.122238,0.886228,0.253824,0.116023,0.894258,0.247092,5.06,gru,0.006216,0.008030,0.006732
2026-04-03T21:15:31.6481584Z,0.118653,0.898449,0.248685,0.114014,0.906685,0.242442,4.93,gru,0.004639,0.008235,0.006243
2026-04-03T21:15:31.6708481Z,0.112401,0.908796,0.245174,0.104860,0.912965,0.242783,3.96,gru,0.007542,0.004168,0.002391
2026-04-03T21:15:31.7185369Z,0.107595,0.916819,0.241696,0.100761,0.918843,0.238195,5.51,gru,0.006834,0.002024,0.003501
2026-04-03T21:15:31.7417480Z,0.109328,0.921787,0.236818,0.115061,0.922910,0.229508,3.69,gru,0.005733,0.001123,0.007310
2026-04-03T21:15:31.7705922Z,0.104367,0.930903,0.237918,0.096092,0.942228,0.240318,4.18,gru,0.008275,0.011325,0.002400
2026-04-03T21:15:31.8072324Z,0.098286,0.938641,0.233226,0.083317,0.947549,0.227099,4.31,gru,0.014969,0.008908,0.006127
2026-04-03T21:15:31.8384530Z,0.099396,0.940402,0.230580,0.109347,0.934025,0.224156,3.65,gru,0.009951,0.006376,0.006424
2026-04-03T21:15:31.8744880Z,0.100794,0.939106,0.230522,0.107294,0.938233,0.232249,4.02,gru,0.006500,0.000873,0.001727
2026-04-03T21:15:31.9095323Z,0.130692,0.911844,0.247065,0.169267,0.902627,0.264645,5.62,gru,0.038575,0.009217,0.017580
2026-04-03T21:15:31.9414640Z,0.105780,0.935799,0.233750,0.089267,0.982627,0.192186,4.19,gru,0.016513,0.046829,0.041564
2026-04-03T21:15:31.9763709Z,0.101090,0.941220,0.231841,0.072166,0.966529,0.209267,5.04,gru,0.028924,0.025309,0.022574
2026-04-03T21:15:32.0057437Z,0.103785,0.931878,0.245750,0.135765,0.939264,0.246230,3.92,gru,0.031979,0.007386,0.000480
2026-04-03T21:15:32.0397831Z,0.100299,0.937566,0.247867,0.091664,0.955339,0.235709,4.43,gru,0.008635,0.017773,0.012158
2026-04-03T21:15:32.0782349Z,0.080173,0.954043,0.235731,0.026480,1.019652,0.180183,3.28,gru,0.053693,0.065609,0.055548
2026-04-03T21:15:32.1079778Z,0.073476,0.959333,0.235254,0.070710,0.960856,0.207372,4.64,gru,0.002766,0.001523,0.027881
2026-04-03T21:15:32.1412484Z,0.060644,0.968705,0.229962,0.074456,0.972811,0.219914,4.05,gru,0.013812,0.004107,0.010048
2026-04-03T21:15:32.1789085Z,0.046224,0.978195,0.230024,0.022937,0.998831,0.212270,5.15,gru,0.023287,0.020637,0.017754
2026-04-03T21:15:32.2107927Z,0.039668,0.983930,0.230565,0.026728,0.992958,0.215009,3.47,gru,0.012941,0.009028,0.015557
2026-04-03T21:15:32.2390380Z,0.030093,0.990573,0.229729,0.033818,0.993829,0.215399,5.05,gru,0.003725,0.003256,0.014330
2026-04-03T21:15:32.2748553Z,0.025640,0.997457,0.230917,0.031926,1.006040,0.227514,4.61,gru,0.006286,0.008583,0.003404
2026-04-03T21:15:32.3046175Z,0.023044,1.001029,0.234385,0.022838,1.005208,0.234049,4.64,gru,0.000206,0.004179,0.000337
2026-04-03T21:15:32.3499249Z,0.018639,1.005875,0.234105,0.009847,1.010199,0.224542,4.72,gru,0.008792,0.004324,0.009563
2026-04-03T21:15:32.3778402Z,0.004776,1.015796,0.229915,-0.011905,1.025039,0.217034,4.30,gru,0.016681,0.009243,0.012881
2026-04-03T21:15:32.4074795Z,-0.008335,1.022994,0.206051,-0.017068,1.024835,0.176683,4.67,gru,0.008733,0.001841,0.029368
2026-04-03T21:15:32.4411979Z,-0.011418,1.029127,0.205169,-0.003666,1.033888,0.206326,6.41,gru,0.007751,0.004760,0.001157
2026-04-03T21:15:32.4910813Z,-0.037251,1.039948,0.216726,-0.072781,1.050920,0.258288,6.89,gru,0.035529,0.010971,0.041562
2026-04-03T21:15:32.5132435Z,-0.035428,1.042259,0.213419,-0.021859,1.044028,0.216353,5.05,gru,0.013569,0.001769,0.002934
2026-04-03T21:15:32.5517274Z,0.001118,1.042772,0.221716,0.058141,1.028429,0.222156,4.22,gru,0.057023,0.014343,0.000440
2026-04-03T21:15:32.5834889Z,-0.019822,1.046446,0.197977,-0.021859,1.063716,0.157549,4.59,gru,0.002037,0.017270,0.040428
2026-04-03T21:15:32.6115359Z,-0.031275,1.049714,0.205552,-0.080412,1.057251,0.213778,4.46,gru,0.049138,0.007537,0.008226
2026-04-03T21:15:32.6439844Z,-0.036757,1.051972,0.206074,-0.010915,1.016147,0.217705,6.62,gru,0.025841,0.035826,0.011630
2026-04-03T21:15:32.6729181Z,-0.034773,1.054723,0.206774,-0.011838,1.060361,0.196204,6.30,gru,0.022935,0.005638,0.010569
2026-04-03T21:15:32.7049716Z,-0.047473,1.059996,0.209254,-0.085657,1.057817,0.210089,6.11,gru,0.038184,0.002179,0.000835
2026-04-03T21:15:32.7405412Z,-0.044668,1.061128,0.203638,-0.049558,1.041843,0.193268,4.07,gru,0.004890,0.019285,0.010370
2026-04-03T21:15:32.7753182Z,-0.041056,1.061838,0.206050,-0.008986,1.043937,0.203465,5.07,gru,0.032070,0.017901,0.002585
2026-04-03T21:15:32.8084081Z,-0.038851,1.063897,0.204496,-0.036226,1.065071,0.204316,5.87,gru,0.002625,0.001174,0.000181
2026-04-03T21:15:32.8461041Z,-0.071396,1.073892,0.208617,-0.116226,1.079522,0.202440,5.69,gru,0.044830,0.005630,0.006177
2026-04-03T21:15:32.8760479Z,-0.031748,1.064877,0.201040,-0.036226,1.020901,0.198213,6.17,gru,0.004477,0.043976,0.002827
2026-04-03T21:15:32.9081549Z,-0.054405,1.072414,0.206771,-0.060920,1.080650,0.215696,6.00,gru,0.006515,0.008236,0.008926
2026-04-03T21:15:32.9559672Z,-0.031487,1.068274,0.202678,-0.040381,1.076007,0.204806,4.04,gru,0.008893,0.007734,0.002128
2026-04-03T21:15:32.9813776Z,-0.037638,1.069060,0.205082,-0.025339,1.049350,0.210946,4.77,gru,0.012299,0.019710,0.005865
2026-04-03T21:15:33.0089918Z,-0.046281,1.072537,0.189741,-0.072020,1.091851,0.172833,4.01,gru,0.025739,0.019315,0.016907
2026-04-03T21:15:33.0429626Z,-0.034379,1.120992,0.126138,-0.041978,1.171852,0.092833,4.03,gru,0.007599,0.050860,0.033305
2026-04-03T21:15:33.0714466Z,-0.067370,1.078921,0.194012,-0.113922,1.176824,0.172833,3.82,gru,0.046552,0.097902,0.021178
2026-04-03T21:15:33.1060764Z,-0.066142,1.077536,0.191131,-0.079586,1.096824,0.233879,4.50,gru,0.013444,0.019287,0.042747
2026-04-03T21:15:33.1453706Z,-0.069324,1.075250,0.191815,-0.084936,1.176824,0.195472,5.49,gru,0.015612,0.101573,0.003657
2026-04-03T21:15:33.1768787Z,-0.073949,1.079766,0.191289,-0.097023,1.119025,0.228923,5.17,gru,0.023074,0.039259,0.037635
2026-04-03T21:15:33.2058528Z,-0.073981,1.080535,0.191163,-0.082869,1.078879,0.207590,5.00,gru,0.008888,0.001656,0.016427
2026-04-03T21:15:33.2444179Z,-0.033494,1.127492,0.122453,-0.018283,1.158879,0.127590,5.00,gru,0.015211,0.031387,0.005137
2026-04-03T21:15:33.2751544Z,-0.033367,1.130028,0.120464,-0.046308,1.134266,0.145616,4.30,gru,0.012941,0.004238,0.025151
2026-04-03T21:15:33.3077822Z,-0.072225,1.074820,0.191054,-0.126308,1.144843,0.225616,4.06,gru,0.054083,0.070023,0.034562
2026-04-03T21:15:33.3420115Z,-0.069930,1.081757,0.190211,-0.064507,1.096539,0.256653,4.99,gru,0.005423,0.014782,0.066442
2026-04-03T21:15:33.3753599Z,-0.064004,1.080133,0.188521,-0.052089,1.176539,0.193721,4.29,gru,0.011916,0.096405,0.005201
2026-04-03T21:15:33.4075747Z,-0.068807,1.079811,0.192828,-0.113373,1.108484,0.255304,3.55,gru,0.044566,0.028673,0.062476
2026-04-03T21:15:33.4395572Z,-0.066816,1.075532,0.189267,-0.097115,1.053323,0.215907,3.99,gru,0.030299,0.022210,0.026640
2026-04-03T21:15:33.4750334Z,-0.066061,1.074661,0.191593,-0.064881,1.051218,0.207482,4.51,gru,0.001180,0.023443,0.015889
2026-04-03T21:15:33.5139023Z,-0.066956,1.080033,0.188540,-0.072032,1.091468,0.185373,4.18,gru,0.005077,0.011436,0.003167
2026-04-03T21:15:33.5428536Z,-0.066355,1.075870,0.191644,-0.079945,1.048021,0.197102,4.96,gru,0.013590,0.027849,0.005457
2026-04-03T21:15:33.5746269Z,-0.063569,1.078394,0.191305,-0.064322,1.022264,0.206329,5.86,gru,0.000753,0.056130,0.015024
2026-04-03T21:15:33.6167623Z,-0.062747,1.077375,0.194565,-0.056435,1.044915,0.201607,3.52,gru,0.006312,0.032461,0.007041
2026-04-03T21:15:33.6615682Z,-0.063055,1.077820,0.193568,-0.059105,1.051349,0.193509,5.12,gru,0.003950,0.026471,0.000060
2026-04-03T21:15:33.6903695Z,-0.055459,1.075063,0.194470,-0.034963,1.060573,0.186992,7.05,gru,0.020495,0.014490,0.007478
2026-04-03T21:15:33.7136662Z,-0.060666,1.078602,0.196114,-0.066158,1.060655,0.203175,5.44,gru,0.005491,0.017947,0.007061
2026-04-03T21:15:33.7441345Z,-0.058361,1.073369,0.196985,-0.054800,1.049340,0.200371,4.16,gru,0.003560,0.024029,0.003386
2026-04-03T21:15:33.7730554Z,-0.050083,1.071392,0.194291,-0.027210,1.037951,0.195875,4.93,gru,0.022873,0.033442,0.001584
2026-04-03T21:15:33.8107295Z,-0.044204,1.066664,0.199492,-0.042624,1.043013,0.217019,6.61,gru,0.001579,0.023651,0.017526
2026-04-03T21:15:33.8439895Z,-0.039005,1.063633,0.199388,-0.041977,1.045980,0.205100,5.34,gru,0.002972,0.017653,0.005712
2026-04-03T21:15:33.8751619Z,-0.045384,1.067571,0.200717,-0.054355,1.072328,0.192693,3.46,gru,0.008970,0.004757,0.008024
2026-04-03T21:15:33.9176869Z,0.010923,1.042745,0.243448,0.025646,1.053334,0.263320,4.22,gru,0.014723,0.010589,0.019872
2026-04-03T21:15:33.9417329Z,-0.003542,1.050993,0.209492,-0.044132,1.061010,0.183320,3.07,gru,0.040590,0.010018,0.026172
2026-04-03T21:15:33.9812625Z,0.004753,1.050505,0.207933,-0.042847,1.077923,0.155559,3.54,gru,0.047600,0.027418,0.052373
2026-04-03T21:15:34.0199428Z,0.021267,1.028132,0.252249,0.022572,1.040048,0.235559,9.91,gru,0.001306,0.011916,0.016690
2026-04-03T21:15:34.0472822Z,0.027116,1.022393,0.256567,0.032790,1.016987,0.243310,4.01,gru,0.005675,0.005406,0.013257
2026-04-03T21:15:34.0794117Z,0.027310,1.030032,0.235902,-0.028818,1.074904,0.163310,3.50,gru,0.056128,0.044872,0.072592
2026-04-03T21:15:34.1131218Z,0.031643,1.023293,0.241517,0.011718,1.018257,0.213136,5.35,gru,0.019925,0.005036,0.028381
2026-04-03T21:15:34.1441626Z,0.035031,1.019697,0.243763,0.043922,1.014797,0.246602,4.85,gru,0.008890,0.004900,0.002838
2026-04-03T21:15:34.1863003Z,0.040068,1.012567,0.246442,0.037551,0.994433,0.218656,5.52,gru,0.002517,0.018135,0.027786
2026-04-03T21:15:34.2240245Z,0.041967,1.008952,0.248692,0.020878,0.999054,0.216892,6.99,gru,0.021088,0.009897,0.031800
2026-04-03T21:15:34.2653057Z,0.048032,1.003707,0.250348,0.050505,0.987367,0.227180,4.73,gru,0.002473,0.016340,0.023169
2026-04-03T21:15:34.2763927Z,0.045399,0.998095,0.257850,0.047805,0.986597,0.260989,6.45,gru,0.002406,0.011497,0.003139
2026-04-03T21:15:34.3090223Z,0.062044,1.001052,0.249626,0.083834,1.000741,0.229257,3.99,gru,0.021791,0.000311,0.020368
2026-04-03T21:15:34.3446688Z,0.084271,0.948197,0.302997,0.101759,0.972525,0.309257,5.92,gru,0.017488,0.024328,0.006261
2026-04-03T21:15:34.3749428Z,0.085367,0.944978,0.304613,0.058187,0.944274,0.290752,4.30,gru,0.027180,0.000704,0.013862
2026-04-03T21:15:34.4105602Z,0.001709,1.022715,0.266743,-0.021813,1.024274,0.210752,3.47,gru,0.023522,0.001560,0.055992
2026-04-03T21:15:34.4541263Z,-0.004608,1.024771,0.268066,0.018325,1.033400,0.212445,8.88,gru,0.022933,0.008629,0.055621
2026-04-03T21:15:34.4906045Z,0.085703,0.935423,0.310955,0.090379,1.079016,0.249538,4.29,gru,0.004677,0.143593,0.061417
2026-04-03T21:15:34.5243203Z,0.087089,0.933061,0.312317,0.010379,1.010510,0.239767,6.35,gru,0.076709,0.077449,0.072550
2026-04-03T21:15:34.5449281Z,0.088110,0.931472,0.314148,-0.039491,1.090510,0.199633,3.58,gru,0.127601,0.159038,0.114515
2026-04-03T21:15:34.5787893Z,0.081971,0.938328,0.311979,0.040509,1.010510,0.208841,6.05,gru,0.041462,0.072183,0.103138
2026-04-03T21:15:34.6106377Z,0.081872,0.939062,0.311969,0.093919,1.058205,0.242266,4.16,gru,0.012047,0.119143,0.069702
2026-04-03T21:15:34.6438472Z,0.080407,0.944422,0.311445,0.018472,1.017308,0.255972,5.69,gru,0.061935,0.072886,0.055473
2026-04-03T21:15:34.6773546Z,0.067401,0.964372,0.307088,0.004366,1.082612,0.242563,5.84,gru,0.063035,0.118240,0.064525
2026-04-03T21:15:34.7049307Z,0.073251,0.958809,0.309977,0.084366,1.018246,0.260279,5.24,gru,0.011115,0.059437,0.049698
2026-04-03T21:15:34.7399193Z,0.069067,0.970329,0.307394,0.088586,1.021942,0.282011,4.01,gru,0.019518,0.051613,0.025382
2026-04-03T21:15:34.7749498Z,0.075988,0.963633,0.312169,0.052063,1.001972,0.286719,3.41,gru,0.023925,0.038339,0.025450
2026-04-03T21:15:34.8164103Z,0.077326,0.960258,0.314179,0.064269,0.984126,0.290422,5.23,gru,0.013058,0.023867,0.023756
2026-04-03T21:15:34.8412964Z,0.076869,0.963264,0.316749,0.092127,0.988092,0.302931,4.55,gru,0.015258,0.024829,0.013817
2026-04-03T21:15:34.8804977Z,0.076726,0.963782,0.320123,0.088189,0.982606,0.316809,5.54,gru,0.011463,0.018825,0.003314
2026-04-03T21:15:34.9078915Z,0.078129,0.959346,0.324428,0.069421,0.963877,0.319881,4.31,gru,0.008708,0.004531,0.004548
2026-04-03T21:15:34.9429770Z,0.078927,0.959167,0.328145,0.071694,0.993603,0.315340,3.36,gru,0.007233,0.034437,0.012805
2026-04-03T21:15:34.9702970Z,0.052426,0.975874,0.325828,0.012682,0.993437,0.317502,3.90,gru,0.039744,0.017562,0.008326
2026-04-03T21:15:35.0058063Z,0.053786,0.970110,0.331202,0.080974,0.956747,0.339329,5.00,gru,0.027188,0.013363,0.008128
2026-04-03T21:15:35.0425737Z,0.056224,0.960527,0.338641,0.084185,0.961447,0.339625,3.94,gru,0.027961,0.000920,0.000984
2026-04-03T21:15:35.0707765Z,0.059597,0.950319,0.345036,0.037769,0.974609,0.328685,4.13,gru,0.021828,0.024291,0.016351
2026-04-03T21:15:35.1056138Z,0.060480,0.940703,0.351342,0.044578,0.943128,0.340399,4.18,gru,0.015902,0.002424,0.010943
2026-04-03T21:15:35.1424634Z,0.075031,0.915827,0.355239,0.108596,0.901315,0.345771,4.50,gru,0.033565,0.014513,0.009468
2026-04-03T21:15:35.1955056Z,0.090468,0.894138,0.361643,0.117564,0.884587,0.359495,5.03,gru,0.027096,0.009552,0.002148
2026-04-03T21:15:35.2092631Z,0.091543,0.882675,0.371644,0.063949,0.899501,0.373757,4.07,gru,0.027594,0.016826,0.002113
2026-04-03T21:15:35.2460488Z,0.092501,0.876451,0.376191,0.077385,0.879231,0.366222,3.51,gru,0.015116,0.002780,0.009969
2026-04-03T21:15:35.2748861Z,0.093185,0.870040,0.381895,0.117013,0.861847,0.376081,5.64,gru,0.023828,0.008194,0.005814
2026-04-03T21:15:35.3095918Z,0.095321,0.862491,0.388223,0.099403,0.865251,0.391822,4.75,gru,0.004081,0.002760,0.003599
2026-04-03T21:15:35.3448983Z,0.098416,0.854240,0.394107,0.082759,0.855815,0.389323,5.65,gru,0.015657,0.001576,0.004785
2026-04-03T21:15:35.3722756Z,0.122348,0.826826,0.388429,0.154349,0.802972,0.370317,3.66,gru,0.032001,0.023854,0.018112
2026-04-03T21:15:35.4064818Z,0.165891,0.775770,0.386784,0.213610,0.745403,0.366648,4.73,gru,0.047719,0.030367,0.020136
2026-04-03T21:15:35.4416449Z,0.141263,0.800876,0.394644,0.133610,0.825403,0.410573,3.59,gru,0.007653,0.024527,0.015929
2026-04-03T21:15:35.4728523Z,0.131984,0.801915,0.401169,0.079878,0.847565,0.404517,6.11,gru,0.052105,0.045650,0.003349
2026-04-03T21:15:35.5052719Z,0.132506,0.794710,0.404459,0.159878,0.789990,0.400208,4.49,gru,0.027372,0.004720,0.004251
2026-04-03T21:15:35.5457456Z,0.133833,0.786989,0.408879,0.129340,0.801076,0.402799,5.06,gru,0.004492,0.014087,0.006080
2026-04-03T21:15:35.5728976Z,0.134033,0.781622,0.411030,0.084682,0.835595,0.396136,3.18,gru,0.049351,0.053973,0.014895
2026-04-03T21:15:35.6054143Z,0.133715,0.775072,0.414700,0.117864,0.809946,0.402434,4.61,gru,0.015852,0.034874,0.012266
2026-04-03T21:15:35.6890191Z,0.131741,0.767703,0.419500,0.138815,0.790704,0.410054,5.21,gru,0.007074,0.023001,0.009446
2026-04-03T21:15:35.7137800Z,0.131134,0.762263,0.422577,0.111752,0.779734,0.407260,3.67,gru,0.019382,0.017470,0.015318
2026-04-03T21:15:35.7496856Z,0.129370,0.755598,0.425321,0.088302,0.792028,0.401773,3.95,gru,0.041067,0.036430,0.023548
2026-04-03T21:15:35.7694387Z,0.131136,0.748122,0.426161,0.122712,0.765390,0.407885,4.12,gru,0.008424,0.017268,0.018276
2026-04-03T21:15:35.7986035Z,0.131363,0.740581,0.428164,0.132577,0.742259,0.419572,4.88,gru,0.001214,0.001678,0.008592
2026-04-03T21:15:35.8140013Z,0.131392,0.732938,0.428342,0.108563,0.732167,0.416685,5.64,gru,0.022829,0.000771,0.011657
2026-04-03T21:15:35.8695522Z,0.130232,0.725462,0.428886,0.104516,0.731931,0.410980,5.83,gru,0.025716,0.006469,0.017906
2026-04-03T21:15:35.8889517Z,0.132072,0.716406,0.428683,0.127477,0.716347,0.418044,3.93,gru,0.004594,0.000059,0.010638
2026-04-03T21:15:35.9114043Z,0.133623,0.706239,0.427789,0.129239,0.702352,0.419403,3.60,gru,0.004384,0.003887,0.008386
2026-04-03T21:15:35.9393547Z,0.133871,0.695051,0.426704,0.116618,0.691133,0.417661,6.44,gru,0.017253,0.003918,0.009042
2026-04-03T21:15:35.9727296Z,0.133305,0.686405,0.426452,0.112444,0.693081,0.419423,6.64,gru,0.020861,0.006677,0.007029
2026-04-03T21:15:36.0142134Z,0.131946,0.676349,0.425373,0.119702,0.676516,0.416241,5.08,gru,0.012244,0.000167,0.009133
2026-04-03T21:15:36.0423845Z,0.133523,0.664715,0.423707,0.135426,0.646536,0.417420,4.02,gru,0.001903,0.018179,0.006286
2026-04-03T21:15:36.0697579Z,0.132199,0.654955,0.422189,0.120281,0.648905,0.415644,3.69,gru,0.011917,0.006050,0.006546
2026-04-03T21:15:36.1156064Z,0.132519,0.642915,0.420684,0.121720,0.637262,0.414515,5.69,gru,0.010799,0.005653,0.006169
2026-04-03T21:15:36.1454575Z,0.131278,0.631191,0.419854,0.123699,0.622186,0.415178,4.71,gru,0.007579,0.009004,0.004677
2026-04-03T21:15:36.1831217Z,0.141894,0.610829,0.413006,0.152890,0.586124,0.400437,4.54,gru,0.010997,0.024704,0.012569
2026-04-03T21:15:36.2160808Z,0.143255,0.597334,0.411842,0.132018,0.596207,0.407662,6.60,gru,0.011237,0.001127,0.004180
2026-04-03T21:15:36.2434590Z,0.142060,0.587019,0.411136,0.118386,0.595766,0.412834,6.14,gru,0.023675,0.008747,0.001698
2026-04-03T21:15:36.2778499Z,0.141943,0.573515,0.409609,0.142454,0.557599,0.406167,3.34,gru,0.000511,0.015916,0.003442
2026-04-03T21:15:36.3092556Z,0.140150,0.561655,0.408155,0.137071,0.547043,0.403944,3.21,gru,0.003078,0.014612,0.004212
2026-04-03T21:15:36.3432129Z,0.133895,0.553556,0.409869,0.112297,0.559983,0.414240,6.09,gru,0.021599,0.006427,0.004371
2026-04-03T21:15:36.3738307Z,0.135133,0.541826,0.407836,0.131884,0.534070,0.406024,4.43,gru,0.003250,0.007756,0.001812
2026-04-03T21:15:36.4091277Z,0.135626,0.531801,0.406766,0.139852,0.518782,0.403815,4.63,gru,0.004226,0.013018,0.002951
2026-04-03T21:15:36.4458098Z,0.133642,0.522966,0.405253,0.121522,0.519688,0.406151,5.89,gru,0.012120,0.003278,0.000898
2026-04-03T21:15:36.4746519Z,0.134435,0.516464,0.403345,0.126387,0.516044,0.402150,4.22,gru,0.008048,0.000420,0.001195
2026-04-03T21:15:36.5065091Z,0.134310,0.507659,0.401786,0.133322,0.500948,0.400757,5.40,gru,0.000988,0.006711,0.001029
2026-04-03T21:15:36.5441334Z,0.134701,0.501218,0.399717,0.132816,0.494421,0.398895,4.06,gru,0.001885,0.006797,0.000822
2026-04-03T21:15:36.5794876Z,0.140248,0.491662,0.394185,0.144829,0.480342,0.388098,5.48,gru,0.004581,0.011320,0.006088
2026-04-03T21:15:36.6157779Z,0.139377,0.485143,0.390941,0.131559,0.485933,0.388824,5.22,gru,0.007818,0.000790,0.002117
2026-04-03T21:15:36.6471278Z,0.138582,0.479710,0.388133,0.130885,0.481544,0.389353,7.78,gru,0.007697,0.001834,0.001220
2026-04-03T21:15:36.6879022Z,0.138078,0.471380,0.385323,0.140550,0.463304,0.384392,4.14,gru,0.002472,0.008076,0.000931
2026-04-03T21:15:36.7104363Z,0.134441,0.465066,0.381845,0.128469,0.463851,0.377512,4.30,gru,0.005972,0.001215,0.004332
2026-04-03T21:15:36.7465758Z,0.133896,0.456910,0.377590,0.131508,0.457662,0.373735,7.45,gru,0.002389,0.000752,0.003855
2026-04-03T21:15:36.7791866Z,0.132619,0.447270,0.371780,0.132207,0.444385,0.367103,4.64,gru,0.000413,0.002885,0.004677
2026-04-03T21:15:36.8122865Z,0.132850,0.437975,0.364935,0.133916,0.437263,0.357969,6.86,gru,0.001066,0.000712,0.006965
2026-04-03T21:15:36.8442171Z,0.132915,0.428356,0.358367,0.134176,0.430244,0.352574,5.81,gru,0.001261,0.001888,0.005793
2026-04-03T21:15:36.8752288Z,0.131723,0.417137,0.351184,0.129747,0.419448,0.345311,4.56,gru,0.001975,0.002310,0.005874
2026-04-03T21:15:36.9114804Z,0.133257,0.405943,0.343811,0.137791,0.406696,0.337179,3.48,gru,0.004533,0.000753,0.006632
2026-04-03T21:15:36.9492148Z,0.132935,0.393254,0.336414,0.136136,0.394895,0.330486,3.57,gru,0.003201,0.001640,0.005928
2026-04-03T21:15:36.9779434Z,0.137671,0.380056,0.330271,0.144941,0.381905,0.326974,4.01,gru,0.007270,0.001849,0.003297
2026-04-03T21:15:37.0097737Z,0.136490,0.367848,0.324523,0.135474,0.373592,0.321756,4.00,gru,0.001016,0.005745,0.002767
2026-04-03T21:15:37.0471421Z,0.132242,0.354976,0.318822,0.124763,0.359947,0.315151,4.75,gru,0.007479,0.004971,0.003671
2026-04-03T21:15:37.0822828Z,0.136934,0.340976,0.314214,0.149819,0.338100,0.312703,3.05,gru,0.012885,0.002877,0.001511
2026-04-03T21:15:37.1222463Z,0.135183,0.326941,0.308199,0.138864,0.330381,0.305347,5.01,gru,0.003681,0.003440,0.002851
2026-04-03T21:15:37.1457649Z,0.134585,0.313984,0.302293,0.129991,0.320917,0.299453,3.52,gru,0.004594,0.006933,0.002840
2026-04-03T21:15:37.1760061Z,0.131011,0.301275,0.296325,0.129434,0.304695,0.294860,3.66,gru,0.001577,0.003420,0.001466
2026-04-03T21:15:37.2082179Z,0.132891,0.287691,0.290772,0.142393,0.285976,0.289632,5.57,gru,0.009502,0.001715,0.001140
2026-04-03T21:15:37.2453720Z,0.134892,0.274524,0.286486,0.143580,0.276129,0.287515,3.89,gru,0.008688,0.001605,0.001029
2026-04-03T21:15:37.2757736Z,0.135665,0.261792,0.282329,0.135759,0.267596,0.283223,5.06,gru,0.000095,0.005804,0.000895
2026-04-03T21:15:37.3096237Z,0.132498,0.250296,0.277194,0.129499,0.253428,0.275876,4.82,gru,0.002999,0.003132,0.001318
2026-04-03T21:15:37.3407630Z,0.135151,0.238895,0.271977,0.143993,0.236950,0.271183,3.87,gru,0.008842,0.001944,0.000795
2026-04-03T21:15:37.3722517Z,0.135088,0.228016,0.266934,0.141708,0.228753,0.268129,4.40,gru,0.006620,0.000737,0.001195
2026-04-03T21:15:37.4060564Z,0.133558,0.217109,0.264060,0.131375,0.221522,0.268627,5.15,gru,0.002183,0.004413,0.004567
2026-04-03T21:15:37.4498121Z,0.130097,0.209287,0.256258,0.127481,0.211161,0.252510,5.56,gru,0.002617,0.001874,0.003748
2026-04-03T21:15:37.4782353Z,0.139855,0.200065,0.250833,0.157000,0.194484,0.248834,5.77,gru,0.017145,0.005581,0.001999
2026-04-03T21:15:37.5102580Z,0.143045,0.192482,0.240362,0.151588,0.192077,0.236352,6.46,gru,0.008543,0.000405,0.004009
2026-04-03T21:15:37.5456603Z,0.209559,0.171608,0.250109,0.231588,0.164449,0.256297,5.82,gru,0.022029,0.007159,0.006189
2026-04-03T21:15:37.5878743Z,0.142176,0.180890,0.219503,0.151588,0.231259,0.176297,4.19,gru,0.009412,0.050369,0.043205
2026-04-03T21:15:37.6284614Z,0.179499,0.170965,0.219243,0.170315,0.154204,0.203474,4.29,gru,0.009184,0.016760,0.015769
2026-04-03T21:15:37.6397355Z,0.145862,0.169852,0.201865,0.146230,0.149866,0.192019,4.05,gru,0.000368,0.019986,0.009845
2026-04-03T21:15:37.6760129Z,0.148689,0.164105,0.196804,0.121698,0.158973,0.180685,5.35,gru,0.026991,0.005132,0.016119
2026-04-03T21:15:37.7136868Z,0.153379,0.158982,0.190771,0.146934,0.139740,0.178716,5.65,gru,0.006445,0.019242,0.012056
2026-04-03T21:15:37.7447276Z,0.157271,0.153014,0.180781,0.148278,0.145049,0.160648,4.79,gru,0.008993,0.007965,0.020133
2026-04-03T21:15:37.7948429Z,0.164927,0.147617,0.175903,0.164992,0.137700,0.167416,6.39,gru,0.000065,0.009916,0.008486
2026-04-03T21:15:37.8215582Z,0.168541,0.141534,0.169106,0.167647,0.133787,0.163215,6.58,gru,0.000893,0.007747,0.005890
2026-04-03T21:15:37.8433630Z,0.170968,0.135777,0.163477,0.168569,0.132761,0.154480,3.60,gru,0.002399,0.003017,0.008997
2026-04-03T21:15:37.8828295Z,0.190189,0.127349,0.161209,0.207990,0.115220,0.156215,5.80,gru,0.017802,0.012129,0.004995
2026-04-03T21:15:37.9149369Z,0.175877,0.121000,0.145505,0.164508,0.121684,0.123008,4.32,gru,0.011370,0.000684,0.022497
2026-04-03T21:15:37.9494929Z,0.200422,0.108722,0.153422,0.212473,0.100974,0.160050,9.59,gru,0.012050,0.007748,0.006627
2026-04-03T21:15:37.9832454Z,0.199996,0.097600,0.148649,0.210461,0.087152,0.150405,7.14,gru,0.010465,0.010448,0.001756
2026-04-03T21:15:38.0153739Z,0.198841,0.087174,0.142628,0.186307,0.083854,0.121421,2.57,gru,0.012533,0.003320,0.021207
2026-04-03T21:15:38.0468806Z,0.213418,0.069712,0.157722,0.221928,0.067878,0.173784,4.80,gru,0.008509,0.001834,0.016062
2026-04-03T21:15:38.0770336Z,0.209142,0.061113,0.147535,0.207568,0.053794,0.138283,5.01,gru,0.001574,0.007319,0.009252
2026-04-03T21:15:38.1210045Z,0.216100,0.043840,0.151531,0.218574,0.033600,0.145153,4.65,gru,0.002475,0.010240,0.006378
2026-04-03T21:15:38.1662800Z,0.212246,0.032725,0.144840,0.211793,0.020606,0.143086,6.57,gru,0.000452,0.012118,0.001754
2026-04-03T21:15:38.1759408Z,0.213128,0.017262,0.145348,0.212873,-0.002879,0.145566,6.33,gru,0.000255,0.020141,0.000218
2026-04-03T21:15:38.2078288Z,0.214101,0.002330,0.147580,0.217440,-0.011383,0.154827,4.60,gru,0.003339,0.013713,0.007247
2026-04-03T21:15:38.2423338Z,0.216135,-0.011923,0.150531,0.218895,-0.025749,0.151893,3.42,gru,0.002759,0.013827,0.001362
2026-04-03T21:15:38.2751790Z,0.215558,-0.024475,0.153981,0.215433,-0.032667,0.155878,5.99,gru,0.000126,0.008191,0.001896
2026-04-03T21:15:38.3093609Z,0.213319,-0.036621,0.157513,0.211488,-0.043183,0.161571,6.56,gru,0.001831,0.006563,0.004058
2026-04-03T21:15:38.3396241Z,0.211598,-0.047033,0.161008,0.211275,-0.053102,0.164980,4.72,gru,0.000323,0.006069,0.003972
2026-04-03T21:15:38.3787844Z,0.210233,-0.056387,0.166396,0.210873,-0.059211,0.171649,5.91,gru,0.000641,0.002824,0.005253
2026-04-03T21:15:38.4114355Z,0.206113,-0.061980,0.167799,0.203027,-0.060024,0.168439,4.60,gru,0.003086,0.001956,0.000640
2026-04-03T21:15:38.4382464Z,0.196227,-0.055762,0.145364,0.181668,-0.034930,0.116868,3.72,gru,0.014559,0.020832,0.028495
2026-04-03T21:15:38.4742393Z,0.191650,-0.057075,0.146948,0.186219,-0.045379,0.151903,4.05,gru,0.005431,0.011695,0.004955
2026-04-03T21:15:38.5135722Z,0.188623,-0.057659,0.148896,0.188199,-0.047194,0.170647,5.65,gru,0.000424,0.010465,0.021752
2026-04-03T21:15:38.5473445Z,0.185622,-0.057476,0.151765,0.179887,-0.043816,0.152664,4.63,gru,0.005735,0.013661,0.000900
2026-04-03T21:15:38.5783808Z,0.183178,-0.056544,0.152406,0.178654,-0.038811,0.146569,3.65,gru,0.004524,0.017733,0.005838
2026-04-03T21:15:38.6140469Z,0.179040,-0.056257,0.154460,0.175090,-0.037795,0.155563,5.73,gru,0.003949,0.018462,0.001104
2026-04-03T21:15:38.6417601Z,0.174592,-0.054836,0.153773,0.170064,-0.036348,0.156116,4.65,gru,0.004528,0.018488,0.002343
2026-04-03T21:15:38.6751852Z,0.170385,-0.055398,0.153209,0.167037,-0.035626,0.151001,4.28,gru,0.003348,0.019772,0.002208
2026-04-03T21:15:38.7089215Z,0.166810,-0.057878,0.152510,0.165180,-0.036737,0.148634,4.42,gru,0.001630,0.021141,0.003875
2026-04-03T21:15:38.7426765Z,0.163402,-0.062760,0.153252,0.162344,-0.039780,0.153050,3.27,gru,0.001059,0.022980,0.000202
2026-04-03T21:15:38.7748103Z,0.160337,-0.069362,0.152194,0.159494,-0.044393,0.150508,4.19,gru,0.000843,0.024969,0.001686
2026-04-03T21:15:38.8104344Z,0.159635,-0.082879,0.164861,0.161570,-0.053204,0.178619,5.20,gru,0.001935,0.029674,0.013758
2026-04-03T21:15:38.8435337Z,0.140587,-0.074554,0.133140,0.117832,-0.007772,0.098619,5.21,gru,0.022755,0.066783,0.034521
2026-04-03T21:15:38.8957134Z,0.130877,-0.079789,0.131883,0.119234,-0.044629,0.119165,7.03,gru,0.011643,0.035160,0.012719
2026-04-03T21:15:38.9202637Z,0.122507,-0.090743,0.137055,0.117117,-0.049363,0.163825,6.60,gru,0.005390,0.041379,0.026770
2026-04-03T21:15:38.9453720Z,0.112970,-0.101769,0.141614,0.104216,-0.070198,0.145529,3.79,gru,0.008754,0.031571,0.003915
2026-04-03T21:15:38.9805771Z,0.103385,-0.115720,0.148681,0.094898,-0.080957,0.145362,3.66,gru,0.008487,0.034763,0.003320
2026-04-03T21:15:39.0127369Z,0.094185,-0.128387,0.152126,0.088493,-0.091585,0.148667,7.64,gru,0.005692,0.036802,0.003459
2026-04-03T21:15:39.0453308Z,0.081676,-0.141564,0.156606,0.076334,-0.100442,0.159963,6.87,gru,0.005342,0.041122,0.003357
2026-04-03T21:15:39.0772341Z,0.069438,-0.155022,0.161998,0.064755,-0.108418,0.166979,5.12,gru,0.004683,0.046604,0.004981
2026-04-03T21:15:39.1165668Z,0.056651,-0.169056,0.166373,0.053949,-0.117310,0.166172,5.97,gru,0.002703,0.051747,0.000201
2026-04-03T21:15:39.1449341Z,0.040431,-0.170127,0.163215,0.035284,-0.103320,0.152628,3.85,gru,0.005147,0.066808,0.010587
2026-04-03T21:15:39.1765692Z,0.028105,-0.180260,0.166592,0.027948,-0.114554,0.168270,3.58,gru,0.000157,0.065705,0.001679
2026-04-03T21:15:39.2080178Z,0.013801,-0.179173,0.165128,0.015167,-0.108969,0.165276,4.14,gru,0.001366,0.070203,0.000148
2026-04-03T21:15:39.2580064Z,-0.012057,-0.204726,0.189108,-0.016531,-0.113503,0.221075,6.23,gru,0.004474,0.091223,0.031967
2026-04-03T21:15:39.2792598Z,-0.010812,-0.191437,0.180380,-0.006293,-0.094438,0.175364,3.90,gru,0.004519,0.096999,0.005017
2026-04-03T21:15:39.3082016Z,-0.012108,-0.178008,0.174295,-0.000768,-0.064902,0.157095,5.13,gru,0.011341,0.113106,0.017200
2026-04-03T21:15:39.3464523Z,0.357058,-0.150750,0.164504,0.079232,-0.081477,0.143306,5.96,gru,0.277826,0.069273,0.021198
2026-04-03T21:15:39.3736259Z,0.337471,-0.143847,0.163484,0.159232,-0.073206,0.150937,3.03,gru,0.178239,0.070642,0.012548
2026-04-03T21:15:39.4049249Z,0.324790,-0.138447,0.165832,0.194676,-0.091411,0.185202,4.41,gru,0.130114,0.047036,0.019370
2026-04-03T21:15:39.4413945Z,0.297724,-0.137243,0.162400,0.128684,-0.102554,0.173671,3.07,gru,0.169041,0.034689,0.011271
2026-04-03T21:15:39.4759132Z,0.278463,-0.130471,0.160453,0.208684,-0.116091,0.154603,4.23,gru,0.069779,0.014379,0.005850
2026-04-03T21:15:39.5066058Z,0.260798,-0.129541,0.167828,0.225877,-0.122307,0.176335,5.09,gru,0.034921,0.007234,0.008507
2026-04-03T21:15:39.5394085Z,0.234549,-0.131707,0.165028,0.193164,-0.111861,0.169920,5.91,gru,0.041385,0.019846,0.004891
2026-04-03T21:15:39.5749043Z,0.211089,-0.130304,0.158673,0.189020,-0.093999,0.142283,5.72,gru,0.022068,0.036306,0.016390
2026-04-03T21:15:39.6055572Z,0.184706,-0.131639,0.156102,0.180437,-0.097612,0.139060,4.07,gru,0.004269,0.034027,0.017042
2026-04-03T21:15:39.6413429Z,0.154213,-0.133652,0.145986,0.151956,-0.095581,0.131081,4.15,gru,0.002257,0.038070,0.014905
2026-04-03T21:15:39.6795981Z,0.132460,-0.132745,0.135967,0.134821,-0.088950,0.119083,5.40,gru,0.002361,0.043795,0.016884
2026-04-03T21:15:39.7080307Z,0.101851,-0.135666,0.117265,0.103895,-0.088576,0.088564,4.28,gru,0.002045,0.047090,0.028701
2026-04-03T21:15:39.7440164Z,0.071044,-0.144619,0.114355,0.069726,-0.093098,0.108481,3.80,gru,0.001318,0.051520,0.005874
2026-04-03T21:15:39.7783291Z,0.039770,-0.136653,0.061075,0.033854,-0.057412,0.028481,5.39,gru,0.005916,0.079241,0.032594
2026-04-03T21:15:39.8102057Z,0.020372,-0.153759,0.064130,0.016273,-0.095124,0.057470,4.24,gru,0.004099,0.058635,0.006660
2026-04-03T21:15:39.8441044Z,0.002038,-0.154631,0.047762,0.002078,-0.098207,0.051784,5.22,gru,0.000040,0.056424,0.004023
2026-04-03T21:15:39.8765431Z,-0.036420,-0.176538,0.059627,-0.033428,-0.108966,0.064815,4.42,gru,0.002991,0.067572,0.005188
2026-04-03T21:15:39.9071549Z,-0.068451,-0.185963,0.059847,-0.051523,-0.108098,0.068349,4.00,gru,0.016928,0.077865,0.008502
2026-04-03T21:15:39.9439703Z,-0.119365,-0.203381,0.065158,-0.068272,-0.107391,0.064872,3.65,gru,0.051093,0.095990,0.000286
2026-04-03T21:15:39.9788145Z,-0.140696,-0.202086,0.061832,-0.052327,-0.102815,0.064590,5.55,gru,0.088369,0.099270,0.002758
2026-04-03T21:15:40.0092574Z,-0.173411,-0.208254,0.076592,-0.050970,-0.090475,0.095765,3.47,gru,0.122441,0.117779,0.019174
2026-04-03T21:15:40.0395749Z,-0.190253,-0.202405,0.074040,-0.033708,-0.079912,0.085617,4.56,gru,0.156545,0.122493,0.011577
2026-04-03T21:15:40.0768386Z,-0.209782,-0.200034,0.075864,-0.017438,-0.067812,0.084321,5.05,gru,0.192344,0.132222,0.008457
2026-04-03T21:15:40.1129727Z,-0.257985,-0.217536,0.136144,-0.055809,-0.004710,0.164321,6.13,gru,0.202176,0.212825,0.028177
2026-04-03T21:15:40.1410219Z,-0.269997,-0.214879,0.107068,-0.010840,-0.020017,0.136152,4.08,gru,0.259158,0.194862,0.029084
2026-04-03T21:15:40.1790587Z,-0.290671,-0.196958,0.147763,-0.009233,-0.001911,0.161637,3.82,gru,0.281438,0.195046,0.013875
2026-04-03T21:15:40.2101361Z,-0.291422,-0.209866,0.100669,0.023057,-0.021448,0.120166,4.31,gru,0.314479,0.188418,0.019497
2026-04-03T21:15:40.2419586Z,-0.311070,-0.204498,0.085684,0.038363,-0.012737,0.099259,4.96,gru,0.349432,0.191761,0.013575
2026-04-03T21:15:40.2771931Z,-0.355133,-0.256962,0.087121,0.032352,0.018636,0.147260,6.54,gru,0.387485,0.275598,0.060139
2026-04-03T21:15:40.3287214Z,-0.360410,-0.224175,0.057682,0.058595,0.036172,0.083053,7.41,gru,0.419005,0.260347,0.025371
2026-04-03T21:15:40.3647348Z,-0.462959,-0.084519,0.047868,0.000126,0.116172,0.054242,7.30,gru,0.463085,0.200691,0.006374
2026-04-03T21:15:40.3879559Z,-0.473876,-0.091490,0.035107,-0.008002,0.196172,0.052071,6.55,gru,0.465873,0.287662,0.016964
2026-04-03T21:15:40.4091779Z,-0.489739,-0.122945,0.035092,0.015222,0.166568,0.063129,4.49,gru,0.504961,0.289514,0.028038
2026-04-03T21:15:40.4431062Z,-0.505045,-0.126549,0.030328,0.026548,0.152677,0.060227,6.61,gru,0.531593,0.279226,0.029898
2026-04-03T21:15:40.4735897Z,-0.522470,-0.120393,0.028840,0.033554,0.160844,0.054760,5.34,gru,0.556024,0.281237,0.025921
2026-04-03T21:15:40.5081721Z,-0.445561,0.260804,0.144325,0.002173,0.240844,0.134760,7.01,gru,0.447734,0.019959,0.009564
2026-04-03T21:15:40.5516381Z,-0.446777,0.262053,0.142474,-0.067251,0.320844,0.141433,7.90,gru,0.379526,0.058791,0.001041
2026-04-03T21:15:40.5802127Z,-0.519010,0.391559,0.187387,-0.144025,0.400844,0.200469,6.49,gru,0.374985,0.009285,0.013082
2026-04-03T21:15:40.6176665Z,-0.522023,0.393133,0.185416,-0.105769,0.480844,0.191598,7.92,gru,0.416255,0.087712,0.006183
2026-04-03T21:15:40.6463424Z,-0.416190,0.358429,0.142500,-0.158352,0.473933,0.147775,3.10,gru,0.257838,0.115504,0.005275
2026-04-03T21:15:40.6810182Z,-0.418416,0.358839,0.142794,-0.157439,0.477870,0.159745,6.05,gru,0.260977,0.119031,0.016951
2026-04-03T21:15:40.7261517Z,-0.421092,0.359840,0.143161,-0.185327,0.476039,0.182284,4.50,gru,0.235765,0.116199,0.039123
2026-04-03T21:15:40.7765291Z,-0.421415,0.363794,0.143593,-0.184634,0.396039,0.152810,5.55,gru,0.236781,0.032245,0.009217
2026-04-03T21:15:40.8101019Z,-0.422404,0.366030,0.143622,-0.190219,0.387461,0.144841,4.32,gru,0.232185,0.021431,0.001219
2026-04-03T21:15:40.8442157Z,-0.421775,0.368815,0.144909,-0.200211,0.380956,0.143392,4.90,gru,0.221564,0.012140,0.001517
2026-04-03T21:15:40.8753705Z,-0.417238,0.394163,0.152162,-0.200488,0.404654,0.155891,5.89,gru,0.216750,0.010491,0.003729
2026-04-03T21:15:40.9065802Z,-0.413852,0.398444,0.153250,-0.179968,0.360317,0.155689,4.01,gru,0.233884,0.038126,0.002439
2026-04-03T21:15:40.9456465Z,-0.411901,0.401951,0.152503,-0.206582,0.339376,0.147160,5.00,gru,0.205319,0.062574,0.005343
2026-04-03T21:15:40.9775046Z,-0.409869,0.405738,0.151751,-0.252668,0.371237,0.145087,3.72,gru,0.157201,0.034501,0.006665
2026-04-03T21:15:41.0192497Z,-0.407283,0.412328,0.148755,-0.290155,0.368766,0.146510,4.60,gru,0.117127,0.043562,0.002245
2026-04-03T21:15:41.0468376Z,-0.402420,0.420898,0.144887,-0.273447,0.343404,0.145982,5.91,gru,0.128973,0.077495,0.001096
2026-04-03T21:15:41.0804406Z,-0.426395,0.325012,0.128446,-0.282650,0.358639,0.126238,3.76,gru,0.143745,0.033627,0.002208
2026-04-03T21:15:41.1122104Z,-0.423740,0.338015,0.119275,-0.351605,0.416632,0.111922,5.18,gru,0.072135,0.078617,0.007352
2026-04-03T21:15:41.1449924Z,-0.420729,0.349883,0.110341,-0.340126,0.435591,0.122172,5.66,gru,0.080604,0.085708,0.011831
2026-04-03T21:15:41.1751027Z,-0.411998,0.365520,0.095932,-0.318961,0.355591,0.089578,5.15,gru,0.093037,0.009929,0.006354
2026-04-03T21:15:41.2165717Z,-0.346100,0.428888,0.134530,-0.312371,0.318239,0.137752,4.36,gru,0.033729,0.110649,0.003223
2026-04-03T21:15:41.2491659Z,-0.359379,0.565843,-0.008886,-0.392371,0.398239,0.057752,3.17,gru,0.032992,0.167604,0.066638
2026-04-03T21:15:41.2836496Z,-0.316310,0.555773,0.014387,-0.415308,0.478239,-0.014117,4.01,gru,0.098997,0.077534,0.028504
2026-04-03T21:15:41.3043425Z,-0.330860,0.566747,0.010423,-0.378193,0.558239,0.065883,3.19,gru,0.047333,0.008508,0.055460
2026-04-03T21:15:41.3416191Z,-0.336775,0.569887,0.009214,-0.390587,0.600454,0.011568,4.02,gru,0.053812,0.030567,0.002355
2026-04-03T21:15:41.3842204Z,-0.335551,0.572558,0.009064,-0.375947,0.520454,0.025031,4.73,gru,0.040395,0.052104,0.015968
2026-04-03T21:15:41.4049052Z,-0.339442,0.576381,0.008957,-0.357597,0.475859,0.018396,4.93,gru,0.018155,0.100521,0.009439
2026-04-03T21:15:41.4426701Z,-0.339465,0.579427,0.008052,-0.345001,0.434588,0.022815,5.02,gru,0.005536,0.144839,0.014763
2026-04-03T21:15:41.4751449Z,-0.341143,0.579434,0.008110,-0.336408,0.422775,0.023974,4.14,gru,0.004735,0.156659,0.015864
2026-04-03T21:15:41.5084953Z,-0.341314,0.581057,0.007923,-0.347478,0.454724,0.017915,3.06,gru,0.006164,0.126333,0.009992
2026-04-03T21:15:41.5433588Z,-0.342006,0.580824,0.008718,-0.342273,0.457767,0.018030,5.17,gru,0.000267,0.123057,0.009312
2026-04-03T21:15:41.5707386Z,-0.342380,0.584207,0.007532,-0.341654,0.467778,0.013674,3.67,gru,0.000726,0.116429,0.006142
2026-04-03T21:15:41.6048377Z,-0.347913,0.585888,0.005491,-0.353047,0.503254,0.006347,4.07,gru,0.005134,0.082635,0.000857
2026-04-03T21:15:41.6421424Z,-0.348327,0.583802,0.006395,-0.356649,0.507518,0.007217,3.81,gru,0.008321,0.076285,0.000822
2026-04-03T21:15:41.6834930Z,-0.348424,0.585457,0.005293,-0.341073,0.466822,0.005000,4.25,gru,0.007351,0.118635,0.000293
2026-04-03T21:15:41.7066517Z,-0.349175,0.586470,0.005126,-0.300413,0.386822,0.016465,5.78,gru,0.048762,0.199648,0.011339
2026-04-03T21:15:41.7398321Z,-0.350143,0.587542,0.004902,-0.312572,0.335466,0.017029,5.24,gru,0.037570,0.252076,0.012127
2026-04-03T21:15:41.7747812Z,-0.350455,0.588115,0.005437,-0.311629,0.265705,0.016938,3.94,gru,0.038825,0.322410,0.011500
2026-04-03T21:15:41.8276726Z,-0.350817,0.588172,0.005584,-0.318002,0.345705,0.016571,3.94,gru,0.032816,0.242467,0.010987
2026-04-03T21:15:41.8484378Z,-0.352285,0.589454,0.005765,-0.341181,0.425705,0.008216,5.09,gru,0.011104,0.163749,0.002451
2026-04-03T21:15:41.8758013Z,-0.353429,0.591244,0.004715,-0.421181,0.431109,-0.049014,6.77,gru,0.067752,0.160135,0.053730
2026-04-03T21:15:41.9094917Z,-0.367192,0.596546,0.004824,-0.501181,0.446570,-0.030650,3.91,gru,0.133989,0.149976,0.035473
2026-04-03T21:15:41.9404705Z,-0.366710,0.599321,0.004109,-0.581181,0.460506,-0.037512,4.91,gru,0.214470,0.138814,0.041621
2026-04-03T21:15:41.9775809Z,-0.356338,0.595880,0.003659,-0.589607,0.449014,-0.043165,4.18,gru,0.233269,0.146866,0.046824
2026-04-03T21:15:42.0109298Z,-0.363933,0.596590,0.004335,-0.588751,0.486152,-0.032498,5.58,gru,0.224818,0.110438,0.036832
2026-04-03T21:15:42.0431738Z,-0.366297,0.599801,0.003680,-0.590248,0.503107,-0.034652,5.14,gru,0.223951,0.096695,0.038333
2026-04-03T21:15:42.0728970Z,-0.360394,0.595030,0.004378,-0.592024,0.481819,-0.038550,4.06,gru,0.231630,0.113211,0.042928
2026-04-03T21:15:42.1089785Z,-0.365527,0.600356,0.004027,-0.592361,0.509717,-0.034784,3.85,gru,0.226833,0.090639,0.038811
2026-04-03T21:15:42.1475814Z,-0.363975,0.597778,0.004249,-0.591083,0.504923,-0.035637,5.03,gru,0.227108,0.092855,0.039887
2026-04-03T21:15:42.1871684Z,-0.365214,0.597641,0.004279,-0.589643,0.500202,-0.035187,6.08,gru,0.224429,0.097438,0.039466
2026-04-03T21:15:42.2240922Z,-0.363903,0.597066,0.004029,-0.589315,0.516337,-0.035609,5.57,gru,0.225413,0.080729,0.039638
2026-04-03T21:15:42.2505676Z,-0.364713,0.597849,0.003551,-0.592705,0.520745,-0.036533,6.15,gru,0.227992,0.077104,0.040083
2026-04-03T21:15:42.2829232Z,-0.365662,0.597078,0.003866,-0.594509,0.515254,-0.035331,3.62,gru,0.228847,0.081824,0.039196
2026-04-03T21:15:42.3168727Z,-0.364578,0.597354,0.003364,-0.595686,0.515743,-0.037750,6.17,gru,0.231108,0.081611,0.041114
2026-04-03T21:15:42.3462186Z,-0.364893,0.595656,0.003917,-0.597720,0.518316,-0.036504,3.61,gru,0.232828,0.077339,0.040421
2026-04-03T21:15:42.3781713Z,-0.366703,0.596865,0.003710,-0.598399,0.527733,-0.035732,5.93,gru,0.231696,0.069132,0.039442
2026-04-03T21:15:42.4081017Z,-0.365440,0.596739,0.003165,-0.594359,0.527103,-0.037334,3.08,gru,0.228919,0.069636,0.040499
2026-04-03T21:15:42.4405856Z,-0.365422,0.595845,0.003967,-0.596584,0.523359,-0.035355,6.64,gru,0.231162,0.072486,0.039323
2026-04-03T21:15:42.4719835Z,-0.364532,0.594288,0.004446,-0.598615,0.525067,-0.035109,3.05,gru,0.234083,0.069222,0.039555
2026-04-03T21:15:42.5044012Z,-0.364100,0.594562,0.003446,-0.592914,0.537424,-0.036482,3.75,gru,0.228813,0.057137,0.039928
2026-04-03T21:15:42.5386531Z,-0.364315,0.593427,0.003476,-0.584342,0.560946,-0.030841,4.32,gru,0.220027,0.032481,0.034317
2026-04-03T21:15:42.5726869Z,-0.365121,0.594740,0.003798,-0.585355,0.566864,-0.029766,6.02,gru,0.220233,0.027876,0.033564
2026-04-03T21:15:42.6080569Z,-0.364048,0.592311,0.004243,-0.590762,0.545473,-0.033317,6.28,gru,0.226715,0.046837,0.037560
2026-04-03T21:15:42.6384559Z,-0.365103,0.594042,0.003856,-0.587033,0.560750,-0.031741,4.75,gru,0.221930,0.033293,0.035598
2026-04-03T21:15:42.6764448Z,-0.363400,0.592199,0.004534,-0.585409,0.562510,-0.030308,5.17,gru,0.222009,0.029688,0.034841
2026-04-03T21:15:42.7046141Z,-0.361900,0.589885,0.004422,-0.589211,0.544294,-0.032899,4.45,gru,0.227312,0.045591,0.037321
2026-04-03T21:15:42.7500369Z,-0.361618,0.592423,0.003527,-0.581382,0.573326,-0.031682,2.70,gru,0.219765,0.019096,0.035210
2026-04-03T21:15:42.7793040Z,-0.362627,0.591531,0.004255,-0.585632,0.561230,-0.030002,5.13,gru,0.223005,0.030300,0.034256
2026-04-03T21:15:42.8070387Z,-0.362837,0.589397,0.004761,-0.586964,0.553610,-0.030063,3.10,gru,0.224127,0.035787,0.034824
2026-04-03T21:15:42.8443700Z,-0.360689,0.591253,0.003966,-0.587434,0.556487,-0.033909,4.43,gru,0.226745,0.034766,0.037874
2026-04-03T21:15:42.9008447Z,-0.360471,0.590210,0.004343,-0.586276,0.558510,-0.031443,6.04,gru,0.225805,0.031700,0.035786
2026-04-03T21:15:42.9231347Z,-0.360582,0.591111,0.004122,-0.586483,0.558270,-0.031415,4.01,gru,0.225901,0.032841,0.035537
2026-04-03T21:15:42.9430673Z,-0.361148,0.590478,0.005052,-0.587691,0.554648,-0.030668,3.62,gru,0.226544,0.035830,0.035720
2026-04-03T21:15:42.9811294Z,-0.361983,0.590216,0.004857,-0.588662,0.550802,-0.031411,4.39,gru,0.226679,0.039414,0.036268
2026-04-03T21:15:43.0133574Z,-0.360074,0.590893,0.003759,-0.586454,0.555628,-0.034243,6.83,gru,0.226379,0.035265,0.038002
2026-04-03T21:15:43.0482915Z,-0.359535,0.588987,0.004313,-0.587467,0.550953,-0.031774,6.36,gru,0.227932,0.038033,0.036087
2026-04-03T21:15:43.0793539Z,-0.360190,0.589333,0.004317,-0.587784,0.552032,-0.031036,5.78,gru,0.227594,0.037302,0.035353
2026-04-03T21:15:43.1048412Z,-0.360157,0.588997,0.004633,-0.589287,0.546096,-0.032280,3.58,gru,0.229131,0.042901,0.036913
