timestamp,actual_x,actual_y,actual_z,predicted_x,predicted_y,predicted_z,inference_ms,model_name,abs_err_x,abs_err_y,abs_err_z
2026-04-03T21:09:04.7838804Z,0.013056,0.032502,0.016506,0.013056,0.032502,0.016506,5.15,gru,0.000000,0.000000,0.000000
2026-04-03T21:09:04.8164954Z,0.013497,0.032480,0.017249,0.013497,0.032480,0.017249,5.43,gru,0.000000,0.000000,0.000000
2026-04-03T21:09:04.8538798Z,0.027083,0.037717,0.035762,0.027083,0.037717,0.035762,7.42,gru,0.000000,0.000000,0.000000
2026-04-03T21:09:04.9013887Z,0.022182,0.037077,0.025378,0.104186,0.019166,0.025266,8.36,gru,0.082004,0.017912,0.000112
2026-04-03T21:09:04.9606679Z,0.021270,0.037040,0.024327,0.103168,0.014999,0.020769,9.85,gru,0.081897,0.022041,0.003558
2026-04-03T21:09:05.0021032Z,0.021254,0.036570,0.024317,0.099518,0.017377,0.034244,8.82,gru,0.078264,0.019193,0.009927
2026-04-03T21:09:05.0175482Z,0.021117,0.036074,0.024660,0.099635,0.015118,0.030747,7.42,gru,0.078518,0.020956,0.006087
2026-04-03T21:09:05.0536393Z,0.021112,0.036409,0.024384,0.100633,0.015556,0.028997,7.40,gru,0.079520,0.020853,0.004614
2026-04-03T21:09:05.0866024Z,0.021351,0.037448,0.023825,0.101773,0.015234,0.026820,4.12,gru,0.080422,0.022214,0.002995
2026-04-03T21:09:05.1237553Z,0.021531,0.037077,0.023882,0.098409,0.015681,0.028014,7.16,gru,0.076878,0.021397,0.004132
2026-04-03T21:09:05.1582614Z,0.021884,0.036693,0.024378,0.100410,0.013825,0.029733,5.20,gru,0.078526,0.022869,0.005355
2026-04-03T21:09:05.1920152Z,0.022369,0.037402,0.024382,0.095316,0.017723,0.028203,7.28,gru,0.072947,0.019679,0.003821
2026-04-03T21:09:05.2210624Z,0.023823,0.037236,0.026226,0.098191,0.015504,0.030650,6.09,gru,0.074367,0.021732,0.004424
2026-04-03T21:09:05.2536364Z,0.025189,0.037475,0.026714,0.098205,0.015308,0.030623,5.38,gru,0.073016,0.022167,0.003909
2026-04-03T21:09:05.2857236Z,0.026119,0.037691,0.027928,0.097294,0.015714,0.031382,5.08,gru,0.071175,0.021977,0.003453
2026-04-03T21:09:05.3212857Z,0.026307,0.039046,0.026304,0.097149,0.017814,0.027846,5.66,gru,0.070842,0.021232,0.001542
2026-04-03T21:09:05.3547762Z,0.025626,0.037517,0.026842,0.095332,0.015246,0.029716,6.81,gru,0.069706,0.022272,0.002874
2026-04-03T21:09:05.3919885Z,0.025731,0.039280,0.025561,0.094071,0.018068,0.028057,9.54,gru,0.068340,0.021212,0.002496
2026-04-03T21:09:05.4219794Z,0.025681,0.037508,0.026307,0.092994,0.015691,0.029271,8.16,gru,0.067313,0.021816,0.002964
2026-04-03T21:09:05.4701087Z,0.025758,0.037165,0.026025,0.094820,0.014301,0.029210,5.07,gru,0.069062,0.022864,0.003184
2026-04-03T21:09:05.5187383Z,0.025920,0.037923,0.025543,0.096341,0.015474,0.027540,4.92,gru,0.070421,0.022449,0.001997
2026-04-03T21:09:05.5440222Z,0.025820,0.037572,0.025670,0.090022,0.017655,0.028556,6.44,gru,0.064202,0.019917,0.002887
2026-04-03T21:09:05.5601898Z,0.038050,0.041436,0.040151,0.095966,0.020897,0.053212,3.55,gru,0.057916,0.020540,0.013062
2026-04-03T21:09:05.6089764Z,0.037695,0.040489,0.040067,0.093168,0.019616,0.042170,5.43,gru,0.055473,0.020873,0.002103
2026-04-03T21:09:05.6511000Z,0.039350,0.040501,0.040879,0.090486,0.020196,0.035921,7.25,gru,0.051136,0.020306,0.004958
2026-04-03T21:09:05.6779890Z,0.042002,0.041420,0.044340,0.089600,0.022775,0.048520,3.15,gru,0.047598,0.018645,0.004180
2026-04-03T21:09:05.7140752Z,0.043815,0.041421,0.044714,0.088377,0.022394,0.045601,4.78,gru,0.044562,0.019027,0.000887
2026-04-03T21:09:05.7491583Z,0.046301,0.040723,0.043700,0.088076,0.021252,0.041252,4.33,gru,0.041775,0.019471,0.002448
2026-04-03T21:09:05.7846999Z,0.051776,0.041276,0.048920,0.089184,0.023116,0.052085,3.44,gru,0.037408,0.018160,0.003165
2026-04-03T21:09:05.8188727Z,0.059202,0.043360,0.060712,0.092364,0.028735,0.072442,4.05,gru,0.033163,0.014626,0.011730
2026-04-03T21:09:05.8562757Z,0.061200,0.040964,0.064474,0.088767,0.024689,0.065369,7.94,gru,0.027566,0.016274,0.000895
2026-04-03T21:09:05.8887822Z,0.061654,0.039226,0.066261,0.084445,0.023612,0.060473,5.43,gru,0.022791,0.015614,0.005788
2026-04-03T21:09:05.9199126Z,0.060721,0.034932,0.071474,0.080130,0.021548,0.074227,7.25,gru,0.019408,0.013384,0.002753
2026-04-03T21:09:05.9533870Z,0.057092,0.031051,0.075508,0.073118,0.019653,0.079204,6.91,gru,0.016026,0.011398,0.003696
2026-04-03T21:09:05.9807646Z,0.053317,0.025762,0.079722,0.067551,0.014738,0.080457,5.52,gru,0.014235,0.011024,0.000735
2026-04-03T21:09:06.0096813Z,0.049247,0.021727,0.084957,0.062248,0.012427,0.086096,4.28,gru,0.013002,0.009300,0.001139
2026-04-03T21:09:06.0485588Z,0.044283,0.019781,0.091904,0.055844,0.014250,0.095838,4.17,gru,0.011560,0.005530,0.003934
2026-04-03T21:09:06.0895019Z,0.049607,0.024563,0.102110,0.065806,0.022407,0.109427,7.98,gru,0.016199,0.002156,0.007317
2026-04-03T21:09:06.1173656Z,0.041282,0.021189,0.109799,0.050044,0.018204,0.113908,3.93,gru,0.008762,0.002985,0.004109
2026-04-03T21:09:06.1526011Z,0.043291,0.022393,0.118044,0.054249,0.016571,0.119784,5.22,gru,0.010957,0.005822,0.001741
2026-04-03T21:09:06.1869703Z,0.080280,0.050039,0.149960,0.122530,0.063280,0.178696,5.12,gru,0.042250,0.013241,0.028736
2026-04-03T21:09:06.2232578Z,0.059517,0.038412,0.143017,0.055753,0.046133,0.133301,6.50,gru,0.003764,0.007721,0.009715
2026-04-03T21:09:06.2560966Z,0.060158,0.041886,0.150246,0.054345,0.033106,0.137561,6.17,gru,0.005812,0.008779,0.012684
2026-04-03T21:09:06.3089182Z,0.056872,0.043277,0.157668,0.057950,0.042614,0.169770,12.21,gru,0.001077,0.000663,0.012101
2026-04-03T21:09:06.3359080Z,0.055897,0.045187,0.166192,0.059044,0.048460,0.173727,10.47,gru,0.003147,0.003273,0.007535
2026-04-03T21:09:06.3664652Z,0.053819,0.047747,0.173557,0.055765,0.047584,0.174835,9.12,gru,0.001946,0.000163,0.001278
2026-04-03T21:09:06.3995751Z,0.057556,0.052214,0.182169,0.061830,0.048045,0.181703,7.78,gru,0.004274,0.004169,0.000467
2026-04-03T21:09:06.4312335Z,0.069434,0.058623,0.194292,0.084676,0.059968,0.202708,7.78,gru,0.015243,0.001345,0.008416
2026-04-03T21:09:06.4560784Z,0.074800,0.064158,0.204254,0.082255,0.073731,0.211978,4.47,gru,0.007455,0.009573,0.007725
2026-04-03T21:09:06.5108245Z,0.077287,0.071275,0.218212,0.079382,0.076213,0.213093,9.19,gru,0.002095,0.004938,0.005119
2026-04-03T21:09:06.5569747Z,0.076388,0.073325,0.223221,0.077347,0.078707,0.225070,7.57,gru,0.000959,0.005383,0.001848
2026-04-03T21:09:06.5903364Z,0.078062,0.075261,0.228157,0.084316,0.082038,0.231242,7.24,gru,0.006255,0.006777,0.003085
2026-04-03T21:09:06.6561445Z,0.084963,0.079117,0.235760,0.096012,0.086313,0.241266,10.92,gru,0.011049,0.007196,0.005506
2026-04-03T21:09:06.6959580Z,0.090279,0.084244,0.244447,0.097309,0.091144,0.251311,5.12,gru,0.007030,0.006901,0.006864
2026-04-03T21:09:06.7446676Z,0.088813,0.083640,0.245690,0.085072,0.084195,0.240835,16.88,gru,0.003741,0.000555,0.004855
2026-04-03T21:09:06.7698530Z,0.088815,0.084445,0.247693,0.087364,0.086268,0.244243,7.84,gru,0.001452,0.001823,0.003450
2026-04-03T21:09:06.7971229Z,0.092997,0.086994,0.251950,0.101021,0.091011,0.257825,9.50,gru,0.008024,0.004017,0.005875
2026-04-03T21:09:06.8223845Z,0.084363,0.084577,0.254453,0.076255,0.084509,0.256424,6.08,gru,0.008108,0.000068,0.001971
2026-04-03T21:09:06.8524379Z,0.083584,0.085875,0.258385,0.081186,0.092516,0.258886,6.62,gru,0.002398,0.006640,0.000500
2026-04-03T21:09:06.8944346Z,0.085665,0.088092,0.263580,0.094687,0.092345,0.266786,8.67,gru,0.009022,0.004253,0.003207
2026-04-03T21:09:06.9349108Z,0.087264,0.089585,0.268699,0.091285,0.098656,0.273003,13.40,gru,0.004021,0.009071,0.004305
2026-04-03T21:09:06.9696086Z,0.087497,0.091274,0.274137,0.086210,0.098193,0.277811,15.22,gru,0.001287,0.006919,0.003674
2026-04-03T21:09:06.9912416Z,0.089996,0.094649,0.279588,0.092990,0.100381,0.282491,9.34,gru,0.002994,0.005731,0.002903
2026-04-03T21:09:07.0383465Z,0.111596,0.103533,0.282080,0.141491,0.110520,0.282046,10.03,gru,0.029895,0.006988,0.000034
2026-04-03T21:09:07.0675913Z,0.091643,0.100175,0.288838,0.064189,0.111781,0.299242,10.60,gru,0.027454,0.011606,0.010405
2026-04-03T21:09:07.0809706Z,0.092670,0.102745,0.291798,0.080036,0.104019,0.294886,4.57,gru,0.012635,0.001273,0.003088
2026-04-03T21:09:07.1265628Z,0.093901,0.105951,0.294229,0.111402,0.104397,0.293956,9.95,gru,0.017500,0.001554,0.000274
2026-04-03T21:09:07.1608411Z,0.094572,0.108379,0.296624,0.096625,0.121316,0.298563,9.02,gru,0.002054,0.012937,0.001939
2026-04-03T21:09:07.2031609Z,0.095865,0.111558,0.298766,0.092027,0.118712,0.302035,6.72,gru,0.003839,0.007154,0.003270
2026-04-03T21:09:07.2218027Z,0.097561,0.116864,0.301174,0.098086,0.122106,0.303383,5.05,gru,0.000525,0.005242,0.002209
2026-04-03T21:09:07.2598855Z,0.098553,0.120470,0.304571,0.102591,0.126977,0.306130,9.84,gru,0.004037,0.006507,0.001559
2026-04-03T21:09:07.2996553Z,0.108377,0.126461,0.306084,0.123136,0.133506,0.305749,14.99,gru,0.014759,0.007045,0.000335
2026-04-03T21:09:07.3354028Z,0.107360,0.129628,0.310262,0.103660,0.140445,0.315280,7.03,gru,0.003700,0.010817,0.005018
2026-04-03T21:09:07.3728840Z,0.110147,0.134373,0.312823,0.107495,0.142522,0.315099,4.22,gru,0.002652,0.008149,0.002276
2026-04-03T21:09:07.4133448Z,0.115444,0.144424,0.319871,0.127423,0.158359,0.325241,4.21,gru,0.011978,0.013935,0.005371
2026-04-03T21:09:07.4530742Z,0.118628,0.149844,0.323568,0.123905,0.161548,0.325768,5.22,gru,0.005278,0.011704,0.002200
2026-04-03T21:09:07.4976635Z,0.120620,0.156219,0.328236,0.118064,0.164167,0.329330,8.86,gru,0.002556,0.007948,0.001094
2026-04-03T21:09:07.5429747Z,0.122979,0.163078,0.331938,0.123566,0.173342,0.333865,8.56,gru,0.000587,0.010264,0.001928
2026-04-03T21:09:07.5548898Z,0.125751,0.170092,0.335765,0.131167,0.183114,0.337304,4.16,gru,0.005415,0.013022,0.001540
2026-04-03T21:09:07.5893667Z,0.128563,0.177476,0.340015,0.132185,0.189035,0.342656,8.13,gru,0.003621,0.011559,0.002642
2026-04-03T21:09:07.6261882Z,0.131126,0.186907,0.343522,0.131341,0.199204,0.344619,7.06,gru,0.000215,0.012297,0.001097
2026-04-03T21:09:07.6589958Z,0.134015,0.196060,0.346865,0.135984,0.208691,0.347474,5.50,gru,0.001969,0.012631,0.000608
2026-04-03T21:09:07.7093183Z,0.140394,0.218285,0.354209,0.139832,0.220417,0.351382,8.58,gru,0.000562,0.002132,0.002827
2026-04-03T21:09:07.7511430Z,0.142878,0.228302,0.359089,0.144189,0.242535,0.362617,6.68,gru,0.001311,0.014233,0.003529
2026-04-03T21:09:07.7888568Z,0.146417,0.239028,0.363148,0.148419,0.252327,0.364276,10.21,gru,0.002002,0.013299,0.001128
2026-04-03T21:09:07.8303401Z,0.149236,0.249216,0.367274,0.151481,0.264378,0.368135,9.93,gru,0.002245,0.015163,0.000860
2026-04-03T21:09:07.8640213Z,0.152767,0.259147,0.370870,0.155511,0.273927,0.372166,11.11,gru,0.002744,0.014780,0.001296
2026-04-03T21:09:07.9202057Z,0.154997,0.267637,0.374909,0.155412,0.280724,0.376521,12.56,gru,0.000415,0.013087,0.001612
2026-04-03T21:09:07.9452815Z,0.162563,0.285715,0.383420,0.172286,0.311541,0.391864,3.53,gru,0.009724,0.025826,0.008444
2026-04-03T21:09:07.9826465Z,0.165940,0.294898,0.387861,0.168653,0.308551,0.388329,4.99,gru,0.002713,0.013653,0.000467
2026-04-03T21:09:08.0300187Z,0.168061,0.303006,0.391477,0.162152,0.308186,0.387242,7.35,gru,0.005910,0.005180,0.004235
2026-04-03T21:09:08.0763624Z,0.172522,0.317122,0.398165,0.177289,0.338877,0.404337,4.50,gru,0.004767,0.021755,0.006172
2026-04-03T21:09:08.1145051Z,0.173595,0.323347,0.400844,0.175468,0.337656,0.400603,7.33,gru,0.001874,0.014309,0.000241
2026-04-03T21:09:08.1470781Z,0.174682,0.331052,0.401509,0.171519,0.337020,0.394261,7.87,gru,0.003162,0.005967,0.007248
2026-04-03T21:09:08.1779373Z,0.176171,0.337030,0.402257,0.175660,0.345373,0.399039,3.86,gru,0.000511,0.008343,0.003218
2026-04-03T21:09:08.2217973Z,0.175948,0.342858,0.402002,0.175062,0.356335,0.399706,3.42,gru,0.000886,0.013477,0.002296
2026-04-03T21:09:08.2595675Z,0.174206,0.350268,0.401543,0.169923,0.365279,0.397106,6.17,gru,0.004284,0.015011,0.004436
2026-04-03T21:09:08.2918974Z,0.173203,0.357604,0.399953,0.171479,0.365309,0.393948,7.30,gru,0.001724,0.007705,0.006005
2026-04-03T21:09:08.3234932Z,0.172215,0.365690,0.398630,0.171787,0.373953,0.394035,6.62,gru,0.000428,0.008263,0.004595
2026-04-03T21:09:08.3624746Z,0.172366,0.374814,0.396040,0.172499,0.389022,0.390666,6.16,gru,0.000133,0.014208,0.005374
2026-04-03T21:09:08.3945996Z,0.173653,0.383499,0.394701,0.175195,0.395734,0.390541,7.98,gru,0.001542,0.012235,0.004159
2026-04-03T21:09:08.4264898Z,0.174656,0.392974,0.393835,0.174449,0.404146,0.391279,8.04,gru,0.000206,0.011172,0.002556
2026-04-03T21:09:08.4601106Z,0.176513,0.401867,0.392204,0.177402,0.411827,0.387280,7.76,gru,0.000889,0.009960,0.004925
2026-04-03T21:09:08.5082847Z,0.178427,0.412322,0.391019,0.180105,0.425734,0.386447,5.75,gru,0.001678,0.013412,0.004572
2026-04-03T21:09:08.5400012Z,0.181597,0.433009,0.390326,0.179158,0.435810,0.387319,6.12,gru,0.002439,0.002801,0.003007
2026-04-03T21:09:08.5820317Z,0.182614,0.444599,0.391175,0.182498,0.455238,0.389503,5.68,gru,0.000116,0.010639,0.001672
2026-04-03T21:09:08.6151313Z,0.186911,0.455589,0.389767,0.192585,0.464747,0.384280,7.70,gru,0.005674,0.009157,0.005488
2026-04-03T21:09:08.6527802Z,0.186548,0.466642,0.392191,0.182591,0.478087,0.393213,6.84,gru,0.003958,0.011445,0.001022
2026-04-03T21:09:08.6822461Z,0.188986,0.479585,0.391250,0.188370,0.490815,0.388716,5.49,gru,0.000616,0.011230,0.002534
2026-04-03T21:09:08.7110184Z,0.191252,0.490421,0.391435,0.196828,0.498150,0.387245,4.16,gru,0.005576,0.007729,0.004190
2026-04-03T21:09:08.7425342Z,0.192849,0.503424,0.391323,0.192412,0.515802,0.389864,4.28,gru,0.000438,0.012378,0.001459
2026-04-03T21:09:08.7819800Z,0.195342,0.516886,0.390859,0.195804,0.530539,0.388273,7.46,gru,0.000462,0.013654,0.002586
2026-04-03T21:09:08.8254020Z,0.197081,0.527540,0.391673,0.198465,0.536431,0.390402,8.03,gru,0.001383,0.008892,0.001271
2026-04-03T21:09:08.8674964Z,0.197026,0.541439,0.395243,0.194426,0.555380,0.398310,9.92,gru,0.002600,0.013941,0.003067
2026-04-03T21:09:08.8911735Z,0.206000,0.552079,0.390840,0.222018,0.557230,0.381953,5.92,gru,0.016018,0.005151,0.008887
2026-04-03T21:09:08.9271387Z,0.234389,0.561119,0.385618,0.281373,0.559810,0.374246,6.53,gru,0.046985,0.001309,0.011372
2026-04-03T21:09:08.9600720Z,0.228620,0.572701,0.387333,0.201373,0.591282,0.400222,5.10,gru,0.027247,0.018582,0.012890
2026-04-03T21:09:08.9838958Z,0.230442,0.582953,0.387662,0.205431,0.594171,0.390262,5.01,gru,0.025010,0.011218,0.002600
2026-04-03T21:09:09.0197727Z,0.214118,0.597021,0.390089,0.208457,0.603267,0.388556,7.35,gru,0.005662,0.006245,0.001533
2026-04-03T21:09:09.0449265Z,0.214991,0.605236,0.390002,0.227328,0.610360,0.386762,4.08,gru,0.012336,0.005124,0.003239
2026-04-03T21:09:09.0779992Z,0.212052,0.614568,0.390447,0.210298,0.619986,0.391120,3.62,gru,0.001754,0.005418,0.000674
2026-04-03T21:09:09.1147498Z,0.213288,0.622569,0.389488,0.200766,0.633504,0.386814,4.19,gru,0.012522,0.010935,0.002674
2026-04-03T21:09:09.1520908Z,0.216132,0.630119,0.387390,0.226820,0.630735,0.381027,4.77,gru,0.010689,0.000616,0.006363
2026-04-03T21:09:09.1854749Z,0.211739,0.638254,0.386875,0.205383,0.645185,0.384427,4.87,gru,0.006356,0.006931,0.002448
2026-04-03T21:09:09.2198431Z,0.205674,0.646683,0.386599,0.187422,0.655440,0.385805,7.26,gru,0.018252,0.008756,0.000794
2026-04-03T21:09:09.2460781Z,0.205789,0.653598,0.384048,0.212837,0.653332,0.378313,4.16,gru,0.007047,0.000266,0.005735
2026-04-03T21:09:09.2825334Z,0.205871,0.660210,0.381349,0.214332,0.661829,0.373816,5.35,gru,0.008460,0.001619,0.007533
2026-04-03T21:09:09.3326311Z,0.203269,0.667653,0.378972,0.193360,0.673907,0.375931,7.52,gru,0.009910,0.006254,0.003041
2026-04-03T21:09:09.3668597Z,0.204443,0.674315,0.376072,0.203446,0.675723,0.371335,7.06,gru,0.000996,0.001408,0.004737
2026-04-03T21:09:09.4019768Z,0.204657,0.682075,0.373920,0.209576,0.684727,0.368823,7.21,gru,0.004919,0.002652,0.005097
2026-04-03T21:09:09.4180107Z,0.205926,0.688919,0.371207,0.206211,0.692751,0.366061,7.68,gru,0.000285,0.003832,0.005146
2026-04-03T21:09:09.4478146Z,0.209757,0.694583,0.367845,0.212997,0.693898,0.361907,4.24,gru,0.003240,0.000684,0.005939
2026-04-03T21:09:09.4829381Z,0.212312,0.701193,0.365763,0.211590,0.706713,0.362408,5.24,gru,0.000722,0.005520,0.003354
2026-04-03T21:09:09.5196881Z,0.213220,0.708345,0.363456,0.209209,0.714950,0.358853,6.94,gru,0.004010,0.006605,0.004603
2026-04-03T21:09:09.5493540Z,0.214167,0.714531,0.361088,0.212941,0.714600,0.356294,5.54,gru,0.001225,0.000068,0.004794
2026-04-03T21:09:09.6019632Z,0.210909,0.725984,0.360811,0.202805,0.734822,0.359646,5.66,gru,0.008104,0.008837,0.001165
2026-04-03T21:09:09.6567802Z,0.213153,0.742836,0.351743,0.218949,0.757568,0.339801,9.60,gru,0.005796,0.014732,0.011943
2026-04-03T21:09:09.6972873Z,0.220174,0.748686,0.344883,0.236102,0.745468,0.333421,10.63,gru,0.015928,0.003218,0.011462
2026-04-03T21:09:09.7272569Z,0.222106,0.757681,0.340307,0.216273,0.761166,0.342257,9.49,gru,0.005833,0.003485,0.001950
2026-04-03T21:09:09.7677776Z,0.224819,0.767811,0.335328,0.218055,0.781430,0.330577,6.41,gru,0.006764,0.013619,0.004752
2026-04-03T21:09:09.7864251Z,0.226561,0.777850,0.331166,0.231728,0.785004,0.324488,7.53,gru,0.005166,0.007153,0.006678
2026-04-03T21:09:09.8252473Z,0.232026,0.786244,0.326311,0.240801,0.785893,0.320231,4.52,gru,0.008775,0.000351,0.006080
2026-04-03T21:09:09.8691057Z,0.236127,0.804840,0.316117,0.228191,0.797064,0.320007,9.97,gru,0.007936,0.007776,0.003891
2026-04-03T21:09:09.9269889Z,0.238415,0.815697,0.310794,0.243327,0.822446,0.303968,12.50,gru,0.004912,0.006749,0.006826
2026-04-03T21:09:09.9636033Z,0.240239,0.824310,0.306133,0.240727,0.824681,0.303409,6.05,gru,0.000487,0.000371,0.002723
2026-04-03T21:09:10.0012663Z,0.229030,0.837896,0.304878,0.199958,0.846108,0.306875,8.08,gru,0.029072,0.008213,0.001997
2026-04-03T21:09:10.0195522Z,0.229971,0.846204,0.301636,0.232732,0.847428,0.299498,7.90,gru,0.002761,0.001224,0.002138
2026-04-03T21:09:10.0533037Z,0.244720,0.851523,0.290292,0.285348,0.840677,0.279051,8.64,gru,0.040627,0.010845,0.011241
2026-04-03T21:09:10.0819789Z,0.235374,0.861527,0.291172,0.205348,0.871755,0.304342,5.01,gru,0.030026,0.010227,0.013171
2026-04-03T21:09:10.1292913Z,0.236805,0.864324,0.289396,0.216401,0.862767,0.297693,3.28,gru,0.020403,0.001557,0.008297
2026-04-03T21:09:10.1872655Z,0.299838,0.847812,0.279242,0.296401,0.809512,0.280209,6.53,gru,0.003437,0.038300,0.000967
2026-04-03T21:09:10.2203472Z,0.297510,0.852138,0.275855,0.268909,0.869213,0.279296,7.14,gru,0.028602,0.017075,0.003440
2026-04-03T21:09:10.3035783Z,0.296208,0.855402,0.273746,0.220783,0.881331,0.286196,10.47,gru,0.075426,0.025929,0.012450
2026-04-03T21:09:10.3267497Z,0.296203,0.863144,0.266311,0.300782,0.841780,0.273605,8.79,gru,0.004579,0.021364,0.007294
2026-04-03T21:09:10.3525194Z,0.295271,0.866086,0.263226,0.318465,0.858878,0.257724,4.24,gru,0.023194,0.007207,0.005502
2026-04-03T21:09:10.3889865Z,0.292102,0.869860,0.258381,0.260784,0.874824,0.261148,6.41,gru,0.031318,0.004964,0.002767
2026-04-03T21:09:10.4277809Z,0.297211,0.872329,0.255754,0.277877,0.882823,0.256426,5.82,gru,0.019333,0.010494,0.000672
2026-04-03T21:09:10.4584562Z,0.296823,0.874137,0.251258,0.304889,0.879965,0.249073,4.82,gru,0.008066,0.005828,0.002185
2026-04-03T21:09:10.4944935Z,0.294447,0.880216,0.246898,0.296122,0.883119,0.241683,7.30,gru,0.001674,0.002902,0.005214
2026-04-03T21:09:10.5387030Z,0.297734,0.880903,0.243726,0.291859,0.882223,0.242978,5.31,gru,0.005875,0.001320,0.000748
2026-04-03T21:09:10.5655769Z,0.262619,0.915750,0.223946,0.211859,0.962223,0.184291,3.62,gru,0.050760,0.046473,0.039655
2026-04-03T21:09:10.5790209Z,0.258443,0.919058,0.222370,0.263441,0.927100,0.211730,3.52,gru,0.004999,0.008042,0.010640
2026-04-03T21:09:10.6081115Z,0.262231,0.921381,0.218662,0.301509,0.911340,0.214772,3.31,gru,0.039278,0.010041,0.003890
2026-04-03T21:09:10.6454507Z,0.257074,0.926790,0.214092,0.228932,0.950402,0.186457,3.49,gru,0.028143,0.023612,0.027635
2026-04-03T21:09:10.6908292Z,0.238259,0.941213,0.202900,0.183441,0.977891,0.170351,7.01,gru,0.054817,0.036678,0.032549
2026-04-03T21:09:10.7187621Z,0.225900,0.951165,0.199374,0.218742,0.959289,0.182641,5.34,gru,0.007158,0.008124,0.016732
2026-04-03T21:09:10.7474493Z,0.221629,0.955993,0.197805,0.246674,0.951337,0.189323,4.41,gru,0.025045,0.004656,0.008482
2026-04-03T21:09:10.7838756Z,0.221145,0.951371,0.200990,0.211613,0.950669,0.189835,6.18,gru,0.009532,0.000701,0.011155
2026-04-03T21:09:10.8148868Z,0.220354,0.952584,0.203435,0.196801,0.971648,0.188081,5.20,gru,0.023553,0.019064,0.015354
2026-04-03T21:09:10.8530854Z,0.215863,0.952251,0.205858,0.210802,0.960946,0.197246,6.93,gru,0.005061,0.008695,0.008612
2026-04-03T21:09:10.8841187Z,0.211110,0.952473,0.209671,0.215912,0.953333,0.208963,4.98,gru,0.004802,0.000860,0.000708
2026-04-03T21:09:10.9211684Z,0.203111,0.959068,0.206686,0.190888,0.971663,0.193309,7.40,gru,0.012223,0.012595,0.013377
2026-04-03T21:09:10.9510366Z,0.194304,0.964100,0.204925,0.176648,0.978620,0.192840,6.87,gru,0.017656,0.014520,0.012085
2026-04-03T21:09:10.9769140Z,0.183144,0.967763,0.207654,0.173755,0.975285,0.210894,4.74,gru,0.009389,0.007522,0.003240
2026-04-03T21:09:11.0128680Z,0.193518,0.951459,0.213816,0.222373,0.942506,0.217178,6.15,gru,0.028855,0.008952,0.003361
2026-04-03T21:09:11.0522008Z,0.190655,0.953218,0.211282,0.183100,0.964933,0.194623,5.91,gru,0.007555,0.011715,0.016660
2026-04-03T21:09:11.0808449Z,0.183837,0.951823,0.211887,0.151130,0.975628,0.201084,7.73,gru,0.032708,0.023805,0.010803
2026-04-03T21:09:11.1163353Z,0.182023,0.954520,0.210008,0.187008,0.955436,0.206024,7.06,gru,0.004985,0.000916,0.003984
2026-04-03T21:09:11.1588088Z,0.179698,0.955257,0.206989,0.192022,0.947584,0.201468,6.15,gru,0.012324,0.007673,0.005521
2026-04-03T21:09:11.1987796Z,0.175848,0.956859,0.207128,0.164531,0.965277,0.203642,5.40,gru,0.011317,0.008418,0.003486
2026-04-03T21:09:11.2191874Z,0.166584,0.936609,0.233099,0.143625,0.937134,0.272823,4.56,gru,0.022958,0.000525,0.039724
2026-04-03T21:09:11.2569369Z,0.388279,0.882654,0.148435,0.223625,0.857134,0.223900,5.29,gru,0.164654,0.025520,0.075465
2026-04-03T21:09:11.2866429Z,0.388395,0.873545,0.160449,0.278309,0.830912,0.226543,5.38,gru,0.110086,0.042633,0.066095
2026-04-03T21:09:11.3259920Z,0.380616,0.884343,0.171990,0.198309,0.910912,0.306543,9.68,gru,0.182308,0.026569,0.134554
2026-04-03T21:09:11.3785064Z,0.370580,0.891452,0.208501,0.278309,0.843647,0.341953,10.76,gru,0.092271,0.047806,0.133452
2026-04-03T21:09:11.4253501Z,0.378237,0.878441,0.142914,0.358309,0.833760,0.277288,5.05,gru,0.019928,0.044681,0.134374
2026-04-03T21:09:11.4672077Z,0.372808,0.877901,0.162278,0.278309,0.900596,0.301154,6.91,gru,0.094500,0.022696,0.138876
2026-04-03T21:09:11.4880923Z,0.377886,0.866589,0.138595,0.222685,0.919547,0.253812,6.91,gru,0.155201,0.052958,0.115217
2026-04-03T21:09:11.5265157Z,0.375983,0.866465,0.135747,0.300170,0.916394,0.237951,6.91,gru,0.075814,0.049929,0.102204
2026-04-03T21:09:11.5579791Z,0.374115,0.866691,0.135712,0.333961,0.867422,0.197635,4.08,gru,0.040154,0.000732,0.061923
2026-04-03T21:09:11.5808979Z,0.373899,0.873221,0.131501,0.315277,0.884114,0.168130,6.38,gru,0.058622,0.010893,0.036628
2026-04-03T21:09:11.6214045Z,0.373288,0.877740,0.131414,0.307834,0.888465,0.175075,10.22,gru,0.065454,0.010725,0.043661
2026-04-03T21:09:11.6562952Z,0.372678,0.878941,0.131455,0.354300,0.855238,0.165005,5.06,gru,0.018378,0.023702,0.033550
2026-04-03T21:09:11.6789764Z,0.372599,0.879418,0.130422,0.360953,0.839204,0.146088,6.24,gru,0.011646,0.040214,0.015665
2026-04-03T21:09:11.7110160Z,0.372650,0.883761,0.129817,0.357562,0.860555,0.145989,4.20,gru,0.015088,0.023205,0.016173
2026-04-03T21:09:11.7469753Z,0.372770,0.886720,0.130011,0.351405,0.875938,0.147421,5.25,gru,0.021365,0.010782,0.017410
2026-04-03T21:09:11.7847177Z,0.371969,0.892899,0.130698,0.369715,0.868744,0.140063,12.58,gru,0.002254,0.024156,0.009365
2026-04-03T21:09:11.8219442Z,0.372926,0.895854,0.126488,0.375457,0.888156,0.127336,8.46,gru,0.002530,0.007698,0.000848
2026-04-03T21:09:11.8643688Z,0.372158,0.894082,0.126547,0.365265,0.882138,0.131003,11.96,gru,0.006893,0.011944,0.004455
2026-04-03T21:09:11.8861373Z,0.371735,0.896770,0.126722,0.356712,0.896079,0.134258,9.44,gru,0.015023,0.000690,0.007537
2026-04-03T21:09:11.9185371Z,0.367144,0.903326,0.134773,0.357154,0.910808,0.145248,4.59,gru,0.009989,0.007482,0.010475
2026-04-03T21:09:11.9607791Z,0.337326,0.927438,0.198716,0.277154,0.906845,0.225248,11.01,gru,0.060172,0.020593,0.026532
2026-04-03T21:09:11.9828789Z,0.338619,0.926522,0.194237,0.357154,0.924796,0.219434,4.02,gru,0.018535,0.001726,0.025197
2026-04-03T21:09:12.0279649Z,0.355521,0.918664,0.156306,0.380762,0.886044,0.148118,7.53,gru,0.025241,0.032620,0.008188
2026-04-03T21:09:12.0587841Z,0.355066,0.917021,0.155555,0.362936,0.945983,0.228118,4.01,gru,0.007871,0.028962,0.072563
2026-04-03T21:09:12.0826362Z,0.356037,0.911624,0.152292,0.325143,0.923472,0.212082,4.34,gru,0.030894,0.011847,0.059790
2026-04-03T21:09:12.1314097Z,0.353744,0.914112,0.154561,0.360114,0.915214,0.186958,6.61,gru,0.006370,0.001102,0.032396
2026-04-03T21:09:12.1450565Z,0.353481,0.914410,0.154465,0.349412,0.895581,0.156821,5.65,gru,0.004069,0.018828,0.002356
2026-04-03T21:09:12.1789466Z,0.371727,0.897107,0.117705,0.378638,0.847022,0.093201,4.70,gru,0.006912,0.050085,0.024504
2026-04-03T21:09:12.2280001Z,0.365333,0.900232,0.130048,0.344613,0.903602,0.173201,6.06,gru,0.020720,0.003370,0.043152
2026-04-03T21:09:12.2600078Z,0.362547,0.907334,0.136372,0.331642,0.913424,0.184414,8.54,gru,0.030905,0.006089,0.048042
2026-04-03T21:09:12.2974873Z,0.360936,0.910117,0.140296,0.382534,0.895459,0.157033,7.91,gru,0.021598,0.014658,0.016737
2026-04-03T21:09:12.3229923Z,0.361621,0.910873,0.140479,0.355577,0.876277,0.139773,4.10,gru,0.006044,0.034596,0.000705
2026-04-03T21:09:12.3568949Z,0.361717,0.909491,0.141672,0.344054,0.893880,0.159892,7.31,gru,0.017663,0.015612,0.018220
2026-04-03T21:09:12.3811418Z,0.365894,0.907071,0.135429,0.358591,0.898040,0.141771,5.10,gru,0.007303,0.009031,0.006342
2026-04-03T21:09:12.4149230Z,0.366799,0.908624,0.135625,0.364609,0.895758,0.137673,5.14,gru,0.002190,0.012866,0.002048
2026-04-03T21:09:12.4553874Z,0.363562,0.912665,0.142249,0.351563,0.901315,0.155723,5.36,gru,0.011999,0.011351,0.013474
2026-04-03T21:09:12.4894112Z,0.364229,0.914856,0.143160,0.356852,0.896538,0.146676,6.70,gru,0.007378,0.018317,0.003516
2026-04-03T21:09:12.5346637Z,0.368746,0.908098,0.136341,0.373223,0.884501,0.125812,8.46,gru,0.004477,0.023597,0.010529
2026-04-03T21:09:12.5592286Z,0.369058,0.906049,0.137373,0.367121,0.886652,0.138733,6.32,gru,0.001936,0.019397,0.001360
2026-04-03T21:09:12.5858045Z,0.339233,0.924456,0.201405,0.287121,0.898957,0.218733,10.35,gru,0.052112,0.025500,0.017329
2026-04-03T21:09:12.6260961Z,0.340097,0.924754,0.201656,0.367121,0.925835,0.238681,5.99,gru,0.027024,0.001081,0.037025
2026-04-03T21:09:12.6839274Z,0.361473,0.910806,0.159995,0.401271,0.872128,0.161773,14.09,gru,0.039799,0.038678,0.001778
2026-04-03T21:09:12.7149095Z,0.365074,0.905837,0.154542,0.374494,0.932705,0.231252,12.12,gru,0.009420,0.026868,0.076711
2026-04-03T21:09:12.7546719Z,0.370906,0.897455,0.144590,0.342472,0.915749,0.205274,4.15,gru,0.028434,0.018295,0.060685
2026-04-03T21:09:12.7934487Z,0.376516,0.897484,0.142656,0.390216,0.908246,0.182284,6.13,gru,0.013700,0.010762,0.039628
2026-04-03T21:09:12.8458041Z,0.380820,0.893067,0.137182,0.379450,0.865844,0.145521,8.39,gru,0.001370,0.027224,0.008339
2026-04-03T21:09:12.8866558Z,0.386920,0.889982,0.136479,0.375031,0.869889,0.153856,12.02,gru,0.011888,0.020093,0.017377
2026-04-03T21:09:12.9229035Z,0.388238,0.890881,0.137671,0.363053,0.886562,0.166541,8.75,gru,0.025185,0.004319,0.028870
2026-04-03T21:09:12.9651308Z,0.393342,0.887103,0.133412,0.390527,0.869479,0.146212,12.28,gru,0.002815,0.017625,0.012801
2026-04-03T21:09:13.0078485Z,0.395226,0.887096,0.135959,0.393351,0.860044,0.138439,6.12,gru,0.001875,0.027052,0.002480
2026-04-03T21:09:13.0558119Z,0.388196,0.888666,0.188488,0.357807,0.868443,0.218439,6.72,gru,0.030389,0.020224,0.029950
2026-04-03T21:09:13.0829008Z,0.390598,0.888476,0.188436,0.385678,0.877145,0.213451,5.99,gru,0.004920,0.011332,0.025014
2026-04-03T21:09:13.1130194Z,0.395395,0.885564,0.182699,0.399482,0.864472,0.170421,3.56,gru,0.004087,0.021092,0.012278
2026-04-03T21:09:13.1579395Z,0.394688,0.888056,0.199804,0.392431,0.894520,0.250421,4.67,gru,0.002258,0.006464,0.050617
2026-04-03T21:09:13.1897054Z,0.397012,0.889218,0.204317,0.386203,0.878371,0.233665,4.51,gru,0.010809,0.010847,0.029348
2026-04-03T21:09:13.2236802Z,0.400007,0.890347,0.208980,0.399916,0.871356,0.219673,4.78,gru,0.000091,0.018991,0.010693
2026-04-03T21:09:13.2740700Z,0.404710,0.892867,0.206769,0.402669,0.879364,0.198840,5.98,gru,0.002041,0.013503,0.007929
2026-04-03T21:09:13.3068130Z,0.411695,0.893444,0.207191,0.406362,0.879338,0.214775,7.34,gru,0.005332,0.014106,0.007584
2026-04-03T21:09:13.3519257Z,0.415285,0.893812,0.205958,0.414660,0.887516,0.207852,6.68,gru,0.000625,0.006296,0.001894
2026-04-03T21:09:13.3901598Z,0.418766,0.894626,0.206026,0.421610,0.890762,0.201330,4.39,gru,0.002843,0.003864,0.004696
2026-04-03T21:09:13.4234155Z,0.421712,0.896182,0.207841,0.418475,0.897364,0.216992,7.33,gru,0.003237,0.001183,0.009151
2026-04-03T21:09:13.4699998Z,0.425039,0.891907,0.204787,0.421491,0.880530,0.203594,7.20,gru,0.003548,0.011377,0.001193
2026-04-03T21:09:13.4868200Z,0.427086,0.893942,0.205372,0.424830,0.893671,0.203284,7.43,gru,0.002256,0.000271,0.002087
2026-04-03T21:09:13.5251741Z,0.429430,0.892080,0.206012,0.428762,0.890086,0.207219,7.38,gru,0.000668,0.001994,0.001207
2026-04-03T21:09:13.5597962Z,0.430511,0.889272,0.205471,0.426526,0.881602,0.201149,10.36,gru,0.003984,0.007670,0.004322
2026-04-03T21:09:13.5893392Z,0.433724,0.889261,0.204774,0.431272,0.885490,0.202794,7.96,gru,0.002453,0.003771,0.001980
2026-04-03T21:09:13.6230070Z,0.435905,0.889415,0.204512,0.436221,0.890570,0.200214,7.02,gru,0.000316,0.001155,0.004297
2026-04-03T21:09:13.6584431Z,0.437962,0.886493,0.204221,0.434535,0.877140,0.199695,6.85,gru,0.003427,0.009353,0.004525
2026-04-03T21:09:13.6966965Z,0.441258,0.887352,0.202794,0.441933,0.886878,0.198865,4.34,gru,0.000675,0.000473,0.003929
2026-04-03T21:09:13.7187614Z,0.447782,0.879533,0.157859,0.443325,0.871120,0.118865,4.22,gru,0.004458,0.008412,0.038994
2026-04-03T21:09:13.7693076Z,0.449595,0.880114,0.160520,0.454699,0.895576,0.186269,8.91,gru,0.005105,0.015462,0.025749
2026-04-03T21:09:13.8046551Z,0.452693,0.879208,0.161645,0.447575,0.890486,0.208983,6.00,gru,0.005118,0.011277,0.047338
2026-04-03T21:09:13.8726628Z,0.456419,0.882772,0.171793,0.460063,0.885740,0.185153,7.79,gru,0.003644,0.002968,0.013360
2026-04-03T21:09:13.9085245Z,0.460694,0.884530,0.167530,0.454322,0.875621,0.154363,10.32,gru,0.006372,0.008909,0.013167
2026-04-03T21:09:13.9413415Z,0.463947,0.883990,0.173425,0.455453,0.880717,0.183720,13.27,gru,0.008493,0.003273,0.010295
2026-04-03T21:09:13.9597565Z,0.466377,0.885890,0.172144,0.456588,0.885930,0.186687,6.99,gru,0.009789,0.000039,0.014544
2026-04-03T21:09:13.9973828Z,0.469994,0.889114,0.173210,0.467520,0.889476,0.174772,8.96,gru,0.002473,0.000361,0.001562
2026-04-03T21:09:14.0288494Z,0.473167,0.884025,0.167408,0.470867,0.865411,0.155974,8.51,gru,0.002300,0.018615,0.011434
2026-04-03T21:09:14.0501741Z,0.364156,0.845464,0.298625,0.390867,0.785411,0.235974,4.22,gru,0.026711,0.060054,0.062651
2026-04-03T21:09:14.0866340Z,0.379083,0.830372,0.327684,0.440984,0.780058,0.315974,8.09,gru,0.061900,0.050313,0.011710
2026-04-03T21:09:14.1226004Z,0.377487,0.836326,0.308561,0.430774,0.860058,0.319544,8.17,gru,0.053287,0.023733,0.010982
2026-04-03T21:09:14.1621587Z,0.379654,0.838014,0.301985,0.350774,0.883044,0.386188,7.79,gru,0.028881,0.045030,0.084203
2026-04-03T21:09:14.1943250Z,0.382814,0.844717,0.292397,0.314619,0.859174,0.378823,9.91,gru,0.068195,0.014457,0.086426
2026-04-03T21:09:14.2282095Z,0.390309,0.856299,0.260907,0.369963,0.873858,0.309331,9.07,gru,0.020346,0.017559,0.048424
2026-04-03T21:09:14.2565704Z,0.393552,0.853753,0.264105,0.387964,0.851805,0.295099,6.60,gru,0.005588,0.001948,0.030994
2026-04-03T21:09:14.2951549Z,0.426292,0.854339,0.242152,0.433038,0.840552,0.271237,5.66,gru,0.006746,0.013787,0.029085
2026-04-03T21:09:14.3618319Z,0.415728,0.863685,0.230599,0.353038,0.863606,0.235673,7.24,gru,0.062690,0.000079,0.005074
2026-04-03T21:09:14.4004005Z,0.440984,0.834753,0.259179,0.426459,0.816367,0.315673,9.81,gru,0.014525,0.018386,0.056494
2026-04-03T21:09:14.4398411Z,0.424226,0.862647,0.225941,0.371971,0.896367,0.235673,8.45,gru,0.052254,0.033720,0.009732
2026-04-03T21:09:14.4989288Z,0.427063,0.861321,0.223334,0.388432,0.857940,0.204137,8.41,gru,0.038630,0.003381,0.019196
2026-04-03T21:09:14.5385236Z,0.430612,0.860705,0.220314,0.414810,0.866429,0.242341,12.96,gru,0.015802,0.005724,0.022027
2026-04-03T21:09:14.5599962Z,0.428546,0.865740,0.212305,0.394649,0.862266,0.203084,6.68,gru,0.033897,0.003473,0.009221
2026-04-03T21:09:14.5920035Z,0.440837,0.859372,0.216212,0.440150,0.845301,0.209976,6.13,gru,0.000687,0.014071,0.006236
2026-04-03T21:09:14.6185256Z,0.432706,0.868616,0.203411,0.403103,0.882607,0.172353,7.74,gru,0.029604,0.013991,0.031058
2026-04-03T21:09:14.6751007Z,0.420443,0.881868,0.184387,0.392621,0.872795,0.179120,11.49,gru,0.027822,0.009072,0.005267
2026-04-03T21:09:14.7172886Z,0.423946,0.877929,0.180146,0.420770,0.881749,0.154829,4.84,gru,0.003176,0.003820,0.025317
2026-04-03T21:09:14.7515649Z,0.438775,0.859814,0.203977,0.448302,0.863570,0.232991,6.73,gru,0.009527,0.003756,0.029014
2026-04-03T21:09:14.7848138Z,0.437676,0.857629,0.203622,0.410747,0.861392,0.192593,3.61,gru,0.026929,0.003763,0.011029
2026-04-03T21:09:14.8337020Z,0.438653,0.853778,0.203878,0.420071,0.866253,0.181467,7.52,gru,0.018582,0.012475,0.022411
2026-04-03T21:09:14.8816478Z,0.436397,0.847309,0.202913,0.437108,0.845622,0.203296,6.89,gru,0.000711,0.001687,0.000383
2026-04-03T21:09:14.9144463Z,0.430365,0.845648,0.196765,0.417158,0.841647,0.191185,5.83,gru,0.013207,0.004001,0.005580
2026-04-03T21:09:14.9442082Z,0.412140,0.853031,0.182541,0.369586,0.884774,0.152154,3.61,gru,0.042555,0.031743,0.030387
2026-04-03T21:09:14.9805994Z,0.425161,0.828753,0.202385,0.433743,0.837229,0.218218,7.24,gru,0.008582,0.008476,0.015833
2026-04-03T21:09:15.0237767Z,0.423127,0.819275,0.206450,0.426322,0.804606,0.211546,6.13,gru,0.003195,0.014669,0.005096
2026-04-03T21:09:15.0568527Z,0.421596,0.810590,0.209668,0.382759,0.835709,0.177486,7.30,gru,0.038837,0.025119,0.032182
2026-04-03T21:09:15.0937565Z,0.419047,0.798696,0.214169,0.409172,0.801881,0.209026,5.18,gru,0.009875,0.003185,0.005143
2026-04-03T21:09:15.1286541Z,0.415984,0.787111,0.217221,0.412531,0.786160,0.213879,5.46,gru,0.003453,0.000951,0.003342
2026-04-03T21:09:15.1720393Z,0.398587,0.791438,0.204664,0.362840,0.810988,0.172423,10.37,gru,0.035748,0.019550,0.032240
2026-04-03T21:09:15.1952205Z,0.402516,0.773275,0.219847,0.407080,0.772051,0.231967,10.14,gru,0.004563,0.001224,0.012120
2026-04-03T21:09:15.2365679Z,0.422829,0.740906,0.251325,0.443118,0.755195,0.287244,7.53,gru,0.020289,0.014289,0.035919
2026-04-03T21:09:15.2532457Z,0.394156,0.754248,0.217118,0.363118,0.835195,0.207244,8.79,gru,0.031038,0.080947,0.009874
2026-04-03T21:09:15.2933315Z,0.408953,0.730122,0.237088,0.404490,0.755195,0.225873,8.79,gru,0.004463,0.025073,0.011214
2026-04-03T21:09:15.3270575Z,0.390309,0.726116,0.227955,0.386908,0.734493,0.240424,9.14,gru,0.003401,0.008377,0.012469
2026-04-03T21:09:15.3591273Z,0.322770,0.746828,0.192425,0.306908,0.814493,0.160424,9.60,gru,0.015862,0.067665,0.032001
2026-04-03T21:09:15.3910427Z,0.321172,0.731991,0.197363,0.302253,0.734493,0.172655,6.27,gru,0.018919,0.002502,0.024708
2026-04-03T21:09:15.4210092Z,0.318477,0.712757,0.201364,0.341982,0.707351,0.204114,4.18,gru,0.023505,0.005406,0.002750
2026-04-03T21:09:15.4533522Z,0.314829,0.697734,0.204023,0.266080,0.686998,0.171395,7.99,gru,0.048748,0.010736,0.032628
2026-04-03T21:09:15.4856654Z,0.308713,0.682766,0.201247,0.259478,0.673541,0.165459,8.76,gru,0.049235,0.009224,0.035788
2026-04-03T21:09:15.5156151Z,0.306806,0.665047,0.203404,0.297969,0.654399,0.180556,7.12,gru,0.008838,0.010648,0.022848
2026-04-03T21:09:15.5492574Z,0.300034,0.648364,0.205234,0.301475,0.636242,0.198874,7.20,gru,0.001441,0.012123,0.006360
2026-04-03T21:09:15.5857111Z,0.297582,0.632117,0.206848,0.278719,0.627798,0.189410,5.95,gru,0.018863,0.004320,0.017438
2026-04-03T21:09:15.6337517Z,0.301454,0.613828,0.217283,0.299012,0.613880,0.210728,10.63,gru,0.002442,0.000052,0.006555
2026-04-03T21:09:15.6589278Z,0.294268,0.595006,0.219124,0.289334,0.588470,0.211017,6.85,gru,0.004934,0.006536,0.008107
2026-04-03T21:09:15.6952508Z,0.290295,0.579302,0.219721,0.287875,0.570513,0.208309,6.77,gru,0.002420,0.008789,0.011412
2026-04-03T21:09:15.7197721Z,0.288850,0.559668,0.221814,0.297423,0.560382,0.218226,9.36,gru,0.008573,0.000713,0.003589
2026-04-03T21:09:15.7606870Z,0.286923,0.541992,0.223285,0.288953,0.541426,0.224354,7.50,gru,0.002030,0.000566,0.001068
2026-04-03T21:09:15.7799228Z,0.275582,0.532395,0.209688,0.260085,0.543970,0.183172,4.77,gru,0.015497,0.011575,0.026516
2026-04-03T21:09:15.8148043Z,0.269823,0.518069,0.210314,0.270637,0.519965,0.210001,6.05,gru,0.000814,0.001897,0.000313
2026-04-03T21:09:15.8621743Z,0.261367,0.504606,0.209720,0.270063,0.495612,0.223399,5.83,gru,0.008696,0.008994,0.013679
2026-04-03T21:09:15.9108303Z,0.260724,0.474471,0.213914,0.267715,0.468535,0.217289,4.90,gru,0.006991,0.005936,0.003374
2026-04-03T21:09:15.9654211Z,0.255331,0.466643,0.215178,0.252540,0.488351,0.210701,7.91,gru,0.002791,0.021708,0.004477
2026-04-03T21:09:15.9842918Z,0.240249,0.457075,0.214710,0.227033,0.478265,0.212306,4.59,gru,0.013216,0.021190,0.002404
2026-04-03T21:09:16.0222028Z,0.234859,0.446932,0.216155,0.243274,0.451611,0.217769,10.97,gru,0.008415,0.004679,0.001613
2026-04-03T21:09:16.0610708Z,0.237899,0.437724,0.219461,0.258223,0.439911,0.222047,5.66,gru,0.020324,0.002187,0.002587
2026-04-03T21:09:16.0918107Z,0.237997,0.427849,0.220958,0.238588,0.447463,0.216705,4.30,gru,0.000591,0.019614,0.004253
2026-04-03T21:09:16.1230003Z,0.238010,0.417827,0.223407,0.235199,0.437793,0.222576,6.83,gru,0.002811,0.019966,0.000830
2026-04-03T21:09:16.1570681Z,0.231598,0.408583,0.223301,0.229447,0.422946,0.221883,8.12,gru,0.002151,0.014363,0.001418
2026-04-03T21:09:16.1956462Z,0.227641,0.398589,0.223291,0.231076,0.407617,0.221335,6.02,gru,0.003435,0.009028,0.001956
2026-04-03T21:09:16.2187472Z,0.214606,0.389728,0.215597,0.204135,0.406709,0.203576,6.49,gru,0.010471,0.016981,0.012022
2026-04-03T21:09:16.2477470Z,0.212005,0.379303,0.215848,0.213449,0.395490,0.216362,4.19,gru,0.001443,0.016188,0.000514
2026-04-03T21:09:16.2873702Z,0.209674,0.368057,0.215772,0.219464,0.375232,0.221726,7.29,gru,0.009790,0.007175,0.005954
2026-04-03T21:09:16.3172941Z,0.216249,0.356299,0.221943,0.227426,0.359792,0.228619,3.89,gru,0.011177,0.003493,0.006676
2026-04-03T21:09:16.3508605Z,0.217926,0.342753,0.223029,0.218700,0.347350,0.221918,6.11,gru,0.000773,0.004598,0.001112
2026-04-03T21:09:16.3954130Z,0.213104,0.329172,0.221063,0.200983,0.335808,0.213868,5.58,gru,0.012121,0.006636,0.007195
2026-04-03T21:09:16.4596678Z,0.209355,0.298852,0.218680,0.210427,0.291208,0.218865,3.94,gru,0.001071,0.007643,0.000185
2026-04-03T21:09:16.4805848Z,0.196811,0.283566,0.217487,0.186525,0.292587,0.219277,4.53,gru,0.010286,0.009021,0.001790
2026-04-03T21:09:16.5128252Z,0.195634,0.268672,0.213945,0.195457,0.285013,0.210295,3.77,gru,0.000176,0.016341,0.003650
2026-04-03T21:09:16.5468257Z,0.197312,0.255259,0.212116,0.210130,0.262016,0.210289,4.79,gru,0.012818,0.006757,0.001827
2026-04-03T21:09:16.5753192Z,0.200002,0.240979,0.208964,0.205127,0.239235,0.208364,4.79,gru,0.005125,0.001744,0.000600
2026-04-03T21:09:16.6240351Z,0.206447,0.227869,0.206158,0.213018,0.229141,0.205049,7.44,gru,0.006571,0.001272,0.001108
2026-04-03T21:09:16.6445530Z,0.205919,0.213403,0.202489,0.207162,0.220503,0.201011,3.79,gru,0.001243,0.007100,0.001478
2026-04-03T21:09:16.6738389Z,0.208066,0.199534,0.199247,0.211979,0.201654,0.198579,5.22,gru,0.003913,0.002119,0.000668
2026-04-03T21:09:16.7225024Z,0.211233,0.186646,0.195866,0.219419,0.185470,0.195703,7.57,gru,0.008186,0.001176,0.000162
2026-04-03T21:09:16.7585449Z,0.209834,0.174376,0.190416,0.210253,0.177211,0.187374,5.51,gru,0.000419,0.002835,0.003042
2026-04-03T21:09:16.7917030Z,0.207855,0.161919,0.184550,0.207847,0.164440,0.181646,7.90,gru,0.000008,0.002521,0.002904
2026-04-03T21:09:16.8362043Z,0.211104,0.150928,0.182545,0.219659,0.150850,0.186107,8.92,gru,0.008556,0.000078,0.003562
2026-04-03T21:09:16.8724787Z,0.211315,0.140402,0.190388,0.218777,0.143804,0.208615,7.76,gru,0.007463,0.003403,0.018226
2026-04-03T21:09:16.9052100Z,0.210872,0.132065,0.186220,0.210909,0.133261,0.182303,4.70,gru,0.000036,0.001196,0.003917
2026-04-03T21:09:16.9533952Z,0.172315,0.113886,0.144862,0.147451,0.125427,0.102303,6.41,gru,0.024864,0.011541,0.042560
2026-04-03T21:09:16.9910307Z,0.183207,0.108824,0.147054,0.164664,0.106632,0.148234,6.07,gru,0.018543,0.002193,0.001181
2026-04-03T21:09:17.0278639Z,0.186092,0.101929,0.143393,0.195003,0.102473,0.164557,5.61,gru,0.008911,0.000544,0.021164
2026-04-03T21:09:17.0600940Z,0.186320,0.096715,0.139888,0.170056,0.093492,0.125069,7.74,gru,0.016264,0.003222,0.014819
2026-04-03T21:09:17.0903080Z,0.185631,0.090950,0.136701,0.173946,0.077779,0.121247,4.69,gru,0.011685,0.013170,0.015454
2026-04-03T21:09:17.1257190Z,0.185663,0.086256,0.133011,0.180653,0.070690,0.126710,5.28,gru,0.005010,0.015566,0.006302
2026-04-03T21:09:17.1518570Z,0.184255,0.083075,0.128410,0.184285,0.072448,0.126479,6.11,gru,0.000031,0.010628,0.001931
2026-04-03T21:09:17.1892613Z,0.185182,0.080037,0.126208,0.187992,0.067762,0.122459,5.25,gru,0.002810,0.012275,0.003750
2026-04-03T21:09:17.2217527Z,0.185269,0.078360,0.124778,0.187839,0.067111,0.120129,4.82,gru,0.002570,0.011249,0.004648
2026-04-03T21:09:17.2826284Z,0.184727,0.074762,0.123025,0.187410,0.063526,0.120283,14.61,gru,0.002683,0.011236,0.002742
2026-04-03T21:09:17.3286931Z,0.196000,0.076576,0.137894,0.210976,0.073406,0.159060,5.15,gru,0.014975,0.003170,0.021166
2026-04-03T21:09:17.3536224Z,0.196745,0.075017,0.137188,0.202348,0.070448,0.136474,6.61,gru,0.005603,0.004568,0.000714
2026-04-03T21:09:17.3909327Z,0.197101,0.073946,0.136807,0.194969,0.067088,0.124316,8.61,gru,0.002132,0.006858,0.012491
2026-04-03T21:09:17.4369512Z,0.194354,0.071694,0.132478,0.192525,0.065012,0.128235,7.09,gru,0.001829,0.006682,0.004242
2026-04-03T21:09:17.4697274Z,0.193496,0.070278,0.130064,0.193864,0.066873,0.130115,4.86,gru,0.000368,0.003405,0.000051
2026-04-03T21:09:17.4884685Z,0.192972,0.067627,0.128505,0.194966,0.064433,0.129349,6.88,gru,0.001995,0.003194,0.000843
2026-04-03T21:09:17.5228530Z,0.191399,0.065184,0.125447,0.190662,0.060484,0.120039,3.62,gru,0.000737,0.004701,0.005408
2026-04-03T21:09:17.5698607Z,0.189761,0.061909,0.122132,0.188263,0.058652,0.117083,7.48,gru,0.001498,0.003257,0.005049
2026-04-03T21:09:17.5831216Z,0.188199,0.058729,0.119253,0.188416,0.057719,0.117956,6.13,gru,0.000216,0.001010,0.001298
2026-04-03T21:09:17.6205782Z,0.183725,0.055260,0.112693,0.180896,0.054280,0.106110,7.09,gru,0.002830,0.000979,0.006584
2026-04-03T21:09:17.6524137Z,0.180811,0.052060,0.109018,0.178980,0.051788,0.104444,7.98,gru,0.001832,0.000272,0.004574
2026-04-03T21:09:17.6810030Z,0.177589,0.048900,0.104867,0.176913,0.048746,0.102584,3.51,gru,0.000676,0.000154,0.002283
2026-04-03T21:09:17.7151636Z,0.175033,0.045427,0.101332,0.174787,0.045135,0.098166,7.58,gru,0.000245,0.000292,0.003166
2026-04-03T21:09:17.7587942Z,0.171326,0.042125,0.096580,0.170502,0.042471,0.091753,8.85,gru,0.000824,0.000345,0.004827
2026-04-03T21:09:17.7870965Z,0.167594,0.039103,0.093077,0.166512,0.039829,0.089344,8.02,gru,0.001082,0.000726,0.003733
2026-04-03T21:09:17.8188765Z,0.161953,0.035300,0.088467,0.160449,0.035024,0.084571,6.69,gru,0.001504,0.000277,0.003896
2026-04-03T21:09:17.8470194Z,0.158636,0.033098,0.085949,0.158121,0.033840,0.083479,5.01,gru,0.000515,0.000742,0.002470
2026-04-03T21:09:17.8894338Z,0.154374,0.029712,0.083244,0.154442,0.029531,0.081114,7.10,gru,0.000068,0.000181,0.002131
2026-04-03T21:09:17.9238079Z,0.153960,0.024348,0.073679,0.156448,0.019137,0.063078,5.45,gru,0.002488,0.005211,0.010601
2026-04-03T21:09:17.9510499Z,0.177626,0.015195,0.094693,0.189689,0.014608,0.114340,7.18,gru,0.012063,0.000587,0.019646
2026-04-03T21:09:17.9828632Z,0.216665,0.004195,0.144520,0.235345,0.014191,0.194340,6.54,gru,0.018680,0.009996,0.049820
2026-04-03T21:09:18.0162141Z,0.220999,0.003757,0.150923,0.200297,0.012083,0.143651,7.74,gru,0.020702,0.008327,0.007272
2026-04-03T21:09:18.0573427Z,0.205098,0.004732,0.135743,0.158242,0.030742,0.077992,8.73,gru,0.046856,0.026009,0.057752
2026-04-03T21:09:18.0980749Z,0.201476,0.005689,0.133979,0.165439,0.004911,0.124158,6.68,gru,0.036037,0.000778,0.009821
2026-04-03T21:09:18.1303618Z,0.197970,0.008453,0.132889,0.183276,0.001127,0.146217,5.89,gru,0.014694,0.007326,0.013328
2026-04-03T21:09:18.1668130Z,0.194891,0.013062,0.125938,0.175095,0.012207,0.112726,7.49,gru,0.019796,0.000855,0.013211
2026-04-03T21:09:18.1917653Z,0.188641,0.016442,0.119234,0.168792,0.011854,0.096927,5.49,gru,0.019850,0.004588,0.022307
2026-04-03T21:09:18.2193189Z,0.185327,0.017371,0.118202,0.171694,0.011340,0.117726,4.83,gru,0.013633,0.006031,0.000476
2026-04-03T21:09:18.2634080Z,0.188669,0.017965,0.141801,0.185377,0.017929,0.182121,12.40,gru,0.003293,0.000036,0.040320
2026-04-03T21:09:18.2957380Z,0.198851,0.021031,0.187349,0.203742,0.020604,0.243881,7.86,gru,0.004891,0.000428,0.056533
2026-04-03T21:09:18.3218790Z,0.189707,0.023202,0.186572,0.166394,0.036800,0.175402,7.87,gru,0.023314,0.013598,0.011170
2026-04-03T21:09:18.3889557Z,0.173675,0.024822,0.141982,0.127528,0.045605,0.095402,13.14,gru,0.046147,0.020783,0.046580
2026-04-03T21:09:18.4417850Z,0.179920,0.030843,0.180332,0.156182,0.042707,0.175402,9.63,gru,0.023738,0.011864,0.004930
2026-04-03T21:09:18.4607954Z,0.175508,0.030804,0.176046,0.167529,0.035356,0.217298,4.15,gru,0.007979,0.004552,0.041252
2026-04-03T21:09:18.4864773Z,0.141889,0.032982,0.071882,0.099673,0.092907,0.137298,7.42,gru,0.042216,0.059925,0.065416
2026-04-03T21:09:18.5410869Z,0.133008,0.034630,0.051398,0.077196,0.088413,0.057298,14.02,gru,0.055811,0.053782,0.005900
2026-04-03T21:09:18.5597470Z,0.131069,0.034603,0.048519,0.076169,0.074124,0.121735,7.73,gru,0.054899,0.039521,0.073216
2026-04-03T21:09:18.5921687Z,0.106374,0.041456,0.030904,0.054652,0.071374,0.043965,8.74,gru,0.051721,0.029918,0.013060
2026-04-03T21:09:18.6313621Z,0.102745,0.041999,0.026171,0.062783,0.027788,0.018287,6.47,gru,0.039961,0.014211,0.007883
2026-04-03T21:09:18.6664811Z,0.102317,0.041393,0.025330,0.069848,0.010502,0.024695,6.52,gru,0.032468,0.030891,0.000635
2026-04-03T21:09:18.6895206Z,0.101355,0.040855,0.023989,0.083332,0.003146,0.034267,7.82,gru,0.018023,0.037708,0.010278
2026-04-03T21:09:18.7289958Z,0.097263,0.040157,0.020105,0.085001,0.008139,0.021496,6.32,gru,0.012262,0.032018,0.001391
2026-04-03T21:09:18.7525131Z,0.096058,0.040077,0.017838,0.090178,0.010395,0.011007,5.86,gru,0.005880,0.029681,0.006831
2026-04-03T21:09:18.8003670Z,0.090288,0.038893,0.013774,0.089550,0.009446,0.007892,9.08,gru,0.000738,0.029447,0.005882
2026-04-03T21:09:18.8201523Z,0.091101,0.037973,0.013524,0.092984,0.012466,0.016360,7.87,gru,0.001883,0.025507,0.002837
2026-04-03T21:09:18.8589382Z,0.089978,0.037660,0.013391,0.093658,0.020957,0.013400,8.69,gru,0.003679,0.016704,0.000009
2026-04-03T21:09:18.9028169Z,0.050582,0.037641,-0.004582,0.044998,0.042917,-0.032842,9.10,gru,0.005584,0.005276,0.028260
2026-04-03T21:09:18.9237282Z,0.048325,0.038762,-0.004847,0.044809,0.021473,-0.009304,7.62,gru,0.003515,0.017289,0.004456
2026-04-03T21:09:18.9788099Z,0.050975,0.036785,-0.005049,0.046975,0.015169,-0.002846,4.53,gru,0.004000,0.021616,0.002203
2026-04-03T21:09:19.0767691Z,0.052792,0.036797,-0.005086,0.051526,0.020298,-0.008816,12.17,gru,0.001265,0.016499,0.003729
2026-04-03T21:09:19.1454392Z,0.052838,0.035738,-0.004902,0.059461,0.018006,-0.006302,7.15,gru,0.006622,0.017732,0.001401
2026-04-03T21:09:19.1741242Z,0.052717,0.035237,-0.004628,0.059671,0.022762,-0.004204,7.37,gru,0.006954,0.012474,0.000424
2026-04-03T21:09:19.2131170Z,0.020367,0.041003,-0.010482,0.021880,0.048659,-0.014983,5.06,gru,0.001513,0.007656,0.004501
2026-04-03T21:09:19.2422332Z,0.084723,0.034402,0.003849,0.060384,0.018358,0.004332,7.87,gru,0.024339,0.016043,0.000482
2026-04-03T21:09:19.2838166Z,0.015928,0.033015,-0.010675,0.004275,0.031805,-0.029860,6.26,gru,0.011653,0.001210,0.019186
2026-04-03T21:09:19.3134293Z,-0.029599,0.040369,-0.030575,-0.036944,0.082969,-0.073728,4.46,gru,0.007345,0.042600,0.043152
2026-04-03T21:09:19.3467315Z,-0.029644,0.040582,-0.030705,-0.053356,0.025342,-0.040956,7.20,gru,0.023711,0.015241,0.010252
2026-04-03T21:09:19.4061924Z,-0.026178,0.036636,-0.028131,-0.020737,0.001496,-0.027481,12.86,gru,0.005440,0.035140,0.000650
2026-04-03T21:09:19.4335238Z,-0.026310,0.037048,-0.028102,-0.005712,-0.005015,-0.032292,13.92,gru,0.020599,0.042063,0.004190
2026-04-03T21:09:19.4872257Z,-0.026601,0.036717,-0.028057,0.020172,-0.004261,-0.027885,16.29,gru,0.046773,0.040977,0.000172
2026-04-03T21:09:19.5226328Z,-0.026399,0.037085,-0.028018,0.044324,-0.002598,-0.023411,9.13,gru,0.070723,0.039682,0.004607
2026-04-03T21:09:19.5491214Z,-0.023022,0.036705,-0.027421,0.065318,-0.002837,-0.018328,6.99,gru,0.088339,0.039542,0.009093
2026-04-03T21:09:19.6039376Z,-0.023265,0.035039,-0.026541,0.098787,-0.000703,-0.011276,16.45,gru,0.122052,0.035742,0.015264
2026-04-03T21:09:19.6491341Z,-0.023547,0.035407,-0.026691,0.108962,0.003119,-0.010196,8.68,gru,0.132509,0.032288,0.016496
2026-04-03T21:09:19.6839154Z,-0.028679,0.044252,-0.028986,0.103550,0.015522,-0.015299,8.07,gru,0.132229,0.028730,0.013687
2026-04-03T21:09:19.7142713Z,-0.028344,0.040437,-0.029363,0.136230,0.011520,-0.007312,4.50,gru,0.164574,0.028917,0.022051
2026-04-03T21:09:19.7486265Z,-0.012871,0.045960,-0.022218,0.135249,0.014535,-0.000204,6.91,gru,0.148120,0.031425,0.022014
2026-04-03T21:09:19.7814330Z,0.022304,0.043862,-0.010704,0.125188,0.010266,0.007176,5.42,gru,0.102884,0.033596,0.017879
2026-04-03T21:09:19.8313750Z,-0.029394,0.041046,-0.030287,0.117670,0.029368,-0.031307,6.81,gru,0.147064,0.011679,0.001020
2026-04-03T21:09:19.8658220Z,-0.028650,0.037864,-0.029319,0.138185,0.016498,-0.009530,9.94,gru,0.166835,0.021366,0.019789
2026-04-03T21:09:19.9000382Z,-0.028313,0.039481,-0.029754,0.133509,0.020881,-0.004823,11.48,gru,0.161821,0.018600,0.024932
2026-04-03T21:09:19.9414711Z,-0.027547,0.036935,-0.028525,0.145484,0.015250,-0.002087,10.52,gru,0.173031,0.021685,0.026438
2026-04-03T21:09:19.9859170Z,-0.028184,0.037922,-0.028807,0.142351,0.016746,-0.004590,13.86,gru,0.170535,0.021176,0.024218
2026-04-03T21:09:20.0404883Z,0.038224,0.034045,-0.006052,0.106586,0.010987,0.008040,12.21,gru,0.068362,0.023058,0.014092
2026-04-03T21:09:20.0909590Z,0.035847,0.033543,-0.006548,0.114980,0.009725,0.005721,5.13,gru,0.079133,0.023818,0.012269
2026-04-03T21:09:20.1189420Z,0.034707,0.032743,-0.006637,0.104888,0.018455,-0.006921,6.90,gru,0.070181,0.014288,0.000284
2026-04-03T21:09:20.1483369Z,-0.007823,0.044856,-0.020321,0.096875,0.038894,-0.015094,5.58,gru,0.104698,0.005962,0.005227
2026-04-03T21:09:20.1909520Z,-0.010583,0.044855,-0.020870,0.093466,0.023835,-0.008825,7.41,gru,0.104048,0.021019,0.012045
2026-04-03T21:09:20.2212660Z,-0.010414,0.044845,-0.020836,0.089703,0.016949,-0.005606,6.61,gru,0.100117,0.027897,0.015230
2026-04-03T21:09:20.2594590Z,-0.010306,0.045464,-0.021299,0.100449,0.014428,-0.008593,8.60,gru,0.110754,0.031037,0.012706
2026-04-03T21:09:20.3029579Z,-0.009959,0.044660,-0.020740,0.108341,0.013601,-0.005971,14.72,gru,0.118300,0.031059,0.014769
2026-04-03T21:09:20.3536089Z,-0.010730,0.045022,-0.020998,0.115548,0.013943,-0.005247,11.36,gru,0.126278,0.031079,0.015751
2026-04-03T21:09:20.3785926Z,-0.010851,0.046386,-0.021685,0.120412,0.015168,-0.005664,5.39,gru,0.131263,0.031218,0.016020
2026-04-03T21:09:20.4206943Z,-0.010334,0.046062,-0.021187,0.127174,0.014307,-0.003158,7.42,gru,0.137509,0.031755,0.018029
2026-04-03T21:09:20.4686558Z,-0.010196,0.045782,-0.021017,0.133982,0.014095,-0.001401,7.45,gru,0.144178,0.031687,0.019616
2026-04-03T21:09:20.5047902Z,-0.011490,0.043562,-0.020882,0.138709,0.013420,-0.000289,8.17,gru,0.150199,0.030142,0.020593
2026-04-03T21:09:20.5561675Z,-0.010513,0.045466,-0.021210,0.136744,0.017451,-0.002270,6.29,gru,0.147257,0.028015,0.018940
2026-04-03T21:09:20.5987555Z,-0.010754,0.046843,-0.021494,0.141212,0.016809,-0.001377,9.10,gru,0.151966,0.030034,0.020118
2026-04-03T21:09:20.6309934Z,0.042474,0.039113,-0.005542,0.111992,0.008338,0.008672,6.51,gru,0.069518,0.030775,0.014213
2026-04-03T21:09:20.6552853Z,0.042502,0.039367,-0.005789,0.121551,0.008478,0.005521,7.70,gru,0.079049,0.030890,0.011309
2026-04-03T21:09:20.6895339Z,0.041908,0.039922,-0.005971,0.113467,0.020828,-0.004152,4.68,gru,0.071559,0.019094,0.001819
2026-04-03T21:09:20.7295875Z,0.041989,0.039251,-0.005733,0.118319,0.016407,0.005195,4.05,gru,0.076329,0.022844,0.010928
2026-04-03T21:09:20.7491955Z,0.041872,0.039135,-0.005934,0.120299,0.013867,0.005426,6.14,gru,0.078427,0.025268,0.011360
2026-04-03T21:09:20.7806703Z,0.070447,0.035026,-0.002627,0.116932,0.007726,0.006029,7.04,gru,0.046484,0.027300,0.008656
2026-04-03T21:09:20.8187886Z,-0.009180,0.045344,-0.020544,0.038277,0.064072,-0.041508,5.78,gru,0.047457,0.018728,0.020964
2026-04-03T21:09:20.8561075Z,-0.009376,0.045070,-0.020629,0.082308,0.026092,-0.009336,8.20,gru,0.091684,0.018978,0.011293
2026-04-03T21:09:20.9172220Z,-0.006826,0.046357,-0.020549,0.063148,0.019376,-0.008644,11.90,gru,0.069974,0.026981,0.011904
2026-04-03T21:09:20.9597911Z,-0.009526,0.046278,-0.021123,0.080993,0.012482,-0.011223,10.58,gru,0.090519,0.033795,0.009901
2026-04-03T21:09:20.9939694Z,-0.008550,0.046302,-0.021078,0.094455,0.010766,-0.008291,8.81,gru,0.103005,0.035535,0.012787
2026-04-03T21:09:21.0287886Z,0.025707,0.041478,-0.009088,0.091580,0.004798,0.002794,10.03,gru,0.065873,0.036680,0.011881
2026-04-03T21:09:21.0680430Z,0.018371,0.040789,-0.011433,0.103163,0.007098,-0.002366,9.95,gru,0.084793,0.033691,0.009067
2026-04-03T21:09:21.1030149Z,0.026846,0.041444,-0.008813,0.109543,0.011691,-0.001141,5.60,gru,0.082697,0.029753,0.007672
2026-04-03T21:09:21.1211299Z,-0.009632,0.044969,-0.020571,0.102077,0.023922,-0.013522,6.64,gru,0.111709,0.021048,0.007050
2026-04-03T21:09:21.1513011Z,-0.008293,0.044250,-0.020316,0.106378,0.015642,-0.006895,5.86,gru,0.114671,0.028608,0.013420
2026-04-03T21:09:21.1834009Z,-0.009345,0.045723,-0.020981,0.105803,0.013212,-0.004749,6.91,gru,0.115148,0.032511,0.016232
2026-04-03T21:09:21.2120849Z,-0.008543,0.044632,-0.020173,0.116384,0.011512,-0.004884,6.87,gru,0.124927,0.033120,0.015289
2026-04-03T21:09:21.2532482Z,-0.006962,0.044063,-0.019669,0.127719,0.011018,-0.001949,6.05,gru,0.134681,0.033045,0.017720
2026-04-03T21:09:21.3163327Z,-0.011519,0.049289,-0.022006,0.128423,0.017557,-0.006553,13.77,gru,0.139942,0.031732,0.015454
2026-04-03T21:09:21.3649372Z,-0.008166,0.044760,-0.020131,0.130424,0.012841,-0.001286,11.20,gru,0.138589,0.031919,0.018845
2026-04-03T21:09:21.4030969Z,-0.007646,0.043760,-0.019613,0.136065,0.011106,0.000483,9.17,gru,0.143711,0.032654,0.020096
2026-04-03T21:09:21.4323731Z,-0.006029,0.042783,-0.019082,0.145165,0.012210,0.001318,8.27,gru,0.151194,0.030573,0.020400
2026-04-03T21:09:21.4598250Z,-0.007932,0.044447,-0.020024,0.146965,0.014648,0.000876,7.19,gru,0.154897,0.029799,0.020900
2026-04-03T21:09:21.4952917Z,-0.008062,0.043801,-0.019946,0.136358,0.016423,-0.001101,7.84,gru,0.144420,0.027379,0.018845
2026-04-03T21:09:21.5582657Z,-0.004086,0.044818,-0.018459,0.144717,0.014816,0.002828,12.87,gru,0.148803,0.030002,0.021287
2026-04-03T21:09:21.6171688Z,0.015657,0.045511,-0.012586,0.138680,0.013972,0.006612,7.57,gru,0.123024,0.031540,0.019198
2026-04-03T21:09:21.6661831Z,-0.007301,0.045160,-0.020105,0.140295,0.019009,-0.005423,7.21,gru,0.147595,0.026151,0.014682
2026-04-03T21:09:21.7449790Z,-0.012194,0.050777,-0.022567,0.147008,0.023229,-0.004746,4.67,gru,0.159202,0.027548,0.017821
2026-04-03T21:09:21.7766839Z,-0.011858,0.049275,-0.022517,0.142230,0.019643,-0.000151,9.65,gru,0.154088,0.029631,0.022366
2026-04-03T21:09:21.8035038Z,-0.009211,0.044884,-0.020552,0.145896,0.016174,0.001029,8.51,gru,0.155107,0.028710,0.021581
2026-04-03T21:09:21.8513907Z,-0.007439,0.045623,-0.020360,0.146396,0.017180,0.000412,9.70,gru,0.153835,0.028444,0.020772
2026-04-03T21:09:21.8835844Z,-0.009363,0.047128,-0.021507,0.147770,0.018319,-0.001084,7.06,gru,0.157132,0.028809,0.020422
2026-04-03T21:09:21.9167486Z,-0.010300,0.046427,-0.021108,0.147740,0.016899,0.001075,5.49,gru,0.158039,0.029528,0.022183
2026-04-03T21:09:21.9571208Z,-0.009352,0.045735,-0.020785,0.147560,0.015666,0.001645,10.60,gru,0.156912,0.030069,0.022430
2026-04-03T21:09:21.9906246Z,-0.009130,0.045074,-0.020547,0.148777,0.015496,0.001485,4.12,gru,0.157907,0.029578,0.022032
2026-04-03T21:09:22.0380913Z,-0.005673,0.044004,-0.019352,0.148265,0.015029,0.002742,9.99,gru,0.153937,0.028975,0.022094
2026-04-03T21:09:22.0681400Z,-0.009462,0.045351,-0.020516,0.149482,0.016889,0.000968,7.16,gru,0.158945,0.028462,0.021484
2026-04-03T21:09:22.1265249Z,-0.008710,0.043903,-0.020008,0.149481,0.015713,0.002148,5.14,gru,0.158190,0.028190,0.022157
2026-04-03T21:09:22.1548584Z,-0.009680,0.044069,-0.020294,0.149932,0.015394,0.002388,4.12,gru,0.159613,0.028674,0.022681
2026-04-03T21:09:22.1867445Z,-0.005470,0.044340,-0.019763,0.149548,0.015542,0.002059,5.61,gru,0.155018,0.028798,0.021822
2026-04-03T21:09:22.2129363Z,-0.007954,0.043994,-0.019934,0.150436,0.015567,0.002394,5.78,gru,0.158390,0.028426,0.022328
2026-04-03T21:09:22.2488599Z,-0.005962,0.043215,-0.019126,0.150684,0.014933,0.003459,5.70,gru,0.156646,0.028282,0.022585
2026-04-03T21:09:22.2811534Z,-0.005242,0.043522,-0.019056,0.151030,0.015298,0.003322,8.88,gru,0.156272,0.028223,0.022378
2026-04-03T21:09:22.3197047Z,-0.007507,0.044798,-0.020087,0.151305,0.017778,0.001247,8.62,gru,0.158812,0.027020,0.021334
2026-04-03T21:09:22.3507245Z,-0.007442,0.044018,-0.019949,0.149920,0.016262,0.002309,5.07,gru,0.157362,0.027756,0.022258
2026-04-03T21:09:22.3844428Z,-0.007281,0.045230,-0.020082,0.149387,0.016677,0.002087,5.45,gru,0.156668,0.028552,0.022169
2026-04-03T21:09:22.4370841Z,-0.007670,0.044687,-0.019960,0.149601,0.016314,0.002146,10.45,gru,0.157271,0.028374,0.022105
2026-04-03T21:09:22.4562173Z,-0.008197,0.044871,-0.020204,0.149997,0.016361,0.002016,7.89,gru,0.158195,0.028510,0.022219
2026-04-03T21:09:22.4959393Z,-0.005729,0.045242,-0.019850,0.149873,0.016555,0.002026,7.63,gru,0.155602,0.028687,0.021876
2026-04-03T21:09:22.5245089Z,-0.008693,0.044430,-0.020157,0.150179,0.016303,0.002169,5.68,gru,0.158872,0.028127,0.022327
2026-04-03T21:09:22.5666721Z,-0.005582,0.044460,-0.019572,0.149414,0.016117,0.002396,9.31,gru,0.154996,0.028343,0.021968
2026-04-03T21:09:22.6154922Z,-0.007455,0.045921,-0.020448,0.149383,0.015768,0.002855,12.58,gru,0.156837,0.030153,0.023302
2026-04-03T21:09:22.6585525Z,-0.005347,0.042818,-0.018896,0.148966,0.015173,0.003628,5.52,gru,0.154313,0.027645,0.022524
2026-04-03T21:09:22.6918797Z,0.042238,0.039170,-0.005617,0.121903,0.009594,0.010296,6.37,gru,0.079664,0.029576,0.015912
2026-04-03T21:09:22.7207512Z,0.030823,0.039700,-0.007695,0.127557,0.014836,0.003692,7.90,gru,0.096734,0.024864,0.011387
2026-04-03T21:09:22.7469818Z,-0.002673,0.043241,-0.018091,0.102038,0.037569,-0.023760,5.33,gru,0.104711,0.005672,0.005669
2026-04-03T21:09:22.7861759Z,-0.001979,0.043357,-0.017897,0.106372,0.022922,-0.005917,4.59,gru,0.108352,0.020436,0.011980
2026-04-03T21:09:22.8158080Z,-0.000194,0.042243,-0.017007,0.112954,0.015099,-0.000093,3.60,gru,0.113148,0.027145,0.016915
2026-04-03T21:09:22.8452187Z,-0.002761,0.041016,-0.017113,0.117699,0.012059,-0.002164,3.77,gru,0.120460,0.028957,0.014949
2026-04-03T21:09:22.8778563Z,-0.001350,0.042644,-0.017555,0.123523,0.014046,-0.002448,5.43,gru,0.124874,0.028598,0.015107
2026-04-03T21:09:22.9173328Z,-0.003193,0.042996,-0.018142,0.127103,0.014299,-0.002363,5.44,gru,0.130296,0.028697,0.015779
2026-04-03T21:09:22.9521855Z,-0.004321,0.042463,-0.018318,0.130285,0.012962,-0.000793,7.39,gru,0.134605,0.029501,0.017524
2026-04-03T21:09:22.9799461Z,-0.000917,0.040837,-0.016967,0.132340,0.011372,0.001393,3.07,gru,0.133257,0.029464,0.018360
2026-04-03T21:09:23.0176132Z,-0.000718,0.042941,-0.017627,0.137163,0.014001,0.000075,5.16,gru,0.137881,0.028940,0.017702
2026-04-03T21:09:23.0545999Z,-0.001507,0.042973,-0.017596,0.140268,0.014398,0.000844,8.58,gru,0.141775,0.028576,0.018440
2026-04-03T21:09:23.0872408Z,-0.003946,0.042390,-0.018218,0.141417,0.013905,0.001475,5.61,gru,0.145364,0.028485,0.019693
2026-04-03T21:09:23.1371892Z,-0.004300,0.043032,-0.018523,0.142268,0.014808,0.000830,4.54,gru,0.146568,0.028225,0.019353
2026-04-03T21:09:23.1885028Z,-0.005527,0.042123,-0.018510,0.143979,0.013879,0.001996,5.43,gru,0.149506,0.028244,0.020506
2026-04-03T21:09:23.2263744Z,-0.003503,0.043468,-0.018696,0.144730,0.014932,0.001510,4.64,gru,0.148233,0.028536,0.020206
2026-04-03T21:09:23.2470893Z,-0.003736,0.041843,-0.017905,0.145265,0.013839,0.002756,4.87,gru,0.149001,0.028004,0.020661
2026-04-03T21:09:23.2868066Z,-0.006451,0.043804,-0.019301,0.148770,0.016319,0.001160,4.81,gru,0.155221,0.027485,0.020461
2026-04-03T21:09:23.3243314Z,-0.004616,0.044126,-0.018814,0.151417,0.015980,0.002938,7.18,gru,0.156033,0.028146,0.021752
2026-04-03T21:09:23.3587844Z,-0.004145,0.042934,-0.018552,0.148688,0.015483,0.003261,4.09,gru,0.152833,0.027451,0.021813
2026-04-03T21:09:23.3915485Z,-0.004773,0.042944,-0.018362,0.148210,0.016430,0.002468,5.10,gru,0.152982,0.026514,0.020830
2026-04-03T21:09:23.4364860Z,0.015092,0.051565,-0.012558,0.144351,0.020838,0.006708,4.51,gru,0.129259,0.030727,0.019265
2026-04-03T21:09:23.4869060Z,0.015744,0.049188,-0.012357,0.144700,0.017677,0.006064,6.90,gru,0.128955,0.031510,0.018421
2026-04-03T21:09:23.5227869Z,0.015964,0.049296,-0.012426,0.143802,0.017328,0.004073,4.47,gru,0.127838,0.031968,0.016498
2026-04-03T21:09:23.5579413Z,0.016042,0.049052,-0.011970,0.142728,0.018599,0.005781,4.24,gru,0.126686,0.030453,0.017751
2026-04-03T21:09:23.5842826Z,0.016755,0.046824,-0.011559,0.141014,0.017181,0.006342,6.27,gru,0.124259,0.029643,0.017900
2026-04-03T21:09:23.6456886Z,0.015668,0.048187,-0.011913,0.140619,0.019020,0.005021,6.01,gru,0.124951,0.029166,0.016934
2026-04-03T21:09:23.6683410Z,0.015096,0.048974,-0.012412,0.140166,0.019400,0.004128,5.29,gru,0.125071,0.029574,0.016540
2026-04-03T21:09:23.7141042Z,0.015055,0.049487,-0.012749,0.139273,0.018734,0.003858,7.98,gru,0.124218,0.030753,0.016607
2026-04-03T21:09:23.7488282Z,0.015172,0.049458,-0.012143,0.138196,0.018076,0.004815,6.34,gru,0.123023,0.031383,0.016958
2026-04-03T21:09:23.7944758Z,0.016297,0.050369,-0.012428,0.137983,0.018416,0.003711,9.01,gru,0.121686,0.031953,0.016139
2026-04-03T21:09:23.8266229Z,0.027270,0.043033,-0.008786,0.133555,0.011328,0.007547,7.56,gru,0.106285,0.031705,0.016333
2026-04-03T21:09:23.8738023Z,0.018057,0.036633,-0.011184,0.134098,0.008828,0.004163,4.26,gru,0.116041,0.027805,0.015347
2026-04-03T21:09:23.9021987Z,0.016388,0.036836,-0.011884,0.135126,0.014450,0.002246,7.88,gru,0.118738,0.022386,0.014130
2026-04-03T21:09:23.9133574Z,0.018103,0.035967,-0.011074,0.132741,0.013301,0.005282,4.10,gru,0.114638,0.022667,0.016357
2026-04-03T21:09:23.9488661Z,-0.007605,0.045306,-0.019902,0.129629,0.027799,-0.009228,5.51,gru,0.137234,0.017507,0.010673
2026-04-03T21:09:23.9786468Z,0.001039,0.045960,-0.017171,0.130512,0.018114,-0.000035,3.58,gru,0.129473,0.027846,0.017136
2026-04-03T21:09:24.0245411Z,-0.005293,0.043626,-0.018935,0.131927,0.012860,0.000795,12.11,gru,0.137220,0.030766,0.019730
2026-04-03T21:09:24.0661076Z,-0.004980,0.042853,-0.018651,0.134944,0.012341,-0.001326,8.71,gru,0.139924,0.030511,0.017324
2026-04-03T21:09:24.1012095Z,-0.004137,0.042006,-0.018577,0.138298,0.012184,0.000939,9.43,gru,0.142436,0.029822,0.019516
2026-04-03T21:09:24.1228670Z,-0.005528,0.042362,-0.018830,0.139806,0.013913,0.000151,6.14,gru,0.145335,0.028450,0.018981
2026-04-03T21:09:24.1626922Z,0.069488,0.034601,-0.002473,0.110301,0.003915,0.007652,9.21,gru,0.040813,0.030685,0.010125
2026-04-03T21:09:24.1974230Z,-0.006265,0.043841,-0.019438,0.051032,0.048565,-0.038110,12.23,gru,0.057297,0.004724,0.018672
2026-04-03T21:09:24.2209291Z,-0.004814,0.046326,-0.019183,0.108920,0.030522,-0.010433,6.37,gru,0.113734,0.015804,0.008750
2026-04-03T21:09:24.2754996Z,-0.005553,0.042929,-0.018868,0.066421,0.023076,-0.010522,8.53,gru,0.071974,0.019853,0.008346
2026-04-03T21:09:24.2943272Z,-0.004864,0.044134,-0.018835,0.090960,0.012847,-0.008082,10.35,gru,0.095824,0.031286,0.010753
2026-04-03T21:09:24.3215604Z,-0.005417,0.043499,-0.019000,0.099995,0.012220,-0.006775,5.06,gru,0.105413,0.031278,0.012226
2026-04-03T21:09:24.3720445Z,-0.005787,0.043349,-0.018940,0.107631,0.012599,-0.005468,7.54,gru,0.113418,0.030751,0.013471
2026-04-03T21:09:24.3990148Z,-0.005997,0.043121,-0.019258,0.115596,0.012187,-0.004836,9.50,gru,0.121593,0.030934,0.014422
2026-04-03T21:09:24.4327601Z,-0.005370,0.043095,-0.018951,0.122034,0.012343,-0.002825,10.30,gru,0.127404,0.030752,0.016126
2026-04-03T21:09:24.4814926Z,-0.004328,0.046483,-0.018726,0.127817,0.015618,-0.002169,9.54,gru,0.132145,0.030865,0.016557
2026-04-03T21:09:24.5197790Z,0.043306,0.036452,-0.005800,0.109462,0.005489,0.006969,9.40,gru,0.066157,0.030964,0.012770
2026-04-03T21:09:24.5426603Z,-0.002069,0.050088,-0.018858,0.096594,0.040406,-0.022944,9.37,gru,0.098664,0.009682,0.004086
2026-04-03T21:09:24.5750171Z,0.047331,0.036598,-0.005774,0.116668,0.009287,0.005138,8.75,gru,0.069336,0.027311,0.010912
2026-04-03T21:09:24.6174884Z,0.046536,0.035842,-0.005524,0.118515,0.007781,0.007681,6.75,gru,0.071979,0.028061,0.013205
2026-04-03T21:09:24.7059301Z,0.047156,0.036286,-0.005593,0.104002,0.022701,-0.006757,11.57,gru,0.056846,0.013586,0.001164
2026-04-03T21:09:24.7401956Z,0.046743,0.036525,-0.005734,0.111429,0.016469,0.002845,14.86,gru,0.064687,0.020056,0.008579
2026-04-03T21:09:24.7942129Z,0.048289,0.036527,-0.006106,0.115267,0.014259,0.002003,9.75,gru,0.066978,0.022268,0.008109
2026-04-03T21:09:24.8322078Z,0.046876,0.036091,-0.005498,0.115977,0.013046,0.004316,14.02,gru,0.069101,0.023044,0.009814
2026-04-03T21:09:24.8771073Z,0.046782,0.036459,-0.005820,0.117884,0.012963,0.004324,9.51,gru,0.071103,0.023496,0.010145
2026-04-03T21:09:24.9329389Z,0.056297,0.034780,-0.004353,0.111182,0.014121,0.002784,9.26,gru,0.054885,0.020659,0.007137
2026-04-03T21:09:24.9667476Z,0.060873,0.036349,-0.004497,0.119060,0.013817,0.002903,9.61,gru,0.058187,0.022531,0.007399
2026-04-03T21:09:24.9907279Z,0.060836,0.034908,-0.003529,0.116289,0.014131,0.004381,5.15,gru,0.055452,0.020777,0.007910
2026-04-03T21:09:25.0278206Z,0.063812,0.036104,-0.003986,0.117413,0.015411,0.003212,6.38,gru,0.053601,0.020693,0.007199
2026-04-03T21:09:25.0615156Z,0.058089,0.035051,-0.004375,0.112799,0.016525,0.002772,6.53,gru,0.054710,0.018526,0.007146
2026-04-03T21:09:25.0897574Z,0.068831,0.036047,-0.002817,0.116870,0.014219,0.004842,8.23,gru,0.048039,0.021828,0.007659
2026-04-03T21:09:25.1309585Z,0.067293,0.034665,-0.002456,0.114559,0.015356,0.004488,8.27,gru,0.047266,0.019309,0.006944
2026-04-03T21:09:25.1667451Z,0.066668,0.035370,-0.002983,0.111089,0.017743,0.002244,8.19,gru,0.044421,0.017628,0.005227
2026-04-03T21:09:25.1795986Z,0.066236,0.036349,-0.003456,0.112305,0.018762,0.002427,3.56,gru,0.046069,0.017587,0.005882
2026-04-03T21:09:25.2237020Z,0.066083,0.035456,-0.003284,0.111735,0.016284,0.003631,4.22,gru,0.045652,0.019172,0.006915
2026-04-03T21:09:25.2522757Z,0.065660,0.035244,-0.003261,0.103296,0.020434,0.002085,5.67,gru,0.037636,0.014811,0.005346
2026-04-03T21:09:25.2841626Z,0.065554,0.036187,-0.003472,0.112836,0.017960,0.002867,5.28,gru,0.047281,0.018227,0.006339
2026-04-03T21:09:25.3317311Z,0.065753,0.036693,-0.003969,0.107607,0.020718,0.001162,6.35,gru,0.041854,0.015975,0.005130
2026-04-03T21:09:25.3580827Z,0.064501,0.035956,-0.003709,0.106154,0.019255,0.002424,9.47,gru,0.041652,0.016701,0.006134
2026-04-03T21:09:25.3941903Z,0.065604,0.036062,-0.003744,0.106378,0.019214,0.001935,7.63,gru,0.040774,0.016848,0.005680
2026-04-03T21:09:25.4210816Z,0.063078,0.035112,-0.003599,0.104466,0.019346,0.002237,7.67,gru,0.041388,0.015766,0.005837
2026-04-03T21:09:25.4521660Z,0.061722,0.034987,-0.004067,0.102507,0.019920,0.001303,7.52,gru,0.040786,0.015067,0.005371
2026-04-03T21:09:25.4821827Z,0.061657,0.035810,-0.004381,0.103503,0.020432,0.000878,4.85,gru,0.041846,0.015378,0.005260
2026-04-03T21:09:25.5261669Z,0.061903,0.035605,-0.004269,0.104825,0.018971,0.001807,6.83,gru,0.042923,0.016634,0.006075
2026-04-03T21:09:25.5749777Z,0.061359,0.035336,-0.004044,0.102911,0.018602,0.001950,10.29,gru,0.041552,0.016734,0.005994
2026-04-03T21:09:25.6050155Z,0.060406,0.035248,-0.004295,0.102183,0.019491,0.001145,11.43,gru,0.041777,0.015757,0.005441
2026-04-03T21:09:25.6248151Z,0.061831,0.036411,-0.004505,0.102513,0.020874,0.000558,9.90,gru,0.040682,0.015537,0.005063
2026-04-03T21:09:25.6609009Z,0.061476,0.036263,-0.004436,0.102018,0.020365,0.001240,7.46,gru,0.040542,0.015898,0.005677
2026-04-03T21:09:25.7190275Z,0.061880,0.034993,-0.003831,0.104909,0.016889,0.002776,11.53,gru,0.043030,0.018104,0.006607
2026-04-03T21:09:25.7811218Z,0.061892,0.035854,-0.004113,0.102530,0.020032,0.001148,9.78,gru,0.040638,0.015822,0.005261
2026-04-03T21:09:25.8244285Z,0.061424,0.035197,-0.003926,0.102290,0.019477,0.001614,10.75,gru,0.040867,0.015720,0.005541
2026-04-03T21:09:25.8572144Z,0.061696,0.035413,-0.004081,0.102857,0.019192,0.001643,8.13,gru,0.041161,0.016221,0.005724
2026-04-03T21:09:25.8941023Z,0.061146,0.035396,-0.004194,0.102950,0.019401,0.001355,7.21,gru,0.041804,0.015995,0.005549
2026-04-03T21:09:25.9237422Z,0.060114,0.035018,-0.004248,0.102300,0.018814,0.001692,6.13,gru,0.042187,0.016204,0.005940
2026-04-03T21:09:25.9661247Z,0.061133,0.035748,-0.004408,0.103502,0.019590,0.001146,9.94,gru,0.042369,0.016158,0.005554
2026-04-03T21:09:25.9881640Z,0.061282,0.035572,-0.004274,0.103831,0.019160,0.001561,7.80,gru,0.042549,0.016411,0.005834
2026-04-03T21:09:26.0361308Z,0.061345,0.035132,-0.004077,0.104042,0.018375,0.002021,7.31,gru,0.042697,0.016757,0.006098
2026-04-03T21:09:26.0715920Z,0.061342,0.035816,-0.004362,0.104598,0.019669,0.001154,11.71,gru,0.043256,0.016146,0.005516
2026-04-03T21:09:26.0839719Z,0.052675,0.035888,-0.005397,0.097913,0.022247,0.000331,6.96,gru,0.045237,0.013641,0.005728
2026-04-03T21:09:26.1148729Z,0.053401,0.035926,-0.005276,0.099824,0.019249,0.001333,5.37,gru,0.046423,0.016676,0.006609
2026-04-03T21:09:26.1586546Z,0.053258,0.035920,-0.005330,0.101767,0.017683,0.001260,8.52,gru,0.048509,0.018238,0.006590
2026-04-03T21:09:26.1944791Z,0.053213,0.035702,-0.005097,0.102600,0.017645,0.001397,7.21,gru,0.049388,0.018057,0.006494
2026-04-03T21:09:26.2312215Z,0.054232,0.036621,-0.005427,0.104102,0.018749,0.000640,14.18,gru,0.049871,0.017872,0.006068
2026-04-03T21:09:26.2880436Z,0.055973,0.036513,-0.005264,0.105636,0.017946,0.000994,8.63,gru,0.049663,0.018567,0.006259
2026-04-03T21:09:26.3131537Z,0.055888,0.035401,-0.004678,0.105928,0.016350,0.002539,6.80,gru,0.050040,0.019051,0.007217
2026-04-03T21:09:26.3462569Z,0.055245,0.035446,-0.004841,0.105572,0.017717,0.001635,4.13,gru,0.050327,0.017729,0.006476
2026-04-03T21:09:26.3803733Z,0.056827,0.036558,-0.004995,0.107065,0.019218,0.001093,5.04,gru,0.050238,0.017340,0.006088
2026-04-03T21:09:26.4144142Z,0.057058,0.036113,-0.004710,0.106877,0.017904,0.002178,6.56,gru,0.049819,0.018209,0.006888
2026-04-03T21:09:26.4508146Z,0.056491,0.035502,-0.004492,0.106320,0.017025,0.002477,5.77,gru,0.049829,0.018477,0.006969
2026-04-03T21:09:26.4828462Z,0.055998,0.035812,-0.004913,0.106338,0.018257,0.001296,5.62,gru,0.050340,0.017555,0.006209
2026-04-03T21:09:26.5214999Z,0.058117,0.035974,-0.004763,0.107374,0.018049,0.001586,8.64,gru,0.049257,0.017925,0.006349
2026-04-03T21:09:26.5521037Z,0.058668,0.036386,-0.004729,0.107950,0.018235,0.001897,7.01,gru,0.049282,0.018151,0.006626
2026-04-03T21:09:26.5866632Z,0.059178,0.036742,-0.004726,0.108304,0.018658,0.001697,5.00,gru,0.049125,0.018084,0.006423
2026-04-03T21:09:26.6368534Z,0.058848,0.036318,-0.004674,0.107999,0.017884,0.001950,11.50,gru,0.049152,0.018433,0.006624
2026-04-03T21:09:26.6622194Z,0.058796,0.035486,-0.004243,0.108365,0.016948,0.002788,12.16,gru,0.049568,0.018538,0.007031
2026-04-03T21:09:26.6960466Z,0.058839,0.036322,-0.004501,0.107757,0.019020,0.001764,10.06,gru,0.048917,0.017302,0.006265
2026-04-03T21:09:26.7443589Z,0.062785,0.035593,-0.004203,0.108769,0.017503,0.001757,8.29,gru,0.045984,0.018090,0.005959
2026-04-03T21:09:26.7781643Z,0.058908,0.035933,-0.004601,0.107707,0.018841,0.001906,9.40,gru,0.048799,0.017093,0.006507
2026-04-03T21:09:26.8035729Z,0.063802,0.035461,-0.003726,0.109815,0.017262,0.002838,7.57,gru,0.046013,0.018199,0.006564
2026-04-03T21:09:26.8671594Z,0.058066,0.036105,-0.004855,0.106220,0.019989,0.001033,8.91,gru,0.048154,0.016116,0.005888
2026-04-03T21:09:26.8990460Z,0.057259,0.035037,-0.004418,0.105079,0.018297,0.002258,6.99,gru,0.047819,0.016740,0.006677
2026-04-03T21:09:26.9211451Z,0.056589,0.035676,-0.004733,0.105473,0.018159,0.002007,6.20,gru,0.048884,0.017518,0.006740
2026-04-03T21:09:26.9607846Z,0.055933,0.036173,-0.004976,0.105066,0.019284,0.001025,5.38,gru,0.049133,0.016889,0.006002
2026-04-03T21:09:26.9873008Z,0.063305,0.035599,-0.003925,0.108906,0.015975,0.002509,8.09,gru,0.045600,0.019624,0.006434
2026-04-03T21:09:27.0248849Z,0.059345,0.035571,-0.004344,0.106781,0.018066,0.001716,5.63,gru,0.047435,0.017505,0.006059
2026-04-03T21:09:27.0834539Z,0.062844,0.036307,-0.004137,0.108222,0.019305,0.001532,12.88,gru,0.045378,0.017002,0.005668
2026-04-03T21:09:27.1276335Z,0.061932,0.035615,-0.004026,0.107349,0.018121,0.002398,7.49,gru,0.045417,0.017494,0.006424
2026-04-03T21:09:27.1688859Z,0.058188,0.036014,-0.004733,0.103923,0.020063,0.001044,9.24,gru,0.045735,0.015950,0.005776
2026-04-03T21:09:27.1879294Z,0.057702,0.035288,-0.004371,0.104639,0.018063,0.002399,7.09,gru,0.046937,0.017224,0.006769
2026-04-03T21:09:27.2286531Z,0.064214,0.036277,-0.004346,0.107904,0.017747,0.001391,5.60,gru,0.043691,0.018530,0.005737
2026-04-03T21:09:27.2757776Z,0.065958,0.035772,-0.003391,0.108844,0.017623,0.002623,5.46,gru,0.042886,0.018150,0.006014
2026-04-03T21:09:27.3161939Z,0.062240,0.035830,-0.004165,0.104421,0.020212,0.001312,4.68,gru,0.042180,0.015618,0.005476
2026-04-03T21:09:27.3840701Z,0.065654,0.036289,-0.003794,0.106637,0.019444,0.001549,11.92,gru,0.040983,0.016846,0.005343
2026-04-03T21:09:27.4469521Z,0.067888,0.035345,-0.002821,0.108331,0.017574,0.003693,10.10,gru,0.040443,0.017772,0.006514
2026-04-03T21:09:27.5191835Z,0.068793,0.036244,-0.002820,0.107941,0.019863,0.002335,9.83,gru,0.039148,0.016381,0.005155
2026-04-03T21:09:27.5755921Z,0.066716,0.036208,-0.003246,0.105237,0.021319,0.001579,12.62,gru,0.038521,0.014888,0.004825
2026-04-03T21:09:27.5924938Z,0.068525,0.034772,-0.002392,0.106655,0.017785,0.003774,7.61,gru,0.038130,0.016987,0.006165
2026-04-03T21:09:27.6442092Z,0.067498,0.035202,-0.002670,0.104202,0.020081,0.002453,10.04,gru,0.036704,0.015121,0.005123
2026-04-03T21:09:27.6826382Z,0.066476,0.035537,-0.003124,0.103896,0.021635,0.001407,7.97,gru,0.037420,0.013902,0.004530
2026-04-03T21:09:27.7267355Z,0.062475,0.035985,-0.004097,0.100488,0.022107,0.000881,7.56,gru,0.038013,0.013878,0.004978
2026-04-03T21:09:27.7996733Z,0.068184,0.035838,-0.002633,0.104878,0.018799,0.003408,11.01,gru,0.036694,0.017039,0.006041
2026-04-03T21:09:27.8301561Z,0.064959,0.036033,-0.003658,0.103962,0.020026,0.001235,6.52,gru,0.039003,0.016008,0.004894
2026-04-03T21:09:27.8937036Z,0.064537,0.035163,-0.003298,0.101021,0.020322,0.001555,8.64,gru,0.036485,0.014841,0.004852
2026-04-03T21:09:27.9253933Z,0.063772,0.035732,-0.003661,0.102503,0.020268,0.001895,8.48,gru,0.038731,0.015463,0.005556
2026-04-03T21:09:27.9543506Z,0.064230,0.036028,-0.003613,0.102008,0.021000,0.001393,7.56,gru,0.037778,0.015028,0.005006
2026-04-03T21:09:27.9885785Z,0.066080,0.035995,-0.003540,0.102686,0.020122,0.001606,8.25,gru,0.036606,0.015873,0.005146
2026-04-03T21:09:28.0209355Z,0.063594,0.035221,-0.003487,0.101742,0.019607,0.001958,8.17,gru,0.038148,0.015615,0.005445
2026-04-03T21:09:28.0587423Z,0.066269,0.036058,-0.003364,0.104625,0.020066,0.001898,6.28,gru,0.038357,0.015991,0.005261
2026-04-03T21:09:28.0905572Z,0.063454,0.035767,-0.003787,0.101353,0.021020,0.001212,7.30,gru,0.037899,0.014747,0.004999
2026-04-03T21:09:28.1149385Z,0.062120,0.035305,-0.003778,0.098807,0.020595,0.001601,4.53,gru,0.036687,0.014710,0.005379
2026-04-03T21:09:28.1546397Z,0.062397,0.035850,-0.003928,0.101403,0.020108,0.001467,7.13,gru,0.039006,0.015742,0.005394
2026-04-03T21:09:28.1985796Z,0.060921,0.036598,-0.004419,0.100595,0.021580,0.000604,11.26,gru,0.039674,0.015018,0.005024
2026-04-03T21:09:28.2803143Z,0.061750,0.035724,-0.004039,0.100673,0.019221,0.001690,18.62,gru,0.038923,0.016503,0.005729
2026-04-03T21:09:28.3605424Z,0.061579,0.035585,-0.003932,0.100900,0.019285,0.001735,11.62,gru,0.039321,0.016299,0.005668
2026-04-03T21:09:28.4070397Z,0.060511,0.035931,-0.004106,0.101447,0.020381,0.001158,4.64,gru,0.040936,0.015549,0.005264
2026-04-03T21:09:28.4366646Z,0.058965,0.035916,-0.004431,0.100365,0.020494,0.001063,5.10,gru,0.041400,0.015422,0.005494
2026-04-03T21:09:28.4864405Z,0.063792,0.036131,-0.003920,0.103205,0.018835,0.001547,6.47,gru,0.039413,0.017297,0.005467
2026-04-03T21:09:28.5549986Z,0.063485,0.035166,-0.003561,0.105933,0.017874,0.002908,12.72,gru,0.042448,0.017292,0.006468
2026-04-03T21:09:28.6112260Z,0.061800,0.035962,-0.004334,0.100997,0.021936,0.000200,14.90,gru,0.039197,0.014026,0.004534
2026-04-03T21:09:28.6435452Z,0.060035,0.035481,-0.004371,0.100887,0.019968,0.001637,10.49,gru,0.040852,0.015514,0.006008
2026-04-03T21:09:28.6785279Z,0.060796,0.036430,-0.004699,0.101616,0.020011,0.000876,10.98,gru,0.040820,0.016419,0.005575
2026-04-03T21:09:28.7266017Z,0.058754,0.035179,-0.004389,0.101408,0.018439,0.001792,7.59,gru,0.042654,0.016739,0.006181
2026-04-03T21:09:28.7692157Z,0.058753,0.035715,-0.004445,0.101748,0.019191,0.001503,7.74,gru,0.042995,0.016524,0.005948
2026-04-03T21:09:28.8012004Z,0.064261,0.035909,-0.003563,0.105389,0.018352,0.002030,7.33,gru,0.041128,0.017557,0.005593
2026-04-03T21:09:28.8395688Z,0.061738,0.035384,-0.003932,0.104437,0.018563,0.001660,7.26,gru,0.042699,0.016821,0.005592
2026-04-03T21:09:28.8943607Z,0.058288,0.035853,-0.004452,0.100514,0.021174,0.000789,6.85,gru,0.042226,0.014680,0.005241
2026-04-03T21:09:28.9162527Z,0.058177,0.035468,-0.004351,0.102035,0.018918,0.001929,6.47,gru,0.043858,0.016550,0.006280
2026-04-03T21:09:28.9702549Z,0.058438,0.036361,-0.004424,0.103154,0.019376,0.001611,8.81,gru,0.044716,0.016985,0.006034
2026-04-03T21:09:29.0126265Z,0.066288,0.035495,-0.003336,0.107574,0.016481,0.002439,15.78,gru,0.041286,0.019015,0.005775
2026-04-03T21:09:29.0364771Z,0.068391,0.035809,-0.002894,0.109273,0.017689,0.002700,7.82,gru,0.040882,0.018120,0.005594
2026-04-03T21:09:29.0637740Z,0.062850,0.035708,-0.003801,0.102420,0.021718,0.000694,9.86,gru,0.039570,0.013990,0.004495
2026-04-03T21:09:29.1138790Z,0.068940,0.036713,-0.002789,0.102800,0.021212,0.001075,5.43,gru,0.033860,0.015501,0.003864
2026-04-03T21:09:29.1627677Z,0.065971,0.036927,-0.003577,0.105112,0.020313,0.001332,10.52,gru,0.039141,0.016614,0.004909
2026-04-03T21:09:29.1935557Z,0.063496,0.035820,-0.003644,0.102277,0.019868,0.001519,5.47,gru,0.038781,0.015951,0.005163
2026-04-03T21:09:29.2230375Z,0.066037,0.035728,-0.003287,0.103036,0.019175,0.002363,5.10,gru,0.036999,0.016554,0.005650
2026-04-03T21:09:29.2621196Z,0.068076,0.034959,-0.002578,0.105084,0.018421,0.002901,9.82,gru,0.037008,0.016538,0.005479
2026-04-03T21:09:29.3011919Z,0.063852,0.036406,-0.004025,0.101481,0.022982,-0.000094,10.50,gru,0.037629,0.013424,0.003931
2026-04-03T21:09:29.3292890Z,0.062432,0.034591,-0.003506,0.101163,0.019261,0.002340,6.47,gru,0.038731,0.015330,0.005847
2026-04-03T21:09:29.3803472Z,0.088461,0.034678,0.000529,0.113215,0.014718,0.005487,4.44,gru,0.024754,0.019960,0.004957
2026-04-03T21:09:29.4153270Z,0.088825,0.035037,0.000673,0.116340,0.018598,0.003471,4.60,gru,0.027515,0.016439,0.002798
2026-04-03T21:09:29.4572894Z,0.078924,0.033910,-0.001044,0.097230,0.024798,-0.000979,5.19,gru,0.018306,0.009112,0.000065
2026-04-03T21:09:29.4980192Z,0.081354,0.033528,-0.000390,0.099482,0.020015,0.003337,4.92,gru,0.018128,0.013513,0.003727
2026-04-03T21:09:29.5176265Z,0.078949,0.034218,-0.001170,0.100173,0.021395,0.002597,4.19,gru,0.021224,0.012823,0.003767
2026-04-03T21:09:29.5523752Z,0.082102,0.034001,-0.000596,0.102317,0.020411,0.002872,6.94,gru,0.020214,0.013590,0.003468
2026-04-03T21:09:29.5800215Z,0.078967,0.032982,-0.000607,0.100025,0.020002,0.003727,5.08,gru,0.021059,0.012980,0.004334
2026-04-03T21:09:29.6107680Z,0.078717,0.034823,-0.001614,0.100329,0.023698,0.000737,6.05,gru,0.021612,0.011125,0.002350
2026-04-03T21:09:29.6449347Z,0.077063,0.034611,-0.001580,0.098415,0.023394,0.002136,7.09,gru,0.021352,0.011217,0.003716
2026-04-03T21:09:29.6807969Z,0.092839,0.034317,0.002924,0.110257,0.019572,0.008763,5.35,gru,0.017418,0.014744,0.005839
2026-04-03T21:09:29.7230054Z,0.094287,0.035206,0.002897,0.113538,0.022753,0.005577,8.45,gru,0.019251,0.012453,0.002680
2026-04-03T21:09:29.7612384Z,0.081573,0.033682,-0.000639,0.094096,0.027735,-0.003903,4.78,gru,0.012523,0.005947,0.003263
2026-04-03T21:09:29.7934807Z,0.078153,0.033040,-0.000765,0.091501,0.024142,0.002636,4.10,gru,0.013348,0.008899,0.003401
2026-04-03T21:09:29.8228826Z,0.077221,0.034152,-0.001116,0.092223,0.024214,0.003106,5.55,gru,0.015002,0.009938,0.004222
2026-04-03T21:09:29.8522422Z,0.077549,0.034331,-0.001186,0.094324,0.022881,0.001560,7.65,gru,0.016776,0.011451,0.002746
2026-04-03T21:09:29.8824476Z,0.078332,0.034086,-0.000347,0.095572,0.022699,0.003438,5.69,gru,0.017240,0.011386,0.003785
2026-04-03T21:09:29.9343533Z,0.078100,0.034137,-0.000635,0.093841,0.024551,0.001805,7.70,gru,0.015741,0.009586,0.002440
2026-04-03T21:09:29.9601301Z,0.082124,0.034444,-0.000581,0.100312,0.023460,0.001904,12.74,gru,0.018188,0.010985,0.002485
2026-04-03T21:09:29.9985987Z,0.079037,0.033730,-0.000671,0.100058,0.022344,0.003289,7.27,gru,0.021021,0.011386,0.003960
2026-04-03T21:09:30.0245446Z,0.077116,0.034530,-0.001328,0.093215,0.026699,0.001518,4.06,gru,0.016100,0.007831,0.002846
2026-04-03T21:09:30.0584646Z,0.081296,0.033844,-0.000710,0.097446,0.023723,0.002647,6.96,gru,0.016150,0.010122,0.003357
2026-04-03T21:09:30.0920364Z,0.081572,0.033093,-0.000358,0.100105,0.022026,0.003529,7.58,gru,0.018534,0.011067,0.003887
2026-04-03T21:09:30.1336256Z,0.079093,0.033069,-0.000642,0.096047,0.025276,0.002187,14.24,gru,0.016954,0.007794,0.002829
2026-04-03T21:09:30.1861203Z,0.081483,0.033017,-0.000131,0.099242,0.023367,0.003494,10.15,gru,0.017759,0.009650,0.003625
2026-04-03T21:09:30.2482589Z,0.082063,0.032620,0.000076,0.099468,0.023099,0.003620,11.46,gru,0.017405,0.009521,0.003544
2026-04-03T21:09:30.2885661Z,0.083829,0.033054,0.000547,0.100040,0.024285,0.003808,7.32,gru,0.016211,0.008769,0.003261
2026-04-03T21:09:30.3306275Z,0.081704,0.034399,-0.000887,0.098487,0.027143,0.000995,6.39,gru,0.016783,0.007256,0.001882
2026-04-03T21:09:30.3628280Z,0.082698,0.033931,-0.000320,0.101720,0.023071,0.003529,6.49,gru,0.019022,0.010859,0.003849
2026-04-03T21:09:30.3817583Z,0.084408,0.035047,-0.000440,0.100678,0.025470,0.003186,4.51,gru,0.016270,0.009577,0.003626
2026-04-03T21:09:30.4159176Z,0.084436,0.033340,0.000303,0.099397,0.024633,0.003818,5.02,gru,0.014961,0.008706,0.003515
2026-04-03T21:09:30.4558039Z,0.084698,0.033865,-0.000042,0.101070,0.025180,0.003005,6.02,gru,0.016371,0.008685,0.003046
2026-04-03T21:09:30.4879558Z,0.081282,0.034507,-0.000781,0.097637,0.027806,0.001547,5.78,gru,0.016355,0.006701,0.002328
2026-04-03T21:09:30.5205170Z,0.082786,0.035050,-0.000627,0.099288,0.026277,0.002980,3.60,gru,0.016502,0.008773,0.003607
2026-04-03T21:09:30.5643935Z,0.082899,0.033618,-0.000008,0.099800,0.023136,0.004159,6.63,gru,0.016901,0.010482,0.004167
2026-04-03T21:09:30.5924130Z,0.083802,0.033535,0.000066,0.100400,0.023949,0.003182,11.60,gru,0.016598,0.009587,0.003117
2026-04-03T21:09:30.6396833Z,0.084243,0.034700,-0.000263,0.101234,0.027204,0.002213,8.23,gru,0.016991,0.007497,0.002476
2026-04-03T21:09:30.6767404Z,0.080895,0.033684,-0.000571,0.096367,0.026418,0.002704,9.01,gru,0.015472,0.007267,0.003275
2026-04-03T21:09:30.6994911Z,0.081599,0.033214,-0.000413,0.097510,0.024030,0.003174,8.23,gru,0.015911,0.009185,0.003587
2026-04-03T21:09:30.7319459Z,0.083253,0.033991,-0.000218,0.100466,0.025130,0.003117,9.67,gru,0.017213,0.008860,0.003335
2026-04-03T21:09:30.7593589Z,0.089649,0.034970,0.001272,0.105790,0.025880,0.005121,5.90,gru,0.016141,0.009090,0.003849
2026-04-03T21:09:30.7883878Z,0.097443,0.035636,0.002814,0.113405,0.025663,0.006610,5.30,gru,0.015962,0.009973,0.003796
2026-04-03T21:09:30.8189305Z,0.085918,0.034594,0.000102,0.097464,0.028772,-0.000272,7.39,gru,0.011546,0.005823,0.000374
2026-04-03T21:09:30.8468630Z,0.088881,0.034015,0.001506,0.100410,0.025304,0.005299,4.66,gru,0.011528,0.008711,0.003793
2026-04-03T21:09:30.8952677Z,0.087789,0.034050,0.001419,0.100390,0.025112,0.005651,8.17,gru,0.012601,0.008937,0.004232
2026-04-03T21:09:30.9252055Z,0.087495,0.034318,0.001033,0.098691,0.026963,0.002653,9.73,gru,0.011196,0.007355,0.001619
2026-04-03T21:09:30.9799139Z,0.081523,0.034240,-0.000512,0.093490,0.027521,0.001330,5.10,gru,0.011967,0.006719,0.001842
2026-04-03T21:09:31.0156462Z,0.079413,0.033524,-0.000414,0.091566,0.025262,0.002981,6.19,gru,0.012154,0.008263,0.003395
2026-04-03T21:09:31.0747801Z,0.081408,0.034044,-0.000653,0.094870,0.024742,0.002462,10.91,gru,0.013462,0.009302,0.003115
2026-04-03T21:09:31.1653143Z,0.079174,0.033783,-0.000764,0.093299,0.025793,0.001960,11.16,gru,0.014125,0.007989,0.002724
2026-04-03T21:09:31.2085366Z,0.081680,0.034846,-0.001068,0.096084,0.026770,0.001503,5.67,gru,0.014404,0.008076,0.002571
2026-04-03T21:09:31.2498134Z,0.091583,0.035828,0.001592,0.107205,0.025203,0.005975,8.52,gru,0.015622,0.010625,0.004383
2026-04-03T21:09:31.2985812Z,0.093322,0.035241,0.002507,0.108684,0.025089,0.006420,11.85,gru,0.015363,0.010152,0.003912
2026-04-03T21:09:31.3399118Z,0.093753,0.035198,0.002701,0.106961,0.027115,0.004555,14.57,gru,0.013208,0.008083,0.001854
2026-04-03T21:09:31.3665151Z,0.084633,0.034699,-0.000179,0.095895,0.029664,0.000115,9.92,gru,0.011262,0.005035,0.000294
2026-04-03T21:09:31.3868801Z,0.085381,0.033915,0.000119,0.095605,0.025675,0.003228,8.05,gru,0.010224,0.008239,0.003109
2026-04-03T21:09:31.4328316Z,0.079643,0.034062,-0.000834,0.091462,0.026465,0.002985,5.59,gru,0.011819,0.007598,0.003819
2026-04-03T21:09:31.4558522Z,0.079661,0.034393,-0.000892,0.091141,0.026290,0.001543,5.71,gru,0.011480,0.008104,0.002435
2026-04-03T21:09:31.4970404Z,0.076531,0.034124,-0.001292,0.090862,0.024798,0.001769,6.65,gru,0.014331,0.009326,0.003061
2026-04-03T21:09:31.5164568Z,0.073266,0.034501,-0.001869,0.087281,0.026495,0.000658,5.62,gru,0.014015,0.008005,0.002527
2026-04-03T21:09:31.5498682Z,0.073000,0.034420,-0.002017,0.086595,0.026499,0.000987,6.09,gru,0.013595,0.007921,0.003004
2026-04-03T21:09:31.5839951Z,0.072513,0.033611,-0.001699,0.090394,0.023142,0.002184,7.78,gru,0.017881,0.010470,0.003883
2026-04-03T21:09:31.6109147Z,0.073562,0.034345,-0.001804,0.092117,0.024585,0.001302,4.21,gru,0.018555,0.009760,0.003105
2026-04-03T21:09:31.6470752Z,0.074135,0.034206,-0.001458,0.093777,0.024552,0.002060,7.36,gru,0.019641,0.009654,0.003518
2026-04-03T21:09:31.6926307Z,0.076542,0.033916,-0.001217,0.095611,0.023733,0.002314,9.14,gru,0.019069,0.010183,0.003531
2026-04-03T21:09:31.7397028Z,0.077520,0.034257,-0.001189,0.097998,0.024078,0.002058,11.72,gru,0.020478,0.010179,0.003247
2026-04-03T21:09:31.7631798Z,0.078855,0.033923,-0.000973,0.098981,0.023644,0.002644,10.99,gru,0.020126,0.010279,0.003618
2026-04-03T21:09:31.7908913Z,0.079546,0.033631,-0.000563,0.098328,0.023536,0.003348,8.62,gru,0.018782,0.010095,0.003911
2026-04-03T21:09:31.8283049Z,0.079474,0.033630,-0.000720,0.098721,0.023702,0.002640,8.27,gru,0.019247,0.009929,0.003359
2026-04-03T21:09:31.8600951Z,0.089019,0.033540,0.001763,0.107805,0.020607,0.006483,6.53,gru,0.018785,0.012933,0.004720
2026-04-03T21:09:31.8899599Z,0.083735,0.033804,-0.000150,0.100982,0.025280,0.001527,7.95,gru,0.017247,0.008524,0.001677
2026-04-03T21:09:31.9193096Z,0.083709,0.033285,0.000221,0.098793,0.024934,0.002852,7.56,gru,0.015084,0.008352,0.002631
2026-04-03T21:09:31.9611749Z,0.085968,0.035104,-0.000266,0.100790,0.026622,0.003084,10.07,gru,0.014821,0.008482,0.003349
2026-04-03T21:09:32.0420265Z,0.086030,0.034318,0.000268,0.102370,0.024473,0.003656,5.48,gru,0.016340,0.009845,0.003388
2026-04-03T21:09:32.0668057Z,0.086368,0.034652,0.000099,0.101891,0.025142,0.003420,11.61,gru,0.015523,0.009510,0.003321
2026-04-03T21:09:32.1469320Z,0.086881,0.034266,0.000381,0.103235,0.024784,0.003481,14.59,gru,0.016354,0.009482,0.003100
2026-04-03T21:09:32.2003304Z,0.087919,0.034361,0.000448,0.103611,0.025322,0.003715,6.21,gru,0.015693,0.009039,0.003267
2026-04-03T21:09:32.2233386Z,0.087526,0.033852,0.000689,0.103041,0.025255,0.003998,6.14,gru,0.015515,0.008597,0.003309
2026-04-03T21:09:32.2672875Z,0.088018,0.034678,0.000415,0.103346,0.026634,0.003293,8.84,gru,0.015328,0.008045,0.002878
2026-04-03T21:09:32.2908302Z,0.088102,0.034080,0.000829,0.103279,0.025557,0.004220,8.45,gru,0.015177,0.008523,0.003391
2026-04-03T21:09:32.3241111Z,0.088372,0.034068,0.000943,0.103059,0.025435,0.004345,10.57,gru,0.014687,0.008633,0.003402
2026-04-03T21:09:32.3943089Z,0.088578,0.034194,0.000741,0.103005,0.026400,0.003338,13.21,gru,0.014426,0.007794,0.002597
2026-04-03T21:09:32.4369739Z,0.088573,0.034546,0.000759,0.102524,0.027179,0.003809,9.77,gru,0.013951,0.007367,0.003051
2026-04-03T21:09:32.4570146Z,0.088945,0.034745,0.000825,0.102437,0.027026,0.003982,7.40,gru,0.013492,0.007719,0.003157
2026-04-03T21:09:32.4987052Z,0.088803,0.034691,0.000616,0.102124,0.027028,0.003418,4.28,gru,0.013321,0.007663,0.002802
2026-04-03T21:09:32.5562578Z,0.088562,0.033619,0.001151,0.101120,0.025548,0.004680,6.57,gru,0.012558,0.008071,0.003528
2026-04-03T21:09:32.5996921Z,0.089080,0.034480,0.000824,0.101921,0.027232,0.003565,10.19,gru,0.012841,0.007249,0.002740
2026-04-03T21:09:32.6393547Z,0.089049,0.035233,0.000567,0.102215,0.028204,0.003012,8.44,gru,0.013166,0.007030,0.002444
2026-04-03T21:09:32.6530193Z,0.088422,0.035137,0.000457,0.099753,0.028358,0.003574,4.62,gru,0.011332,0.006779,0.003117
2026-04-03T21:09:32.6821972Z,0.088902,0.034561,0.000864,0.101023,0.026206,0.004324,6.09,gru,0.012121,0.008355,0.003459
2026-04-03T21:09:32.7131117Z,0.088668,0.033770,0.001121,0.100890,0.025647,0.004436,6.30,gru,0.012222,0.008123,0.003315
2026-04-03T21:09:32.7621441Z,0.088364,0.034677,0.000732,0.100188,0.028622,0.003063,9.44,gru,0.011823,0.006055,0.002331
2026-04-03T21:09:32.8223831Z,0.088213,0.033767,0.001035,0.100029,0.026588,0.004232,8.78,gru,0.011816,0.007179,0.003197
2026-04-03T21:09:32.8632515Z,0.089352,0.034488,0.000750,0.101300,0.027031,0.003521,10.49,gru,0.011948,0.007457,0.002771
2026-04-03T21:09:32.8969797Z,0.088086,0.033853,0.001117,0.099877,0.026820,0.004305,7.74,gru,0.011791,0.007033,0.003188
2026-04-03T21:09:32.9244737Z,0.088688,0.034309,0.000921,0.100225,0.027396,0.003819,4.54,gru,0.011537,0.006913,0.002898
2026-04-03T21:09:32.9561406Z,0.088640,0.034425,0.000648,0.100436,0.027586,0.003026,9.69,gru,0.011796,0.006839,0.002378
2026-04-03T21:09:32.9955235Z,0.088593,0.033716,0.001070,0.100265,0.026103,0.004623,9.11,gru,0.011671,0.007613,0.003553
2026-04-03T21:09:33.0420466Z,0.089077,0.033879,0.001153,0.100771,0.026559,0.004291,7.64,gru,0.011695,0.007320,0.003138
2026-04-03T21:09:33.1068946Z,0.089067,0.034534,0.001031,0.100636,0.028242,0.003588,9.04,gru,0.011568,0.006293,0.002557
2026-04-03T21:09:33.1297351Z,0.088923,0.034397,0.000925,0.100424,0.027434,0.003737,6.41,gru,0.011501,0.006963,0.002811
2026-04-03T21:09:33.1922396Z,0.089025,0.034426,0.000796,0.100557,0.027046,0.003666,7.46,gru,0.011532,0.007380,0.002870
2026-04-03T21:09:33.2344524Z,0.088809,0.034068,0.001151,0.100257,0.026801,0.004521,10.69,gru,0.011448,0.007267,0.003371
2026-04-03T21:09:33.2596375Z,0.088778,0.034384,0.000902,0.100257,0.027510,0.003683,9.66,gru,0.011478,0.006875,0.002781
2026-04-03T21:09:33.2990645Z,0.087590,0.033685,0.000870,0.099040,0.026583,0.003661,9.01,gru,0.011450,0.007103,0.002791
2026-04-03T21:09:33.3186980Z,0.087462,0.033997,0.000542,0.098818,0.027125,0.003297,6.50,gru,0.011355,0.006872,0.002755
2026-04-03T21:09:33.3491019Z,0.086833,0.033970,0.000298,0.098450,0.027352,0.002968,6.41,gru,0.011617,0.006619,0.002670
2026-04-03T21:09:33.3869950Z,0.086887,0.034026,0.000323,0.098773,0.026916,0.003440,8.02,gru,0.011887,0.007110,0.003117
2026-04-03T21:09:33.4339849Z,0.087511,0.034559,-0.000004,0.099564,0.027609,0.002569,6.32,gru,0.012053,0.006951,0.002573
2026-04-03T21:09:33.4581959Z,0.086373,0.033973,0.000070,0.098364,0.026766,0.003133,5.30,gru,0.011991,0.007207,0.003063
2026-04-03T21:09:33.5215938Z,0.086198,0.033607,0.000258,0.098394,0.026092,0.003671,12.10,gru,0.012196,0.007515,0.003413
2026-04-03T21:09:33.5513880Z,0.086478,0.033800,0.000154,0.098944,0.026635,0.002959,9.01,gru,0.012466,0.007166,0.002805
2026-04-03T21:09:33.5950274Z,0.086378,0.033334,0.000396,0.098812,0.026044,0.003543,12.54,gru,0.012434,0.007290,0.003147
2026-04-03T21:09:33.6311585Z,0.086680,0.034057,0.000121,0.099249,0.027125,0.002891,9.01,gru,0.012569,0.006932,0.002770
2026-04-03T21:09:33.6597638Z,0.086125,0.033493,0.000190,0.098720,0.026227,0.003186,5.81,gru,0.012595,0.007266,0.002996
2026-04-03T21:09:33.6788755Z,0.086789,0.033619,0.000365,0.099481,0.025940,0.003694,4.56,gru,0.012692,0.007678,0.003329
2026-04-03T21:09:33.7156601Z,0.087015,0.033972,0.000295,0.099818,0.026839,0.003129,6.53,gru,0.012803,0.007133,0.002834
2026-04-03T21:09:33.7485986Z,0.086915,0.033562,0.000429,0.099552,0.026082,0.003561,5.59,gru,0.012637,0.007480,0.003132
2026-04-03T21:09:33.7780596Z,0.087612,0.034515,0.000196,0.100272,0.027542,0.002966,3.35,gru,0.012660,0.006973,0.002770
2026-04-03T21:09:33.8128384Z,0.086749,0.033172,0.000590,0.099470,0.025334,0.004059,5.98,gru,0.012721,0.007838,0.003469
2026-04-03T21:09:33.8533580Z,0.086871,0.032833,0.000871,0.099519,0.024868,0.004417,7.10,gru,0.012649,0.007965,0.003546
2026-04-03T21:09:33.8894836Z,0.087204,0.033553,0.000493,0.099923,0.027080,0.002855,10.53,gru,0.012719,0.006473,0.002363
2026-04-03T21:09:33.9359455Z,0.087425,0.034335,0.000484,0.100040,0.027988,0.003328,11.94,gru,0.012616,0.006347,0.002844
2026-04-03T21:09:33.9607421Z,0.086773,0.034190,0.000018,0.099473,0.026861,0.002869,10.61,gru,0.012699,0.007330,0.002851
2026-04-03T21:09:34.0123439Z,0.086872,0.034697,-0.000139,0.099516,0.027280,0.002660,15.25,gru,0.012644,0.007417,0.002800
2026-04-03T21:09:34.0565404Z,0.086598,0.034220,0.000293,0.099490,0.026564,0.004005,12.66,gru,0.012891,0.007656,0.003713
2026-04-03T21:09:34.1108890Z,0.086962,0.034290,0.000061,0.099914,0.026721,0.002929,9.38,gru,0.012952,0.007569,0.002868
2026-04-03T21:09:34.1668775Z,0.087317,0.033725,0.000458,0.100261,0.026046,0.003598,8.74,gru,0.012944,0.007679,0.003140
2026-04-03T21:09:34.2049553Z,0.087404,0.033919,0.000299,0.100354,0.026601,0.003328,8.53,gru,0.012950,0.007318,0.003029
2026-04-03T21:09:34.2558866Z,0.087218,0.034175,0.000113,0.100089,0.027273,0.002728,5.56,gru,0.012872,0.006902,0.002615
2026-04-03T21:09:34.2892407Z,0.087463,0.034171,0.000199,0.100298,0.026774,0.003410,7.40,gru,0.012834,0.007397,0.003210
2026-04-03T21:09:34.3227662Z,0.087275,0.034497,0.000060,0.100017,0.027250,0.003007,6.47,gru,0.012741,0.007247,0.002947
2026-04-03T21:09:34.3472534Z,0.087311,0.035036,-0.000112,0.099961,0.028096,0.002637,5.81,gru,0.012650,0.006940,0.002750
2026-04-03T21:09:34.3954286Z,0.087664,0.034984,0.000284,0.100432,0.027317,0.003757,8.14,gru,0.012768,0.007667,0.003473
2026-04-03T21:09:34.4279622Z,0.090603,0.034240,0.001929,0.103386,0.025291,0.006475,4.09,gru,0.012783,0.008949,0.004546
2026-04-03T21:09:34.4673253Z,0.092867,0.034724,0.002284,0.105652,0.026866,0.005245,13.30,gru,0.012785,0.007857,0.002961
2026-04-03T21:09:34.5030452Z,0.093508,0.035133,0.002780,0.105426,0.028655,0.005388,9.80,gru,0.011917,0.006479,0.002608
2026-04-03T21:09:34.5411062Z,0.093824,0.034629,0.003086,0.105141,0.027413,0.006388,6.66,gru,0.011317,0.007216,0.003302
2026-04-03T21:09:34.5907330Z,0.095616,0.035543,0.002956,0.106582,0.028332,0.005420,7.53,gru,0.010967,0.007211,0.002464
2026-04-03T21:09:34.6563112Z,0.096271,0.035446,0.003411,0.106771,0.028419,0.006555,14.00,gru,0.010501,0.007027,0.003143
2026-04-03T21:09:34.6936107Z,0.094841,0.035188,0.003203,0.104404,0.028531,0.006083,6.76,gru,0.009562,0.006658,0.002881
2026-04-03T21:09:34.7240745Z,0.095574,0.035708,0.003149,0.104748,0.029442,0.005560,4.58,gru,0.009174,0.006266,0.002411
2026-04-03T21:09:34.7617713Z,0.095868,0.034391,0.003749,0.105163,0.026983,0.007187,6.71,gru,0.009295,0.007408,0.003439
2026-04-03T21:09:34.7872768Z,0.093413,0.035669,0.002179,0.101888,0.030806,0.003336,9.52,gru,0.008476,0.004863,0.001157
2026-04-03T21:09:34.8248462Z,0.092098,0.034413,0.002211,0.100538,0.028369,0.004707,6.38,gru,0.008439,0.006044,0.002496
2026-04-03T21:09:34.8578887Z,0.091823,0.034806,0.001951,0.100598,0.028072,0.005188,6.75,gru,0.008776,0.006734,0.003237
2026-04-03T21:09:34.8951004Z,0.091653,0.034503,0.002021,0.100647,0.028179,0.004528,7.16,gru,0.008995,0.006324,0.002507
2026-04-03T21:09:34.9248828Z,0.091371,0.034507,0.001500,0.100578,0.028258,0.003737,5.61,gru,0.009207,0.006249,0.002237
2026-04-03T21:09:34.9611021Z,0.090949,0.033751,0.001711,0.100359,0.027204,0.004523,11.19,gru,0.009410,0.006547,0.002812
2026-04-03T21:09:35.0032863Z,0.091350,0.034282,0.001645,0.100840,0.028298,0.004505,11.26,gru,0.009490,0.005984,0.002861
2026-04-03T21:09:35.0248949Z,0.091056,0.034252,0.001590,0.100614,0.028598,0.004089,7.82,gru,0.009558,0.005654,0.002500
2026-04-03T21:09:35.0744138Z,0.090985,0.034879,0.001152,0.100555,0.029132,0.003451,10.66,gru,0.009570,0.005747,0.002299
2026-04-03T21:09:35.0844421Z,0.090889,0.034936,0.001200,0.100722,0.028436,0.003947,4.41,gru,0.009833,0.006500,0.002747
2026-04-03T21:09:35.1256714Z,0.090700,0.034980,0.001098,0.100321,0.028268,0.004054,7.78,gru,0.009621,0.006713,0.002956
2026-04-03T21:09:35.1670799Z,0.090887,0.034280,0.001555,0.100454,0.027223,0.004749,9.38,gru,0.009567,0.007057,0.003193
2026-04-03T21:09:35.2106014Z,0.090529,0.034165,0.001425,0.100072,0.027575,0.004175,7.92,gru,0.009543,0.006590,0.002750
2026-04-03T21:09:35.2657565Z,0.090978,0.034884,0.001151,0.100634,0.028927,0.003344,7.54,gru,0.009656,0.005957,0.002193
2026-04-03T21:09:35.2982490Z,0.091197,0.035434,0.000921,0.100852,0.029374,0.003535,8.34,gru,0.009655,0.006060,0.002614
2026-04-03T21:09:35.3285687Z,0.091060,0.034541,0.001294,0.100619,0.027333,0.004663,10.06,gru,0.009559,0.007208,0.003369
2026-04-03T21:09:35.3686065Z,0.091029,0.035393,0.001050,0.100826,0.028893,0.003701,9.41,gru,0.009797,0.006500,0.002651
2026-04-03T21:09:35.4034135Z,0.090725,0.035035,0.001147,0.100537,0.028705,0.003842,7.62,gru,0.009813,0.006330,0.002695
2026-04-03T21:09:35.4303242Z,0.091122,0.035236,0.001047,0.100763,0.028716,0.003908,5.49,gru,0.009641,0.006520,0.002861
2026-04-03T21:09:35.4622419Z,0.090385,0.034175,0.001378,0.100371,0.027130,0.004553,11.05,gru,0.009985,0.007046,0.003175
2026-04-03T21:09:35.5095416Z,0.090523,0.034692,0.001110,0.100234,0.027880,0.004668,7.26,gru,0.009711,0.006812,0.003558
2026-04-03T21:09:35.5509334Z,0.090741,0.034530,0.001221,0.100954,0.027807,0.004058,4.56,gru,0.010213,0.006722,0.002837
2026-04-03T21:09:35.5914760Z,0.090442,0.034424,0.001418,0.100680,0.027552,0.004739,4.04,gru,0.010237,0.006872,0.003321
2026-04-03T21:09:35.6277053Z,0.089993,0.034246,0.001274,0.100230,0.027502,0.003979,5.34,gru,0.010237,0.006745,0.002705
2026-04-03T21:09:35.6471381Z,0.090387,0.034960,0.000952,0.100661,0.028757,0.003280,3.66,gru,0.010274,0.006203,0.002328
2026-04-03T21:09:35.6874250Z,0.090572,0.034165,0.001390,0.101013,0.027015,0.004746,7.00,gru,0.010441,0.007150,0.003357
2026-04-03T21:09:35.7155693Z,0.090465,0.034317,0.001281,0.100856,0.027390,0.004245,3.76,gru,0.010391,0.006927,0.002964
2026-04-03T21:09:35.7479004Z,0.090362,0.034893,0.001094,0.100697,0.028956,0.003496,3.56,gru,0.010335,0.005936,0.002402
2026-04-03T21:09:35.7799678Z,0.090326,0.034347,0.001309,0.100785,0.027340,0.004488,4.58,gru,0.010459,0.007007,0.003179
2026-04-03T21:09:35.8141316Z,0.090131,0.034771,0.001419,0.100458,0.027963,0.004514,5.44,gru,0.010327,0.006807,0.003096
2026-04-03T21:09:35.8442979Z,0.095716,0.035020,0.002777,0.106455,0.027022,0.006411,3.70,gru,0.010739,0.007998,0.003634
2026-04-03T21:09:35.8906195Z,0.109565,0.036521,0.009920,0.121804,0.027342,0.018374,6.15,gru,0.012239,0.009179,0.008454
2026-04-03T21:09:35.9168708Z,0.111888,0.037203,0.010676,0.122226,0.030314,0.013416,4.34,gru,0.010338,0.006889,0.002740
2026-04-03T21:09:35.9551271Z,0.080177,0.034222,-0.000522,0.076832,0.039727,-0.017209,5.76,gru,0.003344,0.005505,0.016687
2026-04-03T21:09:35.9857739Z,0.079805,0.034173,-0.000644,0.075927,0.026758,-0.000547,8.10,gru,0.003878,0.007416,0.000096
2026-04-03T21:09:36.0301836Z,0.089197,0.034156,0.003429,0.085512,0.020673,0.009480,6.07,gru,0.003685,0.013484,0.006050
2026-04-03T21:09:36.0507918Z,0.092906,0.034801,0.005241,0.093327,0.021982,0.006142,5.84,gru,0.000420,0.012818,0.000901
2026-04-03T21:09:36.1015343Z,0.101837,0.033954,0.006129,0.105898,0.020977,0.004722,6.70,gru,0.004061,0.012977,0.001408
2026-04-03T21:09:36.1482282Z,0.117249,0.027707,0.034026,0.124325,0.019046,0.064821,6.37,gru,0.007076,0.008661,0.030795
2026-04-03T21:09:36.1866977Z,0.021668,0.041848,-0.008763,0.044324,0.099046,-0.015179,8.86,gru,0.022657,0.057199,0.006416
2026-04-03T21:09:36.2351980Z,0.021349,0.041564,-0.008318,-0.003308,0.026213,-0.026426,9.07,gru,0.024657,0.015350,0.018107
2026-04-03T21:09:36.2544028Z,0.107614,0.031437,0.014853,0.016989,0.006704,-0.005046,9.31,gru,0.090626,0.024733,0.019899
2026-04-03T21:09:36.2848852Z,0.082701,0.027040,0.000337,0.004531,-0.018172,-0.025963,6.17,gru,0.078170,0.045213,0.026300
2026-04-03T21:09:36.3158934Z,0.082776,0.026805,0.001306,-0.009750,-0.000402,-0.030582,5.04,gru,0.092527,0.027207,0.031888
2026-04-03T21:09:36.3505522Z,0.100874,0.019279,0.032015,0.011802,-0.018370,0.034670,5.94,gru,0.089071,0.037649,0.002655
2026-04-03T21:09:36.3831846Z,0.107699,0.011653,0.027231,0.065961,-0.026388,0.023225,5.84,gru,0.041738,0.038041,0.004006
2026-04-03T21:09:36.4139380Z,0.114628,0.001384,0.032000,0.086172,-0.029435,0.018057,3.46,gru,0.028456,0.030819,0.013942
2026-04-03T21:09:36.4440988Z,0.569841,-0.212215,0.070257,0.166172,-0.056152,0.045881,4.33,gru,0.403668,0.156063,0.024376
2026-04-03T21:09:36.4783098Z,0.568562,-0.228910,0.077601,0.246172,-0.102955,0.067287,4.14,gru,0.322390,0.125955,0.010314
2026-04-03T21:09:36.5160987Z,0.564599,-0.243609,0.083132,0.304263,-0.102733,0.077614,5.56,gru,0.260336,0.140876,0.005518
2026-04-03T21:09:36.5654958Z,0.560876,-0.257866,0.085427,0.320968,-0.094734,0.094480,15.36,gru,0.239908,0.163132,0.009053
2026-04-03T21:09:36.6113974Z,0.553529,-0.273318,0.089486,0.357629,-0.115514,0.101260,6.43,gru,0.195900,0.157804,0.011774
2026-04-03T21:09:36.6686523Z,0.521793,-0.301866,0.096256,0.382030,-0.120242,0.118586,11.32,gru,0.139763,0.181624,0.022329
2026-04-03T21:09:36.7607631Z,0.513541,-0.328968,0.111377,0.402038,-0.113649,0.145093,11.56,gru,0.111504,0.215319,0.033716
2026-04-03T21:09:36.8128110Z,0.500230,-0.356255,0.118982,0.412620,-0.119198,0.139625,9.44,gru,0.087610,0.237057,0.020644
2026-04-03T21:09:36.8325530Z,0.491840,-0.371226,0.126239,0.434392,-0.112352,0.138451,6.85,gru,0.057448,0.258874,0.012212
2026-04-03T21:09:36.8807496Z,0.483576,-0.383997,0.134006,0.440318,-0.107242,0.153760,6.23,gru,0.043258,0.276754,0.019754
2026-04-03T21:09:36.9089095Z,0.479971,-0.394636,0.135127,0.443164,-0.122303,0.152280,4.43,gru,0.036807,0.272333,0.017153
2026-04-03T21:09:36.9443207Z,0.475038,-0.405115,0.139632,0.448574,-0.103775,0.151160,5.88,gru,0.026465,0.301340,0.011529
2026-04-03T21:09:36.9781286Z,0.465852,-0.419318,0.148303,0.444854,-0.091812,0.168345,6.55,gru,0.020999,0.327506,0.020042
2026-04-03T21:09:37.0154851Z,0.454153,-0.421977,0.181359,0.441578,-0.082385,0.238891,5.45,gru,0.012575,0.339591,0.057533
2026-04-03T21:09:37.0490291Z,0.464712,-0.426932,0.155952,0.445169,-0.073498,0.164656,4.74,gru,0.019543,0.353434,0.008704
2026-04-03T21:09:37.1072043Z,0.547590,-0.444161,0.118011,0.499012,-0.093107,0.117570,10.25,gru,0.048578,0.351053,0.000441
2026-04-03T21:09:37.1355206Z,0.549329,-0.444423,0.115316,0.530022,-0.072805,0.175802,7.70,gru,0.019306,0.371618,0.060485
2026-04-03T21:09:37.1674762Z,0.488260,-0.411417,0.126696,0.470477,-0.024358,0.219327,8.25,gru,0.017783,0.387059,0.092631
2026-04-03T21:09:37.1948906Z,0.449712,-0.441944,0.147822,0.399456,-0.053218,0.229328,12.72,gru,0.050256,0.388727,0.081506
2026-04-03T21:09:37.2307230Z,0.495990,-0.465188,0.144343,0.429649,-0.084601,0.183147,14.94,gru,0.066340,0.380586,0.038803
2026-04-03T21:09:37.2854181Z,0.474005,-0.471343,0.158617,0.424225,-0.093302,0.187331,10.92,gru,0.049779,0.378041,0.028714
2026-04-03T21:09:37.3436495Z,0.438991,-0.486282,0.166015,0.381581,-0.082031,0.238834,11.11,gru,0.057410,0.404251,0.072819
2026-04-03T21:09:37.3707108Z,0.410770,-0.494649,0.169873,0.367149,-0.053980,0.211803,5.70,gru,0.043621,0.440669,0.041930
2026-04-03T21:09:37.4047587Z,0.372726,-0.501795,0.175398,0.342819,-0.053822,0.180906,12.25,gru,0.029907,0.447973,0.005507
2026-04-03T21:09:37.4456806Z,0.315648,-0.519396,0.218225,0.296695,-0.008752,0.260906,12.15,gru,0.018953,0.510643,0.042680
2026-04-03T21:09:37.4894589Z,0.138770,-0.483077,0.208402,0.216695,-0.013707,0.191866,7.56,gru,0.077924,0.469370,0.016536
2026-04-03T21:09:37.5309399Z,0.131629,-0.504875,0.267063,0.136695,-0.012184,0.271866,7.77,gru,0.005066,0.492691,0.004803
2026-04-03T21:09:37.5568773Z,0.110581,-0.511283,0.270816,0.137668,-0.044395,0.296622,5.99,gru,0.027087,0.466888,0.025806
2026-04-03T21:09:37.5905786Z,0.088065,-0.515571,0.281854,0.090144,-0.060677,0.271235,9.70,gru,0.002079,0.454893,0.010618
2026-04-03T21:09:37.6895126Z,0.061346,-0.526817,0.251119,0.080075,-0.064836,0.237640,13.20,gru,0.018729,0.461980,0.013479
2026-04-03T21:09:37.7246400Z,0.008470,-0.486085,0.276386,0.047050,0.015164,0.316259,10.98,gru,0.038580,0.501249,0.039872
2026-04-03T21:09:37.7607856Z,-0.057773,-0.508532,0.315434,-0.032925,0.072611,0.396259,8.65,gru,0.024848,0.581144,0.080825
2026-04-03T21:09:37.8097653Z,-0.224941,-0.518601,0.594375,-0.112925,0.097817,0.476259,9.74,gru,0.112016,0.616417,0.118116
2026-04-03T21:09:37.8630478Z,-0.305556,-0.530857,0.560206,-0.108632,0.017817,0.470816,6.90,gru,0.196924,0.548673,0.089390
2026-04-03T21:09:37.8967942Z,-0.263021,-0.476229,0.590516,-0.154132,0.084289,0.550816,7.19,gru,0.108889,0.560518,0.039700
2026-04-03T21:09:37.9251874Z,-0.275239,-0.452675,0.588214,-0.160066,0.055222,0.576648,11.74,gru,0.115173,0.507897,0.011566
2026-04-03T21:09:37.9667594Z,-0.193201,-0.367538,0.589967,-0.089715,0.070379,0.555091,7.52,gru,0.103486,0.437916,0.034876
2026-04-03T21:09:37.9881334Z,-0.223972,-0.366898,0.597423,-0.169715,0.039569,0.556184,6.27,gru,0.054257,0.406467,0.041239
2026-04-03T21:09:38.0261987Z,-0.246880,-0.367604,0.602966,-0.235230,0.070280,0.569639,6.27,gru,0.011650,0.437884,0.033327
2026-04-03T21:09:38.0547637Z,-0.258020,-0.366653,0.602871,-0.202713,0.087340,0.521048,7.75,gru,0.055308,0.453993,0.081823
2026-04-03T21:09:38.0905515Z,-0.275272,-0.362588,0.613900,-0.201996,0.116280,0.543421,7.33,gru,0.073276,0.478867,0.070480
2026-04-03T21:09:38.1297551Z,-0.286189,-0.359794,0.619452,-0.216236,0.110789,0.552294,6.75,gru,0.069954,0.470583,0.067159
2026-04-03T21:09:38.1509167Z,-0.294627,-0.357831,0.621104,-0.203209,0.114831,0.528993,5.37,gru,0.091418,0.472661,0.092111
2026-04-03T21:09:38.1810377Z,-0.303611,-0.357162,0.621074,-0.207076,0.124420,0.525794,8.18,gru,0.096535,0.481582,0.095279
2026-04-03T21:09:38.2129924Z,-0.313752,-0.356139,0.619296,-0.208907,0.146154,0.520954,4.20,gru,0.104845,0.502293,0.098341
2026-04-03T21:09:38.2534114Z,-0.324987,-0.355736,0.614046,-0.210673,0.157093,0.514792,7.91,gru,0.114315,0.512829,0.099254
2026-04-03T21:09:38.2836827Z,-0.341483,-0.355609,0.613219,-0.212790,0.175045,0.514994,6.25,gru,0.128694,0.530653,0.098225
2026-04-03T21:09:38.3235032Z,-0.428867,-0.406791,0.521991,-0.185914,0.105544,0.434994,7.08,gru,0.242953,0.512334,0.086997
2026-04-03T21:09:38.3485917Z,-0.427838,-0.399049,0.496400,-0.184417,0.185544,0.384603,5.59,gru,0.243421,0.584593,0.111797
2026-04-03T21:09:38.3808529Z,-0.434060,-0.390467,0.494235,-0.197555,0.265544,0.454753,5.79,gru,0.236505,0.656011,0.039483
2026-04-03T21:09:38.4171541Z,-0.440497,-0.379585,0.492383,-0.179227,0.225575,0.460419,4.15,gru,0.261270,0.605159,0.031964
2026-04-03T21:09:38.4562259Z,-0.462598,-0.365745,0.530910,-0.197819,0.249312,0.509092,6.14,gru,0.264778,0.615057,0.021819
2026-04-03T21:09:38.4918527Z,-0.470034,-0.353060,0.525016,-0.169762,0.197995,0.466909,7.46,gru,0.300272,0.551054,0.058108
2026-04-03T21:09:38.5221012Z,-0.478111,-0.339469,0.518808,-0.163751,0.164637,0.453550,6.30,gru,0.314360,0.504106,0.065258
2026-04-03T21:09:38.5567420Z,-0.479707,-0.324586,0.518363,-0.166278,0.175119,0.476983,6.72,gru,0.313430,0.499705,0.041380
2026-04-03T21:09:38.5938586Z,-0.482214,-0.311026,0.516682,-0.152918,0.151225,0.470550,9.80,gru,0.329296,0.462251,0.046133
2026-04-03T21:09:38.6270798Z,-0.481974,-0.299448,0.516819,-0.154466,0.124727,0.470193,5.57,gru,0.327507,0.424175,0.046625
2026-04-03T21:09:38.6542167Z,-0.483249,-0.288630,0.515072,-0.156109,0.107762,0.466683,6.49,gru,0.327140,0.396392,0.048389
2026-04-03T21:09:38.7095643Z,-0.484003,-0.280519,0.512790,-0.151508,0.104380,0.464121,5.29,gru,0.332494,0.384899,0.048669
2026-04-03T21:09:38.7421237Z,-0.483289,-0.274232,0.510967,-0.162177,0.088428,0.463276,8.61,gru,0.321112,0.362660,0.047691
2026-04-03T21:09:38.7984020Z,-0.486053,-0.265401,0.511649,-0.167816,0.087802,0.467604,6.42,gru,0.318236,0.353203,0.044045
2026-04-03T21:09:38.8498817Z,-0.481184,-0.264626,0.509470,-0.163301,0.068489,0.460698,8.43,gru,0.317883,0.333116,0.048772
2026-04-03T21:09:38.9062169Z,-0.480629,-0.263142,0.508606,-0.165133,0.067248,0.461499,6.20,gru,0.315495,0.330390,0.047107
2026-04-03T21:09:38.9320872Z,-0.685800,-0.111611,0.471382,-0.245133,0.147248,0.382189,7.59,gru,0.440666,0.258859,0.089193
2026-04-03T21:09:38.9609287Z,-0.684667,-0.105000,0.482187,-0.265340,0.067248,0.406473,10.80,gru,0.419327,0.172248,0.075715
2026-04-03T21:09:38.9841914Z,-0.654174,-0.098731,0.449966,-0.287863,0.023657,0.398649,5.00,gru,0.366311,0.122389,0.051318
2026-04-03T21:09:39.0247074Z,-0.650946,-0.093066,0.448898,-0.323616,0.092861,0.395383,9.93,gru,0.327330,0.185927,0.053516
2026-04-03T21:09:39.0655404Z,-0.647697,-0.084888,0.446449,-0.308547,0.123295,0.412659,10.53,gru,0.339149,0.208183,0.033790
2026-04-03T21:09:39.0971780Z,-0.644371,-0.075090,0.443165,-0.287339,0.086381,0.391812,7.80,gru,0.357032,0.161471,0.051353
2026-04-03T21:09:39.1157359Z,-0.640867,-0.063253,0.438690,-0.285574,0.103075,0.386952,3.82,gru,0.355293,0.166328,0.051737
2026-04-03T21:09:39.1510346Z,-0.636528,-0.046873,0.431495,-0.288812,0.131826,0.382440,6.03,gru,0.347717,0.178700,0.049055
2026-04-03T21:09:39.1823781Z,-0.647978,0.038723,0.417617,-0.302937,0.211826,0.364095,5.89,gru,0.345041,0.173103,0.053521
2026-04-03T21:09:39.2284876Z,-0.645367,0.069174,0.407791,-0.280424,0.139366,0.358812,7.34,gru,0.364943,0.070192,0.048979
2026-04-03T21:09:39.2722274Z,-0.640178,0.092677,0.398981,-0.260939,0.135329,0.358843,4.97,gru,0.379239,0.042652,0.040138
2026-04-03T21:09:39.3265631Z,-0.630815,0.164282,0.353690,-0.268252,0.215329,0.305134,4.49,gru,0.362563,0.051047,0.048556
2026-04-03T21:09:39.3501289Z,-0.630051,0.166618,0.352462,-0.253910,0.171169,0.329633,5.73,gru,0.376140,0.004551,0.022829
2026-04-03T21:09:39.3887912Z,-0.445794,0.455187,0.145898,-0.281004,0.251169,0.249633,5.77,gru,0.164790,0.204018,0.103735
2026-04-03T21:09:39.4264440Z,-0.403555,0.500491,0.132028,-0.239231,0.331169,0.169633,4.85,gru,0.164324,0.169322,0.037605
2026-04-03T21:09:39.4545219Z,-0.390101,0.533960,0.131933,-0.299886,0.411169,0.249633,7.60,gru,0.090215,0.122791,0.117700
2026-04-03T21:09:39.4909923Z,-0.343353,0.552650,0.121290,-0.245554,0.491169,0.219808,7.69,gru,0.097800,0.061481,0.098518
2026-04-03T21:09:39.5270711Z,-0.330136,0.569841,0.119263,-0.222496,0.571169,0.179050,6.07,gru,0.107640,0.001328,0.059787
2026-04-03T21:09:39.5470188Z,-0.328484,0.601182,0.121067,-0.275708,0.606845,0.177205,5.58,gru,0.052776,0.005664,0.056139
2026-04-03T21:09:39.5854210Z,-0.318428,0.614909,0.109571,-0.241121,0.526846,0.151769,6.95,gru,0.077308,0.088063,0.042197
2026-04-03T21:09:39.6224535Z,-0.318120,0.623046,0.103230,-0.224139,0.466463,0.145077,7.28,gru,0.093980,0.156583,0.041846
2026-04-03T21:09:39.6597355Z,-0.313194,0.630637,0.091805,-0.208829,0.471030,0.124793,7.92,gru,0.104365,0.159607,0.032988
2026-04-03T21:09:39.7071863Z,-0.326863,0.633548,0.085599,-0.200502,0.469335,0.119717,8.68,gru,0.126361,0.164212,0.034118
2026-04-03T21:09:39.7247661Z,-0.311999,0.645643,0.062626,-0.182535,0.453769,0.088778,8.10,gru,0.129464,0.191874,0.026152
2026-04-03T21:09:39.7640657Z,-0.302519,0.644724,0.053812,-0.173171,0.426184,0.072404,9.59,gru,0.129348,0.218540,0.018592
2026-04-03T21:09:39.7958042Z,-0.315808,0.650778,0.047235,-0.182556,0.446643,0.094500,10.72,gru,0.133252,0.204134,0.047265
2026-04-03T21:09:39.8198022Z,-0.311329,0.651012,0.036651,-0.199745,0.480465,0.052085,5.11,gru,0.111584,0.170547,0.015434
2026-04-03T21:09:39.8534393Z,-0.307058,0.644536,0.024672,-0.195041,0.422989,0.042605,7.23,gru,0.112017,0.221547,0.017933
2026-04-03T21:09:39.8860069Z,-0.315707,0.647987,0.020728,-0.245198,0.474975,0.046646,4.77,gru,0.070509,0.173012,0.025918
2026-04-03T21:09:39.9319988Z,-0.315783,0.648557,0.018885,-0.244582,0.442927,0.046923,9.99,gru,0.071201,0.205630,0.028038
2026-04-03T21:09:39.9624520Z,-0.310516,0.624822,0.013512,-0.288948,0.454641,0.022947,8.91,gru,0.021568,0.170181,0.009435
2026-04-03T21:09:39.9903213Z,-0.308346,0.630571,0.012005,-0.225207,0.409080,0.033920,9.75,gru,0.083139,0.221492,0.021914
2026-04-03T21:09:40.0245118Z,-0.310805,0.631268,0.009646,-0.305207,0.489080,0.005669,6.68,gru,0.005597,0.142189,0.003978
2026-04-03T21:09:40.0656491Z,-0.315941,0.426698,-0.072649,-0.274631,0.551899,-0.059568,8.84,gru,0.041310,0.125200,0.013081
2026-04-03T21:09:40.0882064Z,-0.391104,0.398160,-0.080227,-0.283246,0.523880,-0.057473,3.77,gru,0.107858,0.125720,0.022754
2026-04-03T21:09:40.1264348Z,-0.306081,0.638287,0.011370,-0.220187,0.603880,0.022527,7.78,gru,0.085894,0.034407,0.011157
2026-04-03T21:09:40.1608440Z,-0.307300,0.637509,0.011471,-0.284965,0.683880,0.017004,6.72,gru,0.022335,0.046371,0.005533
2026-04-03T21:09:40.1777735Z,-0.302003,0.633420,0.010280,-0.222456,0.763880,0.028755,4.13,gru,0.079547,0.130460,0.018475
2026-04-03T21:09:40.2186589Z,-0.302560,0.632268,0.011832,-0.285492,0.843880,-0.004179,7.24,gru,0.017067,0.211611,0.016012
2026-04-03T21:09:40.2658330Z,-0.319397,0.621761,0.014047,-0.348465,0.763880,-0.004729,7.42,gru,0.029068,0.142119,0.018776
2026-04-03T21:09:40.3163399Z,-0.296218,0.626428,0.012676,-0.345521,0.723519,-0.011875,6.80,gru,0.049303,0.097090,0.024550
2026-04-03T21:09:40.3494953Z,-0.292580,0.620417,0.011219,-0.351121,0.694413,-0.021699,5.59,gru,0.058541,0.073996,0.032918
2026-04-03T21:09:40.3816390Z,-0.292082,0.617161,0.011482,-0.378342,0.698824,-0.012779,6.69,gru,0.086260,0.081663,0.024261
2026-04-03T21:09:40.4231863Z,-0.291329,0.618218,0.010113,-0.385615,0.693269,-0.006921,4.29,gru,0.094285,0.075051,0.017033
2026-04-03T21:09:40.4570678Z,-0.291615,0.618220,0.010554,-0.387758,0.702545,-0.003820,3.64,gru,0.096142,0.084324,0.014375
2026-04-03T21:09:40.5020576Z,-0.292036,0.617315,0.009669,-0.402185,0.697347,-0.003243,4.92,gru,0.110149,0.080032,0.012912
2026-04-03T21:09:40.5222949Z,-0.292665,0.617946,0.009434,-0.410165,0.685923,0.001413,5.16,gru,0.117501,0.067977,0.008020
2026-04-03T21:09:40.5556784Z,-0.296209,0.618370,0.009183,-0.416192,0.703262,0.004642,4.13,gru,0.119983,0.084892,0.004540
2026-04-03T21:09:40.5916596Z,-0.297679,0.614968,0.009570,-0.390008,0.698560,0.004596,5.12,gru,0.092329,0.083592,0.004974
2026-04-03T21:09:40.6305945Z,-0.296575,0.615691,0.008375,-0.362253,0.628988,-0.000958,9.00,gru,0.065679,0.013296,0.009333
2026-04-03T21:09:40.6676841Z,-0.354517,0.615839,0.007744,-0.442253,0.697955,0.001599,6.47,gru,0.087736,0.082116,0.006145
2026-04-03T21:09:40.6947020Z,-0.354526,0.614532,0.008360,-0.499559,0.636240,-0.016873,7.04,gru,0.145033,0.021708,0.025232
2026-04-03T21:09:40.7255013Z,-0.355331,0.612033,0.006879,-0.419559,0.556240,0.007561,8.87,gru,0.064228,0.055793,0.000682
2026-04-03T21:09:40.7632389Z,-0.356507,0.611860,0.007526,-0.339559,0.528396,0.017069,7.64,gru,0.016948,0.083464,0.009543
2026-04-03T21:09:40.8115237Z,-0.359187,0.613083,0.006145,-0.419559,0.608396,-0.007584,10.09,gru,0.060372,0.004686,0.013729
2026-04-03T21:09:40.8521077Z,-0.360127,0.612537,0.005940,-0.473016,0.656492,-0.009008,6.67,gru,0.112889,0.043955,0.014948
2026-04-03T21:09:40.8789416Z,-0.358782,0.612403,0.005575,-0.478219,0.647550,-0.010482,6.06,gru,0.119437,0.035146,0.016058
2026-04-03T21:09:40.9053436Z,-0.361512,0.612934,0.004869,-0.487474,0.651696,-0.011609,5.30,gru,0.125962,0.038762,0.016478
2026-04-03T21:09:40.9691333Z,-0.361731,0.612191,0.005559,-0.507707,0.632145,-0.012022,8.19,gru,0.145976,0.019953,0.017581
2026-04-03T21:09:41.0197400Z,-0.365724,0.614270,0.003851,-0.502125,0.639889,-0.015875,6.20,gru,0.136401,0.025619,0.019726
2026-04-03T21:09:41.0534014Z,-0.366435,0.613780,0.004258,-0.514701,0.621579,-0.018136,5.61,gru,0.148267,0.007799,0.022394
2026-04-03T21:09:41.0838663Z,-0.367718,0.616229,0.005009,-0.518679,0.617020,-0.016364,4.41,gru,0.150961,0.000790,0.021373
2026-04-03T21:09:41.1239854Z,-0.366144,0.613893,0.004321,-0.512386,0.614097,-0.019631,9.86,gru,0.146242,0.000204,0.023952
2026-04-03T21:09:41.1582057Z,-0.366490,0.615688,0.003361,-0.517070,0.619396,-0.021473,11.57,gru,0.150580,0.003709,0.024834
2026-04-03T21:09:41.2020045Z,-0.369317,0.614502,0.003850,-0.525706,0.617279,-0.019435,7.38,gru,0.156389,0.002777,0.023285
2026-04-03T21:09:41.2308345Z,-0.370877,0.618555,0.003841,-0.523012,0.621166,-0.019919,8.95,gru,0.152135,0.002611,0.023759
2026-04-03T21:09:41.2648692Z,-0.369418,0.615633,0.003277,-0.515170,0.615654,-0.021152,4.02,gru,0.145752,0.000021,0.024429
2026-04-03T21:09:41.3001348Z,-0.369533,0.616295,0.002997,-0.524518,0.607263,-0.023113,7.57,gru,0.154985,0.009032,0.026110
2026-04-03T21:09:41.3456315Z,-0.369419,0.615082,0.003757,-0.523373,0.614028,-0.019790,8.78,gru,0.153954,0.001053,0.023547
2026-04-03T21:09:41.3726215Z,-0.369548,0.616094,0.003197,-0.533332,0.631420,-0.019023,6.87,gru,0.163784,0.015326,0.022220
2026-04-03T21:09:41.3849128Z,-0.369603,0.616103,0.002907,-0.535656,0.628454,-0.020421,5.78,gru,0.166054,0.012351,0.023328
2026-04-03T21:09:41.4129732Z,-0.369511,0.616032,0.003303,-0.542346,0.618816,-0.020408,4.71,gru,0.172835,0.002784,0.023711
2026-04-03T21:09:41.4553260Z,-0.370500,0.615178,0.002949,-0.542852,0.620312,-0.021169,8.87,gru,0.172353,0.005134,0.024118
2026-04-03T21:09:41.4881381Z,-0.369041,0.615599,0.003184,-0.543003,0.622264,-0.021214,8.31,gru,0.173962,0.006665,0.024398
2026-04-03T21:09:41.5177419Z,-0.370108,0.615723,0.003075,-0.545550,0.622793,-0.021316,4.57,gru,0.175442,0.007070,0.024391
2026-04-03T21:09:41.5469827Z,-0.369971,0.615616,0.003312,-0.545780,0.620936,-0.021539,4.69,gru,0.175809,0.005320,0.024851
2026-04-03T21:09:41.5778005Z,-0.369463,0.615066,0.003153,-0.546090,0.619042,-0.022223,6.08,gru,0.176627,0.003975,0.025376
2026-04-03T21:09:41.6127164Z,-0.369094,0.614158,0.004045,-0.547097,0.619141,-0.020384,6.95,gru,0.178003,0.004983,0.024429
2026-04-03T21:09:41.6441636Z,-0.369281,0.615697,0.003655,-0.546913,0.627626,-0.021327,3.34,gru,0.177632,0.011929,0.024982
2026-04-03T21:09:41.6799021Z,-0.368964,0.614828,0.003185,-0.545078,0.625577,-0.022503,4.07,gru,0.176114,0.010749,0.025688
2026-04-03T21:09:41.7134496Z,-0.368307,0.614742,0.003972,-0.541025,0.630574,-0.018731,5.01,gru,0.172718,0.015832,0.022703
2026-04-03T21:09:41.7454141Z,-0.369062,0.614851,0.003464,-0.546063,0.626841,-0.021520,4.61,gru,0.177001,0.011991,0.024985
2026-04-03T21:09:41.7829670Z,-0.368220,0.615494,0.003528,-0.544106,0.628999,-0.021594,6.96,gru,0.175887,0.013505,0.025122
2026-04-03T21:09:41.8453419Z,-0.368774,0.614538,0.003577,-0.544537,0.627313,-0.020467,7.63,gru,0.175763,0.012774,0.024043
2026-04-03T21:09:41.8948499Z,-0.368847,0.616205,0.003090,-0.538484,0.641199,-0.020242,8.07,gru,0.169637,0.024994,0.023331
2026-04-03T21:09:41.9371052Z,-0.368427,0.615606,0.003705,-0.544076,0.629770,-0.020254,6.25,gru,0.175649,0.014164,0.023959
2026-04-03T21:09:41.9523435Z,-0.368787,0.615262,0.003557,-0.543006,0.630517,-0.020372,7.69,gru,0.174218,0.015255,0.023930
2026-04-03T21:09:41.9905413Z,-0.364898,0.612808,0.004495,-0.542244,0.622158,-0.020245,8.04,gru,0.177346,0.009350,0.024740
2026-04-03T21:09:42.0242409Z,-0.364440,0.614366,0.003696,-0.540348,0.632316,-0.021050,10.05,gru,0.175907,0.017950,0.024746
2026-04-03T21:09:42.0530476Z,-0.365363,0.613178,0.004451,-0.541052,0.632378,-0.018865,7.19,gru,0.175690,0.019200,0.023316
2026-04-03T21:09:42.0777920Z,-0.364673,0.613933,0.004376,-0.539705,0.628620,-0.019462,4.39,gru,0.175032,0.014687,0.023839
2026-04-03T21:09:42.1304617Z,-0.364878,0.614130,0.004267,-0.541392,0.628550,-0.020955,12.19,gru,0.176514,0.014420,0.025222
2026-04-03T21:09:42.1659366Z,-0.358876,0.612630,0.005362,-0.536766,0.622797,-0.019225,9.64,gru,0.177890,0.010167,0.024586
2026-04-03T21:09:42.1917436Z,-0.357688,0.612591,0.005879,-0.534703,0.629110,-0.017897,5.59,gru,0.177015,0.016520,0.023777
2026-04-03T21:09:42.2198626Z,-0.356980,0.610744,0.006456,-0.533786,0.629117,-0.017110,6.73,gru,0.176806,0.018373,0.023567
2026-04-03T21:09:42.2581373Z,-0.356908,0.610692,0.006240,-0.533668,0.624263,-0.018468,5.29,gru,0.176760,0.013570,0.024708
2026-04-03T21:09:42.2908099Z,-0.360097,0.614734,0.005926,-0.534735,0.635620,-0.017952,5.48,gru,0.174638,0.020886,0.023878
2026-04-03T21:09:42.3445060Z,-0.354630,0.610902,0.006974,-0.529128,0.620982,-0.017389,7.30,gru,0.174498,0.010080,0.024362
2026-04-03T21:09:42.3742656Z,-0.356833,0.611448,0.006334,-0.531271,0.625597,-0.018301,6.38,gru,0.174438,0.014149,0.024634
2026-04-03T21:09:42.4317393Z,-0.353904,0.612669,0.008526,-0.529644,0.631113,-0.013570,11.19,gru,0.175740,0.018444,0.022097
2026-04-03T21:09:42.4893661Z,-0.351894,0.609921,0.007858,-0.525606,0.620176,-0.017016,10.06,gru,0.173712,0.010255,0.024874
2026-04-03T21:09:42.5221054Z,-0.352654,0.610132,0.007614,-0.524438,0.628789,-0.017152,8.59,gru,0.171784,0.018657,0.024766
2026-04-03T21:09:42.5503342Z,-0.351387,0.610507,0.007184,-0.524904,0.625855,-0.016541,7.32,gru,0.173518,0.015348,0.023725
2026-04-03T21:09:42.5932836Z,-0.357155,0.611510,0.006124,-0.525554,0.634133,-0.017055,7.87,gru,0.168398,0.022623,0.023179
2026-04-03T21:09:42.6559496Z,-0.352535,0.610089,0.006674,-0.523683,0.622107,-0.017000,8.39,gru,0.171148,0.012018,0.023674
2026-04-03T21:09:42.6977956Z,-0.351835,0.610269,0.007684,-0.523661,0.622012,-0.014935,9.64,gru,0.171826,0.011743,0.022618
2026-04-03T21:09:42.7314877Z,-0.351878,0.610728,0.007463,-0.525448,0.625106,-0.016455,9.30,gru,0.173570,0.014379,0.023918
2026-04-03T21:09:42.7553349Z,-0.352237,0.610573,0.007588,-0.522841,0.622081,-0.016143,5.90,gru,0.170604,0.011508,0.023731
2026-04-03T21:09:42.7961218Z,-0.352942,0.609856,0.007580,-0.524344,0.619359,-0.015631,7.57,gru,0.171402,0.009502,0.023211
2026-04-03T21:09:42.8245296Z,-0.353471,0.608794,0.008095,-0.524009,0.620218,-0.014547,9.28,gru,0.170538,0.011424,0.022643
2026-04-03T21:09:42.8734844Z,-0.351455,0.610430,0.007011,-0.521781,0.622797,-0.017386,10.45,gru,0.170326,0.012367,0.024396
2026-04-03T21:09:42.9024186Z,-0.353779,0.609812,0.007014,-0.523527,0.619865,-0.016380,10.91,gru,0.169748,0.010053,0.023394
2026-04-03T21:09:42.9294311Z,-0.352447,0.610873,0.006946,-0.522397,0.617913,-0.016127,13.04,gru,0.169951,0.007040,0.023073
2026-04-03T21:09:42.9672471Z,-0.352126,0.610479,0.007073,-0.524276,0.610866,-0.017364,9.07,gru,0.172150,0.000386,0.024437
2026-04-03T21:09:43.0111864Z,-0.352796,0.610496,0.006708,-0.523373,0.615393,-0.016820,7.11,gru,0.170576,0.004897,0.023528
2026-04-03T21:09:43.0381409Z,-0.351645,0.608761,0.007496,-0.518149,0.619769,-0.014302,8.29,gru,0.166505,0.011008,0.021798
2026-04-03T21:09:43.0514051Z,-0.351729,0.609764,0.007267,-0.523515,0.613118,-0.016366,7.44,gru,0.171786,0.003354,0.023632
2026-04-03T21:09:43.0807417Z,-0.351832,0.609156,0.007435,-0.522150,0.615322,-0.015951,5.12,gru,0.170318,0.006166,0.023386
2026-04-03T21:09:43.1142270Z,-0.349612,0.609731,0.009070,-0.515892,0.617027,-0.011772,6.02,gru,0.166279,0.007295,0.020842
2026-04-03T21:09:43.1631113Z,-0.352736,0.610377,0.007065,-0.521183,0.615286,-0.017976,5.97,gru,0.168446,0.004909,0.025040
2026-04-03T21:09:43.1821297Z,-0.352479,0.609268,0.007073,-0.522049,0.609797,-0.017468,4.57,gru,0.169570,0.000529,0.024540
2026-04-03T21:09:43.2256728Z,-0.349768,0.608396,0.007784,-0.521032,0.605898,-0.015231,7.06,gru,0.171265,0.002498,0.023015
2026-04-03T21:09:43.2662770Z,-0.353639,0.609924,0.007137,-0.524106,0.620850,-0.016369,11.97,gru,0.170467,0.010926,0.023505
2026-04-03T21:09:43.2990132Z,-0.351331,0.609683,0.007235,-0.522972,0.608832,-0.017387,11.06,gru,0.171641,0.000851,0.024622
2026-04-03T21:09:43.3508923Z,-0.351207,0.609187,0.007143,-0.520959,0.607550,-0.016981,14.49,gru,0.169752,0.001637,0.024125
2026-04-03T21:09:43.4124642Z,-0.349596,0.609881,0.007232,-0.520165,0.613989,-0.016465,11.09,gru,0.170569,0.004108,0.023697
2026-04-03T21:09:43.4306276Z,-0.350659,0.609290,0.007761,-0.520631,0.612641,-0.014797,10.15,gru,0.169971,0.003350,0.022558
2026-04-03T21:09:43.4732959Z,-0.349684,0.608903,0.007892,-0.521293,0.608428,-0.015842,8.19,gru,0.171610,0.000475,0.023734
2026-04-03T21:09:43.4876375Z,-0.350278,0.609999,0.007282,-0.522043,0.609731,-0.017479,7.70,gru,0.171764,0.000268,0.024761
2026-04-03T21:09:43.5244793Z,-0.347208,0.607206,0.008373,-0.519330,0.604801,-0.015172,6.76,gru,0.172122,0.002405,0.023545
2026-04-03T21:09:43.5630640Z,-0.351084,0.608501,0.008232,-0.522360,0.612602,-0.014425,8.94,gru,0.171277,0.004102,0.022657
2026-04-03T21:09:43.5913933Z,-0.349233,0.609198,0.007914,-0.518772,0.613685,-0.016512,4.73,gru,0.169539,0.004486,0.024427
2026-04-03T21:09:43.6298417Z,-0.350237,0.608543,0.007781,-0.519530,0.608671,-0.016273,7.36,gru,0.169293,0.000129,0.024054
2026-04-03T21:09:43.6565470Z,-0.348849,0.609646,0.007399,-0.520304,0.612296,-0.016936,6.46,gru,0.171455,0.002650,0.024335
2026-04-03T21:09:43.6943620Z,-0.348032,0.607100,0.008730,-0.520864,0.602220,-0.014474,6.69,gru,0.172832,0.004880,0.023203
2026-04-03T21:09:43.7355138Z,-0.347033,0.607917,0.008089,-0.519099,0.608450,-0.016274,7.94,gru,0.172066,0.000533,0.024363
2026-04-03T21:09:43.7573124Z,-0.347564,0.608900,0.008135,-0.519390,0.610474,-0.016417,6.22,gru,0.171827,0.001574,0.024552
2026-04-03T21:09:43.7993560Z,-0.349671,0.607729,0.008416,-0.517308,0.610157,-0.013474,16.57,gru,0.167637,0.002428,0.021890
2026-04-03T21:09:43.8315687Z,-0.347641,0.608833,0.008070,-0.517740,0.608886,-0.016529,11.35,gru,0.170099,0.000052,0.024599
2026-04-03T21:09:43.8676867Z,-0.347114,0.607985,0.008177,-0.519671,0.605491,-0.016350,9.25,gru,0.172557,0.002494,0.024528
2026-04-03T21:09:43.9467676Z,-0.345850,0.606071,0.009472,-0.518872,0.601565,-0.013244,10.79,gru,0.173022,0.004507,0.022716
2026-04-03T21:09:43.9674146Z,-0.348725,0.608228,0.007952,-0.518960,0.614326,-0.016601,8.49,gru,0.170235,0.006097,0.024554
2026-04-03T21:09:43.9949022Z,-0.347893,0.609075,0.007914,-0.517841,0.610002,-0.016705,11.57,gru,0.169948,0.000927,0.024619
2026-04-03T21:09:44.0416683Z,-0.352528,0.609505,0.007216,-0.521702,0.609261,-0.015991,11.64,gru,0.169173,0.000244,0.023207
2026-04-03T21:09:44.0591137Z,-0.351988,0.609797,0.007251,-0.520575,0.608797,-0.016749,8.21,gru,0.168586,0.001000,0.024000
2026-04-03T21:09:44.0798759Z,-0.352075,0.607420,0.007793,-0.521966,0.601299,-0.015580,7.47,gru,0.169891,0.006122,0.023373
2026-04-03T21:09:44.1133057Z,-0.354067,0.610318,0.008680,-0.523906,0.612977,-0.013388,3.69,gru,0.169839,0.002659,0.022068
2026-04-03T21:09:44.1537402Z,-0.354366,0.609279,0.006908,-0.522707,0.608574,-0.018752,4.52,gru,0.168341,0.000705,0.025660
2026-04-03T21:09:44.1922464Z,-0.352951,0.609495,0.007273,-0.524606,0.598427,-0.018059,5.68,gru,0.171655,0.011068,0.025331
2026-04-03T21:09:44.2251658Z,-0.354459,0.609533,0.007203,-0.525053,0.608665,-0.015205,7.52,gru,0.170594,0.000868,0.022408
2026-04-03T21:09:44.2549459Z,-0.354011,0.609466,0.007311,-0.524940,0.606879,-0.016819,5.12,gru,0.170929,0.002587,0.024130
2026-04-03T21:09:44.2896516Z,-0.352404,0.611415,0.008582,-0.525418,0.607030,-0.014686,5.50,gru,0.173014,0.004385,0.023268
2026-04-03T21:09:44.3470675Z,-0.351965,0.611990,0.008650,-0.522935,0.610941,-0.015417,15.84,gru,0.170970,0.001049,0.024068
2026-04-03T21:09:44.3789947Z,-0.352441,0.611549,0.008905,-0.523950,0.603744,-0.015629,8.01,gru,0.171509,0.007805,0.024533
2026-04-03T21:09:44.4294389Z,-0.351859,0.610442,0.009420,-0.523317,0.602452,-0.014378,9.37,gru,0.171458,0.007990,0.023798
2026-04-03T21:09:44.4714339Z,-0.351239,0.612074,0.010190,-0.520831,0.609534,-0.012944,8.55,gru,0.169592,0.002540,0.023134
2026-04-03T21:09:44.5173732Z,-0.328006,0.610457,0.013057,-0.510136,0.588874,-0.014691,5.55,gru,0.182130,0.021583,0.027748
2026-04-03T21:09:44.5559097Z,-0.324529,0.609615,0.014343,-0.501416,0.608409,-0.009623,4.91,gru,0.176887,0.001206,0.023966
2026-04-03T21:09:44.5869958Z,-0.343046,0.610311,0.013109,-0.520052,0.631515,-0.009821,4.99,gru,0.177006,0.021204,0.022930
2026-04-03T21:09:44.6131149Z,-0.333452,0.610000,0.014397,-0.510507,0.583870,-0.012325,4.29,gru,0.177055,0.026130,0.026722
2026-04-03T21:09:44.6596801Z,-0.342098,0.610665,0.012643,-0.506811,0.603238,-0.012176,13.00,gru,0.164712,0.007426,0.024819
2026-04-03T21:09:44.7014801Z,-0.345871,0.611756,0.011397,-0.509229,0.620152,-0.012276,13.36,gru,0.163358,0.008396,0.023673
2026-04-03T21:09:44.7263706Z,-0.326196,0.608422,0.014365,-0.499751,0.586781,-0.012524,6.01,gru,0.173554,0.021641,0.026889
2026-04-03T21:09:44.7689687Z,-0.332926,0.607649,0.014057,-0.499382,0.614358,-0.008017,8.22,gru,0.166456,0.006709,0.022074
2026-04-03T21:09:44.7946329Z,-0.347665,0.612419,0.010883,-0.513207,0.634746,-0.014667,11.10,gru,0.165542,0.022328,0.025550
2026-04-03T21:09:44.8386208Z,-0.348836,0.611757,0.010374,-0.508775,0.603685,-0.014011,12.38,gru,0.159939,0.008072,0.024384
2026-04-03T21:09:44.8672743Z,-0.347722,0.612160,0.010803,-0.512255,0.598935,-0.013010,12.05,gru,0.164533,0.013225,0.023812
2026-04-03T21:09:44.9010408Z,-0.348702,0.611429,0.010659,-0.514359,0.612210,-0.012291,15.19,gru,0.165657,0.000781,0.022950
2026-04-03T21:09:44.9726730Z,-0.348685,0.612036,0.009864,-0.515114,0.611026,-0.014212,9.06,gru,0.166430,0.001009,0.024076
2026-04-03T21:09:44.9982917Z,-0.350110,0.612242,0.010073,-0.512347,0.609830,-0.011951,8.32,gru,0.162236,0.002412,0.022024
2026-04-03T21:09:45.0566303Z,-0.343772,0.610238,0.011267,-0.502230,0.606101,-0.009732,5.17,gru,0.158457,0.004138,0.020999
2026-04-03T21:09:45.1035517Z,-0.348896,0.610316,0.010262,-0.507012,0.619752,-0.010744,13.95,gru,0.158115,0.009437,0.021007
2026-04-03T21:09:45.1321770Z,-0.345272,0.609750,0.011305,-0.507441,0.613812,-0.009220,6.43,gru,0.162169,0.004062,0.020525
2026-04-03T21:09:45.1522480Z,-0.349661,0.611970,0.010031,-0.510942,0.615100,-0.011457,5.61,gru,0.161281,0.003131,0.021488
2026-04-03T21:09:45.1904726Z,-0.348339,0.613044,0.009363,-0.506720,0.620365,-0.012589,6.12,gru,0.158381,0.007321,0.021951
2026-04-03T21:09:45.2240555Z,-0.348574,0.611074,0.010223,-0.499296,0.604784,-0.009588,6.79,gru,0.150722,0.006290,0.019811
2026-04-03T21:09:45.2678722Z,-0.344673,0.611088,0.011198,-0.494145,0.606976,-0.008285,7.87,gru,0.149472,0.004113,0.019483
2026-04-03T21:09:45.2817740Z,-0.344085,0.610543,0.010956,-0.498598,0.613697,-0.009830,4.53,gru,0.154514,0.003153,0.020786
2026-04-03T21:09:45.3211569Z,-0.348099,0.611689,0.009527,-0.501911,0.618861,-0.011870,7.94,gru,0.153811,0.007172,0.021396
2026-04-03T21:09:45.3502726Z,-0.347644,0.613070,0.009210,-0.502732,0.615904,-0.011789,8.35,gru,0.155088,0.002834,0.020999
2026-04-03T21:09:45.3839230Z,-0.348396,0.611947,0.009668,-0.501878,0.613752,-0.009820,5.91,gru,0.153482,0.001804,0.019487
2026-04-03T21:09:45.4148693Z,-0.349584,0.611363,0.009219,-0.501907,0.604631,-0.012211,6.78,gru,0.152323,0.006732,0.021430
2026-04-03T21:09:45.4616891Z,-0.349223,0.611777,0.009671,-0.504467,0.606289,-0.011470,4.54,gru,0.155244,0.005488,0.021141
2026-04-03T21:09:45.5118690Z,-0.347200,0.611434,0.009846,-0.502229,0.616913,-0.010487,3.56,gru,0.155028,0.005479,0.020333
2026-04-03T21:09:45.5513303Z,-0.349947,0.612230,0.009929,-0.505984,0.621203,-0.010184,7.18,gru,0.156037,0.008973,0.020112
2026-04-03T21:09:45.5831627Z,-0.348369,0.611901,0.009360,-0.503117,0.618040,-0.011750,4.17,gru,0.154748,0.006139,0.021110
2026-04-03T21:09:45.6353155Z,-0.348856,0.611726,0.009760,-0.506079,0.615552,-0.010954,9.73,gru,0.157223,0.003826,0.020714
2026-04-03T21:09:45.6663221Z,-0.350281,0.611121,0.009748,-0.507586,0.619318,-0.010140,6.22,gru,0.157305,0.008196,0.019888
2026-04-03T21:09:45.6931910Z,-0.349247,0.611367,0.009695,-0.507164,0.616686,-0.011692,5.61,gru,0.157917,0.005319,0.021387
2026-04-03T21:09:45.7388552Z,-0.350695,0.611415,0.009517,-0.507740,0.614144,-0.011570,9.06,gru,0.157044,0.002729,0.021088
2026-04-03T21:09:45.7512138Z,-0.345377,0.610718,0.010625,-0.506377,0.608504,-0.010865,8.25,gru,0.161001,0.002214,0.021490
2026-04-03T21:09:45.7872919Z,-0.326566,0.607819,0.012800,-0.494130,0.594598,-0.011495,5.82,gru,0.167564,0.013222,0.024295
2026-04-03T21:09:45.8197242Z,-0.327685,0.607676,0.013293,-0.493685,0.624591,-0.007290,6.58,gru,0.166000,0.016915,0.020583
2026-04-03T21:09:45.8564786Z,-0.323517,0.606666,0.013672,-0.488055,0.622243,-0.007425,6.23,gru,0.164539,0.015576,0.021096
2026-04-03T21:09:45.8898324Z,-0.348417,0.612330,0.009577,-0.505952,0.635730,-0.012430,6.22,gru,0.157535,0.023401,0.022007
2026-04-03T21:09:45.9243270Z,-0.324806,0.606554,0.013770,-0.495903,0.588398,-0.011788,9.34,gru,0.171097,0.018155,0.025558
2026-04-03T21:09:45.9670848Z,-0.343842,0.611916,0.010343,-0.501346,0.624237,-0.011199,13.89,gru,0.157504,0.012320,0.021541
2026-04-03T21:09:46.0242461Z,-0.344240,0.611046,0.010239,-0.505939,0.634745,-0.012858,6.66,gru,0.161699,0.023699,0.023097
2026-04-03T21:09:46.0610224Z,-0.349133,0.611254,0.009831,-0.507232,0.608273,-0.013401,12.55,gru,0.158099,0.002981,0.023232
2026-04-03T21:09:46.1230220Z,-0.349453,0.612281,0.009927,-0.508672,0.621689,-0.012473,5.86,gru,0.159220,0.009408,0.022400
2026-04-03T21:09:46.1710544Z,-0.349507,0.611069,0.009776,-0.508550,0.612885,-0.012502,5.46,gru,0.159043,0.001816,0.022277
2026-04-03T21:09:46.1894153Z,-0.349025,0.612333,0.009659,-0.508030,0.619152,-0.012101,8.62,gru,0.159005,0.006819,0.021760
2026-04-03T21:09:46.2141708Z,-0.344163,0.610850,0.010364,-0.506461,0.610685,-0.012014,3.23,gru,0.162298,0.000165,0.022378
2026-04-03T21:09:46.2457025Z,-0.348275,0.612055,0.009746,-0.509195,0.622653,-0.011196,4.07,gru,0.160921,0.010598,0.020942
2026-04-03T21:09:46.2851558Z,-0.343789,0.610364,0.010879,-0.504304,0.612663,-0.010119,4.53,gru,0.160516,0.002299,0.020999
2026-04-03T21:09:46.3510733Z,-0.343331,0.610515,0.010741,-0.501537,0.612396,-0.010066,9.14,gru,0.158206,0.001880,0.020807
2026-04-03T21:09:46.3861495Z,-0.345619,0.611098,0.010766,-0.504335,0.621135,-0.009578,8.58,gru,0.158717,0.010038,0.020344
2026-04-03T21:09:46.4185522Z,-0.346028,0.610385,0.010714,-0.508440,0.612980,-0.010587,6.98,gru,0.162412,0.002595,0.021301
2026-04-03T21:09:46.4531463Z,-0.348057,0.612510,0.009584,-0.505566,0.618593,-0.012109,7.78,gru,0.157509,0.006083,0.021693
2026-04-03T21:09:46.4788190Z,-0.345409,0.610960,0.010786,-0.503820,0.608985,-0.009848,5.10,gru,0.158411,0.001975,0.020634
2026-04-03T21:09:46.5276987Z,-0.327845,0.606535,0.013284,-0.490918,0.582031,-0.010823,4.30,gru,0.163073,0.024504,0.024107
2026-04-03T21:09:46.5837019Z,-0.338666,0.610447,0.011706,-0.501563,0.621273,-0.011544,4.96,gru,0.162897,0.010826,0.023249
2026-04-03T21:09:46.6265532Z,-0.330255,0.609437,0.013453,-0.490140,0.602868,-0.008388,9.36,gru,0.159885,0.006568,0.021841
2026-04-03T21:09:46.6503655Z,-0.339358,0.609663,0.011456,-0.495441,0.612692,-0.010386,4.54,gru,0.156083,0.003029,0.021841
2026-04-03T21:09:46.6867716Z,-0.338851,0.609526,0.011445,-0.495441,0.604256,-0.011414,8.32,gru,0.156589,0.005270,0.022859
2026-04-03T21:09:46.7345418Z,-0.344181,0.610808,0.010733,-0.497484,0.615861,-0.009421,7.46,gru,0.153303,0.005053,0.020154
2026-04-03T21:09:46.7568485Z,-0.340179,0.609215,0.011433,-0.497188,0.609787,-0.010241,4.96,gru,0.157009,0.000572,0.021674
2026-04-03T21:09:46.7955733Z,-0.340588,0.609303,0.012051,-0.497282,0.612507,-0.008387,6.07,gru,0.156695,0.003204,0.020438
2026-04-03T21:09:46.8262315Z,-0.344364,0.609469,0.010773,-0.499084,0.624026,-0.010508,4.05,gru,0.154720,0.014557,0.021281
2026-04-03T21:09:46.8574984Z,-0.347898,0.612952,0.009082,-0.501906,0.621853,-0.013141,4.91,gru,0.154008,0.008901,0.022224
2026-04-03T21:09:46.8934230Z,-0.325664,0.608320,0.013242,-0.492377,0.594882,-0.010809,8.18,gru,0.166713,0.013438,0.024051
2026-04-03T21:09:46.9226965Z,-0.339843,0.610110,0.011561,-0.502789,0.627654,-0.008893,5.23,gru,0.162946,0.017544,0.020454
2026-04-03T21:09:46.9794921Z,-0.345062,0.611197,0.010705,-0.506245,0.632782,-0.011540,6.07,gru,0.161183,0.021585,0.022246
2026-04-03T21:09:47.0018673Z,-0.345037,0.610297,0.011029,-0.504167,0.596129,-0.011988,8.19,gru,0.159130,0.014168,0.023017
2026-04-03T21:09:47.0114233Z,-0.345127,0.609278,0.010765,-0.502051,0.607717,-0.010933,4.47,gru,0.156925,0.001561,0.021697
2026-04-03T21:09:47.0599353Z,-0.344837,0.610765,0.010415,-0.500844,0.616934,-0.010522,6.71,gru,0.156007,0.006169,0.020937
2026-04-03T21:09:47.1130717Z,-0.345231,0.609285,0.010752,-0.503539,0.611123,-0.009814,4.53,gru,0.158308,0.001838,0.020566
2026-04-03T21:09:47.1488800Z,-0.346454,0.612705,0.009949,-0.501855,0.622388,-0.011059,6.18,gru,0.155401,0.009683,0.021008
2026-04-03T21:09:47.1866855Z,-0.344556,0.609273,0.010752,-0.503252,0.606495,-0.010639,8.00,gru,0.158696,0.002778,0.021391
2026-04-03T21:09:47.2169044Z,-0.344123,0.609885,0.010708,-0.500872,0.598638,-0.010911,6.02,gru,0.156749,0.011247,0.021618
2026-04-03T21:09:47.2470001Z,-0.349356,0.612657,0.009337,-0.503320,0.623141,-0.012027,4.08,gru,0.153964,0.010484,0.021363
2026-04-03T21:09:47.3010791Z,-0.350148,0.611598,0.009476,-0.502471,0.607392,-0.011403,10.04,gru,0.152323,0.004206,0.020879
2026-04-03T21:09:47.3246689Z,-0.350450,0.612163,0.009243,-0.509093,0.606200,-0.012805,6.73,gru,0.158643,0.005963,0.022048
2026-04-03T21:09:47.3552640Z,-0.323122,0.606561,0.013422,-0.492142,0.583871,-0.011661,5.20,gru,0.169020,0.022690,0.025083
2026-04-03T21:09:47.3890174Z,-0.340356,0.609613,0.011931,-0.505791,0.633945,-0.007873,4.58,gru,0.165435,0.024332,0.019804
2026-04-03T21:09:47.4244459Z,-0.327271,0.607309,0.013007,-0.493761,0.607257,-0.010503,6.43,gru,0.166491,0.000052,0.023510
2026-04-03T21:09:47.4525667Z,-0.323904,0.608293,0.012719,-0.491178,0.594579,-0.012607,4.62,gru,0.167275,0.013714,0.025326
2026-04-03T21:09:47.4793397Z,-0.339440,0.609552,0.011839,-0.505705,0.636276,-0.008159,4.08,gru,0.166266,0.026724,0.019999
2026-04-03T21:09:47.5364014Z,-0.344613,0.611161,0.010367,-0.499507,0.617847,-0.010722,8.07,gru,0.154894,0.006687,0.021089
2026-04-03T21:09:47.5710128Z,-0.345404,0.609938,0.011032,-0.497794,0.592677,-0.011645,7.74,gru,0.152390,0.017260,0.022677
2026-04-03T21:09:47.6153251Z,-0.349165,0.613200,0.009326,-0.502231,0.619516,-0.012297,6.69,gru,0.153066,0.006316,0.021623
2026-04-03T21:09:47.6572526Z,-0.349393,0.612895,0.009205,-0.501778,0.618504,-0.012038,4.52,gru,0.152385,0.005609,0.021244
2026-04-03T21:09:47.6901500Z,-0.327364,0.606024,0.013190,-0.492864,0.586351,-0.010716,6.48,gru,0.165500,0.019673,0.023906
2026-04-03T21:09:47.7252438Z,-0.340536,0.608909,0.012027,-0.504986,0.626924,-0.008922,7.08,gru,0.164449,0.018015,0.020949
2026-04-03T21:09:47.7558777Z,-0.343321,0.609652,0.010956,-0.505178,0.626203,-0.011871,4.77,gru,0.161857,0.016551,0.022827
2026-04-03T21:09:47.7893357Z,-0.339872,0.609227,0.011384,-0.506460,0.594047,-0.013554,6.19,gru,0.166588,0.015180,0.024938
2026-04-03T21:09:47.8244292Z,-0.345414,0.610374,0.010495,-0.500871,0.623586,-0.009680,4.39,gru,0.155457,0.013212,0.020175
2026-04-03T21:09:47.8644905Z,-0.343685,0.610474,0.010301,-0.503382,0.609900,-0.011728,7.23,gru,0.159697,0.000573,0.022029
2026-04-03T21:09:47.8795478Z,-0.344510,0.611322,0.010148,-0.501574,0.610682,-0.011155,4.03,gru,0.157064,0.000641,0.021303
2026-04-03T21:09:47.9299065Z,-0.324229,0.606350,0.013245,-0.489071,0.597709,-0.009944,13.66,gru,0.164842,0.008641,0.023189
2026-04-03T21:09:47.9652714Z,-0.334574,0.609687,0.012694,-0.497333,0.630669,-0.006549,8.37,gru,0.162759,0.020982,0.019242
2026-04-03T21:09:47.9886165Z,-0.328440,0.607159,0.013673,-0.493452,0.616383,-0.007796,8.23,gru,0.165012,0.009223,0.021468
2026-04-03T21:09:48.0212388Z,-0.344180,0.610345,0.010693,-0.498809,0.603748,-0.012311,6.08,gru,0.154630,0.006597,0.023004
2026-04-03T21:09:48.0748332Z,-0.344133,0.610902,0.010715,-0.501447,0.612572,-0.010890,10.12,gru,0.157315,0.001670,0.021605
2026-04-03T21:09:48.1171232Z,-0.344553,0.610951,0.010468,-0.501595,0.591927,-0.012962,4.93,gru,0.157042,0.019024,0.023430
2026-04-03T21:09:48.1533920Z,-0.344944,0.611306,0.010712,-0.496948,0.607741,-0.010863,6.36,gru,0.152003,0.003565,0.021575
2026-04-03T21:09:48.1909490Z,-0.345458,0.609569,0.010688,-0.498618,0.608000,-0.010200,7.12,gru,0.153160,0.001569,0.020889
2026-04-03T21:09:48.2264818Z,-0.323036,0.606961,0.013403,-0.489355,0.591819,-0.011306,6.68,gru,0.166319,0.015142,0.024709
2026-04-03T21:09:48.2631014Z,-0.339886,0.608258,0.012213,-0.504173,0.629478,-0.007536,9.86,gru,0.164287,0.021220,0.019749
2026-04-03T21:09:48.2975277Z,-0.340358,0.609810,0.012113,-0.499304,0.629716,-0.007910,7.64,gru,0.158946,0.019906,0.020023
2026-04-03T21:09:48.3219343Z,-0.343667,0.611007,0.010210,-0.502026,0.605930,-0.013715,6.32,gru,0.158358,0.005077,0.023926
2026-04-03T21:09:48.3564520Z,-0.345417,0.611444,0.010392,-0.505270,0.601659,-0.012016,6.02,gru,0.159852,0.009785,0.022408
2026-04-03T21:09:48.3901692Z,-0.346608,0.610690,0.010313,-0.501533,0.607313,-0.009702,6.00,gru,0.154925,0.003377,0.020015
2026-04-03T21:09:48.4272022Z,-0.349016,0.611648,0.009559,-0.503860,0.612784,-0.012058,7.20,gru,0.154844,0.001136,0.021617
2026-04-03T21:09:48.4548934Z,-0.349819,0.612316,0.009552,-0.503627,0.610294,-0.011400,7.99,gru,0.153809,0.002022,0.020952
2026-04-03T21:09:48.4898991Z,-0.323499,0.606846,0.013332,-0.495491,0.584609,-0.012313,4.42,gru,0.171992,0.022237,0.025645
2026-04-03T21:09:48.5285986Z,-0.322986,0.608638,0.012856,-0.489968,0.618638,-0.009379,6.15,gru,0.166982,0.009999,0.022236
2026-04-03T21:09:48.5609136Z,-0.339386,0.609402,0.011519,-0.508598,0.639546,-0.009958,8.66,gru,0.169213,0.030144,0.021477
2026-04-03T21:09:48.5994648Z,-0.344077,0.610457,0.010793,-0.504531,0.589694,-0.012645,7.37,gru,0.160454,0.020763,0.023438
2026-04-03T21:09:48.6164183Z,-0.324849,0.608989,0.012624,-0.496072,0.580264,-0.014314,5.59,gru,0.171223,0.028724,0.026938
2026-04-03T21:09:48.6470910Z,-0.324672,0.607058,0.013958,-0.488639,0.601309,-0.006342,6.53,gru,0.163968,0.005749,0.020300
2026-04-03T21:09:48.6810316Z,-0.318948,0.607580,0.012471,-0.483993,0.618781,-0.011312,4.75,gru,0.165045,0.011201,0.023783
2026-04-03T21:09:48.7138439Z,-0.323188,0.607064,0.012936,-0.484210,0.609871,-0.008423,3.61,gru,0.161022,0.002807,0.021358
2026-04-03T21:09:48.7509447Z,-0.321566,0.607551,0.013838,-0.483952,0.609969,-0.005647,7.91,gru,0.162386,0.002418,0.019485
2026-04-03T21:09:48.7820336Z,-0.324410,0.607958,0.012876,-0.479224,0.613239,-0.008609,4.08,gru,0.154814,0.005281,0.021485
2026-04-03T21:09:48.8150055Z,-0.324854,0.607348,0.013405,-0.482360,0.607851,-0.006814,5.68,gru,0.157506,0.000502,0.020219
2026-04-03T21:09:48.8579635Z,-0.328449,0.608653,0.013278,-0.481545,0.599903,-0.007400,8.70,gru,0.153096,0.008750,0.020678
2026-04-03T21:09:48.8863573Z,-0.338215,0.609738,0.011645,-0.491685,0.614033,-0.009586,7.44,gru,0.153470,0.004295,0.021231
2026-04-03T21:09:48.9148878Z,-0.324240,0.606875,0.013763,-0.478103,0.591928,-0.008323,6.46,gru,0.153863,0.014947,0.022086
2026-04-03T21:09:48.9436775Z,-0.319559,0.606798,0.013524,-0.470891,0.605948,-0.007261,6.60,gru,0.151333,0.000851,0.020785
2026-04-03T21:09:48.9813132Z,-0.334533,0.609045,0.014154,-0.493145,0.637772,-0.002850,6.15,gru,0.158612,0.028726,0.017004
2026-04-03T21:09:49.0219920Z,-0.323600,0.608296,0.014702,-0.487936,0.597822,-0.008299,9.58,gru,0.164336,0.010475,0.023001
2026-04-03T21:09:49.0547154Z,-0.320730,0.606622,0.015895,-0.477967,0.600886,-0.005956,7.94,gru,0.157237,0.005736,0.021852
2026-04-03T21:09:49.0874966Z,-0.318517,0.609144,0.014934,-0.475462,0.626782,-0.004843,7.60,gru,0.156945,0.017638,0.019777
2026-04-03T21:09:49.1207633Z,-0.319949,0.607083,0.016804,-0.472263,0.596102,-0.002284,6.44,gru,0.152313,0.010981,0.019088
2026-04-03T21:09:49.1828044Z,-0.319268,0.607827,0.016317,-0.469828,0.599933,-0.004079,8.35,gru,0.150560,0.007894,0.020396
2026-04-03T21:09:49.2459215Z,-0.316233,0.609597,0.014535,-0.468149,0.608367,-0.008962,8.15,gru,0.151916,0.001230,0.023497
2026-04-03T21:09:49.3036067Z,-0.315664,0.607501,0.014882,-0.467605,0.608742,-0.003904,7.47,gru,0.151941,0.001242,0.018785
2026-04-03T21:09:49.3509404Z,-0.315582,0.605845,0.014817,-0.462867,0.599191,-0.003940,5.77,gru,0.147284,0.006654,0.018757
2026-04-03T21:09:49.3802188Z,-0.339584,0.610483,0.013182,-0.485561,0.620429,-0.004958,3.96,gru,0.145977,0.009946,0.018140
2026-04-03T21:09:49.4187790Z,-0.343703,0.611064,0.011860,-0.487979,0.594053,-0.009661,6.95,gru,0.144276,0.017012,0.021520
2026-04-03T21:09:49.4583022Z,-0.339466,0.610158,0.012796,-0.485839,0.578294,-0.010158,6.22,gru,0.146372,0.031864,0.022953
2026-04-03T21:09:49.4909411Z,-0.323274,0.607740,0.014144,-0.472329,0.586217,-0.007729,5.73,gru,0.149055,0.021523,0.021874
2026-04-03T21:09:49.5293460Z,-0.321097,0.607980,0.014908,-0.475993,0.604820,-0.005434,6.44,gru,0.154896,0.003159,0.020343
2026-04-03T21:09:49.5490427Z,-0.339529,0.610046,0.012965,-0.495039,0.622908,-0.006804,4.71,gru,0.155509,0.012862,0.019769
2026-04-03T21:09:49.5820401Z,-0.338965,0.609423,0.012811,-0.491175,0.592299,-0.009044,6.09,gru,0.152209,0.017124,0.021856
2026-04-03T21:09:49.6166935Z,-0.325348,0.608400,0.014226,-0.484436,0.583140,-0.009223,5.78,gru,0.159088,0.025260,0.023449
2026-04-03T21:09:49.6495735Z,-0.321853,0.606097,0.014468,-0.481694,0.596232,-0.006888,6.84,gru,0.159842,0.009864,0.021356
2026-04-03T21:09:49.6962510Z,-0.320107,0.608570,0.013425,-0.478606,0.605641,-0.008927,3.85,gru,0.158500,0.002929,0.022352
2026-04-03T21:09:49.7119998Z,-0.318082,0.605563,0.013202,-0.473171,0.598390,-0.007950,3.75,gru,0.155089,0.007173,0.021151
2026-04-03T21:09:49.7482960Z,-0.318340,0.606245,0.014015,-0.469322,0.597508,-0.004402,6.22,gru,0.150982,0.008737,0.018417
2026-04-03T21:09:49.7856172Z,-0.310810,0.607740,0.012458,-0.459140,0.597049,-0.009610,6.49,gru,0.148329,0.010691,0.022068
2026-04-03T21:09:49.8243939Z,-0.310286,0.606553,0.012155,-0.458334,0.602073,-0.008451,8.67,gru,0.148048,0.004480,0.020606
2026-04-03T21:09:49.8540481Z,-0.348233,0.610665,0.010631,-0.499275,0.631523,-0.002268,6.10,gru,0.151043,0.020858,0.012898
2026-04-03T21:09:49.8873975Z,-0.322247,0.606965,0.014301,-0.486482,0.568021,-0.008483,6.87,gru,0.164235,0.038945,0.022784
2026-04-03T21:09:49.9219344Z,-0.324569,0.605671,0.013855,-0.468032,0.585484,-0.007844,5.50,gru,0.143463,0.020187,0.021699
2026-04-03T21:09:49.9563637Z,-0.321433,0.607360,0.014405,-0.478362,0.618320,-0.005988,8.50,gru,0.156928,0.010960,0.020393
2026-04-03T21:09:49.9879382Z,-0.319983,0.605503,0.013676,-0.475718,0.584432,-0.009782,5.94,gru,0.155734,0.021071,0.023457
2026-04-03T21:09:50.0189626Z,-0.323495,0.605816,0.013569,-0.481315,0.611190,-0.006512,4.35,gru,0.157820,0.005374,0.020081
2026-04-03T21:09:50.0469005Z,-0.326356,0.606900,0.013764,-0.481645,0.612866,-0.004562,3.53,gru,0.155289,0.005966,0.018326
2026-04-03T21:09:50.0988095Z,-0.338823,0.608718,0.012514,-0.486262,0.617268,-0.005691,15.28,gru,0.147439,0.008550,0.018205
2026-04-03T21:09:50.1235600Z,-0.321594,0.606364,0.013925,-0.476767,0.579598,-0.009968,4.63,gru,0.155172,0.026766,0.023893
2026-04-03T21:09:50.1449347Z,-0.338879,0.608819,0.012426,-0.486847,0.614274,-0.006141,5.71,gru,0.147968,0.005454,0.018567
2026-04-03T21:09:50.1893091Z,-0.324824,0.604918,0.013753,-0.480633,0.601901,-0.006983,10.18,gru,0.155810,0.003017,0.020736
2026-04-03T21:09:50.2352831Z,-0.319335,0.607596,0.012844,-0.473905,0.597178,-0.010039,5.41,gru,0.154570,0.010418,0.022883
2026-04-03T21:09:50.2918227Z,-0.338805,0.608223,0.012702,-0.493606,0.630279,-0.004210,10.19,gru,0.154802,0.022056,0.016911
2026-04-03T21:09:50.3287006Z,-0.325868,0.607029,0.013674,-0.487736,0.579139,-0.010213,7.18,gru,0.161868,0.027890,0.023887
2026-04-03T21:09:50.3548946Z,-0.321183,0.605178,0.014008,-0.476855,0.584120,-0.010012,7.17,gru,0.155672,0.021057,0.024021
2026-04-03T21:09:50.3832837Z,-0.340633,0.609093,0.012423,-0.500373,0.624057,-0.007331,5.64,gru,0.159740,0.014965,0.019755
2026-04-03T21:09:50.4148669Z,-0.321887,0.606110,0.014719,-0.480592,0.574855,-0.009282,4.52,gru,0.158704,0.031255,0.024001
2026-04-03T21:09:50.4546022Z,-0.339619,0.608594,0.012770,-0.485950,0.599622,-0.008729,7.91,gru,0.146331,0.008971,0.021499
2026-04-03T21:09:50.4902969Z,-0.344105,0.611672,0.010986,-0.493258,0.614443,-0.011795,6.93,gru,0.149153,0.002771,0.022781
2026-04-03T21:09:50.5231127Z,-0.326110,0.607301,0.013665,-0.490865,0.583914,-0.011127,6.39,gru,0.164755,0.023387,0.024792
2026-04-03T21:09:50.5661671Z,-0.339126,0.608551,0.012528,-0.494026,0.611640,-0.006839,4.12,gru,0.154900,0.003089,0.019366
2026-04-03T21:09:50.5862940Z,-0.342484,0.608898,0.011651,-0.494415,0.606991,-0.009744,4.38,gru,0.151931,0.001907,0.021394
2026-04-03T21:09:50.6234499Z,-0.344316,0.610861,0.011359,-0.495189,0.590271,-0.011151,8.78,gru,0.150873,0.020590,0.022510
2026-04-03T21:09:50.6506000Z,-0.344362,0.611709,0.011257,-0.497147,0.594322,-0.010912,5.33,gru,0.152784,0.017387,0.022169
2026-04-03T21:09:50.6812706Z,-0.344854,0.610364,0.011162,-0.496406,0.593196,-0.010302,5.42,gru,0.151552,0.017168,0.021465
2026-04-03T21:09:50.7258021Z,-0.347764,0.611961,0.010453,-0.499395,0.605775,-0.010544,5.78,gru,0.151631,0.006186,0.020997
2026-04-03T21:09:50.7822472Z,-0.347503,0.611297,0.010113,-0.502476,0.604063,-0.011230,4.15,gru,0.154972,0.007234,0.021342
2026-04-03T21:09:50.8153041Z,-0.348669,0.611563,0.010101,-0.499094,0.597334,-0.010774,3.62,gru,0.150425,0.014229,0.020874
2026-04-03T21:09:50.8533094Z,-0.319090,0.605890,0.012884,-0.489016,0.578012,-0.013149,5.33,gru,0.169926,0.027879,0.026032
2026-04-03T21:09:50.8876556Z,-0.340404,0.608378,0.012935,-0.506416,0.615042,-0.005214,3.63,gru,0.166012,0.006664,0.018149
2026-04-03T21:09:50.9208748Z,-0.343704,0.610398,0.011356,-0.503070,0.616321,-0.011410,5.29,gru,0.159366,0.005923,0.022765
2026-04-03T21:09:50.9506965Z,-0.339277,0.608123,0.012887,-0.506562,0.581728,-0.012378,3.93,gru,0.167285,0.026396,0.025264
2026-04-03T21:09:50.9892818Z,-0.339424,0.609107,0.012394,-0.498929,0.600805,-0.009517,6.54,gru,0.159505,0.008302,0.021910
2026-04-03T21:09:51.0189115Z,-0.329346,0.606680,0.013434,-0.488872,0.589604,-0.010179,4.22,gru,0.159527,0.017076,0.023612
2026-04-03T21:09:51.0550072Z,-0.339500,0.609211,0.012385,-0.497349,0.618410,-0.007177,5.23,gru,0.157849,0.009199,0.019562
2026-04-03T21:09:51.0880455Z,-0.343149,0.610049,0.011413,-0.498422,0.605351,-0.011252,4.85,gru,0.155273,0.004698,0.022664
2026-04-03T21:09:51.1150518Z,-0.326710,0.606977,0.013952,-0.491098,0.585124,-0.010769,4.05,gru,0.164388,0.021854,0.024721
2026-04-03T21:09:51.1467958Z,-0.338491,0.608863,0.012533,-0.496077,0.628320,-0.007313,5.11,gru,0.157586,0.019457,0.019846
2026-04-03T21:09:51.1772537Z,-0.325097,0.606226,0.013666,-0.484549,0.595093,-0.009667,4.26,gru,0.159452,0.011132,0.023333
2026-04-03T21:09:51.2107575Z,-0.326246,0.607856,0.013402,-0.485631,0.600951,-0.008767,3.87,gru,0.159385,0.006906,0.022169
2026-04-03T21:09:51.2607683Z,-0.335527,0.608451,0.013444,-0.498299,0.624804,-0.006018,8.74,gru,0.162773,0.016354,0.019462
2026-04-03T21:09:51.3062622Z,-0.343776,0.608549,0.011954,-0.492402,0.611782,-0.007811,4.71,gru,0.148626,0.003233,0.019765
2026-04-03T21:09:51.3501917Z,-0.344984,0.610153,0.011185,-0.493516,0.610294,-0.009989,4.06,gru,0.148533,0.000140,0.021174
2026-04-03T21:09:51.3840724Z,-0.343874,0.611227,0.010514,-0.496727,0.611115,-0.010673,4.09,gru,0.152853,0.000113,0.021187
2026-04-03T21:09:51.4197615Z,-0.344830,0.609679,0.011104,-0.500047,0.615623,-0.008355,3.55,gru,0.155216,0.005945,0.019459
2026-04-03T21:09:51.4551689Z,-0.348655,0.612174,0.009926,-0.501214,0.621495,-0.010223,5.58,gru,0.152559,0.009321,0.020150
2026-04-03T21:09:51.4884334Z,-0.348330,0.611678,0.010457,-0.500627,0.611097,-0.009887,6.67,gru,0.152297,0.000581,0.020344
2026-04-03T21:09:51.5219690Z,-0.348742,0.611162,0.010607,-0.502183,0.590786,-0.011307,7.64,gru,0.153441,0.020376,0.021914
2026-04-03T21:09:51.5453777Z,-0.348675,0.611280,0.010408,-0.504937,0.608849,-0.010648,4.45,gru,0.156261,0.002432,0.021056
2026-04-03T21:09:51.5791998Z,-0.349528,0.611793,0.010154,-0.504765,0.612556,-0.010194,4.84,gru,0.155237,0.000763,0.020349
2026-04-03T21:09:51.6150260Z,-0.348426,0.610103,0.010847,-0.504864,0.602939,-0.009419,7.90,gru,0.156437,0.007164,0.020266
2026-04-03T21:09:51.6585547Z,-0.348892,0.609889,0.010644,-0.504118,0.605244,-0.010013,5.74,gru,0.155226,0.004645,0.020657
2026-04-03T21:09:51.6807536Z,-0.349523,0.612202,0.010083,-0.504000,0.606207,-0.011724,3.39,gru,0.154477,0.005994,0.021807
2026-04-03T21:09:51.7106415Z,-0.323106,0.607279,0.013443,-0.490402,0.585803,-0.011545,3.52,gru,0.167296,0.021476,0.024988
2026-04-03T21:09:51.7461330Z,-0.325327,0.607364,0.013898,-0.492497,0.613532,-0.006352,3.02,gru,0.167171,0.006169,0.020250
2026-04-03T21:09:51.7802010Z,-0.339703,0.608132,0.012783,-0.505356,0.626993,-0.008889,3.12,gru,0.165653,0.018861,0.021671
2026-04-03T21:09:51.8145695Z,-0.343807,0.609440,0.011637,-0.503712,0.597632,-0.011554,5.23,gru,0.159906,0.011808,0.023190
2026-04-03T21:09:51.8467331Z,-0.344856,0.610462,0.011105,-0.500701,0.589393,-0.012986,7.87,gru,0.155845,0.021068,0.024092
2026-04-03T21:09:51.8736912Z,-0.345169,0.610076,0.011215,-0.499379,0.602483,-0.010148,4.15,gru,0.154210,0.007593,0.021363
2026-04-03T21:09:51.9105200Z,-0.344664,0.608617,0.009931,-0.498403,0.604948,-0.012616,4.03,gru,0.153738,0.003669,0.022546
2026-04-03T21:09:51.9453627Z,-0.348204,0.610783,0.010593,-0.504822,0.613316,-0.009546,4.08,gru,0.156618,0.002533,0.020139
2026-04-03T21:09:51.9818786Z,-0.347669,0.610021,0.010862,-0.503219,0.610458,-0.009453,4.91,gru,0.155550,0.000437,0.020315
2026-04-03T21:09:52.0173097Z,-0.348462,0.611087,0.010216,-0.502932,0.612907,-0.012125,6.68,gru,0.154470,0.001820,0.022341
2026-04-03T21:09:52.0451706Z,-0.347909,0.611931,0.009856,-0.505554,0.614336,-0.011715,5.13,gru,0.157645,0.002406,0.021570
2026-04-03T21:09:52.0850944Z,-0.347543,0.610104,0.010981,-0.505627,0.613854,-0.008650,6.86,gru,0.158084,0.003749,0.019631
2026-04-03T21:09:52.1189208Z,-0.343470,0.606821,0.010206,-0.504587,0.606666,-0.012414,7.89,gru,0.161118,0.000155,0.022621
2026-04-03T21:09:52.1606597Z,-0.343021,0.608486,0.011535,-0.501940,0.616162,-0.007964,8.43,gru,0.158919,0.007676,0.019500
2026-04-03T21:09:52.1947788Z,-0.344238,0.608117,0.009866,-0.499990,0.618145,-0.010761,8.70,gru,0.155752,0.010028,0.020627
2026-04-03T21:09:52.2279503Z,-0.344437,0.607938,0.011441,-0.501669,0.612437,-0.008408,7.78,gru,0.157233,0.004499,0.019849
2026-04-03T21:09:52.2625839Z,-0.348905,0.607771,0.009003,-0.509504,0.612597,-0.012973,5.23,gru,0.160599,0.004826,0.021976
2026-04-03T21:09:52.2956431Z,-0.325151,0.603685,0.012617,-0.498265,0.587062,-0.012934,8.65,gru,0.173114,0.016623,0.025551
2026-04-03T21:09:52.3247320Z,-0.326955,0.604474,0.012736,-0.491612,0.617672,-0.005927,6.89,gru,0.164657,0.013198,0.018663
2026-04-03T21:09:52.3568822Z,-0.340108,0.606221,0.013370,-0.504581,0.622954,-0.007295,6.92,gru,0.164473,0.016732,0.020665
2026-04-03T21:09:52.3821803Z,-0.344651,0.608373,0.011283,-0.502630,0.594770,-0.013008,6.03,gru,0.157979,0.013603,0.024291
2026-04-03T21:09:52.4212390Z,-0.344966,0.606582,0.010219,-0.503647,0.594264,-0.014866,7.19,gru,0.158682,0.012318,0.025085
2026-04-03T21:09:52.4847833Z,-0.345804,0.607226,0.010100,-0.505218,0.610069,-0.010064,14.67,gru,0.159414,0.002843,0.020165
2026-04-03T21:09:52.5159201Z,-0.349708,0.609971,0.010237,-0.507228,0.621893,-0.009372,9.34,gru,0.157520,0.011922,0.019610
2026-04-03T21:09:52.5452410Z,-0.349300,0.607957,0.008811,-0.507532,0.606729,-0.014768,4.24,gru,0.158232,0.001228,0.023578
2026-04-03T21:09:52.5887741Z,-0.348457,0.607869,0.011094,-0.511404,0.600245,-0.010267,9.61,gru,0.162947,0.007624,0.021361
2026-04-03T21:09:52.6225676Z,-0.349946,0.610720,0.010056,-0.508508,0.621567,-0.010559,7.93,gru,0.158562,0.010848,0.020616
2026-04-03T21:09:52.6895304Z,-0.350253,0.610427,0.010376,-0.509572,0.613510,-0.011659,11.47,gru,0.159319,0.003083,0.022035
2026-04-03T21:09:52.7454775Z,-0.350331,0.608723,0.008768,-0.510102,0.609684,-0.013810,14.62,gru,0.159771,0.000961,0.022578
2026-04-03T21:09:52.7858692Z,-0.351096,0.608699,0.008991,-0.513203,0.615566,-0.012640,6.57,gru,0.162107,0.006867,0.021631
2026-04-03T21:09:52.8406836Z,-0.344056,0.606156,0.010485,-0.507587,0.601375,-0.009982,9.12,gru,0.163531,0.004781,0.020467
2026-04-03T21:09:52.8993606Z,-0.345002,0.606992,0.010071,-0.509501,0.601760,-0.012760,6.26,gru,0.164498,0.005232,0.022832
2026-04-03T21:09:52.9248021Z,-0.348446,0.610088,0.009990,-0.510208,0.617343,-0.011224,9.26,gru,0.161763,0.007255,0.021213
2026-04-03T21:09:53.0010324Z,-0.349799,0.609485,0.008787,-0.515307,0.602644,-0.015344,9.26,gru,0.165507,0.006841,0.024131
2026-04-03T21:09:53.0213629Z,-0.349477,0.607300,0.009064,-0.513222,0.599426,-0.013651,8.27,gru,0.163745,0.007874,0.022715
2026-04-03T21:09:53.0640468Z,-0.350439,0.608763,0.010501,-0.517930,0.604984,-0.009677,7.93,gru,0.167491,0.003780,0.020178
2026-04-03T21:09:53.1025941Z,-0.350556,0.608758,0.008900,-0.515259,0.590378,-0.017201,11.24,gru,0.164702,0.018380,0.026101
2026-04-03T21:09:53.1355717Z,-0.352936,0.611081,0.007811,-0.514959,0.596927,-0.017711,15.66,gru,0.162023,0.014154,0.025523
2026-04-03T21:09:53.1685726Z,-0.345203,0.607412,0.010028,-0.509975,0.592441,-0.011895,13.87,gru,0.164772,0.014971,0.021924
2026-04-03T21:09:53.2195410Z,-0.349031,0.609885,0.008758,-0.512806,0.612598,-0.013880,9.86,gru,0.163774,0.002713,0.022638
2026-04-03T21:09:53.2622129Z,-0.348099,0.609603,0.010260,-0.517826,0.605330,-0.012353,8.92,gru,0.169728,0.004272,0.022613
2026-04-03T21:09:53.2989994Z,-0.348925,0.610064,0.010313,-0.516142,0.600889,-0.012467,6.10,gru,0.167217,0.009174,0.022780
2026-04-03T21:09:53.3407329Z,-0.353573,0.612122,0.009403,-0.516377,0.620624,-0.013708,5.85,gru,0.162804,0.008502,0.023112
2026-04-03T21:09:53.3586575Z,-0.352246,0.610371,0.007354,-0.517800,0.601466,-0.018218,6.98,gru,0.165554,0.008905,0.025572
2026-04-03T21:09:53.3938726Z,-0.353672,0.611839,0.008980,-0.515559,0.608503,-0.011073,6.36,gru,0.161887,0.003337,0.020053
2026-04-03T21:09:53.4238759Z,-0.354675,0.610109,0.007905,-0.514404,0.615250,-0.013209,3.52,gru,0.159729,0.005141,0.021114
2026-04-03T21:09:53.4663405Z,-0.353213,0.610450,0.007764,-0.515283,0.610298,-0.015768,10.03,gru,0.162070,0.000152,0.023532
2026-04-03T21:09:53.5006487Z,-0.353629,0.609326,0.008244,-0.520888,0.606533,-0.013474,10.83,gru,0.167259,0.002792,0.021718
2026-04-03T21:09:53.5420580Z,-0.355160,0.612880,0.008587,-0.521977,0.614314,-0.013360,10.28,gru,0.166818,0.001434,0.021947
2026-04-03T21:09:53.5697651Z,-0.355029,0.610187,0.007861,-0.522586,0.597089,-0.017022,8.02,gru,0.167557,0.013098,0.024883
2026-04-03T21:09:53.5934841Z,-0.323961,0.603362,0.012384,-0.511579,0.569281,-0.017226,12.17,gru,0.187618,0.034081,0.029610
2026-04-03T21:09:53.6309817Z,-0.324761,0.603976,0.012549,-0.501205,0.618296,-0.009079,7.93,gru,0.176444,0.014320,0.021627
2026-04-03T21:09:53.6677229Z,-0.324800,0.605470,0.014908,-0.505727,0.627371,-0.005892,8.75,gru,0.180927,0.021901,0.020800
2026-04-03T21:09:53.6916874Z,-0.344793,0.608331,0.011515,-0.514829,0.612221,-0.012380,12.34,gru,0.170036,0.003890,0.023895
2026-04-03T21:09:53.7295007Z,-0.350357,0.610727,0.009950,-0.515449,0.610475,-0.015353,9.17,gru,0.165092,0.000252,0.025303
2026-04-03T21:09:53.7708702Z,-0.349766,0.607881,0.009424,-0.516036,0.594795,-0.015673,8.96,gru,0.166270,0.013085,0.025097
2026-04-03T21:09:53.7945365Z,-0.349395,0.609091,0.008411,-0.514136,0.615877,-0.015191,7.74,gru,0.164741,0.006786,0.023602
2026-04-03T21:09:53.8445135Z,-0.344786,0.608136,0.011742,-0.512979,0.602176,-0.009207,7.46,gru,0.168193,0.005960,0.020949
2026-04-03T21:09:53.8844156Z,-0.350451,0.610047,0.010204,-0.513822,0.616388,-0.012869,7.29,gru,0.163371,0.006341,0.023073
2026-04-03T21:09:53.9210827Z,-0.349184,0.610473,0.010311,-0.510635,0.611810,-0.014023,7.29,gru,0.161450,0.001337,0.024334
2026-04-03T21:09:53.9687254Z,-0.344154,0.606526,0.010272,-0.507519,0.599908,-0.013029,11.55,gru,0.163365,0.006619,0.023301
2026-04-03T21:09:53.9898888Z,-0.348476,0.610381,0.010491,-0.513136,0.628117,-0.010035,6.18,gru,0.164661,0.017736,0.020527
2026-04-03T21:09:54.0234776Z,-0.349682,0.608595,0.008700,-0.519461,0.612744,-0.015771,7.92,gru,0.169780,0.004149,0.024471
2026-04-03T21:09:54.0610214Z,-0.349555,0.607598,0.009037,-0.511401,0.607763,-0.013411,7.19,gru,0.161846,0.000166,0.022448
2026-04-03T21:09:54.0853396Z,-0.343648,0.607420,0.011847,-0.510815,0.605226,-0.007834,5.57,gru,0.167167,0.002194,0.019681
2026-04-03T21:09:54.1192585Z,-0.344031,0.608152,0.011696,-0.508576,0.612819,-0.010372,5.89,gru,0.164545,0.004667,0.022068
2026-04-03T21:09:54.1442757Z,-0.344556,0.607122,0.012017,-0.512275,0.611362,-0.010903,5.66,gru,0.167719,0.004240,0.022920
2026-04-03T21:09:54.1815193Z,-0.344592,0.608480,0.010119,-0.509010,0.617646,-0.013406,4.01,gru,0.164418,0.009166,0.023525
2026-04-03T21:09:54.2202504Z,-0.348710,0.609377,0.008659,-0.515525,0.614511,-0.015204,7.51,gru,0.166815,0.005134,0.023862
2026-04-03T21:09:54.2619361Z,-0.349721,0.608785,0.010661,-0.514317,0.586094,-0.010611,9.62,gru,0.164596,0.022690,0.021272
2026-04-03T21:09:54.3032933Z,-0.344105,0.607748,0.011574,-0.511737,0.586738,-0.014037,3.79,gru,0.167633,0.021010,0.025611
2026-04-03T21:09:54.3644657Z,-0.342292,0.609605,0.010946,-0.504987,0.610619,-0.011445,3.32,gru,0.162695,0.001014,0.022391
2026-04-03T21:09:54.4121941Z,-0.345046,0.606938,0.009953,-0.506151,0.615613,-0.012439,4.76,gru,0.161105,0.008675,0.022392
2026-04-03T21:09:54.4538662Z,-0.349271,0.609939,0.010445,-0.514230,0.609394,-0.010054,8.97,gru,0.164959,0.000545,0.020500
2026-04-03T21:09:54.4906368Z,-0.344817,0.608416,0.011724,-0.512071,0.599127,-0.011006,7.78,gru,0.167254,0.009289,0.022730
2026-04-03T21:09:54.5273655Z,-0.348772,0.608711,0.009086,-0.508813,0.608079,-0.015427,5.13,gru,0.160041,0.000631,0.024513
2026-04-03T21:09:54.5567057Z,-0.349515,0.606978,0.009045,-0.509255,0.613142,-0.012362,5.37,gru,0.159740,0.006164,0.021406
2026-04-03T21:09:54.5845402Z,-0.353678,0.611540,0.008648,-0.512357,0.617311,-0.011046,6.42,gru,0.158679,0.005770,0.019693
2026-04-03T21:09:54.6231782Z,-0.352225,0.609643,0.007772,-0.515325,0.599477,-0.016738,9.05,gru,0.163100,0.010165,0.024510
2026-04-03T21:09:54.6550315Z,-0.353428,0.611555,0.008769,-0.513083,0.613335,-0.011773,8.16,gru,0.159655,0.001780,0.020542
2026-04-03T21:09:54.6971010Z,-0.353101,0.611047,0.009461,-0.520118,0.608889,-0.012176,4.96,gru,0.167017,0.002158,0.021637
2026-04-03T21:09:54.7234396Z,-0.354110,0.611746,0.008674,-0.520994,0.604966,-0.015591,4.60,gru,0.166884,0.006780,0.024265
2026-04-03T21:09:54.7640339Z,-0.354588,0.611435,0.009160,-0.517593,0.606612,-0.012628,9.96,gru,0.163005,0.004823,0.021788
2026-04-03T21:09:54.7862364Z,-0.352713,0.609552,0.007858,-0.514263,0.602156,-0.015558,5.62,gru,0.161550,0.007396,0.023416
2026-04-03T21:09:54.8207300Z,-0.353141,0.609928,0.007631,-0.516258,0.605139,-0.015034,5.76,gru,0.163117,0.004789,0.022665
2026-04-03T21:09:54.8726370Z,-0.353712,0.611245,0.009332,-0.519528,0.609864,-0.010241,6.56,gru,0.165816,0.001380,0.019573
2026-04-03T21:09:54.9217462Z,-0.343370,0.608206,0.011756,-0.515230,0.594962,-0.011726,5.11,gru,0.171860,0.013244,0.023481
2026-04-03T21:09:54.9557052Z,-0.344029,0.608704,0.011245,-0.510209,0.611652,-0.012129,7.17,gru,0.166180,0.002948,0.023374
2026-04-03T21:09:54.9885120Z,-0.349257,0.609888,0.010995,-0.513421,0.623844,-0.010143,6.41,gru,0.164163,0.013956,0.021138
2026-04-03T21:09:55.0187110Z,-0.349510,0.610117,0.009962,-0.511869,0.604269,-0.013427,3.60,gru,0.162359,0.005848,0.023389
2026-04-03T21:09:55.0560726Z,-0.349369,0.609024,0.008616,-0.511106,0.604769,-0.016116,6.66,gru,0.161737,0.004254,0.024732
2026-04-03T21:09:55.0838965Z,-0.353169,0.611639,0.008921,-0.518948,0.611522,-0.012594,6.35,gru,0.165779,0.000117,0.021515
2026-04-03T21:09:55.1189654Z,-0.353595,0.611349,0.008782,-0.514253,0.613612,-0.012769,7.11,gru,0.160658,0.002263,0.021551
2026-04-03T21:09:55.1488635Z,-0.353246,0.609887,0.007990,-0.513670,0.603875,-0.016065,4.69,gru,0.160425,0.006012,0.024055
2026-04-03T21:09:55.1878364Z,-0.354311,0.611244,0.009058,-0.521237,0.609266,-0.012794,6.92,gru,0.166926,0.001978,0.021852
2026-04-03T21:09:55.2280608Z,-0.324666,0.601768,0.013132,-0.510960,0.570598,-0.015402,6.49,gru,0.186295,0.031169,0.028533
2026-04-03T21:09:55.2564819Z,-0.344769,0.607964,0.011784,-0.518535,0.640818,-0.010067,6.86,gru,0.173766,0.032855,0.021851
2026-04-03T21:09:55.2955467Z,-0.348409,0.609263,0.010655,-0.520606,0.629487,-0.013423,4.68,gru,0.172197,0.020224,0.024078
2026-04-03T21:09:55.3189359Z,-0.349633,0.608531,0.010676,-0.519857,0.597747,-0.015603,6.98,gru,0.170224,0.010784,0.026279
2026-04-03T21:09:55.3530795Z,-0.350397,0.608741,0.008366,-0.515452,0.616880,-0.016344,7.83,gru,0.165055,0.008139,0.024710
2026-04-03T21:09:55.3945107Z,-0.323663,0.604576,0.014324,-0.499794,0.593992,-0.009972,4.49,gru,0.176131,0.010584,0.024296
2026-04-03T21:09:55.4555401Z,-0.343394,0.605142,0.010474,-0.514729,0.634739,-0.012262,7.16,gru,0.171335,0.029597,0.022736
2026-04-03T21:09:55.4868282Z,-0.345425,0.608069,0.011671,-0.518509,0.623026,-0.012434,7.64,gru,0.173084,0.014958,0.024106
2026-04-03T21:09:55.5308640Z,-0.349241,0.610742,0.010152,-0.519363,0.600086,-0.015579,10.11,gru,0.170122,0.010657,0.025730
2026-04-03T21:09:55.5537773Z,-0.349196,0.608844,0.010943,-0.513644,0.612912,-0.012473,5.32,gru,0.164448,0.004068,0.023416
2026-04-03T21:09:55.5938233Z,-0.349055,0.608113,0.008771,-0.513188,0.602896,-0.015689,10.27,gru,0.164133,0.005217,0.024460
2026-04-03T21:09:55.6432114Z,-0.349705,0.608576,0.009014,-0.514402,0.610128,-0.014240,16.42,gru,0.164697,0.001553,0.023254
2026-04-03T21:09:55.6566017Z,-0.350101,0.609564,0.009657,-0.515510,0.613118,-0.010839,7.06,gru,0.165409,0.003554,0.020496
2026-04-03T21:09:55.7062478Z,-0.353697,0.611144,0.008901,-0.513328,0.615143,-0.013511,10.62,gru,0.159631,0.003999,0.022412
2026-04-03T21:09:55.7416995Z,-0.352693,0.609179,0.008128,-0.515743,0.603347,-0.016061,12.83,gru,0.163051,0.005832,0.024190
2026-04-03T21:09:55.7835218Z,-0.351866,0.610725,0.009011,-0.515041,0.614754,-0.011734,15.45,gru,0.163175,0.004028,0.020745
2026-04-03T21:09:55.8219659Z,-0.352449,0.608973,0.008133,-0.520723,0.614233,-0.014612,8.57,gru,0.168274,0.005259,0.022744
2026-04-03T21:09:55.8429113Z,-0.353648,0.611316,0.009122,-0.521981,0.614725,-0.012500,8.68,gru,0.168333,0.003409,0.021622
2026-04-03T21:09:55.8900312Z,-0.353148,0.611222,0.009189,-0.514825,0.612373,-0.011791,6.34,gru,0.161677,0.001152,0.020980
2026-04-03T21:09:55.9281080Z,-0.353858,0.610096,0.008109,-0.517663,0.582907,-0.018031,6.81,gru,0.163805,0.027190,0.026140
2026-04-03T21:09:55.9510863Z,-0.354125,0.611499,0.008852,-0.516662,0.609746,-0.011876,5.75,gru,0.162537,0.001753,0.020728
2026-04-03T21:09:56.0050567Z,-0.352548,0.608759,0.007716,-0.518438,0.605612,-0.015671,9.03,gru,0.165890,0.003147,0.023387
2026-04-03T21:09:56.0283272Z,-0.345627,0.607641,0.009634,-0.513970,0.600220,-0.012994,8.95,gru,0.168344,0.007421,0.022628
2026-04-03T21:09:56.0487405Z,-0.348719,0.607809,0.009315,-0.519060,0.609080,-0.012539,5.96,gru,0.170342,0.001271,0.021853
2026-04-03T21:09:56.0933835Z,-0.349280,0.610776,0.009504,-0.513020,0.600519,-0.014473,10.09,gru,0.163740,0.010257,0.023977
2026-04-03T21:09:56.1413079Z,-0.349422,0.607629,0.008634,-0.519070,0.590115,-0.016859,14.76,gru,0.169648,0.017514,0.025493
2026-04-03T21:09:56.1571125Z,-0.351990,0.607881,0.008237,-0.515124,0.607601,-0.014296,4.81,gru,0.163133,0.000280,0.022533
2026-04-03T21:09:56.2108054Z,-0.328246,0.604613,0.013840,-0.503267,0.592552,-0.009107,11.23,gru,0.175021,0.012060,0.022946
2026-04-03T21:09:56.2305304Z,-0.340474,0.606579,0.010787,-0.510524,0.624238,-0.013480,10.46,gru,0.170050,0.017658,0.024267
2026-04-03T21:09:56.2666779Z,-0.344086,0.607187,0.011475,-0.516550,0.619107,-0.012511,9.75,gru,0.172464,0.011920,0.023987
2026-04-03T21:09:56.3016075Z,-0.348578,0.608373,0.008965,-0.517551,0.597261,-0.017127,8.84,gru,0.168973,0.011112,0.026092
2026-04-03T21:09:56.3195019Z,-0.348204,0.607332,0.008823,-0.513911,0.607598,-0.015882,6.02,gru,0.165707,0.000266,0.024705
2026-04-03T21:09:56.3573707Z,-0.349305,0.609070,0.010396,-0.515384,0.615194,-0.008875,8.51,gru,0.166078,0.006124,0.019271
2026-04-03T21:09:56.3895880Z,-0.345900,0.608469,0.011510,-0.515759,0.607034,-0.011834,7.24,gru,0.169859,0.001435,0.023344
2026-04-03T21:09:56.4345095Z,-0.343891,0.605518,0.010434,-0.510244,0.604688,-0.015142,6.78,gru,0.166353,0.000830,0.025576
2026-04-03T21:09:56.4907679Z,-0.344627,0.606863,0.010199,-0.513013,0.610584,-0.013150,10.87,gru,0.168385,0.003721,0.023350
2026-04-03T21:09:56.5220259Z,-0.344054,0.608784,0.011655,-0.507663,0.619430,-0.007569,5.05,gru,0.163609,0.010646,0.019224
2026-04-03T21:09:56.5452022Z,-0.344485,0.606996,0.010076,-0.507372,0.611131,-0.013436,4.41,gru,0.162887,0.004135,0.023512
2026-04-03T21:09:56.5799764Z,-0.348594,0.609424,0.010277,-0.514743,0.616887,-0.012242,6.62,gru,0.166149,0.007463,0.022519
2026-04-03T21:09:56.6279545Z,-0.345204,0.608410,0.011635,-0.511824,0.611236,-0.009178,12.71,gru,0.166620,0.002826,0.020812
2026-04-03T21:09:56.6581847Z,-0.329348,0.604175,0.012440,-0.502411,0.586329,-0.014158,6.94,gru,0.173063,0.017846,0.026598
2026-04-03T21:09:56.6932104Z,-0.340674,0.605313,0.011715,-0.509398,0.616524,-0.010082,5.11,gru,0.168723,0.011211,0.021797
2026-04-03T21:09:56.7209019Z,-0.343786,0.607585,0.011567,-0.510240,0.615038,-0.009486,7.36,gru,0.166454,0.007453,0.021053
2026-04-03T21:09:56.7579454Z,-0.345191,0.607575,0.011708,-0.509604,0.601747,-0.011698,6.01,gru,0.164412,0.005828,0.023405
2026-04-03T21:09:56.7939356Z,-0.348720,0.611190,0.009754,-0.514072,0.611926,-0.014797,7.10,gru,0.165352,0.000736,0.024551
2026-04-03T21:09:56.8139516Z,-0.348407,0.607771,0.009075,-0.513793,0.599469,-0.015264,4.21,gru,0.165386,0.008302,0.024339
2026-04-03T21:09:56.8449740Z,-0.345136,0.608862,0.011219,-0.506619,0.589949,-0.009850,6.39,gru,0.161482,0.018913,0.021068
2026-04-03T21:09:56.8901643Z,-0.348645,0.606768,0.009393,-0.511026,0.601661,-0.014389,8.75,gru,0.162382,0.005107,0.023782
2026-04-03T21:09:56.9233748Z,-0.349359,0.608458,0.008633,-0.510737,0.605497,-0.015184,8.95,gru,0.161378,0.002961,0.023817
2026-04-03T21:09:56.9563220Z,-0.344238,0.607130,0.010387,-0.512647,0.596490,-0.011855,7.84,gru,0.168410,0.010640,0.022242
2026-04-03T21:09:56.9855671Z,-0.340240,0.604771,0.011139,-0.510716,0.593619,-0.012071,4.19,gru,0.170475,0.011152,0.023210
2026-04-03T21:09:57.0295412Z,-0.339704,0.606710,0.012704,-0.506812,0.613106,-0.007821,6.51,gru,0.167108,0.006396,0.020525
2026-04-03T21:09:57.0515202Z,-0.345653,0.607955,0.011623,-0.509697,0.614947,-0.010184,5.63,gru,0.164045,0.006991,0.021807
2026-04-03T21:09:57.0858659Z,-0.343855,0.609108,0.011296,-0.509141,0.595549,-0.013530,5.33,gru,0.165287,0.013559,0.024826
2026-04-03T21:09:57.1142020Z,-0.344734,0.606452,0.010137,-0.506764,0.596224,-0.013444,4.93,gru,0.162030,0.010227,0.023581
2026-04-03T21:09:57.1469785Z,-0.326477,0.603172,0.012468,-0.495205,0.589228,-0.011698,5.17,gru,0.168728,0.013944,0.024166
2026-04-03T21:09:57.1827441Z,-0.339126,0.605367,0.011684,-0.509694,0.616502,-0.009049,7.83,gru,0.170568,0.011135,0.020733
2026-04-03T21:09:57.2153453Z,-0.343664,0.607288,0.011613,-0.507619,0.621951,-0.009410,5.15,gru,0.163955,0.014662,0.021024
2026-04-03T21:09:57.2485485Z,-0.345033,0.607009,0.010191,-0.507607,0.593139,-0.014879,3.12,gru,0.162574,0.013870,0.025071
2026-04-03T21:09:57.2832681Z,-0.344920,0.606727,0.010213,-0.509077,0.588335,-0.014514,5.56,gru,0.164157,0.018391,0.024726
2026-04-03T21:09:57.3125364Z,-0.349161,0.609009,0.010123,-0.513296,0.605628,-0.010917,3.43,gru,0.164135,0.003381,0.021040
2026-04-03T21:09:57.3509412Z,-0.350360,0.610477,0.009746,-0.511839,0.608170,-0.012826,6.73,gru,0.161479,0.002307,0.022572
2026-04-03T21:09:57.3809446Z,-0.349397,0.607908,0.008577,-0.510025,0.599737,-0.015735,4.03,gru,0.160628,0.008172,0.024311
2026-04-03T21:09:57.4144985Z,-0.349850,0.608089,0.008864,-0.509866,0.612244,-0.012157,4.64,gru,0.160016,0.004154,0.021021
2026-04-03T21:09:57.4519510Z,-0.349534,0.607781,0.008654,-0.514722,0.604643,-0.013242,5.99,gru,0.165188,0.003138,0.021896
2026-04-03T21:09:57.5036817Z,-0.348930,0.608503,0.008291,-0.512090,0.606615,-0.014368,7.92,gru,0.163160,0.001888,0.022659
2026-04-03T21:09:57.5442484Z,-0.325579,0.604944,0.014382,-0.509191,0.578479,-0.010709,8.31,gru,0.183613,0.026465,0.025090
2026-04-03T21:09:57.5952420Z,-0.340795,0.605372,0.011019,-0.516461,0.619627,-0.013771,4.56,gru,0.175665,0.014256,0.024789
2026-04-03T21:09:57.6223450Z,-0.344372,0.607016,0.010141,-0.511653,0.614754,-0.014634,7.20,gru,0.167280,0.007738,0.024775
2026-04-03T21:09:57.6500270Z,-0.344996,0.606932,0.009617,-0.515200,0.580574,-0.016024,4.70,gru,0.170204,0.026358,0.025640
2026-04-03T21:09:57.6799946Z,-0.348285,0.607540,0.008770,-0.510904,0.603439,-0.014417,5.49,gru,0.162619,0.004101,0.023187
2026-04-03T21:09:57.7202899Z,-0.348760,0.610146,0.010218,-0.513244,0.610641,-0.010056,7.84,gru,0.164485,0.000495,0.020274
2026-04-03T21:09:57.7467681Z,-0.344919,0.608007,0.011791,-0.506906,0.602189,-0.009605,5.74,gru,0.161986,0.005818,0.021395
2026-04-03T21:09:57.7835161Z,-0.348333,0.608977,0.010510,-0.514543,0.602343,-0.014736,6.04,gru,0.166210,0.006634,0.025247
2026-04-03T21:09:57.8283742Z,-0.350117,0.611168,0.009921,-0.515140,0.596055,-0.015191,8.18,gru,0.165023,0.015113,0.025112
2026-04-03T21:09:57.8589667Z,-0.344482,0.606113,0.010031,-0.511298,0.584914,-0.015011,8.04,gru,0.166816,0.021199,0.025043
2026-04-03T21:09:57.8867876Z,-0.347405,0.610196,0.009920,-0.512094,0.610591,-0.011953,7.72,gru,0.164688,0.000395,0.021872
2026-04-03T21:09:57.9148901Z,-0.349233,0.608561,0.009232,-0.517172,0.605333,-0.014235,3.18,gru,0.167939,0.003227,0.023468
2026-04-03T21:09:57.9469036Z,-0.349441,0.610583,0.009779,-0.517559,0.598379,-0.013921,8.06,gru,0.168119,0.012203,0.023700
2026-04-03T21:09:57.9807012Z,-0.348865,0.607837,0.009529,-0.509468,0.605322,-0.012467,4.92,gru,0.160603,0.002514,0.021996
2026-04-03T21:09:58.0149886Z,-0.349111,0.608553,0.008658,-0.509503,0.612149,-0.013931,6.99,gru,0.160393,0.003596,0.022589
2026-04-03T21:09:58.0553991Z,-0.349200,0.607379,0.009044,-0.517285,0.603296,-0.013399,9.08,gru,0.168085,0.004084,0.022443
2026-04-03T21:09:58.1021142Z,-0.330694,0.602468,0.013027,-0.510295,0.581733,-0.011826,6.14,gru,0.179602,0.020735,0.024853
2026-04-03T21:09:58.1286813Z,-0.341096,0.605398,0.011099,-0.514184,0.617520,-0.012958,6.09,gru,0.173088,0.012122,0.024056
2026-04-03T21:09:58.1752395Z,-0.344400,0.607125,0.011604,-0.514415,0.616994,-0.011068,8.94,gru,0.170015,0.009869,0.022673
2026-04-03T21:09:58.2144639Z,-0.339919,0.605871,0.012527,-0.505146,0.579183,-0.012567,3.88,gru,0.165227,0.026688,0.025094
2026-04-03T21:09:58.2469569Z,-0.339962,0.607195,0.012305,-0.508752,0.599219,-0.012627,3.09,gru,0.168790,0.007976,0.024932
2026-04-03T21:09:58.2864645Z,-0.340459,0.604937,0.011129,-0.508764,0.603161,-0.013460,6.22,gru,0.168305,0.001776,0.024589
2026-04-03T21:09:58.3255051Z,-0.339897,0.606905,0.012657,-0.508929,0.600526,-0.009581,9.54,gru,0.169032,0.006379,0.022238
2026-04-03T21:09:58.3513284Z,-0.338280,0.608222,0.012305,-0.505649,0.604990,-0.011184,8.21,gru,0.167370,0.003232,0.023489
2026-04-03T21:09:58.3924693Z,-0.326169,0.603014,0.012507,-0.491377,0.594806,-0.013193,8.47,gru,0.165208,0.008208,0.025700
2026-04-03T21:09:58.4282760Z,-0.328019,0.604643,0.012589,-0.493560,0.609824,-0.008262,7.55,gru,0.165542,0.005181,0.020851
2026-04-03T21:09:58.4607506Z,-0.330577,0.604241,0.012467,-0.495329,0.616503,-0.007802,8.49,gru,0.164752,0.012262,0.020270
2026-04-03T21:09:58.4942940Z,-0.329043,0.605665,0.013710,-0.491839,0.605539,-0.007428,5.92,gru,0.162797,0.000127,0.021138
2026-04-03T21:09:58.5388703Z,-0.330038,0.604442,0.011918,-0.496067,0.596437,-0.013105,3.90,gru,0.166030,0.008005,0.025023
2026-04-03T21:09:58.5802281Z,-0.344486,0.606957,0.009787,-0.499394,0.623741,-0.011316,3.52,gru,0.154907,0.016784,0.021103
2026-04-03T21:09:58.6187728Z,-0.327185,0.602541,0.012527,-0.494087,0.584350,-0.011023,4.72,gru,0.166903,0.018192,0.023550
2026-04-03T21:09:58.6546688Z,-0.328513,0.603685,0.014102,-0.488700,0.605791,-0.005154,4.74,gru,0.160187,0.002106,0.019256
2026-04-03T21:09:58.7122893Z,-0.326291,0.602988,0.012789,-0.494919,0.613533,-0.011855,4.95,gru,0.168627,0.010545,0.024644
2026-04-03T21:09:58.7305619Z,-0.343922,0.609171,0.011217,-0.504294,0.621589,-0.009984,4.41,gru,0.160372,0.012417,0.021201
2026-04-03T21:09:58.7442864Z,-0.344606,0.607475,0.011703,-0.508806,0.596328,-0.010110,7.88,gru,0.164200,0.011147,0.021813
2026-04-03T21:09:58.7833660Z,-0.347895,0.607964,0.009344,-0.508522,0.578219,-0.016822,6.20,gru,0.160627,0.029745,0.026166
2026-04-03T21:09:58.8175089Z,-0.348348,0.608689,0.010575,-0.511924,0.603294,-0.010602,7.90,gru,0.163577,0.005395,0.021178
2026-04-03T21:09:58.8469145Z,-0.350250,0.609313,0.009700,-0.508753,0.603697,-0.011324,4.02,gru,0.158503,0.005616,0.021024
2026-04-03T21:09:58.8855654Z,-0.352238,0.610104,0.009062,-0.509721,0.601909,-0.013952,5.97,gru,0.157483,0.008195,0.023014
2026-04-03T21:09:58.9251220Z,-0.344765,0.606860,0.009623,-0.507250,0.589639,-0.013704,5.55,gru,0.162484,0.017220,0.023327
2026-04-03T21:09:58.9515751Z,-0.344832,0.606986,0.009763,-0.512054,0.593829,-0.012764,7.73,gru,0.167222,0.013157,0.022527
2026-04-03T21:09:58.9852289Z,-0.344353,0.606606,0.009944,-0.507181,0.605709,-0.010762,5.81,gru,0.162828,0.000897,0.020707
2026-04-03T21:09:59.0262483Z,-0.344852,0.606162,0.010241,-0.509619,0.598281,-0.011717,5.65,gru,0.164767,0.007881,0.021957
2026-04-03T21:09:59.0632665Z,-0.349227,0.607579,0.008834,-0.514535,0.590980,-0.015820,3.62,gru,0.165309,0.016600,0.024654
2026-04-03T21:09:59.1366966Z,-0.350390,0.610152,0.009907,-0.511604,0.595844,-0.011814,9.65,gru,0.161215,0.014308,0.021721
2026-04-03T21:09:59.1712903Z,-0.352360,0.609131,0.007717,-0.510660,0.591459,-0.016341,8.85,gru,0.158300,0.017672,0.024058
2026-04-03T21:09:59.2221229Z,-0.352794,0.609332,0.008063,-0.512603,0.596033,-0.015169,8.19,gru,0.159808,0.013299,0.023232
2026-04-03T21:09:59.2485739Z,-0.352649,0.611704,0.009039,-0.518667,0.598072,-0.012415,7.65,gru,0.166018,0.013632,0.021454
2026-04-03T21:09:59.2816713Z,-0.324795,0.602101,0.012741,-0.509643,0.568047,-0.015919,4.04,gru,0.184848,0.034054,0.028660
2026-04-03T21:09:59.3176202Z,-0.343169,0.608582,0.011417,-0.518243,0.612872,-0.011989,5.23,gru,0.175074,0.004289,0.023406
2026-04-03T21:09:59.3511371Z,-0.323454,0.602461,0.014182,-0.500214,0.579108,-0.011418,4.05,gru,0.176760,0.023353,0.025600
2026-04-03T21:09:59.3908851Z,-0.340336,0.605457,0.010780,-0.507492,0.588220,-0.015424,6.06,gru,0.167156,0.017237,0.026204
2026-04-03T21:09:59.4228456Z,-0.343446,0.605810,0.010177,-0.510726,0.623576,-0.012874,7.75,gru,0.167280,0.017767,0.023051
2026-04-03T21:09:59.4797775Z,-0.341662,0.609253,0.010609,-0.509757,0.596059,-0.013954,13.97,gru,0.168095,0.013194,0.024564
2026-04-03T21:09:59.5088722Z,-0.345199,0.608428,0.010928,-0.512008,0.611313,-0.012004,13.25,gru,0.166809,0.002885,0.022932
2026-04-03T21:09:59.5265986Z,-0.330600,0.603994,0.012253,-0.498981,0.592293,-0.013092,6.30,gru,0.168380,0.011701,0.025345
2026-04-03T21:09:59.5446499Z,-0.341530,0.606542,0.010758,-0.506326,0.623274,-0.011584,4.57,gru,0.164796,0.016732,0.022343
2026-04-03T21:09:59.5909569Z,-0.344153,0.606678,0.010170,-0.508791,0.620638,-0.011640,8.58,gru,0.164638,0.013961,0.021810
2026-04-03T21:09:59.6471138Z,-0.348741,0.610317,0.010224,-0.513770,0.589609,-0.014305,7.36,gru,0.165030,0.020709,0.024529
2026-04-03T21:09:59.7184607Z,-0.349139,0.610401,0.010129,-0.517309,0.601743,-0.013942,11.18,gru,0.168170,0.008658,0.024070
2026-04-03T21:09:59.7530040Z,-0.349003,0.609622,0.009982,-0.512558,0.596559,-0.013660,5.93,gru,0.163555,0.013062,0.023642
2026-04-03T21:09:59.7906491Z,-0.350417,0.607987,0.008471,-0.514697,0.602369,-0.015595,9.95,gru,0.164279,0.005618,0.024066
2026-04-03T21:09:59.8147225Z,-0.349241,0.608496,0.010315,-0.509725,0.610391,-0.008979,3.95,gru,0.160484,0.001896,0.019294
2026-04-03T21:09:59.8521502Z,-0.353001,0.610652,0.008955,-0.518993,0.612645,-0.013481,5.60,gru,0.165992,0.001993,0.022436
2026-04-03T21:09:59.8838388Z,-0.353746,0.608975,0.008126,-0.517262,0.607970,-0.015794,5.00,gru,0.163516,0.001005,0.023920
2026-04-03T21:09:59.9188165Z,-0.353522,0.609942,0.007594,-0.517876,0.608837,-0.014790,8.54,gru,0.164354,0.001105,0.022385
2026-04-03T21:09:59.9489405Z,-0.353725,0.610255,0.009295,-0.519986,0.589313,-0.012815,5.53,gru,0.166261,0.020942,0.022110
2026-04-03T21:09:59.9867294Z,-0.352847,0.609889,0.009422,-0.513723,0.604005,-0.011917,6.69,gru,0.160877,0.005884,0.021339
2026-04-03T21:10:00.0253885Z,-0.353580,0.610417,0.008971,-0.516243,0.589203,-0.016202,7.60,gru,0.162664,0.021214,0.025173
2026-04-03T21:10:00.0633039Z,-0.352990,0.609271,0.007737,-0.521032,0.595312,-0.017468,7.18,gru,0.168043,0.013959,0.025205
2026-04-03T21:10:00.1066199Z,-0.348203,0.608015,0.008601,-0.520132,0.592104,-0.015671,4.08,gru,0.171929,0.015911,0.024272
2026-04-03T21:10:00.1540929Z,-0.344360,0.608436,0.011012,-0.510738,0.607303,-0.008661,6.64,gru,0.166378,0.001134,0.019674
2026-04-03T21:10:00.1825161Z,-0.345518,0.606711,0.009816,-0.512456,0.606317,-0.014113,5.25,gru,0.166938,0.000394,0.023929
2026-04-03T21:10:00.2205999Z,-0.343656,0.609446,0.011296,-0.513190,0.593587,-0.013066,6.15,gru,0.169535,0.015859,0.024362
2026-04-03T21:10:00.2557489Z,-0.345686,0.607707,0.010249,-0.513039,0.599962,-0.013321,9.24,gru,0.167353,0.007745,0.023570
2026-04-03T21:10:00.3022247Z,-0.349109,0.607073,0.008578,-0.515270,0.600952,-0.016870,5.60,gru,0.166162,0.006121,0.025449
2026-04-03T21:10:00.3228946Z,-0.349053,0.608963,0.008763,-0.516707,0.601838,-0.014053,6.72,gru,0.167654,0.007124,0.022816
2026-04-03T21:10:00.3658752Z,-0.349179,0.610380,0.009881,-0.510889,0.614551,-0.010484,15.34,gru,0.161711,0.004171,0.020365
2026-04-03T21:10:00.4085569Z,-0.349121,0.607382,0.009005,-0.510239,0.609195,-0.014229,12.34,gru,0.161119,0.001813,0.023234
2026-04-03T21:10:00.4289515Z,-0.349507,0.607803,0.009056,-0.513245,0.608886,-0.013951,8.51,gru,0.163739,0.001083,0.023007
2026-04-03T21:10:00.4735008Z,-0.349672,0.610177,0.010092,-0.518759,0.609141,-0.011433,12.61,gru,0.169088,0.001036,0.021525
2026-04-03T21:10:00.5049186Z,-0.349073,0.607436,0.008753,-0.513123,0.604495,-0.015386,7.99,gru,0.164050,0.002941,0.024139
2026-04-03T21:10:00.5338649Z,-0.349719,0.608887,0.009958,-0.515474,0.613183,-0.011683,10.59,gru,0.165755,0.004295,0.021641
2026-04-03T21:10:00.5779936Z,-0.344207,0.607065,0.011495,-0.516264,0.601672,-0.010804,12.16,gru,0.172056,0.005392,0.022299
2026-04-03T21:10:00.6121326Z,-0.344512,0.609575,0.010684,-0.512011,0.614267,-0.013564,3.58,gru,0.167498,0.004692,0.024248
2026-04-03T21:10:00.6461632Z,-0.348128,0.610218,0.009597,-0.511703,0.621652,-0.012965,5.75,gru,0.163576,0.011435,0.022562
2026-04-03T21:10:00.7048648Z,-0.348580,0.606642,0.009003,-0.511303,0.604656,-0.013721,12.78,gru,0.162723,0.001985,0.022724
2026-04-03T21:10:00.7381068Z,-0.343184,0.606889,0.009978,-0.509886,0.605167,-0.012405,11.76,gru,0.166701,0.001723,0.022383
2026-04-03T21:10:00.7729446Z,-0.344640,0.607332,0.009820,-0.514536,0.611407,-0.012688,13.44,gru,0.169896,0.004075,0.022508
2026-04-03T21:10:00.8305969Z,-0.348931,0.609348,0.010411,-0.516769,0.612537,-0.011437,17.72,gru,0.167838,0.003189,0.021848
2026-04-03T21:10:00.8724579Z,-0.344621,0.606916,0.010100,-0.509249,0.596395,-0.014314,11.56,gru,0.164627,0.010521,0.024415
2026-04-03T21:10:00.8975305Z,-0.345693,0.606920,0.010101,-0.512353,0.599028,-0.013773,7.87,gru,0.166660,0.007892,0.023874
2026-04-03T21:10:00.9366800Z,-0.344346,0.607576,0.011303,-0.506876,0.613610,-0.008392,14.14,gru,0.162530,0.006034,0.019695
2026-04-03T21:10:00.9748971Z,-0.348100,0.607089,0.009401,-0.512661,0.605366,-0.014880,14.05,gru,0.164561,0.001722,0.024281
2026-04-03T21:10:01.0091177Z,-0.348316,0.607798,0.009080,-0.517534,0.601232,-0.015865,10.79,gru,0.169219,0.006566,0.024945
2026-04-03T21:10:01.0733057Z,-0.349285,0.610272,0.009918,-0.515003,0.610192,-0.011183,13.38,gru,0.165718,0.000079,0.021101
2026-04-03T21:10:01.1042927Z,-0.349539,0.608359,0.008552,-0.510519,0.611340,-0.014717,10.55,gru,0.160980,0.002981,0.023269
2026-04-03T21:10:01.1529813Z,-0.350362,0.610840,0.009798,-0.517785,0.605153,-0.012603,11.31,gru,0.167423,0.005687,0.022401
2026-04-03T21:10:01.1853463Z,-0.352605,0.608831,0.007807,-0.517943,0.605619,-0.015986,8.30,gru,0.165339,0.003211,0.023793
2026-04-03T21:10:01.2498451Z,-0.352500,0.609692,0.009275,-0.516340,0.609693,-0.012388,11.37,gru,0.163840,0.000001,0.021663
2026-04-03T21:10:01.2729351Z,-0.351421,0.610349,0.008736,-0.519504,0.603930,-0.014028,6.36,gru,0.168083,0.006420,0.022764
2026-04-03T21:10:01.3196634Z,-0.352736,0.609098,0.007533,-0.515537,0.607706,-0.016672,13.96,gru,0.162801,0.001392,0.024205
2026-04-03T21:10:01.3708306Z,-0.353425,0.610521,0.008855,-0.518435,0.605124,-0.011584,12.27,gru,0.165010,0.005397,0.020439
2026-04-03T21:10:01.4206146Z,-0.353389,0.611613,0.008522,-0.515301,0.612366,-0.013329,14.87,gru,0.161912,0.000753,0.021850
2026-04-03T21:10:01.4408270Z,-0.353380,0.609414,0.008164,-0.516295,0.608124,-0.015274,7.10,gru,0.162915,0.001290,0.023438
2026-04-03T21:10:01.4659599Z,-0.353933,0.610233,0.009174,-0.523721,0.601470,-0.012899,8.64,gru,0.169788,0.008763,0.022072
2026-04-03T21:10:01.4837313Z,-0.353455,0.608967,0.007510,-0.521251,0.599528,-0.017761,6.93,gru,0.167796,0.009440,0.025272
2026-04-03T21:10:01.5240620Z,-0.353338,0.608635,0.007310,-0.520501,0.601565,-0.016927,8.98,gru,0.167163,0.007070,0.024237
2026-04-03T21:10:01.5667842Z,-0.353129,0.610935,0.008909,-0.519313,0.613673,-0.010615,13.66,gru,0.166184,0.002738,0.019524
2026-04-03T21:10:01.6139604Z,-0.353353,0.608344,0.007586,-0.521485,0.598803,-0.017556,10.25,gru,0.168132,0.009541,0.025142
2026-04-03T21:10:01.6589830Z,-0.352699,0.607522,0.007827,-0.521573,0.598096,-0.016645,7.36,gru,0.168873,0.009426,0.024472
2026-04-03T21:10:01.6944856Z,-0.353380,0.610611,0.009038,-0.521358,0.611009,-0.011392,6.07,gru,0.167977,0.000398,0.020430
2026-04-03T21:10:01.7164805Z,-0.353374,0.609591,0.009220,-0.524401,0.602748,-0.014826,4.60,gru,0.171027,0.006843,0.024047
2026-04-03T21:10:01.7572645Z,-0.354575,0.611066,0.008314,-0.522581,0.607813,-0.016667,11.01,gru,0.168006,0.003253,0.024981
2026-04-03T21:10:01.8032564Z,-0.353427,0.609211,0.008273,-0.518656,0.609918,-0.014928,8.95,gru,0.165229,0.000706,0.023201
2026-04-03T21:10:01.8355148Z,-0.343944,0.605796,0.010234,-0.518468,0.593036,-0.014058,10.99,gru,0.174524,0.012760,0.024292
2026-04-03T21:10:01.8731166Z,-0.348079,0.609058,0.010622,-0.516041,0.624486,-0.010176,10.20,gru,0.167962,0.015428,0.020799
2026-04-03T21:10:01.9139363Z,-0.348517,0.608386,0.010597,-0.520273,0.611848,-0.013429,13.49,gru,0.171755,0.003462,0.024026
2026-04-03T21:10:01.9563655Z,-0.344494,0.606541,0.010090,-0.513199,0.599994,-0.015528,15.63,gru,0.168705,0.006547,0.025618
2026-04-03T21:10:01.9883151Z,-0.348707,0.607259,0.009166,-0.516032,0.616676,-0.013935,3.03,gru,0.167325,0.009417,0.023101
2026-04-03T21:10:02.0402650Z,-0.348451,0.608220,0.008755,-0.518658,0.611094,-0.014661,11.71,gru,0.170207,0.002874,0.023415
2026-04-03T21:10:02.0794082Z,-0.348893,0.607378,0.008817,-0.513847,0.609827,-0.013910,12.68,gru,0.164954,0.002450,0.022727
2026-04-03T21:10:02.1111621Z,-0.349454,0.608438,0.008527,-0.514171,0.616623,-0.014135,12.24,gru,0.164718,0.008185,0.022662
2026-04-03T21:10:02.1297250Z,-0.349062,0.609429,0.010102,-0.517137,0.611080,-0.011592,6.25,gru,0.168075,0.001651,0.021694
2026-04-03T21:10:02.1469704Z,-0.349522,0.609134,0.010261,-0.514639,0.613540,-0.011654,7.31,gru,0.165117,0.004405,0.021914
2026-04-03T21:10:02.1820668Z,-0.349979,0.607116,0.009096,-0.519139,0.603861,-0.016536,4.59,gru,0.169160,0.003255,0.025632
2026-04-03T21:10:02.2170608Z,-0.349706,0.608994,0.008391,-0.519953,0.608438,-0.016004,7.18,gru,0.170247,0.000556,0.024395
2026-04-03T21:10:02.2477946Z,-0.349180,0.607121,0.008862,-0.515517,0.611537,-0.012716,4.11,gru,0.166337,0.004417,0.021577
2026-04-03T21:10:02.2888267Z,-0.349725,0.609516,0.009866,-0.520974,0.606406,-0.012337,9.34,gru,0.171249,0.003111,0.022203
2026-04-03T21:10:02.3453784Z,-0.349085,0.605800,0.009027,-0.519488,0.597764,-0.016098,5.82,gru,0.170403,0.008036,0.025126
2026-04-03T21:10:02.4039259Z,-0.350951,0.608981,0.008178,-0.515431,0.615776,-0.015037,12.28,gru,0.164480,0.006795,0.023215
2026-04-03T21:10:02.4409362Z,-0.350461,0.610621,0.009262,-0.516616,0.616242,-0.011214,11.19,gru,0.166155,0.005621,0.020476
2026-04-03T21:10:02.4696429Z,-0.350057,0.610199,0.010110,-0.514756,0.613383,-0.011119,12.06,gru,0.164699,0.003184,0.021229
2026-04-03T21:10:02.5003645Z,-0.352416,0.614315,0.008418,-0.519542,0.618328,-0.016553,8.83,gru,0.167126,0.004013,0.024970
2026-04-03T21:10:02.5354042Z,-0.352690,0.613200,0.008905,-0.519729,0.602307,-0.014840,13.23,gru,0.167039,0.010893,0.023745
2026-04-03T21:10:02.5727662Z,-0.352750,0.615087,0.007763,-0.514222,0.613348,-0.014677,10.95,gru,0.161472,0.001739,0.022440
2026-04-03T21:10:02.5918612Z,-0.350181,0.612531,0.009707,-0.515092,0.605607,-0.011862,8.92,gru,0.164911,0.006924,0.021568
2026-04-03T21:10:02.6218828Z,-0.350548,0.611238,0.010006,-0.518071,0.599214,-0.012192,7.69,gru,0.167524,0.012023,0.022198
2026-04-03T21:10:02.6642176Z,-0.349663,0.610984,0.010038,-0.517776,0.604241,-0.014295,11.67,gru,0.168113,0.006743,0.024333
2026-04-03T21:10:02.6907601Z,-0.350291,0.611898,0.009816,-0.517059,0.606852,-0.013361,7.70,gru,0.166768,0.005047,0.023177
2026-04-03T21:10:02.7418122Z,-0.350206,0.611399,0.010192,-0.517729,0.603510,-0.012981,12.23,gru,0.167523,0.007888,0.023173
2026-04-03T21:10:02.7868931Z,-0.352085,0.612734,0.009159,-0.516289,0.609905,-0.014442,16.33,gru,0.164204,0.002829,0.023601
2026-04-03T21:10:02.8411794Z,-0.352220,0.613074,0.009021,-0.512483,0.614282,-0.013321,13.14,gru,0.160263,0.001208,0.022341
2026-04-03T21:10:02.8832470Z,-0.353120,0.613118,0.008567,-0.514561,0.611488,-0.013666,8.93,gru,0.161441,0.001630,0.022233
2026-04-03T21:10:02.9265225Z,-0.354046,0.614155,0.008577,-0.520128,0.609074,-0.014672,11.13,gru,0.166082,0.005081,0.023249
2026-04-03T21:10:02.9887338Z,-0.353541,0.613580,0.009133,-0.518716,0.607879,-0.013489,11.90,gru,0.165175,0.005701,0.022622
2026-04-03T21:10:03.0200538Z,-0.352577,0.614212,0.008856,-0.519221,0.606012,-0.015183,10.58,gru,0.166644,0.008200,0.024039
2026-04-03T21:10:03.0455357Z,-0.353581,0.613700,0.009153,-0.517059,0.613461,-0.012983,7.99,gru,0.163478,0.000238,0.022136
2026-04-03T21:10:03.0762915Z,-0.353249,0.613764,0.008993,-0.523751,0.600940,-0.015115,4.82,gru,0.170502,0.012825,0.024108
2026-04-03T21:10:03.0889163Z,-0.352940,0.613683,0.008990,-0.518768,0.609322,-0.014387,6.50,gru,0.165828,0.004361,0.023378
2026-04-03T21:10:03.1188912Z,-0.352967,0.614380,0.008983,-0.514927,0.616148,-0.012750,6.29,gru,0.161961,0.001768,0.021733
2026-04-03T21:10:03.1506571Z,-0.352896,0.613693,0.009210,-0.513175,0.615196,-0.012243,7.76,gru,0.160279,0.001503,0.021452
2026-04-03T21:10:03.1895522Z,-0.353109,0.614114,0.008834,-0.510075,0.624925,-0.012302,8.15,gru,0.156967,0.010811,0.021136
2026-04-03T21:10:03.2306339Z,-0.353100,0.615117,0.008859,-0.510741,0.625571,-0.012131,5.88,gru,0.157641,0.010454,0.020990
2026-04-03T21:10:03.2568852Z,-0.353180,0.614303,0.008995,-0.509548,0.625763,-0.011447,9.75,gru,0.156368,0.011460,0.020441
2026-04-03T21:10:03.3288621Z,-0.353277,0.613759,0.008422,-0.510503,0.620011,-0.013258,13.28,gru,0.157226,0.006251,0.021680
2026-04-03T21:10:03.3549505Z,-0.344775,0.611291,0.010542,-0.508056,0.607451,-0.011098,6.54,gru,0.163281,0.003840,0.021640
2026-04-03T21:10:03.4087137Z,-0.348518,0.611984,0.010132,-0.510030,0.621395,-0.010519,15.47,gru,0.161512,0.009410,0.020651
2026-04-03T21:10:03.4527581Z,-0.347300,0.613444,0.009478,-0.507575,0.624981,-0.013229,15.49,gru,0.160275,0.011538,0.022707
2026-04-03T21:10:03.4728277Z,-0.349238,0.611822,0.010130,-0.508140,0.613965,-0.010644,12.45,gru,0.158902,0.002143,0.020774
2026-04-03T21:10:03.4941163Z,-0.349458,0.613039,0.009845,-0.508108,0.622983,-0.011161,9.11,gru,0.158650,0.009944,0.021007
2026-04-03T21:10:03.5295549Z,-0.349138,0.612491,0.010053,-0.507276,0.621038,-0.011447,6.37,gru,0.158137,0.008547,0.021500
2026-04-03T21:10:03.5621897Z,-0.344106,0.611488,0.011014,-0.504236,0.617109,-0.010169,7.96,gru,0.160130,0.005620,0.021183
2026-04-03T21:10:03.5858502Z,-0.344914,0.610740,0.010902,-0.502885,0.624760,-0.010013,6.64,gru,0.157971,0.014020,0.020914
2026-04-03T21:10:03.6243660Z,-0.347677,0.613050,0.009413,-0.504595,0.631709,-0.012398,7.74,gru,0.156918,0.018659,0.021811
2026-04-03T21:10:03.6570629Z,-0.350428,0.612777,0.010087,-0.505568,0.625084,-0.009517,7.57,gru,0.155139,0.012306,0.019604
2026-04-03T21:10:03.6984537Z,-0.349049,0.612299,0.010210,-0.505223,0.619135,-0.010308,6.87,gru,0.156174,0.006837,0.020518
2026-04-03T21:10:03.7645118Z,-0.348959,0.612359,0.009736,-0.505425,0.623204,-0.012214,6.81,gru,0.156466,0.010845,0.021949
2026-04-03T21:10:03.7917156Z,-0.348867,0.612573,0.009653,-0.506259,0.625571,-0.010956,6.87,gru,0.157392,0.012999,0.020608
2026-04-03T21:10:03.8303415Z,-0.349472,0.611982,0.010318,-0.504458,0.624068,-0.009050,9.13,gru,0.154986,0.012086,0.019368
2026-04-03T21:10:03.8781589Z,-0.350074,0.612644,0.009766,-0.505364,0.623840,-0.011086,15.06,gru,0.155290,0.011196,0.020852
2026-04-03T21:10:03.9434505Z,-0.349979,0.612623,0.009560,-0.504890,0.624138,-0.011491,6.52,gru,0.154911,0.011515,0.021052
2026-04-03T21:10:03.9820476Z,-0.348872,0.611935,0.009616,-0.503959,0.624538,-0.010495,8.65,gru,0.155087,0.012603,0.020111
2026-04-03T21:10:04.0131116Z,-0.349670,0.612669,0.009655,-0.505873,0.626682,-0.010360,8.77,gru,0.156203,0.014013,0.020014
2026-04-03T21:10:04.0651856Z,-0.349743,0.612155,0.009736,-0.507847,0.621992,-0.010931,7.89,gru,0.158104,0.009838,0.020667
2026-04-03T21:10:04.0988436Z,-0.350196,0.613447,0.009355,-0.506476,0.617332,-0.012111,8.94,gru,0.156280,0.003885,0.021466
2026-04-03T21:10:04.1254829Z,-0.351169,0.612696,0.009297,-0.506721,0.619396,-0.011360,7.68,gru,0.155552,0.006700,0.020657
2026-04-03T21:10:04.1546813Z,-0.349396,0.610870,0.010138,-0.505313,0.615391,-0.009965,4.30,gru,0.155917,0.004521,0.020103
2026-04-03T21:10:04.1870199Z,-0.348871,0.611432,0.009750,-0.507461,0.618064,-0.011667,7.63,gru,0.158590,0.006633,0.021417
2026-04-03T21:10:04.2408891Z,-0.349897,0.612621,0.009884,-0.506821,0.625599,-0.010560,12.91,gru,0.156924,0.012978,0.020444
2026-04-03T21:10:04.2546792Z,-0.349828,0.612623,0.009580,-0.506076,0.619818,-0.011287,6.13,gru,0.156248,0.007195,0.020867
2026-04-03T21:10:04.3022727Z,-0.353586,0.612782,0.009341,-0.508428,0.618427,-0.011435,9.24,gru,0.154842,0.005645,0.020776
2026-04-03T21:10:04.3197922Z,-0.353280,0.612865,0.009021,-0.510180,0.615004,-0.012442,7.19,gru,0.156899,0.002140,0.021463
2026-04-03T21:10:04.3520945Z,-0.352421,0.614842,0.008828,-0.508460,0.622450,-0.012672,5.82,gru,0.156039,0.007609,0.021500
2026-04-03T21:10:04.4046719Z,-0.353326,0.613546,0.008646,-0.509410,0.622950,-0.011896,9.25,gru,0.156084,0.009403,0.020542
2026-04-03T21:10:04.4324719Z,-0.353163,0.612912,0.008985,-0.510122,0.617938,-0.011594,6.16,gru,0.156959,0.005026,0.020578
2026-04-03T21:10:04.4546994Z,-0.352801,0.613378,0.008923,-0.510618,0.619646,-0.012198,7.74,gru,0.157817,0.006268,0.021120
2026-04-03T21:10:04.4910150Z,-0.353731,0.614560,0.008548,-0.510863,0.623601,-0.012674,10.26,gru,0.157132,0.009041,0.021222
2026-04-03T21:10:04.5331151Z,-0.353306,0.612876,0.008976,-0.510931,0.617027,-0.011672,10.91,gru,0.157625,0.004151,0.020648
2026-04-03T21:10:04.5627834Z,-0.329333,0.606659,0.013854,-0.499885,0.593150,-0.009715,5.41,gru,0.170553,0.013510,0.023569
2026-04-03T21:10:04.5765495Z,-0.340063,0.608945,0.012453,-0.506731,0.634625,-0.009058,3.53,gru,0.166668,0.025680,0.021511
2026-04-03T21:10:04.6131485Z,-0.344107,0.609624,0.011435,-0.507734,0.633636,-0.011664,3.52,gru,0.163626,0.024012,0.023098
2026-04-03T21:10:04.6570487Z,-0.345036,0.609146,0.011622,-0.506933,0.606115,-0.011700,6.53,gru,0.161897,0.003031,0.023322
2026-04-03T21:10:04.7046542Z,-0.344681,0.607901,0.009860,-0.504601,0.614028,-0.014013,11.73,gru,0.159920,0.006127,0.023872
2026-04-03T21:10:04.7344658Z,-0.349149,0.610427,0.010676,-0.507534,0.629643,-0.008653,10.96,gru,0.158385,0.019216,0.019329
2026-04-03T21:10:04.7528533Z,-0.349523,0.611754,0.010292,-0.508107,0.623923,-0.010522,7.86,gru,0.158584,0.012168,0.020814
2026-04-03T21:10:04.7810017Z,-0.349914,0.611472,0.010095,-0.508451,0.613261,-0.013383,6.06,gru,0.158537,0.001789,0.023478
2026-04-03T21:10:04.8196676Z,-0.349508,0.610854,0.010500,-0.508555,0.616082,-0.010675,8.18,gru,0.159047,0.005228,0.021176
2026-04-03T21:10:04.8593725Z,-0.349192,0.610518,0.010253,-0.506586,0.620096,-0.011096,11.98,gru,0.157394,0.009578,0.021349
2026-04-03T21:10:04.9033837Z,-0.349307,0.609658,0.008650,-0.507184,0.619034,-0.014209,11.69,gru,0.157877,0.009376,0.022859
2026-04-03T21:10:04.9435034Z,-0.353752,0.611631,0.007749,-0.512889,0.625291,-0.013392,9.46,gru,0.159137,0.013660,0.021141
2026-04-03T21:10:04.9727858Z,-0.353498,0.610535,0.008292,-0.514933,0.617005,-0.012208,10.04,gru,0.161435,0.006470,0.020500
2026-04-03T21:10:04.9935530Z,-0.353166,0.610882,0.007919,-0.507895,0.620637,-0.012788,7.14,gru,0.154728,0.009755,0.020707
2026-04-03T21:10:05.0311247Z,-0.352737,0.610363,0.007923,-0.510215,0.621066,-0.012881,8.88,gru,0.157478,0.010702,0.020803
2026-04-03T21:10:05.0617711Z,-0.353311,0.611639,0.007694,-0.512745,0.621510,-0.012921,8.35,gru,0.159434,0.009871,0.020616
2026-04-03T21:10:05.0968249Z,-0.353580,0.609801,0.007877,-0.514757,0.618510,-0.013057,8.72,gru,0.161177,0.008709,0.020934
2026-04-03T21:10:05.1267404Z,-0.353506,0.610496,0.007950,-0.512147,0.622583,-0.012207,4.49,gru,0.158641,0.012087,0.020157
2026-04-03T21:10:05.1457221Z,-0.354144,0.610961,0.008270,-0.514848,0.619594,-0.012273,3.39,gru,0.160704,0.008633,0.020543
2026-04-03T21:10:05.1843634Z,-0.344958,0.606318,0.010564,-0.509354,0.586837,-0.012291,8.06,gru,0.164396,0.019480,0.022855
2026-04-03T21:10:05.2159495Z,-0.339624,0.604541,0.011958,-0.505334,0.599767,-0.009760,4.88,gru,0.165710,0.004774,0.021718
2026-04-03T21:10:05.2704188Z,-0.345304,0.607097,0.010544,-0.510645,0.625587,-0.012348,7.28,gru,0.165342,0.018490,0.022892
2026-04-03T21:10:05.3252909Z,-0.349744,0.608575,0.009129,-0.512487,0.614810,-0.014077,8.88,gru,0.162743,0.006235,0.023205
2026-04-03T21:10:05.3682248Z,-0.344794,0.607779,0.010254,-0.514116,0.594292,-0.014426,12.07,gru,0.169322,0.013487,0.024680
2026-04-03T21:10:05.4038800Z,-0.344902,0.606959,0.010406,-0.508997,0.611782,-0.011442,13.76,gru,0.164095,0.004823,0.021848
2026-04-03T21:10:05.4408181Z,-0.349371,0.609215,0.008989,-0.511324,0.628755,-0.013807,14.59,gru,0.161953,0.019540,0.022796
2026-04-03T21:10:05.4631439Z,-0.348638,0.607306,0.009468,-0.510551,0.611683,-0.012719,7.08,gru,0.161913,0.004377,0.022187
2026-04-03T21:10:05.4863893Z,-0.349427,0.608698,0.008922,-0.510383,0.613141,-0.013278,5.06,gru,0.160956,0.004443,0.022200
2026-04-03T21:10:05.5278013Z,-0.349886,0.608346,0.008846,-0.512793,0.614692,-0.013767,9.25,gru,0.162907,0.006346,0.022613
2026-04-03T21:10:05.5532512Z,-0.349207,0.607663,0.009420,-0.515979,0.606564,-0.013091,7.79,gru,0.166771,0.001099,0.022511
2026-04-03T21:10:05.5896893Z,-0.350370,0.607757,0.009258,-0.516126,0.614367,-0.013319,5.59,gru,0.165756,0.006610,0.022577
2026-04-03T21:10:05.6397838Z,-0.350212,0.612037,0.010050,-0.517714,0.619547,-0.012001,7.00,gru,0.167502,0.007511,0.022051
2026-04-03T21:10:05.6794340Z,-0.350053,0.609598,0.008470,-0.514777,0.611135,-0.015898,7.52,gru,0.164725,0.001537,0.024368
2026-04-03T21:10:05.7268981Z,-0.349927,0.608431,0.009153,-0.514131,0.608507,-0.013206,12.37,gru,0.164204,0.000076,0.022359
2026-04-03T21:10:05.7949272Z,-0.350596,0.608686,0.009130,-0.514995,0.615619,-0.011579,11.80,gru,0.164399,0.006933,0.020710
2026-04-03T21:10:05.8224831Z,-0.346749,0.607833,0.009993,-0.516670,0.605212,-0.013413,7.39,gru,0.169921,0.002621,0.023406
2026-04-03T21:10:05.8608645Z,-0.344996,0.607709,0.010298,-0.512954,0.609904,-0.012227,4.75,gru,0.167958,0.002194,0.022525
2026-04-03T21:10:05.8791290Z,-0.344140,0.606664,0.010365,-0.510018,0.612206,-0.012028,7.49,gru,0.165878,0.005542,0.022393
2026-04-03T21:10:05.9175004Z,-0.344214,0.607414,0.010575,-0.513158,0.599547,-0.012561,5.80,gru,0.168943,0.007867,0.023136
2026-04-03T21:10:05.9454559Z,-0.349059,0.608860,0.011209,-0.515928,0.601601,-0.010476,3.17,gru,0.166868,0.007259,0.021685
2026-04-03T21:10:05.9886988Z,-0.348676,0.608425,0.009580,-0.513193,0.601785,-0.015264,6.49,gru,0.164517,0.006639,0.024844
2026-04-03T21:10:06.0257196Z,-0.349132,0.608979,0.008724,-0.513677,0.605692,-0.015945,5.91,gru,0.164544,0.003286,0.024669
2026-04-03T21:10:06.0695765Z,-0.349327,0.607742,0.009195,-0.514446,0.603768,-0.012262,9.70,gru,0.165119,0.003974,0.021456
2026-04-03T21:10:06.0905158Z,-0.349904,0.607924,0.009451,-0.515638,0.602096,-0.013086,7.69,gru,0.165734,0.005828,0.022537
2026-04-03T21:10:06.1298473Z,-0.349848,0.608692,0.009186,-0.515434,0.608559,-0.014294,8.73,gru,0.165586,0.000134,0.023480
2026-04-03T21:10:06.1767472Z,-0.345626,0.607000,0.010264,-0.515019,0.596156,-0.013546,9.38,gru,0.169392,0.010844,0.023809
2026-04-03T21:10:06.2250650Z,-0.348677,0.607941,0.009569,-0.517460,0.611778,-0.013908,9.44,gru,0.168783,0.003836,0.023478
2026-04-03T21:10:06.2566192Z,-0.348776,0.609338,0.009122,-0.516993,0.603367,-0.014768,9.68,gru,0.168217,0.005972,0.023891
2026-04-03T21:10:06.2841567Z,-0.344862,0.607362,0.010245,-0.513025,0.598280,-0.012919,6.40,gru,0.168163,0.009082,0.023164
2026-04-03T21:10:06.3130378Z,-0.341174,0.606003,0.011127,-0.503525,0.611668,-0.009787,7.31,gru,0.162351,0.005664,0.020914
2026-04-03T21:10:06.3442601Z,-0.344075,0.606546,0.010475,-0.511212,0.613936,-0.012531,7.84,gru,0.167136,0.007390,0.023006
2026-04-03T21:10:06.3854484Z,-0.346181,0.606532,0.010522,-0.513110,0.607533,-0.011951,7.63,gru,0.166928,0.001001,0.022473
2026-04-03T21:10:06.4363225Z,-0.348667,0.608877,0.009328,-0.513853,0.608228,-0.014152,11.26,gru,0.165186,0.000650,0.023480
2026-04-03T21:10:06.4864149Z,-0.349490,0.609230,0.008974,-0.513692,0.605874,-0.014517,6.03,gru,0.164203,0.003356,0.023491
2026-04-03T21:10:06.5098992Z,-0.350463,0.607477,0.009255,-0.514701,0.600385,-0.012928,3.84,gru,0.164238,0.007092,0.022183
2026-04-03T21:10:06.5520659Z,-0.350238,0.607019,0.009631,-0.517135,0.597774,-0.013470,7.03,gru,0.166897,0.009245,0.023101
2026-04-03T21:10:06.6153402Z,-0.350046,0.607794,0.008788,-0.514983,0.604139,-0.015131,17.22,gru,0.164937,0.003655,0.023919
2026-04-03T21:10:06.6510359Z,-0.353328,0.610361,0.008002,-0.514547,0.616502,-0.014119,10.13,gru,0.161219,0.006142,0.022120
2026-04-03T21:10:06.6906320Z,-0.353226,0.609885,0.008367,-0.517973,0.606060,-0.013928,8.35,gru,0.164747,0.003825,0.022295
2026-04-03T21:10:06.7530258Z,-0.353677,0.609113,0.008025,-0.520208,0.603295,-0.015510,12.33,gru,0.166532,0.005818,0.023535
2026-04-03T21:10:06.8089464Z,-0.353276,0.610581,0.007828,-0.523113,0.605725,-0.014909,6.18,gru,0.169837,0.004856,0.022736
2026-04-03T21:10:06.8565965Z,-0.353880,0.609684,0.008019,-0.520106,0.606305,-0.014721,9.48,gru,0.166226,0.003379,0.022741
2026-04-03T21:10:06.9239478Z,-0.353334,0.610485,0.009793,-0.521092,0.601691,-0.011362,8.50,gru,0.167758,0.008794,0.021155
2026-04-03T21:10:06.9567555Z,-0.353396,0.611970,0.009445,-0.520935,0.606294,-0.014146,5.23,gru,0.167539,0.005675,0.023591
2026-04-03T21:10:06.9988715Z,-0.353513,0.610190,0.008334,-0.520175,0.605551,-0.016710,11.46,gru,0.166662,0.004639,0.025045
2026-04-03T21:10:07.0406773Z,-0.353126,0.610259,0.007979,-0.519357,0.608117,-0.015076,9.57,gru,0.166232,0.002142,0.023056
2026-04-03T21:10:07.0610185Z,-0.353508,0.610258,0.007956,-0.521144,0.604414,-0.014838,10.04,gru,0.167636,0.005844,0.022794
2026-04-03T21:10:07.1149815Z,-0.354407,0.611535,0.007800,-0.521570,0.602800,-0.015693,14.19,gru,0.167163,0.008736,0.023493
2026-04-03T21:10:07.1749778Z,-0.353516,0.611058,0.007673,-0.521399,0.600068,-0.016682,7.04,gru,0.167882,0.010990,0.024355
2026-04-03T21:10:07.2239970Z,-0.353777,0.610202,0.008336,-0.522356,0.600413,-0.014787,10.61,gru,0.168580,0.009789,0.023122
2026-04-03T21:10:07.2672778Z,-0.354298,0.609777,0.008215,-0.521580,0.608612,-0.014676,6.34,gru,0.167283,0.001165,0.022891
2026-04-03T21:10:07.3026106Z,-0.352965,0.608931,0.008536,-0.521119,0.606044,-0.014959,6.77,gru,0.168154,0.002887,0.023495
2026-04-03T21:10:07.3855896Z,-0.354885,0.610357,0.008125,-0.524476,0.608072,-0.015388,11.42,gru,0.169590,0.002285,0.023513
2026-04-03T21:10:07.4140839Z,-0.353049,0.608993,0.008498,-0.524175,0.600827,-0.015735,5.21,gru,0.171127,0.008166,0.024234
2026-04-03T21:10:07.4445210Z,-0.353745,0.611050,0.007858,-0.524004,0.607487,-0.016549,9.38,gru,0.170259,0.003563,0.024407
2026-04-03T21:10:07.4632808Z,-0.353216,0.610219,0.008251,-0.521487,0.613834,-0.014752,5.19,gru,0.168271,0.003615,0.023002
2026-04-03T21:10:07.4848069Z,-0.352739,0.610515,0.007539,-0.521281,0.610538,-0.016359,6.92,gru,0.168542,0.000023,0.023898
2026-04-03T21:10:07.5104884Z,-0.353153,0.610904,0.009420,-0.524135,0.610959,-0.012378,4.20,gru,0.170983,0.000055,0.021797
2026-04-03T21:10:07.5495954Z,-0.354219,0.610531,0.008069,-0.522110,0.612183,-0.015698,6.63,gru,0.167891,0.001652,0.023766
2026-04-03T21:10:07.5797116Z,-0.353870,0.610094,0.008104,-0.521709,0.611024,-0.016382,6.17,gru,0.167839,0.000930,0.024486
2026-04-03T21:10:07.6267397Z,-0.353219,0.608934,0.008517,-0.522783,0.607304,-0.013720,10.60,gru,0.169565,0.001630,0.022237
2026-04-03T21:10:07.6784788Z,-0.353074,0.610081,0.008110,-0.517856,0.616775,-0.014554,15.28,gru,0.164782,0.006694,0.022664
2026-04-03T21:10:07.7096332Z,-0.353406,0.611564,0.009427,-0.517206,0.621842,-0.011090,15.25,gru,0.163800,0.010278,0.020517
2026-04-03T21:10:07.7310414Z,-0.354263,0.612460,0.009567,-0.521390,0.615295,-0.012993,8.82,gru,0.167127,0.002835,0.022560
2026-04-03T21:10:07.7635124Z,-0.353546,0.613136,0.008882,-0.520207,0.614114,-0.016005,7.79,gru,0.166660,0.000979,0.024887
2026-04-03T21:10:07.7860431Z,-0.354353,0.613101,0.009168,-0.520897,0.615520,-0.013410,6.96,gru,0.166544,0.002418,0.022578
2026-04-03T21:10:07.8544185Z,-0.352817,0.614952,0.008321,-0.517744,0.621116,-0.014955,8.68,gru,0.164927,0.006164,0.023276
2026-04-03T21:10:07.8911370Z,-0.353524,0.612611,0.007286,-0.518383,0.614154,-0.016996,10.45,gru,0.164859,0.001543,0.024281
2026-04-03T21:10:07.9330416Z,-0.352848,0.613431,0.008947,-0.519731,0.613890,-0.011658,10.26,gru,0.166883,0.000459,0.020605
2026-04-03T21:10:07.9649225Z,-0.354036,0.613414,0.008697,-0.520845,0.613231,-0.013791,8.01,gru,0.166809,0.000184,0.022488
2026-04-03T21:10:07.9853019Z,-0.352823,0.613431,0.009252,-0.519397,0.609731,-0.014266,4.99,gru,0.166574,0.003700,0.023518
2026-04-03T21:10:08.0166920Z,-0.352890,0.612678,0.009255,-0.518521,0.612188,-0.013189,7.01,gru,0.165632,0.000489,0.022445
2026-04-03T21:10:08.0482612Z,-0.345349,0.610663,0.010981,-0.514937,0.602478,-0.012412,7.12,gru,0.169588,0.008185,0.023393
2026-04-03T21:10:08.0894831Z,-0.340551,0.608417,0.012723,-0.508756,0.608531,-0.008787,8.95,gru,0.168204,0.000113,0.021511
2026-04-03T21:10:08.1418455Z,-0.344824,0.610076,0.011136,-0.511845,0.623329,-0.012791,10.06,gru,0.167022,0.013254,0.023928
2026-04-03T21:10:08.1664388Z,-0.347988,0.612071,0.009899,-0.511924,0.619763,-0.014110,8.69,gru,0.163936,0.007692,0.024009
2026-04-03T21:10:08.1933540Z,-0.348953,0.613173,0.009924,-0.509880,0.615644,-0.011936,6.56,gru,0.160927,0.002471,0.021860
2026-04-03T21:10:08.2650241Z,-0.348459,0.613164,0.009763,-0.511652,0.614452,-0.013082,6.25,gru,0.163192,0.001288,0.022844
2026-04-03T21:10:08.2875685Z,-0.348912,0.612493,0.010186,-0.513216,0.613818,-0.012196,7.13,gru,0.164305,0.001325,0.022381
2026-04-03T21:10:08.3401624Z,-0.348724,0.611821,0.010259,-0.514122,0.609546,-0.012540,7.43,gru,0.165398,0.002275,0.022799
2026-04-03T21:10:08.4124560Z,-0.349350,0.612837,0.010024,-0.512550,0.614409,-0.012882,10.68,gru,0.163200,0.001572,0.022906
2026-04-03T21:10:08.4442629Z,-0.349491,0.612345,0.009987,-0.508065,0.618131,-0.011276,11.08,gru,0.158574,0.005785,0.021264
2026-04-03T21:10:08.4711147Z,-0.348762,0.612355,0.009944,-0.506435,0.619649,-0.011139,10.42,gru,0.157673,0.007294,0.021082
2026-04-03T21:10:08.4959905Z,-0.349596,0.612577,0.009779,-0.507146,0.622660,-0.011088,10.80,gru,0.157550,0.010083,0.020867
2026-04-03T21:10:08.5200134Z,-0.349683,0.612079,0.009828,-0.507531,0.622008,-0.010799,5.33,gru,0.157848,0.009929,0.020627
2026-04-03T21:10:08.5538019Z,-0.345068,0.610371,0.010946,-0.502792,0.617576,-0.009668,5.77,gru,0.157724,0.007206,0.020613
2026-04-03T21:10:08.5897480Z,-0.344860,0.609716,0.011574,-0.505381,0.616847,-0.008983,6.72,gru,0.160520,0.007131,0.020557
2026-04-03T21:10:08.6280410Z,-0.345433,0.609872,0.011328,-0.502362,0.624092,-0.009273,6.24,gru,0.156929,0.014219,0.020601
2026-04-03T21:10:08.6752220Z,-0.348736,0.611906,0.010097,-0.505369,0.626176,-0.011436,6.82,gru,0.156633,0.014270,0.021532
2026-04-03T21:10:08.7176425Z,-0.349715,0.613058,0.009887,-0.506139,0.624567,-0.010879,6.98,gru,0.156424,0.011508,0.020766
2026-04-03T21:10:08.7513317Z,-0.348961,0.611412,0.010336,-0.505961,0.615851,-0.010163,7.40,gru,0.157000,0.004439,0.020499
2026-04-03T21:10:08.8098129Z,-0.347816,0.610488,0.010323,-0.504995,0.611479,-0.011126,14.42,gru,0.157178,0.000991,0.021448
2026-04-03T21:10:08.8742368Z,-0.343621,0.610802,0.011613,-0.503015,0.607451,-0.009498,12.21,gru,0.159394,0.003350,0.021111
2026-04-03T21:10:08.9178754Z,-0.348040,0.610902,0.010291,-0.505766,0.618021,-0.011392,9.41,gru,0.157726,0.007119,0.021683
2026-04-03T21:10:08.9606440Z,-0.348342,0.611639,0.010130,-0.505005,0.619556,-0.011481,9.23,gru,0.156663,0.007917,0.021611
2026-04-03T21:10:08.9911343Z,-0.348510,0.610335,0.010883,-0.503893,0.615431,-0.008810,9.21,gru,0.155384,0.005096,0.019692
2026-04-03T21:10:09.0193470Z,-0.324095,0.607463,0.014319,-0.490841,0.598529,-0.009454,5.43,gru,0.166746,0.008933,0.023773
2026-04-03T21:10:09.0509018Z,-0.339010,0.607603,0.012928,-0.503899,0.633221,-0.007886,5.23,gru,0.164889,0.025618,0.020814
2026-04-03T21:10:09.0888981Z,-0.344407,0.609992,0.011275,-0.505485,0.633135,-0.011066,7.12,gru,0.161078,0.023143,0.022341
2026-04-03T21:10:09.1186195Z,-0.344384,0.610610,0.011032,-0.504166,0.605341,-0.012679,5.40,gru,0.159783,0.005269,0.023712
2026-04-03T21:10:09.1512660Z,-0.345175,0.607839,0.009845,-0.502178,0.611891,-0.012407,6.08,gru,0.157003,0.004052,0.022252
2026-04-03T21:10:09.1788960Z,-0.344736,0.611109,0.010754,-0.503121,0.623022,-0.009129,4.72,gru,0.158385,0.011913,0.019883
2026-04-03T21:10:09.2122905Z,-0.347545,0.612356,0.010043,-0.504439,0.625616,-0.010495,4.05,gru,0.156894,0.013259,0.020537
2026-04-03T21:10:09.2456891Z,-0.347881,0.610021,0.008816,-0.504243,0.613241,-0.014524,3.87,gru,0.156363,0.003220,0.023340
2026-04-03T21:10:09.2933009Z,-0.348652,0.610867,0.010299,-0.506468,0.611215,-0.009096,8.63,gru,0.157816,0.000348,0.019395
2026-04-03T21:10:09.3244408Z,-0.345548,0.611422,0.010959,-0.503543,0.612217,-0.009112,4.80,gru,0.157995,0.000795,0.020071
2026-04-03T21:10:09.3708065Z,-0.344290,0.610161,0.010962,-0.502855,0.609799,-0.011153,12.99,gru,0.158565,0.000362,0.022115
2026-04-03T21:10:09.4119158Z,-0.348569,0.611806,0.010098,-0.506730,0.623942,-0.010744,8.68,gru,0.158162,0.012135,0.020842
2026-04-03T21:10:09.4458262Z,-0.324605,0.609035,0.013296,-0.494150,0.599749,-0.011152,7.50,gru,0.169545,0.009286,0.024448
2026-04-03T21:10:09.4943904Z,-0.339912,0.608816,0.012523,-0.500269,0.627249,-0.005483,7.68,gru,0.160357,0.018434,0.018006
2026-04-03T21:10:09.5253785Z,-0.344507,0.609978,0.011169,-0.503895,0.627707,-0.010487,6.04,gru,0.159388,0.017728,0.021655
2026-04-03T21:10:09.5500570Z,-0.344840,0.610040,0.011080,-0.503872,0.598635,-0.012313,3.94,gru,0.159032,0.011406,0.023393
2026-04-03T21:10:09.5831760Z,-0.345127,0.610744,0.010981,-0.506195,0.613871,-0.010469,3.82,gru,0.161068,0.003127,0.021450
2026-04-03T21:10:09.6158740Z,-0.348007,0.612502,0.010018,-0.504262,0.622642,-0.011128,3.89,gru,0.156255,0.010141,0.021146
2026-04-03T21:10:09.6520067Z,-0.349215,0.611982,0.009840,-0.504303,0.613035,-0.011186,7.26,gru,0.155089,0.001053,0.021027
2026-04-03T21:10:09.6883319Z,-0.349894,0.611686,0.009988,-0.502005,0.599870,-0.011693,5.15,gru,0.152111,0.011816,0.021681
2026-04-03T21:10:09.7440722Z,-0.348653,0.613379,0.009864,-0.505712,0.608304,-0.012044,11.55,gru,0.157060,0.005075,0.021908
2026-04-03T21:10:09.7626230Z,-0.348321,0.610916,0.010251,-0.505332,0.610817,-0.010709,7.45,gru,0.157011,0.000099,0.020960
2026-04-03T21:10:09.8079881Z,-0.349524,0.612314,0.010159,-0.507299,0.615113,-0.010555,9.59,gru,0.157775,0.002799,0.020714
2026-04-03T21:10:09.8352335Z,-0.348876,0.610196,0.010777,-0.512212,0.601229,-0.011512,10.82,gru,0.163335,0.008967,0.022289
2026-04-03T21:10:09.8809717Z,-0.344214,0.609640,0.011433,-0.504425,0.608049,-0.010111,9.03,gru,0.160211,0.001591,0.021544
2026-04-03T21:10:09.9412157Z,-0.345468,0.609830,0.011316,-0.501928,0.620325,-0.009125,10.95,gru,0.156460,0.010496,0.020441
2026-04-03T21:10:10.0022433Z,-0.338521,0.609590,0.011989,-0.501466,0.606945,-0.010422,9.17,gru,0.162945,0.002644,0.022411
2026-04-03T21:10:10.0178022Z,-0.329035,0.607559,0.013746,-0.492172,0.603998,-0.008086,7.40,gru,0.163137,0.003561,0.021832
2026-04-03T21:10:10.0442898Z,-0.339646,0.608012,0.012867,-0.502076,0.627906,-0.007169,5.78,gru,0.162429,0.019893,0.020036
2026-04-03T21:10:10.0919628Z,-0.343807,0.610163,0.011087,-0.500535,0.619703,-0.011152,10.39,gru,0.156728,0.009540,0.022239
2026-04-03T21:10:10.1288540Z,-0.344812,0.610194,0.010916,-0.500125,0.607528,-0.011177,7.60,gru,0.155313,0.002665,0.022093
2026-04-03T21:10:10.1706828Z,-0.345308,0.610830,0.010937,-0.496956,0.605671,-0.010144,4.57,gru,0.151648,0.005159,0.021082
2026-04-03T21:10:10.1998845Z,-0.346078,0.609447,0.011105,-0.501131,0.608336,-0.009921,4.22,gru,0.155053,0.001111,0.021025
2026-04-03T21:10:10.2061357Z,-0.346160,0.610795,0.010825,-0.501828,0.613015,-0.010606,4.19,gru,0.155668,0.002221,0.021431
2026-04-03T21:10:10.2405625Z,-0.347801,0.611163,0.010007,-0.502848,0.613983,-0.011915,4.53,gru,0.155047,0.002820,0.021921
2026-04-03T21:10:10.2925997Z,-0.348855,0.611278,0.009771,-0.503402,0.614311,-0.011095,9.80,gru,0.154547,0.003033,0.020867
2026-04-03T21:10:10.3330203Z,-0.347830,0.610484,0.010380,-0.503298,0.615127,-0.009643,7.53,gru,0.155468,0.004644,0.020023
2026-04-03T21:10:10.3582945Z,-0.323503,0.606773,0.013400,-0.491657,0.593158,-0.010874,9.53,gru,0.168154,0.013616,0.024274
2026-04-03T21:10:10.3967041Z,-0.340020,0.609766,0.012625,-0.505882,0.637919,-0.006772,8.50,gru,0.165862,0.028154,0.019397
2026-04-03T21:10:10.4185986Z,-0.344657,0.609790,0.011118,-0.503681,0.631814,-0.010138,6.92,gru,0.159025,0.022025,0.021256
2026-04-03T21:10:10.4551401Z,-0.344575,0.608187,0.011840,-0.505039,0.594805,-0.011329,7.73,gru,0.160464,0.013382,0.023169
2026-04-03T21:10:10.5010528Z,-0.345348,0.609961,0.011546,-0.502329,0.619430,-0.008437,8.80,gru,0.156981,0.009470,0.019984
2026-04-03T21:10:10.5455620Z,-0.346011,0.609808,0.011093,-0.504930,0.615380,-0.010598,9.66,gru,0.158919,0.005572,0.021691
2026-04-03T21:10:10.6111584Z,-0.350239,0.612275,0.009997,-0.507464,0.616989,-0.011556,12.49,gru,0.157225,0.004714,0.021554
2026-04-03T21:10:10.6465163Z,-0.348030,0.612987,0.009879,-0.504952,0.611361,-0.012306,9.33,gru,0.156922,0.001626,0.022185
2026-04-03T21:10:10.6895197Z,-0.348316,0.613356,0.009973,-0.503221,0.609370,-0.011246,8.64,gru,0.154905,0.003986,0.021220
2026-04-03T21:10:10.7263358Z,-0.325965,0.607066,0.014241,-0.491475,0.581259,-0.009713,7.83,gru,0.165510,0.025806,0.023954
2026-04-03T21:10:10.7687552Z,-0.339792,0.611492,0.012129,-0.504138,0.627373,-0.009754,8.17,gru,0.164347,0.015881,0.021883
2026-04-03T21:10:10.7935723Z,-0.343329,0.610632,0.011892,-0.506008,0.624013,-0.010228,6.22,gru,0.162678,0.013381,0.022121
2026-04-03T21:10:10.8209080Z,-0.343267,0.611675,0.012254,-0.506784,0.598668,-0.011287,8.41,gru,0.163517,0.013008,0.023542
2026-04-03T21:10:10.8614822Z,-0.344871,0.611925,0.012627,-0.500452,0.616690,-0.007822,7.39,gru,0.155580,0.004765,0.020450
2026-04-03T21:10:10.8885757Z,-0.344924,0.611791,0.013817,-0.501016,0.612455,-0.005673,8.61,gru,0.156092,0.000664,0.019491
2026-04-03T21:10:10.9514822Z,-0.322135,0.610153,0.017375,-0.486937,0.596867,-0.006161,10.54,gru,0.164802,0.013287,0.023536
2026-04-03T21:10:11.0124431Z,-0.338981,0.611873,0.014713,-0.502611,0.636701,-0.008436,12.12,gru,0.163630,0.024828,0.023149
2026-04-03T21:10:11.0654267Z,-0.346369,0.614297,0.010605,-0.501661,0.635784,-0.014102,9.23,gru,0.155293,0.021487,0.024707
2026-04-03T21:10:11.1207834Z,-0.338469,0.609040,0.013485,-0.502107,0.586943,-0.011160,8.48,gru,0.163637,0.022097,0.024645
2026-04-03T21:10:11.1630089Z,-0.339309,0.609939,0.012627,-0.495652,0.598080,-0.009167,7.52,gru,0.156343,0.011860,0.021795
2026-04-03T21:10:11.1899391Z,-0.343553,0.610955,0.011620,-0.499619,0.623636,-0.011493,8.11,gru,0.156067,0.012681,0.023113
2026-04-03T21:10:11.2403559Z,-0.344901,0.610313,0.011576,-0.502638,0.605873,-0.009973,9.62,gru,0.157737,0.004440,0.021549
2026-04-03T21:10:11.2688880Z,-0.344849,0.611888,0.010865,-0.498754,0.605404,-0.011302,9.10,gru,0.153906,0.006484,0.022167
2026-04-03T21:10:11.2942664Z,-0.326892,0.607575,0.013956,-0.487423,0.593085,-0.008650,8.14,gru,0.160531,0.014491,0.022606
2026-04-03T21:10:11.3210919Z,-0.342670,0.609497,0.012095,-0.502997,0.628373,-0.007641,6.79,gru,0.160327,0.018876,0.019736
2026-04-03T21:10:11.3663846Z,-0.344736,0.609057,0.012135,-0.503989,0.623304,-0.008503,7.40,gru,0.159254,0.014247,0.020638
2026-04-03T21:10:11.3888124Z,-0.345286,0.608350,0.010312,-0.501430,0.603159,-0.013038,6.75,gru,0.156144,0.005191,0.023350
2026-04-03T21:10:11.4322729Z,-0.345517,0.610532,0.011692,-0.502574,0.621033,-0.007535,8.39,gru,0.157057,0.010501,0.019228
2026-04-03T21:10:11.4695766Z,-0.347654,0.610572,0.009521,-0.497274,0.605294,-0.011980,8.90,gru,0.149620,0.005278,0.021501
2026-04-03T21:10:11.5284380Z,-0.348556,0.610658,0.011343,-0.499183,0.613554,-0.007774,8.86,gru,0.150627,0.002896,0.019118
2026-04-03T21:10:11.5613202Z,-0.348732,0.610026,0.009356,-0.504092,0.609740,-0.012275,7.82,gru,0.155360,0.000286,0.021630
2026-04-03T21:10:11.5862644Z,-0.348807,0.611461,0.011372,-0.504582,0.617347,-0.008019,8.19,gru,0.155775,0.005886,0.019391
2026-04-03T21:10:11.6287010Z,-0.344221,0.611483,0.011684,-0.497235,0.615866,-0.006781,7.79,gru,0.153014,0.004383,0.018465
2026-04-03T21:10:11.6565561Z,-0.348526,0.610152,0.009489,-0.497148,0.618930,-0.012367,9.29,gru,0.148622,0.008778,0.021855
2026-04-03T21:10:11.6975952Z,-0.349265,0.610552,0.009662,-0.495527,0.612609,-0.008933,8.82,gru,0.146262,0.002056,0.018595
2026-04-03T21:10:11.7174815Z,-0.349186,0.609452,0.009950,-0.500557,0.613315,-0.008645,6.77,gru,0.151370,0.003863,0.018595
2026-04-03T21:10:11.7587016Z,-0.344408,0.607243,0.010733,-0.497018,0.612676,-0.009137,7.01,gru,0.152610,0.005433,0.019870
2026-04-03T21:10:11.7985833Z,-0.330007,0.604843,0.013733,-0.491295,0.593112,-0.007452,7.13,gru,0.161288,0.011731,0.021184
2026-04-03T21:10:11.8195680Z,-0.340007,0.606860,0.014468,-0.501508,0.624632,-0.003471,7.88,gru,0.161501,0.017771,0.017939
2026-04-03T21:10:11.8593096Z,-0.331583,0.605669,0.013695,-0.493569,0.608885,-0.010097,8.33,gru,0.161986,0.003215,0.023792
2026-04-03T21:10:11.8854297Z,-0.339712,0.607339,0.011806,-0.494756,0.613397,-0.010617,6.69,gru,0.155043,0.006059,0.022423
2026-04-03T21:10:11.9320911Z,-0.343780,0.606835,0.011460,-0.499687,0.621271,-0.007453,8.05,gru,0.155906,0.014436,0.018914
2026-04-03T21:10:11.9584054Z,-0.345396,0.608023,0.010775,-0.498328,0.597963,-0.011500,8.42,gru,0.152932,0.010060,0.022274
2026-04-03T21:10:12.0232999Z,-0.349177,0.610770,0.009916,-0.503743,0.617951,-0.011645,10.57,gru,0.154566,0.007181,0.021560
2026-04-03T21:10:12.0653876Z,-0.344605,0.609293,0.012506,-0.502992,0.604020,-0.007730,8.56,gru,0.158387,0.005272,0.020236
2026-04-03T21:10:12.1201939Z,-0.348274,0.609791,0.009763,-0.505822,0.608894,-0.014137,9.51,gru,0.157548,0.000897,0.023900
2026-04-03T21:10:12.1512453Z,-0.348022,0.610715,0.010113,-0.503520,0.618258,-0.011447,7.90,gru,0.155498,0.007543,0.021560
2026-04-03T21:10:12.1960484Z,-0.348549,0.609041,0.009657,-0.507926,0.607333,-0.011153,8.46,gru,0.159377,0.001707,0.020810
2026-04-03T21:10:12.2235910Z,-0.349251,0.610170,0.010168,-0.508544,0.614932,-0.010745,8.88,gru,0.159293,0.004761,0.020912
2026-04-03T21:10:12.2885054Z,-0.349033,0.611811,0.011226,-0.511010,0.612676,-0.008808,8.80,gru,0.161977,0.000865,0.020035
2026-04-03T21:10:12.3591641Z,-0.348186,0.610864,0.009400,-0.501408,0.614975,-0.012921,17.92,gru,0.153222,0.004111,0.022322
2026-04-03T21:10:12.3905520Z,-0.349343,0.608829,0.010012,-0.502663,0.612180,-0.010036,13.12,gru,0.153320,0.003351,0.020048
2026-04-03T21:10:12.4342469Z,-0.348650,0.610665,0.009407,-0.508631,0.614694,-0.012898,12.00,gru,0.159981,0.004029,0.022306
2026-04-03T21:10:12.4687405Z,-0.343646,0.607240,0.012759,-0.507886,0.600171,-0.006934,11.10,gru,0.164240,0.007070,0.019692
2026-04-03T21:10:12.5201876Z,-0.344573,0.609153,0.010565,-0.509440,0.604858,-0.013640,12.15,gru,0.164866,0.004294,0.024205
2026-04-03T21:10:12.5896690Z,-0.348063,0.608856,0.010371,-0.507420,0.602910,-0.012981,12.60,gru,0.159357,0.005946,0.023352
2026-04-03T21:10:12.6307377Z,-0.348566,0.611057,0.010720,-0.505595,0.605310,-0.008690,7.93,gru,0.157029,0.005747,0.019410
2026-04-03T21:10:12.6628236Z,-0.348037,0.608040,0.010102,-0.506434,0.593274,-0.013785,12.75,gru,0.158397,0.014766,0.023887
2026-04-03T21:10:12.7131974Z,-0.330205,0.606357,0.014768,-0.500268,0.586124,-0.008394,12.72,gru,0.170063,0.020234,0.023162
2026-04-03T21:10:12.7699432Z,-0.344807,0.609566,0.011746,-0.512373,0.624870,-0.011686,8.89,gru,0.167567,0.015304,0.023432
2026-04-03T21:10:12.7922354Z,-0.344840,0.609681,0.011953,-0.508104,0.613805,-0.011557,8.20,gru,0.163264,0.004124,0.023510
2026-04-03T21:10:12.8338921Z,-0.326606,0.604887,0.013028,-0.499636,0.584536,-0.014302,7.52,gru,0.173030,0.020351,0.027330
2026-04-03T21:10:12.8545992Z,-0.325444,0.606132,0.012633,-0.491084,0.616901,-0.010313,8.82,gru,0.165640,0.010769,0.022946
2026-04-03T21:10:12.9024238Z,-0.345264,0.609525,0.009818,-0.508613,0.635756,-0.008779,7.85,gru,0.163349,0.026230,0.018598
2026-04-03T21:10:12.9152735Z,-0.345264,0.609525,0.009818,-0.506771,0.608937,-0.013168,8.05,gru,0.161507,0.000589,0.022986
2026-04-03T21:10:12.9501376Z,-0.344934,0.608170,0.010062,-0.508993,0.593760,-0.014268,7.74,gru,0.164058,0.014410,0.024330
2026-04-03T21:10:12.9968230Z,-0.345355,0.609326,0.011295,-0.505274,0.613834,-0.007858,9.04,gru,0.159919,0.004508,0.019153
2026-04-03T21:10:13.0438744Z,-0.348388,0.611540,0.009995,-0.502593,0.627059,-0.010987,11.55,gru,0.154205,0.015519,0.020983
2026-04-03T21:10:13.1135771Z,-0.349124,0.611372,0.010484,-0.507327,0.613218,-0.011311,14.87,gru,0.158204,0.001846,0.021795
2026-04-03T21:10:13.1435331Z,-0.348726,0.612009,0.010180,-0.510174,0.607565,-0.012032,7.35,gru,0.161448,0.004445,0.022212
2026-04-03T21:10:13.2049509Z,-0.349504,0.610331,0.010361,-0.511744,0.608788,-0.011577,7.73,gru,0.162241,0.001544,0.021938
2026-04-03T21:10:13.2300969Z,-0.348889,0.610092,0.011002,-0.506967,0.610559,-0.008729,7.99,gru,0.158078,0.000467,0.019731
2026-04-03T21:10:13.2558365Z,-0.349061,0.609501,0.008960,-0.508316,0.604139,-0.014603,9.19,gru,0.159255,0.005361,0.023563
2026-04-03T21:10:13.3013746Z,-0.349060,0.609740,0.008809,-0.512368,0.606839,-0.013982,7.98,gru,0.163308,0.002902,0.022790
2026-04-03T21:10:13.3203873Z,-0.349720,0.610624,0.008594,-0.511857,0.610233,-0.011936,6.64,gru,0.162137,0.000391,0.020531
2026-04-03T21:10:13.3578620Z,-0.349799,0.611621,0.010029,-0.506036,0.615964,-0.008853,8.24,gru,0.156237,0.004343,0.018882
2026-04-03T21:10:13.4047610Z,-0.349194,0.609287,0.009146,-0.511740,0.599789,-0.013841,8.85,gru,0.162546,0.009498,0.022988
2026-04-03T21:10:13.4270621Z,-0.349413,0.608555,0.009569,-0.508395,0.599176,-0.012624,7.64,gru,0.158982,0.009379,0.022194
2026-04-03T21:10:13.4708049Z,-0.348800,0.611055,0.010506,-0.510351,0.615660,-0.008709,9.64,gru,0.161551,0.004605,0.019215
2026-04-03T21:10:13.4972208Z,-0.326826,0.605318,0.013625,-0.495481,0.588127,-0.010668,8.11,gru,0.168655,0.017191,0.024293
2026-04-03T21:10:13.5226647Z,-0.336339,0.606168,0.012766,-0.504475,0.602385,-0.010621,9.12,gru,0.168136,0.003783,0.023387
2026-04-03T21:10:13.5810471Z,-0.341354,0.607611,0.013827,-0.506679,0.612224,-0.007116,8.38,gru,0.165324,0.004613,0.020943
2026-04-03T21:10:13.6278745Z,-0.343267,0.607793,0.011555,-0.506642,0.594778,-0.013866,7.46,gru,0.163375,0.013015,0.025421
2026-04-03T21:10:13.6673066Z,-0.344486,0.609028,0.010534,-0.506316,0.608691,-0.014222,8.15,gru,0.161829,0.000337,0.024757
2026-04-03T21:10:13.7363805Z,-0.347422,0.611910,0.011083,-0.509706,0.613574,-0.008828,9.82,gru,0.162284,0.001664,0.019911
2026-04-03T21:10:13.7598543Z,-0.323693,0.606049,0.015582,-0.493260,0.587784,-0.008810,8.47,gru,0.169566,0.018265,0.024392
2026-04-03T21:10:13.8016136Z,-0.339834,0.609230,0.013118,-0.502636,0.633884,-0.009871,8.90,gru,0.162803,0.024654,0.022989
2026-04-03T21:10:13.8291503Z,-0.343744,0.609700,0.012826,-0.503766,0.631601,-0.008944,8.42,gru,0.160022,0.021901,0.021770
2026-04-03T21:10:13.8581142Z,-0.344403,0.611132,0.012219,-0.503406,0.604559,-0.011536,7.42,gru,0.159004,0.006573,0.023754
2026-04-03T21:10:13.9014045Z,-0.344306,0.609936,0.012908,-0.503969,0.611777,-0.008720,9.53,gru,0.159663,0.001841,0.021628
2026-04-03T21:10:13.9280866Z,-0.348252,0.611501,0.011856,-0.506815,0.618538,-0.009617,7.85,gru,0.158564,0.007037,0.021473
2026-04-03T21:10:13.9715857Z,-0.348207,0.611539,0.011638,-0.510584,0.610290,-0.011929,7.49,gru,0.162377,0.001249,0.023567
2026-04-03T21:10:13.9946541Z,-0.348344,0.611378,0.011397,-0.506407,0.606838,-0.010833,8.02,gru,0.158063,0.004540,0.022230
2026-04-03T21:10:14.0188075Z,-0.349799,0.612171,0.011640,-0.505854,0.615630,-0.008898,8.02,gru,0.156055,0.003459,0.020538
2026-04-03T21:10:14.0677033Z,-0.348856,0.611683,0.011422,-0.503542,0.615560,-0.009456,9.05,gru,0.154685,0.003877,0.020878
2026-04-03T21:10:14.1055640Z,-0.348348,0.611766,0.011608,-0.510922,0.607276,-0.010741,7.36,gru,0.162574,0.004490,0.022349
2026-04-03T21:10:14.1604513Z,-0.349245,0.610549,0.009860,-0.510099,0.608139,-0.013300,7.97,gru,0.160854,0.002410,0.023161
2026-04-03T21:10:14.1884688Z,-0.349298,0.612182,0.011287,-0.508386,0.614797,-0.008254,8.54,gru,0.159088,0.002615,0.019541
2026-04-03T21:10:14.2361654Z,-0.348511,0.611454,0.011179,-0.503629,0.594914,-0.010135,8.67,gru,0.155118,0.016540,0.021314
2026-04-03T21:10:14.2683410Z,-0.349214,0.611489,0.011318,-0.504790,0.601018,-0.010710,11.07,gru,0.155576,0.010471,0.022027
2026-04-03T21:10:14.2967944Z,-0.350154,0.612818,0.010824,-0.505443,0.611083,-0.009730,8.02,gru,0.155290,0.001735,0.020554
2026-04-03T21:10:14.3615184Z,-0.352269,0.611945,0.011027,-0.512246,0.606198,-0.010421,8.17,gru,0.159977,0.005747,0.021448
2026-04-03T21:10:14.3904896Z,-0.350600,0.611720,0.010626,-0.507631,0.607351,-0.010997,9.01,gru,0.157031,0.004369,0.021623
2026-04-03T21:10:14.4358715Z,-0.350533,0.613887,0.008157,-0.503519,0.620291,-0.014864,9.22,gru,0.152985,0.006404,0.023021
2026-04-03T21:10:14.4623065Z,-0.352897,0.613989,0.010438,-0.505502,0.605787,-0.007519,8.01,gru,0.152604,0.008202,0.017957
2026-04-03T21:10:14.4945869Z,-0.352317,0.612419,0.010191,-0.506454,0.606880,-0.009713,9.33,gru,0.154137,0.005540,0.019904
2026-04-03T21:10:14.5178412Z,-0.352110,0.614620,0.010013,-0.506225,0.615876,-0.012110,7.39,gru,0.154114,0.001256,0.022123
2026-04-03T21:10:14.5662119Z,-0.351993,0.613451,0.010769,-0.506104,0.617590,-0.008023,7.31,gru,0.154111,0.004140,0.018792
2026-04-03T21:10:14.5948180Z,-0.352159,0.613759,0.010181,-0.505666,0.615048,-0.010565,9.56,gru,0.153507,0.001289,0.020746
2026-04-03T21:10:14.6387868Z,-0.351602,0.612250,0.011161,-0.506126,0.616401,-0.008388,8.54,gru,0.154524,0.004151,0.019549
2026-04-03T21:10:14.6655619Z,-0.352716,0.613806,0.010072,-0.507052,0.621247,-0.010552,8.62,gru,0.154336,0.007442,0.020624
2026-04-03T21:10:14.6956031Z,-0.351999,0.613206,0.010078,-0.506526,0.618662,-0.011071,10.48,gru,0.154527,0.005456,0.021149
2026-04-03T21:10:14.7456272Z,-0.351962,0.613596,0.009916,-0.505405,0.620238,-0.009734,8.99,gru,0.153443,0.006642,0.019649
2026-04-03T21:10:14.8018238Z,-0.352733,0.613382,0.009342,-0.506906,0.621184,-0.011542,8.25,gru,0.154173,0.007802,0.020884
2026-04-03T21:10:14.8437335Z,-0.352555,0.612458,0.007925,-0.507529,0.617312,-0.014175,6.97,gru,0.154974,0.004854,0.022100
2026-04-03T21:10:14.8869604Z,-0.352623,0.613721,0.009420,-0.512155,0.616335,-0.010192,8.01,gru,0.159531,0.002614,0.019611
2026-04-03T21:10:14.9294473Z,-0.352718,0.612065,0.010106,-0.508151,0.618311,-0.008697,8.64,gru,0.155432,0.006246,0.018803
2026-04-03T21:10:14.9550032Z,-0.353910,0.614770,0.008990,-0.509533,0.622336,-0.013398,7.56,gru,0.155624,0.007565,0.022387
2026-04-03T21:10:14.9974977Z,-0.352799,0.611885,0.009621,-0.509283,0.615467,-0.011023,7.70,gru,0.156484,0.003582,0.020645
2026-04-03T21:10:15.0206476Z,-0.353446,0.613800,0.008932,-0.508250,0.623825,-0.011249,7.81,gru,0.154804,0.010025,0.020180
2026-04-03T21:10:15.0648966Z,-0.353387,0.613284,0.009481,-0.510197,0.622773,-0.010652,7.11,gru,0.156810,0.009488,0.020133
2026-04-03T21:10:15.0926575Z,-0.352141,0.612834,0.009648,-0.510413,0.616381,-0.011132,9.78,gru,0.158272,0.003548,0.020780
2026-04-03T21:10:15.1620586Z,-0.352050,0.611310,0.007826,-0.508892,0.620763,-0.015525,9.74,gru,0.156842,0.009454,0.023352
2026-04-03T21:10:15.2064108Z,-0.352256,0.612487,0.007791,-0.508343,0.626643,-0.012234,7.58,gru,0.156087,0.014156,0.020025
2026-04-03T21:10:15.2681920Z,-0.352504,0.612815,0.009424,-0.511184,0.622061,-0.008435,9.31,gru,0.158680,0.009246,0.017859
2026-04-03T21:10:15.2936005Z,-0.352394,0.613606,0.008967,-0.507233,0.626664,-0.011712,7.91,gru,0.154839,0.013057,0.020679
2026-04-03T21:10:15.3389913Z,-0.352705,0.612158,0.009941,-0.508382,0.622541,-0.010166,7.08,gru,0.155677,0.010383,0.020107
2026-04-03T21:10:15.3689043Z,-0.352803,0.613018,0.009602,-0.509153,0.625194,-0.010484,7.52,gru,0.156350,0.012176,0.020086
2026-04-03T21:10:15.3970816Z,-0.352802,0.613289,0.009270,-0.509101,0.623879,-0.011980,8.66,gru,0.156298,0.010591,0.021250
2026-04-03T21:10:15.4371955Z,-0.352701,0.613930,0.008469,-0.508213,0.626619,-0.012449,7.65,gru,0.155512,0.012689,0.020919
2026-04-03T21:10:15.4594731Z,-0.352363,0.614109,0.008793,-0.509169,0.624308,-0.011741,7.41,gru,0.156806,0.010199,0.020534
2026-04-03T21:10:15.4856175Z,-0.351653,0.614420,0.008763,-0.508361,0.625343,-0.011670,7.02,gru,0.156708,0.010923,0.020433
2026-04-03T21:10:15.5308002Z,-0.353881,0.613143,0.009312,-0.512054,0.622884,-0.010891,8.13,gru,0.158173,0.009742,0.020202
2026-04-03T21:10:15.5578877Z,-0.352663,0.613085,0.009261,-0.513605,0.617599,-0.012553,9.49,gru,0.160942,0.004514,0.021813
2026-04-03T21:10:15.6032398Z,-0.352985,0.613213,0.009102,-0.509909,0.623031,-0.012155,10.00,gru,0.156924,0.009817,0.021257
2026-04-03T21:10:15.6269463Z,-0.352645,0.613452,0.009023,-0.510628,0.622538,-0.011685,8.69,gru,0.157983,0.009086,0.020708
2026-04-03T21:10:15.6868904Z,-0.352356,0.612828,0.009376,-0.508693,0.624627,-0.010881,8.78,gru,0.156337,0.011799,0.020258
2026-04-03T21:10:15.7367787Z,-0.353004,0.613462,0.008841,-0.512137,0.621569,-0.012752,9.07,gru,0.159134,0.008106,0.021593
2026-04-03T21:10:15.7972358Z,-0.353139,0.612538,0.009353,-0.510491,0.623037,-0.011125,8.53,gru,0.157352,0.010498,0.020479
2026-04-03T21:10:15.8324321Z,-0.353459,0.613040,0.009260,-0.510547,0.623656,-0.011164,6.30,gru,0.157088,0.010616,0.020424
2026-04-03T21:10:15.8545041Z,-0.352524,0.611925,0.009505,-0.511338,0.619592,-0.011958,7.13,gru,0.158814,0.007666,0.021463
2026-04-03T21:10:15.8936346Z,-0.353191,0.613625,0.009030,-0.516427,0.618771,-0.013597,5.67,gru,0.163236,0.005146,0.022627
2026-04-03T21:10:15.9307942Z,-0.353744,0.613892,0.008761,-0.514712,0.621861,-0.013477,7.83,gru,0.160968,0.007969,0.022238
2026-04-03T21:10:15.9809345Z,-0.353788,0.613410,0.008901,-0.512078,0.620795,-0.012061,7.41,gru,0.158290,0.007385,0.020962
2026-04-03T21:10:16.0131692Z,-0.353215,0.613498,0.009025,-0.511398,0.622838,-0.011978,5.91,gru,0.158183,0.009341,0.021003
2026-04-03T21:10:16.0510138Z,-0.352643,0.612152,0.009720,-0.512248,0.618691,-0.010887,8.19,gru,0.159605,0.006539,0.020607
2026-04-03T21:10:16.0867164Z,-0.354244,0.611739,0.009585,-0.512523,0.622269,-0.011058,8.55,gru,0.158278,0.010530,0.020643
2026-04-03T21:10:16.1219940Z,-0.353069,0.614302,0.008623,-0.511393,0.626391,-0.013849,6.10,gru,0.158325,0.012088,0.022472
2026-04-03T21:10:16.1547236Z,-0.352896,0.612638,0.009395,-0.511159,0.621694,-0.011252,6.63,gru,0.158263,0.009056,0.020647
2026-04-03T21:10:16.1966843Z,-0.353302,0.612466,0.009661,-0.510914,0.623959,-0.010308,7.96,gru,0.157612,0.011493,0.019969
2026-04-03T21:10:16.2218756Z,-0.352993,0.613289,0.009300,-0.510052,0.626579,-0.012368,7.18,gru,0.157059,0.013291,0.021668
2026-04-03T21:10:16.2597372Z,-0.352888,0.612539,0.009322,-0.511416,0.622057,-0.011812,6.72,gru,0.158529,0.009518,0.021134
2026-04-03T21:10:16.2983311Z,-0.353856,0.613095,0.009223,-0.512284,0.623598,-0.011595,7.71,gru,0.158428,0.010503,0.020818
2026-04-03T21:10:16.3287548Z,-0.353904,0.612488,0.009204,-0.511991,0.621919,-0.011935,8.05,gru,0.158087,0.009431,0.021139
2026-04-03T21:10:16.3643041Z,-0.353807,0.611893,0.009578,-0.511974,0.620439,-0.011175,7.11,gru,0.158167,0.008546,0.020753
2026-04-03T21:10:16.3881934Z,-0.353726,0.613366,0.008959,-0.512376,0.624295,-0.012805,8.66,gru,0.158651,0.010928,0.021765
2026-04-03T21:10:16.4282914Z,-0.352087,0.613699,0.009072,-0.511313,0.623379,-0.012664,7.75,gru,0.159225,0.009680,0.021736
2026-04-03T21:10:16.4707211Z,-0.352902,0.614155,0.009006,-0.512140,0.623605,-0.011825,7.61,gru,0.159238,0.009450,0.020830
2026-04-03T21:10:16.5069446Z,-0.352880,0.613502,0.007312,-0.511019,0.622811,-0.015637,6.21,gru,0.158139,0.009309,0.022949
2026-04-03T21:10:16.5522916Z,-0.353655,0.612855,0.007214,-0.513402,0.618389,-0.014299,7.91,gru,0.159747,0.005533,0.021513
2026-04-03T21:10:16.5923292Z,-0.352437,0.612980,0.009274,-0.512089,0.622373,-0.008722,8.27,gru,0.159653,0.009393,0.017996
2026-04-03T21:10:16.6340927Z,-0.353248,0.611634,0.009722,-0.511835,0.621364,-0.010503,8.27,gru,0.158586,0.009731,0.020226
2026-04-03T21:10:16.6564777Z,-0.352556,0.612196,0.009531,-0.511359,0.622313,-0.012528,7.98,gru,0.158802,0.010117,0.022059
2026-04-03T21:10:16.7111028Z,-0.352776,0.611859,0.009482,-0.510976,0.622469,-0.011498,8.72,gru,0.158200,0.010611,0.020980
2026-04-03T21:10:16.7486258Z,-0.353477,0.614090,0.008839,-0.512368,0.624649,-0.012477,6.00,gru,0.158891,0.010558,0.021316
2026-04-03T21:10:16.7940944Z,-0.352814,0.613176,0.009386,-0.512806,0.619555,-0.011631,6.81,gru,0.159992,0.006378,0.021016
2026-04-03T21:10:16.8138160Z,-0.352539,0.613931,0.008985,-0.510126,0.625535,-0.012226,7.31,gru,0.157587,0.011603,0.021211
2026-04-03T21:10:16.8586403Z,-0.353230,0.612053,0.009632,-0.512575,0.620370,-0.011184,7.26,gru,0.159345,0.008316,0.020816
2026-04-03T21:10:16.8934129Z,-0.352201,0.612682,0.009048,-0.511586,0.620536,-0.012499,7.85,gru,0.159384,0.007854,0.021547
2026-04-03T21:10:16.9321529Z,-0.352625,0.613483,0.008851,-0.510908,0.625153,-0.012774,8.45,gru,0.158283,0.011670,0.021625
2026-04-03T21:10:16.9581163Z,-0.354176,0.612106,0.009497,-0.513356,0.620414,-0.010357,9.41,gru,0.159180,0.008308,0.019854
2026-04-03T21:10:16.9942944Z,-0.353942,0.613324,0.008932,-0.512575,0.622448,-0.012829,9.78,gru,0.158633,0.009124,0.021761
2026-04-03T21:10:17.0397579Z,-0.354743,0.612482,0.009079,-0.514509,0.620244,-0.012477,7.42,gru,0.159767,0.007762,0.021556
2026-04-03T21:10:17.0612027Z,-0.352430,0.611791,0.009755,-0.513264,0.616585,-0.011062,7.58,gru,0.160834,0.004794,0.020817
2026-04-03T21:10:17.0856413Z,-0.354559,0.613301,0.008771,-0.512680,0.627139,-0.013048,6.88,gru,0.158122,0.013838,0.021819
2026-04-03T21:10:17.1270437Z,-0.353723,0.613516,0.008798,-0.511040,0.625602,-0.012464,8.41,gru,0.157316,0.012085,0.021263
2026-04-03T21:10:17.1715578Z,-0.353390,0.612564,0.009368,-0.511114,0.622016,-0.010990,7.53,gru,0.157723,0.009453,0.020358
2026-04-03T21:10:17.1937266Z,-0.353216,0.613142,0.008996,-0.514756,0.622754,-0.013333,8.23,gru,0.161540,0.009612,0.022329
2026-04-03T21:10:17.2285421Z,-0.352759,0.613273,0.009051,-0.515008,0.620890,-0.013176,6.68,gru,0.162249,0.007617,0.022226
2026-04-03T21:10:17.2676666Z,-0.353859,0.612405,0.009408,-0.512918,0.621069,-0.010935,6.91,gru,0.159059,0.008664,0.020343
2026-04-03T21:10:17.2909700Z,-0.353527,0.612296,0.007717,-0.513479,0.618214,-0.015542,8.46,gru,0.159952,0.005918,0.023258
2026-04-03T21:10:17.3278032Z,-0.353927,0.612604,0.009334,-0.514338,0.619647,-0.010528,8.88,gru,0.160411,0.007043,0.019862
2026-04-03T21:10:17.3664299Z,-0.352753,0.613039,0.009308,-0.513278,0.619806,-0.011260,6.98,gru,0.160525,0.006766,0.020568
2026-04-03T21:10:17.4052894Z,-0.353317,0.612150,0.009365,-0.511369,0.627442,-0.013217,6.98,gru,0.158052,0.015291,0.022582
2026-04-03T21:10:17.4532624Z,-0.353959,0.613492,0.008744,-0.511584,0.625294,-0.012582,6.59,gru,0.157625,0.011801,0.021326
2026-04-03T21:10:17.4909721Z,-0.353867,0.612553,0.009197,-0.513579,0.620440,-0.011714,7.61,gru,0.159712,0.007887,0.020910
2026-04-03T21:10:17.5265976Z,-0.353167,0.611755,0.009447,-0.512852,0.617757,-0.011561,8.65,gru,0.159685,0.006002,0.021007
2026-04-03T21:10:17.5625149Z,-0.352617,0.612373,0.009342,-0.511963,0.622937,-0.012410,7.74,gru,0.159346,0.010563,0.021752
2026-04-03T21:10:17.5826071Z,-0.351849,0.612043,0.009245,-0.512619,0.620092,-0.012408,5.75,gru,0.160770,0.008049,0.021653
2026-04-03T21:10:17.6257318Z,-0.352924,0.613075,0.008738,-0.511828,0.625387,-0.012585,8.00,gru,0.158904,0.012312,0.021323
2026-04-03T21:10:17.6609862Z,-0.353143,0.611328,0.009737,-0.513721,0.618316,-0.010607,7.59,gru,0.160578,0.006988,0.020344
2026-04-03T21:10:17.6998927Z,-0.354016,0.613134,0.008870,-0.513792,0.621039,-0.013003,7.83,gru,0.159776,0.007905,0.021873
2026-04-03T21:10:17.7213749Z,-0.353018,0.613438,0.009085,-0.512488,0.624439,-0.012726,7.34,gru,0.159470,0.011001,0.021811
2026-04-03T21:10:17.7588737Z,-0.353398,0.611965,0.009681,-0.512384,0.620838,-0.010398,8.43,gru,0.158986,0.008873,0.020079
2026-04-03T21:10:17.8108301Z,-0.352859,0.612506,0.009375,-0.512413,0.621641,-0.012392,7.06,gru,0.159554,0.009135,0.021767
2026-04-03T21:10:17.8525309Z,-0.353913,0.612206,0.009101,-0.512563,0.622942,-0.012422,7.78,gru,0.158650,0.010736,0.021523
2026-04-03T21:10:17.8919607Z,-0.353519,0.612622,0.008916,-0.512145,0.622700,-0.012262,7.42,gru,0.158626,0.010079,0.021178
2026-04-03T21:10:17.9296323Z,-0.348593,0.611883,0.010243,-0.510948,0.615479,-0.011215,7.73,gru,0.162355,0.003596,0.021458
2026-04-03T21:10:17.9546429Z,-0.348800,0.610678,0.010579,-0.512582,0.617433,-0.010879,7.90,gru,0.163782,0.006755,0.021458
2026-04-03T21:10:17.9990508Z,-0.349451,0.611868,0.009840,-0.510088,0.625185,-0.012339,7.41,gru,0.160637,0.013317,0.022179
2026-04-03T21:10:18.0257881Z,-0.349210,0.612526,0.009756,-0.507914,0.622775,-0.011678,7.71,gru,0.158705,0.010248,0.021434
2026-04-03T21:10:18.0750908Z,-0.349022,0.611445,0.010429,-0.507027,0.621868,-0.009577,9.70,gru,0.158005,0.010422,0.020006
2026-04-03T21:10:18.1079502Z,-0.349374,0.610371,0.010537,-0.509083,0.617741,-0.010537,11.36,gru,0.159708,0.007369,0.021074
2026-04-03T21:10:18.1391468Z,-0.349554,0.610768,0.010056,-0.507880,0.623024,-0.011630,10.54,gru,0.158326,0.012257,0.021686
2026-04-03T21:10:18.1636235Z,-0.348996,0.611548,0.010251,-0.508479,0.621115,-0.010908,7.93,gru,0.159484,0.009567,0.021159
2026-04-03T21:10:18.1911153Z,-0.349413,0.610297,0.010617,-0.508858,0.616766,-0.010140,8.69,gru,0.159444,0.006469,0.020757
2026-04-03T21:10:18.2389003Z,-0.350356,0.611210,0.010278,-0.508863,0.620625,-0.011206,7.33,gru,0.158507,0.009416,0.021483
2026-04-03T21:10:18.2623945Z,-0.350049,0.611679,0.009735,-0.508679,0.619843,-0.012461,7.90,gru,0.158630,0.008163,0.022196
2026-04-03T21:10:18.2866268Z,-0.349353,0.610807,0.010267,-0.508375,0.618407,-0.010619,6.91,gru,0.159022,0.007600,0.020886
2026-04-03T21:10:18.3355563Z,-0.350402,0.610459,0.008761,-0.510397,0.617472,-0.013787,8.07,gru,0.159994,0.007013,0.022548
2026-04-03T21:10:18.3657841Z,-0.349541,0.611483,0.009769,-0.508469,0.622327,-0.010642,8.04,gru,0.158928,0.010844,0.020411
2026-04-03T21:10:18.3970437Z,-0.348962,0.610555,0.010224,-0.506939,0.619434,-0.009484,8.84,gru,0.157977,0.008879,0.019708
2026-04-03T21:10:18.4261761Z,-0.349321,0.611139,0.009965,-0.508364,0.619616,-0.011859,7.61,gru,0.159042,0.008476,0.021824
2026-04-03T21:10:18.4586893Z,-0.350975,0.613186,0.009565,-0.509655,0.625322,-0.011468,8.92,gru,0.158680,0.012136,0.021032
2026-04-03T21:10:18.5050489Z,-0.350295,0.609872,0.010436,-0.509859,0.613841,-0.010083,8.20,gru,0.159564,0.003969,0.020519
2026-04-03T21:10:18.5317107Z,-0.350040,0.612976,0.009436,-0.508677,0.622319,-0.012358,8.99,gru,0.158638,0.009343,0.021794
2026-04-03T21:10:18.5587215Z,-0.352256,0.611779,0.009740,-0.509426,0.620992,-0.010816,8.45,gru,0.157170,0.009212,0.020556
2026-04-03T21:10:18.6049515Z,-0.353233,0.613353,0.008730,-0.510870,0.616970,-0.012748,9.00,gru,0.157637,0.003617,0.021478
2026-04-03T21:10:18.6291512Z,-0.352375,0.612242,0.009452,-0.510073,0.615414,-0.011828,10.00,gru,0.157698,0.003172,0.021280
2026-04-03T21:10:18.6708492Z,-0.352524,0.611836,0.009120,-0.509852,0.621201,-0.011447,7.71,gru,0.157329,0.009365,0.020567
2026-04-03T21:10:18.7323550Z,-0.353125,0.612875,0.009475,-0.512873,0.615172,-0.011127,9.04,gru,0.159748,0.002296,0.020602
2026-04-03T21:10:18.7562603Z,-0.353869,0.612509,0.009474,-0.513506,0.616333,-0.011832,8.19,gru,0.159637,0.003824,0.021306
2026-04-03T21:10:18.7958759Z,-0.353102,0.613666,0.008764,-0.511238,0.618000,-0.013512,7.27,gru,0.158136,0.004335,0.022276
2026-04-03T21:10:18.8221745Z,-0.352564,0.613632,0.008977,-0.512267,0.615986,-0.012452,8.32,gru,0.159703,0.002353,0.021429
2026-04-03T21:10:18.8691392Z,-0.352513,0.612576,0.007987,-0.511146,0.616736,-0.013882,8.38,gru,0.158633,0.004160,0.021870
2026-04-03T21:10:18.8954076Z,-0.353423,0.612644,0.009259,-0.513257,0.618391,-0.010671,8.74,gru,0.159834,0.005747,0.019930
2026-04-03T21:10:18.9242705Z,-0.352285,0.612464,0.009604,-0.513440,0.614367,-0.011179,7.54,gru,0.161155,0.001903,0.020782
2026-04-03T21:10:18.9672377Z,-0.352647,0.613025,0.009026,-0.514633,0.614814,-0.014371,7.24,gru,0.161986,0.001789,0.023396
2026-04-03T21:10:18.9904222Z,-0.353560,0.612723,0.009168,-0.512909,0.618643,-0.011820,8.64,gru,0.159349,0.005920,0.020988
2026-04-03T21:10:19.0402675Z,-0.353044,0.612554,0.009296,-0.513918,0.613279,-0.012221,8.50,gru,0.160874,0.000724,0.021517
2026-04-03T21:10:19.0856759Z,-0.354575,0.613067,0.007160,-0.512981,0.620016,-0.016335,8.30,gru,0.158406,0.006948,0.023495
2026-04-03T21:10:19.1278551Z,-0.354201,0.612648,0.009070,-0.512746,0.620762,-0.010168,8.37,gru,0.158544,0.008114,0.019238
2026-04-03T21:10:19.1524765Z,-0.352705,0.613305,0.009015,-0.514606,0.613349,-0.012192,8.28,gru,0.161901,0.000044,0.021207
2026-04-03T21:10:19.1950295Z,-0.355013,0.612794,0.009082,-0.513018,0.623109,-0.012797,6.79,gru,0.158005,0.010315,0.021879
2026-04-03T21:10:19.2158089Z,-0.353244,0.614368,0.008653,-0.513586,0.621154,-0.013112,7.36,gru,0.160342,0.006786,0.021765
2026-04-03T21:10:19.2563282Z,-0.353181,0.612475,0.009644,-0.512744,0.619508,-0.011124,7.37,gru,0.159563,0.007034,0.020768
2026-04-03T21:10:19.2931833Z,-0.353639,0.611697,0.007814,-0.512925,0.619957,-0.014720,6.69,gru,0.159287,0.008260,0.022534
2026-04-03T21:10:19.3145319Z,-0.353935,0.613231,0.008967,-0.513533,0.624621,-0.011474,7.75,gru,0.159597,0.011390,0.020441
2026-04-03T21:10:19.3533369Z,-0.353212,0.612598,0.008872,-0.514759,0.617689,-0.012044,7.20,gru,0.161547,0.005091,0.020916
2026-04-03T21:10:19.3873566Z,-0.353645,0.613961,0.008502,-0.512368,0.623920,-0.013805,6.52,gru,0.158723,0.009959,0.022307
2026-04-03T21:10:19.4243765Z,-0.352248,0.613229,0.008646,-0.512186,0.620980,-0.012500,7.19,gru,0.159938,0.007752,0.021146
2026-04-03T21:10:19.4611169Z,-0.353044,0.612970,0.009052,-0.511777,0.623626,-0.011344,6.65,gru,0.158733,0.010656,0.020396
2026-04-03T21:10:19.5036656Z,-0.352839,0.613757,0.008906,-0.511890,0.625743,-0.012227,8.32,gru,0.159051,0.011986,0.021133
2026-04-03T21:10:19.5277348Z,-0.352668,0.611673,0.007941,-0.513741,0.616242,-0.015277,6.31,gru,0.161073,0.004568,0.023218
2026-04-03T21:10:19.5664564Z,-0.352297,0.612451,0.009427,-0.513020,0.620799,-0.010215,8.38,gru,0.160723,0.008347,0.019642
2026-04-03T21:10:19.5880770Z,-0.352115,0.612798,0.009047,-0.511750,0.622167,-0.011914,7.89,gru,0.159635,0.009369,0.020961
2026-04-03T21:10:19.6314536Z,-0.353287,0.611751,0.007565,-0.511397,0.621061,-0.015815,8.53,gru,0.158110,0.009310,0.023380
2026-04-03T21:10:19.6573041Z,-0.352967,0.613490,0.008661,-0.513312,0.622926,-0.011228,7.40,gru,0.160345,0.009436,0.019889
2026-04-03T21:10:19.6993400Z,-0.352649,0.612800,0.008955,-0.513037,0.620546,-0.011618,7.38,gru,0.160388,0.007746,0.020573
2026-04-03T21:10:19.7269186Z,-0.353356,0.612247,0.009478,-0.515311,0.619539,-0.012312,8.12,gru,0.161955,0.007292,0.021790
2026-04-03T21:10:19.7638725Z,-0.353236,0.612604,0.009292,-0.513423,0.621953,-0.012138,6.93,gru,0.160188,0.009349,0.021430
2026-04-03T21:10:19.7895422Z,-0.354327,0.612441,0.009169,-0.512968,0.623016,-0.012276,7.31,gru,0.158640,0.010575,0.021444
2026-04-03T21:10:19.8327432Z,-0.353146,0.612501,0.009037,-0.512940,0.621275,-0.012377,7.21,gru,0.159793,0.008774,0.021414
2026-04-03T21:10:19.8621152Z,-0.353267,0.613907,0.008849,-0.510855,0.627898,-0.012272,9.12,gru,0.157589,0.013990,0.021121
2026-04-03T21:10:19.9062438Z,-0.353564,0.614565,0.008437,-0.513483,0.624571,-0.013295,9.23,gru,0.159919,0.010006,0.021732
2026-04-03T21:10:19.9340771Z,-0.352793,0.611029,0.007914,-0.515736,0.611755,-0.015335,8.24,gru,0.162943,0.000725,0.023249
2026-04-03T21:10:19.9601710Z,-0.352238,0.612817,0.008806,-0.513167,0.622854,-0.011359,8.95,gru,0.160929,0.010037,0.020165
2026-04-03T21:10:20.0034468Z,-0.352291,0.611031,0.008101,-0.513171,0.620003,-0.013649,7.85,gru,0.160880,0.008972,0.021750
2026-04-03T21:10:20.0288589Z,-0.352280,0.612000,0.009091,-0.511778,0.623052,-0.011514,7.91,gru,0.159498,0.011053,0.020606
2026-04-03T21:10:20.0748291Z,-0.352847,0.611208,0.007707,-0.512610,0.620528,-0.014586,8.22,gru,0.159763,0.009320,0.022293
2026-04-03T21:10:20.1157472Z,-0.353764,0.613056,0.008659,-0.513394,0.624645,-0.011985,9.50,gru,0.159630,0.011589,0.020644
2026-04-03T21:10:20.1598002Z,-0.354099,0.613356,0.008853,-0.513282,0.625074,-0.011097,10.15,gru,0.159183,0.011719,0.019950
2026-04-03T21:10:20.1959481Z,-0.353158,0.612656,0.009318,-0.515839,0.615016,-0.013342,8.42,gru,0.162681,0.002360,0.022661
2026-04-03T21:10:20.2236182Z,-0.354054,0.613296,0.009075,-0.513556,0.623485,-0.012143,9.01,gru,0.159503,0.010189,0.021218
2026-04-03T21:10:20.2661012Z,-0.353577,0.612373,0.009191,-0.514138,0.620474,-0.012518,7.58,gru,0.160560,0.008101,0.021709
2026-04-03T21:10:20.3048825Z,-0.353981,0.612784,0.008836,-0.517240,0.617383,-0.013617,9.18,gru,0.163259,0.004598,0.022453
2026-04-03T21:10:20.3306785Z,-0.353252,0.612282,0.009342,-0.513107,0.621894,-0.011722,7.70,gru,0.159854,0.009612,0.021063
2026-04-03T21:10:20.3522683Z,-0.352848,0.612582,0.008852,-0.513263,0.620483,-0.013126,7.51,gru,0.160414,0.007901,0.021978
2026-04-03T21:10:20.3970413Z,-0.353634,0.612182,0.009374,-0.514431,0.620727,-0.011706,7.38,gru,0.160798,0.008545,0.021080
2026-04-03T21:10:20.4436473Z,-0.352646,0.611041,0.008116,-0.512688,0.617879,-0.014479,5.81,gru,0.160043,0.006838,0.022594
2026-04-03T21:10:20.4797170Z,-0.353285,0.610738,0.007843,-0.514108,0.619233,-0.014337,6.62,gru,0.160823,0.008494,0.022180
2026-04-03T21:10:20.5142435Z,-0.353411,0.613290,0.008839,-0.514674,0.624714,-0.010527,5.99,gru,0.161263,0.011424,0.019366
2026-04-03T21:10:20.5589311Z,-0.353488,0.613718,0.009048,-0.511681,0.626486,-0.011806,9.47,gru,0.158192,0.012768,0.020855
2026-04-03T21:10:20.5989640Z,-0.353066,0.613593,0.008565,-0.511496,0.624746,-0.013850,6.76,gru,0.158431,0.011152,0.022414
2026-04-03T21:10:20.6454719Z,-0.352663,0.612256,0.009249,-0.517274,0.614603,-0.012715,7.39,gru,0.164611,0.002347,0.021964
2026-04-03T21:10:20.6810106Z,-0.352712,0.612979,0.008807,-0.513494,0.622513,-0.012639,7.77,gru,0.160782,0.009534,0.021445
2026-04-03T21:10:20.7236685Z,-0.352821,0.614736,0.008201,-0.516264,0.620693,-0.014967,8.20,gru,0.163443,0.005957,0.023169
2026-04-03T21:10:20.7582202Z,-0.353346,0.612742,0.009063,-0.514785,0.616827,-0.011721,8.71,gru,0.161439,0.004085,0.020784
2026-04-03T21:10:20.8040162Z,-0.354301,0.613595,0.009021,-0.518101,0.616129,-0.013052,7.96,gru,0.163800,0.002534,0.022073
2026-04-03T21:10:20.8288238Z,-0.353038,0.612860,0.009279,-0.512751,0.620631,-0.012380,8.90,gru,0.159713,0.007770,0.021659
2026-04-03T21:10:20.8530544Z,-0.351645,0.611069,0.007661,-0.510405,0.618182,-0.015314,8.93,gru,0.158759,0.007113,0.022975
2026-04-03T21:10:20.8969790Z,-0.352253,0.613730,0.008882,-0.512358,0.626614,-0.010786,8.51,gru,0.160105,0.012883,0.019668
2026-04-03T21:10:20.9386390Z,-0.353149,0.612032,0.009305,-0.512469,0.622211,-0.010076,8.31,gru,0.159320,0.010179,0.019381
2026-04-03T21:10:20.9958736Z,-0.353955,0.612041,0.007341,-0.512706,0.618663,-0.016652,8.35,gru,0.158751,0.006622,0.023993
2026-04-03T21:10:21.0200360Z,-0.352284,0.611816,0.009298,-0.513540,0.619358,-0.010625,8.42,gru,0.161256,0.007542,0.019923
2026-04-03T21:10:21.0628318Z,-0.352573,0.611749,0.009416,-0.513517,0.620258,-0.010591,6.94,gru,0.160944,0.008509,0.020007
2026-04-03T21:10:21.0887136Z,-0.353188,0.613678,0.008687,-0.513192,0.625787,-0.014349,8.20,gru,0.160003,0.012109,0.023036
2026-04-03T21:10:21.1294521Z,-0.352653,0.614156,0.008704,-0.513481,0.621943,-0.013006,8.56,gru,0.160828,0.007787,0.021710
2026-04-03T21:10:21.1741365Z,-0.352421,0.612474,0.009304,-0.517180,0.612884,-0.012764,7.86,gru,0.164759,0.000411,0.022067
2026-04-03T21:10:21.2106297Z,-0.352256,0.610862,0.009838,-0.517507,0.611844,-0.012094,7.60,gru,0.165251,0.000982,0.021931
2026-04-03T21:10:21.2614242Z,-0.353795,0.612104,0.009229,-0.513194,0.625330,-0.012306,8.28,gru,0.159400,0.013226,0.021535
2026-04-03T21:10:21.2980054Z,-0.352716,0.614009,0.008787,-0.511478,0.627048,-0.013224,6.43,gru,0.158762,0.013040,0.022011
2026-04-03T21:10:21.3309735Z,-0.353707,0.613301,0.008960,-0.512478,0.622812,-0.012058,6.37,gru,0.158771,0.009511,0.021018
2026-04-03T21:10:21.3574468Z,-0.352791,0.612864,0.008932,-0.513035,0.618699,-0.012668,6.95,gru,0.160244,0.005835,0.021600
2026-04-03T21:10:21.3909036Z,-0.353047,0.613704,0.009045,-0.512302,0.623923,-0.012271,8.33,gru,0.159255,0.010219,0.021317
2026-04-03T21:10:21.4264954Z,-0.351630,0.610742,0.010052,-0.510276,0.620760,-0.010166,7.79,gru,0.158646,0.010018,0.020218
2026-04-03T21:10:21.4698532Z,-0.353604,0.611673,0.007438,-0.512631,0.622273,-0.016220,6.10,gru,0.159028,0.010599,0.023658
2026-04-03T21:10:21.5198765Z,-0.353097,0.613221,0.008795,-0.512021,0.627482,-0.011194,7.11,gru,0.158924,0.014261,0.019989
2026-04-03T21:10:21.5550147Z,-0.352416,0.613292,0.008698,-0.512571,0.619915,-0.011829,5.97,gru,0.160155,0.006623,0.020527
2026-04-03T21:10:21.5986485Z,-0.353854,0.613512,0.008532,-0.516879,0.617420,-0.014941,6.48,gru,0.163026,0.003907,0.023472
2026-04-03T21:10:21.6418948Z,-0.352828,0.613151,0.008783,-0.511664,0.622759,-0.011977,8.23,gru,0.158836,0.009608,0.020760
2026-04-03T21:10:21.6778839Z,-0.353795,0.612852,0.008898,-0.514567,0.619549,-0.012369,7.79,gru,0.160773,0.006696,0.021266
2026-04-03T21:10:21.7172138Z,-0.353544,0.613392,0.008930,-0.516546,0.619373,-0.013034,7.67,gru,0.163002,0.005982,0.021964
2026-04-03T21:10:21.7543415Z,-0.354564,0.612823,0.007317,-0.514243,0.618492,-0.015807,8.34,gru,0.159679,0.005669,0.023124
2026-04-03T21:10:21.7922082Z,-0.353537,0.611375,0.009434,-0.514970,0.615002,-0.010332,7.68,gru,0.161433,0.003627,0.019766
2026-04-03T21:10:21.8251611Z,-0.353214,0.613323,0.008612,-0.512568,0.625061,-0.012398,7.15,gru,0.159355,0.011738,0.021010
2026-04-03T21:10:21.8679017Z,-0.328853,0.606282,0.013901,-0.499172,0.598363,-0.010063,8.04,gru,0.170319,0.007919,0.023964
2026-04-03T21:10:21.8907930Z,-0.340382,0.607726,0.012783,-0.508695,0.630300,-0.007072,9.39,gru,0.168313,0.022574,0.019855
2026-04-03T21:10:21.9308865Z,-0.344590,0.609154,0.011629,-0.511289,0.632941,-0.012818,8.01,gru,0.166699,0.023787,0.024447
2026-04-03T21:10:21.9614283Z,-0.345267,0.609522,0.011589,-0.510309,0.606709,-0.012534,7.01,gru,0.165042,0.002814,0.024123
2026-04-03T21:10:22.0060507Z,-0.345335,0.607915,0.010067,-0.504963,0.618894,-0.013422,6.84,gru,0.159628,0.010979,0.023490
2026-04-03T21:10:22.0648975Z,-0.349134,0.611635,0.010418,-0.509152,0.630858,-0.009893,7.05,gru,0.160018,0.019222,0.020312
2026-04-03T21:10:22.0890743Z,-0.349520,0.612376,0.009946,-0.508057,0.625180,-0.011340,8.07,gru,0.158537,0.012805,0.021286
2026-04-03T21:10:22.1279039Z,-0.349331,0.612093,0.010192,-0.506166,0.620404,-0.012106,8.38,gru,0.156835,0.008311,0.022298
2026-04-03T21:10:22.1716084Z,-0.350102,0.612221,0.009693,-0.510605,0.617912,-0.012369,8.92,gru,0.160502,0.005691,0.022062
2026-04-03T21:10:22.1921089Z,-0.348348,0.611180,0.009943,-0.510906,0.614810,-0.012578,7.50,gru,0.162558,0.003630,0.022521
2026-04-03T21:10:22.2278090Z,-0.349353,0.612351,0.009869,-0.508457,0.623506,-0.010683,6.51,gru,0.159104,0.011155,0.020552
2026-04-03T21:10:22.2754278Z,-0.349737,0.611881,0.010180,-0.509247,0.621661,-0.010726,12.01,gru,0.159509,0.009780,0.020906
2026-04-03T21:10:22.3113804Z,-0.349473,0.611107,0.009979,-0.509947,0.617973,-0.011695,5.99,gru,0.160474,0.006866,0.021674
2026-04-03T21:10:22.3432169Z,-0.349504,0.611725,0.010057,-0.505793,0.621103,-0.010416,6.95,gru,0.156289,0.009379,0.020473
2026-04-03T21:10:22.3580516Z,-0.349732,0.612104,0.009684,-0.505709,0.621988,-0.010656,7.76,gru,0.155977,0.009884,0.020340
2026-04-03T21:10:22.3991952Z,-0.349479,0.609675,0.008757,-0.505936,0.617273,-0.012994,7.31,gru,0.156458,0.007598,0.021751
2026-04-03T21:10:22.4436079Z,-0.350139,0.611245,0.008349,-0.512660,0.619258,-0.013378,7.41,gru,0.162520,0.008013,0.021727
2026-04-03T21:10:22.4735499Z,-0.349442,0.609997,0.010601,-0.510133,0.615327,-0.007536,8.07,gru,0.160691,0.005330,0.018137
2026-04-03T21:10:22.5183074Z,-0.350113,0.610745,0.009910,-0.507895,0.618336,-0.011133,7.49,gru,0.157782,0.007591,0.021042
2026-04-03T21:10:22.5661568Z,-0.353726,0.613223,0.009027,-0.510229,0.608761,-0.014559,7.03,gru,0.156503,0.004462,0.023586
2026-04-03T21:10:22.5918864Z,-0.353462,0.614530,0.008591,-0.511415,0.609993,-0.013327,9.00,gru,0.157953,0.004537,0.021918
2026-04-03T21:10:22.6373639Z,-0.351991,0.610668,0.008208,-0.510461,0.604511,-0.014413,7.45,gru,0.158470,0.006157,0.022622
2026-04-03T21:10:22.6593177Z,-0.352363,0.609691,0.008448,-0.513054,0.609159,-0.012554,8.05,gru,0.160691,0.000532,0.021002
2026-04-03T21:10:22.6952619Z,-0.352217,0.613374,0.008978,-0.517380,0.614038,-0.012548,6.91,gru,0.165164,0.000663,0.021527
2026-04-03T21:10:22.7186458Z,-0.352518,0.613708,0.008774,-0.510989,0.620325,-0.012789,7.82,gru,0.158470,0.006617,0.021563
2026-04-03T21:10:22.7615842Z,-0.353240,0.611601,0.009662,-0.511438,0.615879,-0.010934,8.80,gru,0.158198,0.004278,0.020596
2026-04-03T21:10:22.7872492Z,-0.352391,0.612617,0.009252,-0.511085,0.619703,-0.012084,8.22,gru,0.158694,0.007085,0.021335
2026-04-03T21:10:22.8300316Z,-0.353223,0.611428,0.008198,-0.512015,0.619588,-0.014299,6.50,gru,0.158793,0.008160,0.022497
2026-04-03T21:10:22.8571902Z,-0.352766,0.613289,0.009120,-0.513364,0.618786,-0.011048,8.02,gru,0.160597,0.005497,0.020168
2026-04-03T21:10:22.9056926Z,-0.353378,0.613462,0.009219,-0.511984,0.621132,-0.011413,8.20,gru,0.158607,0.007670,0.020632
2026-04-03T21:10:22.9313600Z,-0.353039,0.613118,0.008934,-0.511344,0.618327,-0.013281,8.26,gru,0.158305,0.005208,0.022215
2026-04-03T21:10:22.9571415Z,-0.353443,0.612538,0.009410,-0.513025,0.615953,-0.011485,9.35,gru,0.159582,0.003414,0.020896
2026-04-03T21:10:22.9987333Z,-0.352017,0.613760,0.008806,-0.511087,0.620870,-0.013060,8.68,gru,0.159070,0.007110,0.021866
2026-04-03T21:10:23.0253482Z,-0.352807,0.611631,0.009363,-0.513104,0.616878,-0.011902,8.80,gru,0.160297,0.005247,0.021265
2026-04-03T21:10:23.0673227Z,-0.352689,0.613499,0.009078,-0.517556,0.613863,-0.013458,8.79,gru,0.164867,0.000364,0.022536
2026-04-03T21:10:23.0912865Z,-0.352225,0.612868,0.009390,-0.514593,0.614810,-0.013170,7.23,gru,0.162368,0.001941,0.022560
2026-04-03T21:10:23.1236734Z,-0.353624,0.612950,0.009071,-0.514164,0.614998,-0.012516,6.93,gru,0.160540,0.002049,0.021587
2026-04-03T21:10:23.1684794Z,-0.352577,0.612449,0.009159,-0.513286,0.614800,-0.012981,8.45,gru,0.160709,0.002350,0.022140
2026-04-03T21:10:23.1942182Z,-0.353461,0.612024,0.009280,-0.511693,0.622256,-0.011295,7.80,gru,0.158232,0.010233,0.020575
2026-04-03T21:10:23.2217015Z,-0.352945,0.611986,0.009404,-0.510876,0.625259,-0.011400,7.20,gru,0.157932,0.013274,0.020805
2026-04-03T21:10:23.2609710Z,-0.353106,0.612302,0.009115,-0.517458,0.613663,-0.013963,7.90,gru,0.164351,0.001361,0.023079
2026-04-03T21:10:23.2882480Z,-0.352940,0.612817,0.009413,-0.517843,0.613474,-0.013079,8.88,gru,0.164903,0.000658,0.022492
2026-04-03T21:10:23.3315804Z,-0.353937,0.613144,0.009135,-0.511992,0.624431,-0.011987,8.78,gru,0.158055,0.011286,0.021122
2026-04-03T21:10:23.3602421Z,-0.353521,0.611507,0.007704,-0.511309,0.620175,-0.015269,6.81,gru,0.157788,0.008668,0.022973
2026-04-03T21:10:23.3998789Z,-0.353059,0.613051,0.008677,-0.514336,0.620217,-0.011810,7.37,gru,0.161277,0.007166,0.020487
2026-04-03T21:10:23.4432823Z,-0.352848,0.612560,0.009535,-0.513899,0.620969,-0.010200,8.62,gru,0.161051,0.008409,0.019735
2026-04-03T21:10:23.5034330Z,-0.353586,0.612323,0.009307,-0.516192,0.616254,-0.013475,8.03,gru,0.162606,0.003930,0.022782
2026-04-03T21:10:23.5607141Z,-0.353149,0.613079,0.009101,-0.511992,0.623346,-0.012593,9.05,gru,0.158843,0.010267,0.021694
2026-04-03T21:10:23.6031304Z,-0.353917,0.612871,0.009201,-0.512034,0.624132,-0.011348,7.12,gru,0.158117,0.011261,0.020549
2026-04-03T21:10:23.6533116Z,-0.354478,0.613383,0.008900,-0.513389,0.623353,-0.012257,7.37,gru,0.158911,0.009970,0.021157
2026-04-03T21:10:23.6969664Z,-0.353783,0.611721,0.007723,-0.512522,0.618406,-0.015033,7.13,gru,0.158739,0.006685,0.022756
2026-04-03T21:10:23.7214364Z,-0.352940,0.611753,0.009559,-0.512803,0.620732,-0.009849,6.58,gru,0.159863,0.008979,0.019409
2026-04-03T21:10:23.7580927Z,-0.354287,0.612707,0.008855,-0.515293,0.621861,-0.012298,6.55,gru,0.161006,0.009154,0.021153
2026-04-03T21:10:23.7996861Z,-0.353152,0.612472,0.009150,-0.511697,0.621714,-0.012905,7.59,gru,0.158545,0.009241,0.022055
2026-04-03T21:10:23.8265153Z,-0.351681,0.613538,0.008114,-0.510912,0.621785,-0.014137,7.27,gru,0.159230,0.008247,0.022251
2026-04-03T21:10:23.8643464Z,-0.353922,0.612977,0.008771,-0.513748,0.624979,-0.011551,8.44,gru,0.159826,0.012002,0.020322
2026-04-03T21:10:23.9063313Z,-0.353585,0.612122,0.009070,-0.514322,0.618352,-0.011323,9.67,gru,0.160737,0.006229,0.020393
2026-04-03T21:10:23.9465163Z,-0.353846,0.612807,0.006935,-0.514392,0.617874,-0.012650,10.27,gru,0.160546,0.005066,0.019585
2026-04-03T21:10:23.9958641Z,-0.352957,0.612114,0.009567,-0.514351,0.618008,-0.009641,8.37,gru,0.161394,0.005894,0.019208
2026-04-03T21:10:24.0257135Z,-0.354023,0.611417,0.007856,-0.512764,0.620854,-0.013403,8.42,gru,0.158741,0.009437,0.021259
2026-04-03T21:10:24.0682909Z,-0.353608,0.613485,0.008843,-0.514044,0.625054,-0.013085,8.78,gru,0.160437,0.011569,0.021928
2026-04-03T21:10:24.0895992Z,-0.352844,0.613286,0.009124,-0.517539,0.616682,-0.012050,8.67,gru,0.164695,0.003396,0.021175
2026-04-03T21:10:24.1279057Z,-0.354340,0.614067,0.008558,-0.513805,0.624665,-0.013872,7.86,gru,0.159466,0.010598,0.022430
2026-04-03T21:10:24.1548469Z,-0.353399,0.612041,0.009584,-0.513345,0.618189,-0.010734,9.24,gru,0.159946,0.006149,0.020318
2026-04-03T21:10:24.1975595Z,-0.353393,0.612452,0.009412,-0.513896,0.619729,-0.011863,7.95,gru,0.160503,0.007277,0.021275
2026-04-03T21:10:24.2224225Z,-0.352610,0.611730,0.007491,-0.511721,0.622318,-0.016315,8.11,gru,0.159111,0.010589,0.023806
2026-04-03T21:10:24.2650001Z,-0.353022,0.612856,0.007369,-0.512621,0.623782,-0.013769,7.30,gru,0.159599,0.010926,0.021138
2026-04-03T21:10:24.2924960Z,-0.352737,0.612710,0.009105,-0.514026,0.622787,-0.009527,8.35,gru,0.161289,0.010077,0.018632
2026-04-03T21:10:24.3326518Z,-0.354176,0.612954,0.008816,-0.517877,0.617235,-0.013616,8.29,gru,0.163701,0.004281,0.022431
2026-04-03T21:10:24.3531180Z,-0.352591,0.612310,0.009028,-0.513715,0.617418,-0.013460,5.40,gru,0.161124,0.005108,0.022488
2026-04-03T21:10:24.3959873Z,-0.344706,0.609440,0.011441,-0.509207,0.609992,-0.009549,6.05,gru,0.164501,0.000552,0.020990
2026-04-03T21:10:24.4315868Z,-0.348070,0.611018,0.010477,-0.510349,0.627420,-0.011123,8.03,gru,0.162280,0.016402,0.021601
2026-04-03T21:10:24.4570393Z,-0.348551,0.611160,0.010441,-0.509555,0.626613,-0.011593,7.65,gru,0.161004,0.015453,0.022034
2026-04-03T21:10:24.4958154Z,-0.349488,0.612592,0.009707,-0.509181,0.620373,-0.012337,8.32,gru,0.159694,0.007780,0.022044
2026-04-03T21:10:24.5363808Z,-0.349239,0.612090,0.009752,-0.509705,0.620017,-0.012245,9.08,gru,0.160466,0.007927,0.021998
2026-04-03T21:10:24.5967890Z,-0.349366,0.610371,0.010238,-0.510021,0.616704,-0.010511,7.98,gru,0.160656,0.006333,0.020749
2026-04-03T21:10:24.6263594Z,-0.350071,0.612325,0.009503,-0.511993,0.623095,-0.013174,7.73,gru,0.161922,0.010770,0.022677
2026-04-03T21:10:24.6537436Z,-0.352769,0.612783,0.009114,-0.511658,0.623244,-0.012565,8.06,gru,0.158889,0.010461,0.021680
2026-04-03T21:10:24.6941558Z,-0.353637,0.613226,0.009100,-0.514797,0.616686,-0.012717,8.33,gru,0.161160,0.003460,0.021817
2026-04-03T21:10:24.7420509Z,-0.351903,0.613367,0.008682,-0.509384,0.620863,-0.013403,8.75,gru,0.157481,0.007496,0.022085
2026-04-03T21:10:24.7900333Z,-0.348527,0.612094,0.009840,-0.507460,0.619458,-0.010803,9.66,gru,0.158933,0.007364,0.020643
2026-04-03T21:10:24.8422838Z,-0.348884,0.611134,0.010391,-0.508434,0.623618,-0.009334,7.57,gru,0.159550,0.012483,0.019725
2026-04-03T21:10:24.8869752Z,-0.349450,0.611378,0.010050,-0.509872,0.621137,-0.011648,8.15,gru,0.160423,0.009759,0.021698
2026-04-03T21:10:24.9378355Z,-0.349693,0.611083,0.010159,-0.508658,0.618272,-0.010986,9.59,gru,0.158965,0.007188,0.021145
2026-04-03T21:10:24.9645790Z,-0.350086,0.611195,0.010128,-0.511961,0.615354,-0.011670,8.58,gru,0.161875,0.004159,0.021798
2026-04-03T21:10:24.9935278Z,-0.350145,0.612075,0.009990,-0.510358,0.620306,-0.011776,8.34,gru,0.160213,0.008231,0.021766
2026-04-03T21:10:25.0382886Z,-0.353792,0.613141,0.009202,-0.511437,0.625588,-0.011921,9.22,gru,0.157645,0.012446,0.021123
2026-04-03T21:10:25.0958578Z,-0.353570,0.613707,0.008972,-0.511087,0.622529,-0.012409,8.49,gru,0.157517,0.008822,0.021382
2026-04-03T21:10:25.1250748Z,-0.352948,0.612685,0.009084,-0.511317,0.615584,-0.012333,9.62,gru,0.158369,0.002899,0.021416
2026-04-03T21:10:25.1726224Z,-0.352734,0.613158,0.009083,-0.512042,0.614049,-0.011871,8.05,gru,0.159308,0.000891,0.020954
2026-04-03T21:10:25.2278179Z,-0.353810,0.613220,0.008993,-0.512690,0.617700,-0.012475,7.66,gru,0.158881,0.004480,0.021468
2026-04-03T21:10:25.2565194Z,-0.354172,0.613513,0.009000,-0.512260,0.621288,-0.011939,8.61,gru,0.158088,0.007775,0.020939
2026-04-03T21:10:25.3037043Z,-0.354355,0.613221,0.008883,-0.512517,0.617511,-0.012525,7.56,gru,0.158162,0.004290,0.021409
2026-04-03T21:10:25.3264937Z,-0.353634,0.612941,0.009032,-0.513890,0.613898,-0.012571,6.94,gru,0.160256,0.000957,0.021603
2026-04-03T21:10:25.3656148Z,-0.353756,0.612687,0.008931,-0.512469,0.619339,-0.012260,7.10,gru,0.158713,0.006652,0.021192
2026-04-03T21:10:25.3920939Z,-0.353232,0.613052,0.008855,-0.512434,0.621807,-0.012419,9.09,gru,0.159202,0.008755,0.021274
2026-04-03T21:10:25.4371462Z,-0.353244,0.613143,0.009145,-0.511851,0.622938,-0.011421,10.04,gru,0.158607,0.009795,0.020566
2026-04-03T21:10:25.4579750Z,-0.352995,0.613203,0.008955,-0.511253,0.622200,-0.012284,9.31,gru,0.158258,0.008997,0.021240
2026-04-03T21:10:25.5025167Z,-0.352594,0.613353,0.009090,-0.511538,0.619101,-0.012377,8.41,gru,0.158944,0.005748,0.021467
2026-04-03T21:10:25.5278839Z,-0.354140,0.613278,0.008847,-0.513543,0.618882,-0.012347,8.41,gru,0.159403,0.005604,0.021194
2026-04-03T21:10:25.5718408Z,-0.353848,0.612739,0.009382,-0.513643,0.616349,-0.011716,8.70,gru,0.159795,0.003611,0.021098
2026-04-03T21:10:25.5933279Z,-0.352054,0.613277,0.008705,-0.512259,0.615721,-0.013872,8.00,gru,0.160205,0.002444,0.022577
2026-04-03T21:10:25.6349869Z,-0.353149,0.613501,0.008853,-0.512935,0.620194,-0.012563,8.16,gru,0.159786,0.006693,0.021417
2026-04-03T21:10:25.6595055Z,-0.352660,0.612134,0.009180,-0.511722,0.617843,-0.011359,8.48,gru,0.159062,0.005709,0.020539
2026-04-03T21:10:25.7052470Z,-0.352882,0.612865,0.009181,-0.511624,0.622405,-0.012046,6.93,gru,0.158743,0.009540,0.021227
2026-04-03T21:10:25.7299939Z,-0.351893,0.613126,0.008790,-0.510637,0.624731,-0.012845,8.25,gru,0.158744,0.011606,0.021634
2026-04-03T21:10:25.7562445Z,-0.353289,0.612811,0.008649,-0.512410,0.621769,-0.012556,8.17,gru,0.159121,0.008959,0.021205
2026-04-03T21:10:25.7974461Z,-0.353655,0.612170,0.009324,-0.513102,0.620599,-0.010818,8.15,gru,0.159447,0.008429,0.020143
2026-04-03T21:10:25.8162661Z,-0.353926,0.613013,0.009005,-0.512458,0.622353,-0.012397,6.49,gru,0.158533,0.009340,0.021402
2026-04-03T21:10:25.8598716Z,-0.354219,0.612413,0.009579,-0.512909,0.622548,-0.011226,7.26,gru,0.158690,0.010135,0.020805
2026-04-03T21:10:25.8976810Z,-0.353886,0.614481,0.008637,-0.511954,0.626626,-0.013104,7.56,gru,0.158068,0.012145,0.021741
2026-04-03T21:10:25.9209211Z,-0.353339,0.612508,0.008745,-0.512127,0.621113,-0.012989,7.62,gru,0.158787,0.008605,0.021734
2026-04-03T21:10:25.9694071Z,-0.354854,0.612663,0.008946,-0.514430,0.622249,-0.011144,7.10,gru,0.159576,0.009587,0.020090
2026-04-03T21:10:25.9919354Z,-0.354571,0.613090,0.008925,-0.514953,0.622304,-0.012620,8.03,gru,0.160383,0.009214,0.021545
2026-04-03T21:10:26.0606611Z,-0.353784,0.615681,0.007793,-0.512834,0.625888,-0.014957,7.03,gru,0.159051,0.010207,0.022750
2026-04-03T21:10:26.1213426Z,-0.354798,0.613569,0.008858,-0.513606,0.622540,-0.011183,8.70,gru,0.158808,0.008971,0.020041
2026-04-03T21:10:26.1673906Z,-0.354046,0.613802,0.008564,-0.513386,0.621176,-0.012473,8.25,gru,0.159341,0.007374,0.021037
2026-04-03T21:10:26.2280986Z,-0.354552,0.614027,0.008256,-0.513079,0.624888,-0.013700,9.37,gru,0.158527,0.010860,0.021956
2026-04-03T21:10:26.2818490Z,-0.352691,0.612955,0.008926,-0.512427,0.620678,-0.011475,7.68,gru,0.159736,0.007723,0.020401
2026-04-03T21:10:26.3305973Z,-0.354653,0.613311,0.008917,-0.513870,0.622991,-0.011707,8.23,gru,0.159217,0.009679,0.020624
2026-04-03T21:10:26.3873247Z,-0.354562,0.614321,0.008180,-0.513282,0.625225,-0.013934,7.73,gru,0.158720,0.010905,0.022114
2026-04-03T21:10:26.4244537Z,-0.353292,0.612383,0.008815,-0.512359,0.618239,-0.012335,9.00,gru,0.159067,0.005856,0.021149
2026-04-03T21:10:26.4615484Z,-0.353315,0.613002,0.009354,-0.514074,0.620466,-0.011002,8.03,gru,0.160759,0.007464,0.020357
2026-04-03T21:10:26.4886182Z,-0.352838,0.611360,0.007655,-0.512027,0.620317,-0.015659,8.30,gru,0.159189,0.008957,0.023314
2026-04-03T21:10:26.5298236Z,-0.352983,0.613395,0.008703,-0.513023,0.623786,-0.011793,9.89,gru,0.160040,0.010392,0.020497
2026-04-03T21:10:26.5566830Z,-0.354060,0.613211,0.008969,-0.514926,0.622809,-0.011063,8.40,gru,0.160866,0.009598,0.020033
2026-04-03T21:10:26.6135830Z,-0.354343,0.612767,0.009249,-0.514443,0.619008,-0.012639,10.36,gru,0.160100,0.006240,0.021888
2026-04-03T21:10:26.6701444Z,-0.354012,0.613376,0.008932,-0.513721,0.622547,-0.012774,10.68,gru,0.159709,0.009171,0.021706
2026-04-03T21:10:26.7015788Z,-0.353064,0.613434,0.009125,-0.512956,0.622850,-0.012265,10.59,gru,0.159892,0.009416,0.021391
2026-04-03T21:10:26.7894628Z,-0.354421,0.613519,0.008578,-0.512383,0.627736,-0.012421,16.39,gru,0.157963,0.014216,0.021000
2026-04-03T21:10:26.8485242Z,-0.354364,0.612362,0.008982,-0.515294,0.619132,-0.012451,8.03,gru,0.160930,0.006769,0.021433
2026-04-03T21:10:26.8738646Z,-0.354341,0.612474,0.009212,-0.514948,0.619640,-0.011811,7.51,gru,0.160607,0.007166,0.021023
2026-04-03T21:10:26.9285617Z,-0.353718,0.613538,0.008908,-0.513483,0.625101,-0.012985,8.67,gru,0.159764,0.011563,0.021892
2026-04-03T21:10:26.9539855Z,-0.354738,0.612566,0.009204,-0.511844,0.627526,-0.011250,8.97,gru,0.157105,0.014960,0.020455
2026-04-03T21:10:27.0008911Z,-0.354203,0.613133,0.008974,-0.513578,0.623598,-0.012395,8.08,gru,0.159375,0.010465,0.021369
2026-04-03T21:10:27.0249354Z,-0.353255,0.612079,0.009373,-0.512554,0.621842,-0.011970,7.98,gru,0.159299,0.009763,0.021343
2026-04-03T21:10:27.0688614Z,-0.354759,0.611422,0.009579,-0.514041,0.623774,-0.010770,7.71,gru,0.159282,0.012352,0.020348
2026-04-03T21:10:27.1140955Z,-0.353654,0.612070,0.009276,-0.513556,0.621422,-0.012787,7.66,gru,0.159902,0.009351,0.022064
2026-04-03T21:10:27.1685064Z,-0.353769,0.612607,0.008956,-0.513121,0.624102,-0.012845,9.35,gru,0.159351,0.011495,0.021801
2026-04-03T21:10:27.2454796Z,-0.353339,0.610762,0.007811,-0.512439,0.621938,-0.014667,7.45,gru,0.159100,0.011176,0.022478
2026-04-03T21:10:27.2772312Z,-0.353210,0.613310,0.008872,-0.514865,0.623368,-0.011546,5.74,gru,0.161655,0.010059,0.020418
2026-04-03T21:10:27.3282502Z,-0.353448,0.613089,0.009208,-0.513971,0.623716,-0.011102,7.41,gru,0.160523,0.010627,0.020310
2026-04-03T21:10:27.3649528Z,-0.355572,0.613653,0.008528,-0.518691,0.618071,-0.014978,8.26,gru,0.163119,0.004417,0.023506
2026-04-03T21:10:27.3821714Z,-0.353536,0.613575,0.008805,-0.513480,0.621503,-0.012896,6.13,gru,0.159945,0.007928,0.021701
2026-04-03T21:10:27.4209861Z,-0.356230,0.614164,0.008348,-0.514991,0.625913,-0.012417,6.14,gru,0.158761,0.011750,0.020765
2026-04-03T21:10:27.4599968Z,-0.354361,0.613286,0.008271,-0.513887,0.621272,-0.013323,6.44,gru,0.159526,0.007986,0.021594
2026-04-03T21:10:27.4899512Z,-0.354564,0.612943,0.009111,-0.513922,0.620675,-0.011161,8.43,gru,0.159358,0.007732,0.020272
2026-04-03T21:10:27.5320732Z,-0.353533,0.613377,0.008476,-0.512827,0.624838,-0.013232,8.40,gru,0.159294,0.011460,0.021708
2026-04-03T21:10:27.5565310Z,-0.353939,0.612545,0.009052,-0.513518,0.621881,-0.011965,6.70,gru,0.159579,0.009336,0.021017
2026-04-03T21:10:27.5934513Z,-0.355089,0.612774,0.009399,-0.515918,0.620986,-0.010745,7.37,gru,0.160829,0.008212,0.020143
2026-04-03T21:10:27.6199969Z,-0.354680,0.613042,0.009062,-0.514418,0.620957,-0.013022,8.98,gru,0.159737,0.007915,0.022085
2026-04-03T21:10:27.6732287Z,-0.354112,0.614079,0.008612,-0.512731,0.624857,-0.013257,8.89,gru,0.158619,0.010778,0.021868
2026-04-03T21:10:27.7269395Z,-0.353193,0.613082,0.007120,-0.512800,0.621493,-0.015853,8.07,gru,0.159607,0.008410,0.022973
2026-04-03T21:10:27.7627804Z,-0.354823,0.612287,0.008875,-0.514863,0.622216,-0.009955,6.74,gru,0.160040,0.009929,0.018829
2026-04-03T21:10:27.7944087Z,-0.353297,0.612978,0.008669,-0.514697,0.619693,-0.012350,9.20,gru,0.161399,0.006715,0.021019
2026-04-03T21:10:27.8323597Z,-0.354372,0.613081,0.008853,-0.515846,0.619395,-0.013554,7.89,gru,0.161474,0.006313,0.022408
2026-04-03T21:10:27.8542127Z,-0.354206,0.611599,0.009316,-0.515148,0.618541,-0.011246,7.62,gru,0.160941,0.006942,0.020562
2026-04-03T21:10:27.8969502Z,-0.353931,0.614099,0.008057,-0.515275,0.623293,-0.015150,6.59,gru,0.161345,0.009194,0.023207
2026-04-03T21:10:27.9214609Z,-0.354450,0.614065,0.009072,-0.519487,0.618035,-0.012559,6.78,gru,0.165037,0.003970,0.021632
2026-04-03T21:10:27.9547991Z,-0.354807,0.612563,0.009165,-0.514090,0.620518,-0.011344,6.81,gru,0.159283,0.007956,0.020510
2026-04-03T21:10:27.9933541Z,-0.354144,0.611740,0.009267,-0.513372,0.619902,-0.012691,6.01,gru,0.159227,0.008162,0.021958
2026-04-03T21:10:28.0365197Z,-0.353704,0.613529,0.008755,-0.513652,0.626784,-0.012777,7.75,gru,0.159948,0.013254,0.021533
2026-04-03T21:10:28.0587803Z,-0.354647,0.612303,0.009119,-0.513649,0.624180,-0.011562,6.90,gru,0.159002,0.011877,0.020681
2026-04-03T21:10:28.0958628Z,-0.353981,0.615320,0.007868,-0.513157,0.628871,-0.014417,7.72,gru,0.159176,0.013551,0.022285
2026-04-03T21:10:28.1350320Z,-0.348583,0.609353,0.010619,-0.511677,0.610848,-0.010455,6.76,gru,0.163093,0.001495,0.021073
2026-04-03T21:10:28.1694693Z,-0.349823,0.611341,0.010298,-0.511693,0.624162,-0.010003,8.53,gru,0.161870,0.012821,0.020301
2026-04-03T21:10:28.2265243Z,-0.349421,0.611163,0.010124,-0.511045,0.626635,-0.012702,9.24,gru,0.161624,0.015472,0.022825
2026-04-03T21:10:28.2665044Z,-0.349228,0.611957,0.010104,-0.510158,0.619537,-0.011381,6.38,gru,0.160930,0.007580,0.021486
2026-04-03T21:10:28.2882529Z,-0.352896,0.614054,0.008624,-0.511281,0.629731,-0.013488,5.78,gru,0.158386,0.015678,0.022111
2026-04-03T21:10:28.3318183Z,-0.354065,0.614057,0.008835,-0.511752,0.624950,-0.011958,6.55,gru,0.157687,0.010893,0.020793
2026-04-03T21:10:28.3552999Z,-0.353059,0.613233,0.008396,-0.510638,0.621232,-0.013149,8.07,gru,0.157579,0.007999,0.021544
2026-04-03T21:10:28.3984383Z,-0.353034,0.613513,0.008504,-0.514093,0.621510,-0.013701,7.12,gru,0.161059,0.007997,0.022205
2026-04-03T21:10:28.4305798Z,-0.352405,0.613172,0.008808,-0.513332,0.620595,-0.012013,6.71,gru,0.160927,0.007422,0.020822
2026-04-03T21:10:28.4548355Z,-0.352687,0.613857,0.008660,-0.511634,0.622913,-0.012792,7.44,gru,0.158947,0.009056,0.021451
2026-04-03T21:10:28.5081706Z,-0.352486,0.613185,0.009070,-0.511716,0.621044,-0.011763,8.34,gru,0.159230,0.007859,0.020833
2026-04-03T21:10:28.5281235Z,-0.354355,0.613660,0.008629,-0.514565,0.620256,-0.012731,8.04,gru,0.160210,0.006596,0.021361
2026-04-03T21:10:28.5553852Z,-0.353488,0.613814,0.009107,-0.512343,0.623981,-0.011771,6.10,gru,0.158855,0.010168,0.020878
2026-04-03T21:10:28.5954381Z,-0.353127,0.611876,0.007780,-0.509537,0.621150,-0.014074,8.38,gru,0.156410,0.009274,0.021854
2026-04-03T21:10:28.6199747Z,-0.353702,0.613451,0.008590,-0.513440,0.623593,-0.011612,8.18,gru,0.159739,0.010141,0.020203
2026-04-03T21:10:28.6606206Z,-0.353666,0.613865,0.008677,-0.513911,0.621415,-0.011616,8.54,gru,0.160245,0.007550,0.020293
2026-04-03T21:10:28.6871148Z,-0.352717,0.613252,0.008990,-0.511211,0.620471,-0.012591,7.27,gru,0.158494,0.007218,0.021581
2026-04-03T21:10:28.7319366Z,-0.353269,0.613979,0.008679,-0.513039,0.623916,-0.012566,9.04,gru,0.159770,0.009936,0.021245
2026-04-03T21:10:28.7617754Z,-0.353402,0.613058,0.008967,-0.511559,0.626066,-0.011667,9.10,gru,0.158158,0.013008,0.020634
2026-04-03T21:10:28.8019711Z,-0.353985,0.613625,0.008920,-0.515922,0.613710,-0.012758,7.50,gru,0.161938,0.000085,0.021679
2026-04-03T21:10:28.8291426Z,-0.354552,0.611868,0.009499,-0.514045,0.615731,-0.011412,8.81,gru,0.159493,0.003863,0.020911
2026-04-03T21:10:28.8654695Z,-0.353133,0.611351,0.009308,-0.513567,0.613083,-0.012832,7.13,gru,0.160434,0.001732,0.022140
2026-04-03T21:10:28.8885656Z,-0.353606,0.611210,0.009420,-0.512806,0.619220,-0.012085,6.89,gru,0.159200,0.008010,0.021505
2026-04-03T21:10:28.9342418Z,-0.354581,0.614200,0.008726,-0.512441,0.630819,-0.012389,7.95,gru,0.157860,0.016619,0.021115
2026-04-03T21:10:28.9606484Z,-0.352785,0.613787,0.008770,-0.511449,0.624204,-0.013189,8.50,gru,0.158664,0.010417,0.021959
2026-04-03T21:10:29.0005408Z,-0.354826,0.613260,0.008970,-0.514548,0.622721,-0.011855,7.92,gru,0.159722,0.009461,0.020825
2026-04-03T21:10:29.0213896Z,-0.353630,0.613818,0.008348,-0.513506,0.624547,-0.013868,6.63,gru,0.159876,0.010729,0.022216
2026-04-03T21:10:29.0614174Z,-0.354451,0.614890,0.007949,-0.513479,0.625268,-0.013933,8.02,gru,0.159027,0.010379,0.021882
2026-04-03T21:10:29.1172345Z,-0.354923,0.612958,0.008688,-0.513905,0.622759,-0.011322,6.65,gru,0.158982,0.009801,0.020010
2026-04-03T21:10:29.1580174Z,-0.354459,0.611822,0.009126,-0.513786,0.617671,-0.011757,7.89,gru,0.159326,0.005850,0.020883
2026-04-03T21:10:29.1914785Z,-0.353698,0.613555,0.008928,-0.512950,0.626392,-0.012651,6.73,gru,0.159252,0.012837,0.021579
2026-04-03T21:10:29.2410728Z,-0.353506,0.613163,0.008864,-0.512266,0.624904,-0.012355,7.71,gru,0.158760,0.011741,0.021219
2026-04-03T21:10:29.2784085Z,-0.355189,0.612802,0.008904,-0.517636,0.618030,-0.012753,8.53,gru,0.162447,0.005229,0.021657
2026-04-03T21:10:29.3154228Z,-0.354669,0.611255,0.007711,-0.513682,0.619536,-0.014899,7.44,gru,0.159014,0.008281,0.022610
2026-04-03T21:10:29.3584341Z,-0.353794,0.612451,0.009254,-0.513379,0.623271,-0.010491,8.86,gru,0.159584,0.010820,0.019744
2026-04-03T21:10:29.3986007Z,-0.353790,0.614833,0.008373,-0.512857,0.629115,-0.012799,7.11,gru,0.159066,0.014282,0.021172
2026-04-03T21:10:29.4285214Z,-0.354087,0.613112,0.008994,-0.512500,0.623355,-0.012600,8.51,gru,0.158413,0.010242,0.021593
2026-04-03T21:10:29.4536062Z,-0.354387,0.614684,0.008478,-0.513833,0.624446,-0.012687,8.80,gru,0.159446,0.009762,0.021165
2026-04-03T21:10:29.4923621Z,-0.354113,0.612601,0.009319,-0.513417,0.622201,-0.011485,8.05,gru,0.159304,0.009600,0.020805
2026-04-03T21:10:29.5344709Z,-0.354773,0.611753,0.007416,-0.515179,0.618152,-0.015327,7.42,gru,0.160406,0.006399,0.022743
2026-04-03T21:10:29.5785719Z,-0.354830,0.613901,0.008607,-0.517700,0.621139,-0.012489,9.17,gru,0.162870,0.007238,0.021096
2026-04-03T21:10:29.6268770Z,-0.353907,0.612856,0.008955,-0.516522,0.616243,-0.011756,9.01,gru,0.162615,0.003387,0.020711
2026-04-03T21:10:29.6692241Z,-0.348524,0.611301,0.010222,-0.509189,0.617563,-0.011704,7.95,gru,0.160665,0.006262,0.021926
2026-04-03T21:10:29.6955175Z,-0.348064,0.611783,0.010371,-0.508728,0.625575,-0.010411,8.61,gru,0.160663,0.013792,0.020783
2026-04-03T21:10:29.7214204Z,-0.348956,0.609192,0.008967,-0.509182,0.622306,-0.013781,9.62,gru,0.160226,0.013113,0.022748
2026-04-03T21:10:29.7686638Z,-0.349015,0.611889,0.009714,-0.509576,0.624608,-0.010766,7.73,gru,0.160562,0.012719,0.020480
2026-04-03T21:10:29.7970434Z,-0.351480,0.611752,0.009799,-0.510048,0.628069,-0.009938,11.07,gru,0.158568,0.016318,0.019737
2026-04-03T21:10:29.8262081Z,-0.350146,0.610592,0.010152,-0.510280,0.617076,-0.011868,8.67,gru,0.160133,0.006484,0.022020
2026-04-03T21:10:29.8720481Z,-0.353852,0.613208,0.009049,-0.513349,0.625356,-0.012952,8.98,gru,0.159496,0.012149,0.022000
2026-04-03T21:10:29.9185152Z,-0.350128,0.611695,0.009899,-0.508946,0.620430,-0.011424,8.53,gru,0.158818,0.008735,0.021324
2026-04-03T21:10:29.9627344Z,-0.349982,0.612012,0.009596,-0.509030,0.620665,-0.011799,8.37,gru,0.159048,0.008653,0.021396
2026-04-03T21:10:29.9856203Z,-0.354459,0.612910,0.008797,-0.514160,0.630061,-0.012842,8.41,gru,0.159701,0.017151,0.021640
2026-04-03T21:10:30.0250734Z,-0.352888,0.611951,0.009343,-0.516911,0.611435,-0.012948,7.72,gru,0.164023,0.000516,0.022291
2026-04-03T21:10:30.0699922Z,-0.353110,0.613287,0.009144,-0.512405,0.620528,-0.012383,10.91,gru,0.159295,0.007241,0.021527
2026-04-03T21:10:30.1035705Z,-0.353970,0.614379,0.008591,-0.511542,0.631043,-0.012815,6.20,gru,0.157572,0.016664,0.021406
2026-04-03T21:10:30.1596604Z,-0.353083,0.612770,0.008878,-0.511283,0.619489,-0.012136,7.72,gru,0.158200,0.006718,0.021014
2026-04-03T21:10:30.1922428Z,-0.353049,0.614276,0.008334,-0.509475,0.627769,-0.012588,7.14,gru,0.156426,0.013494,0.020922
2026-04-03T21:10:30.2402443Z,-0.354248,0.613020,0.008942,-0.513771,0.621524,-0.011371,6.30,gru,0.159522,0.008503,0.020313
2026-04-03T21:10:30.2564697Z,-0.353447,0.614784,0.008410,-0.516060,0.618882,-0.013837,6.79,gru,0.162613,0.004097,0.022247
2026-04-03T21:10:30.2997517Z,-0.354535,0.614310,0.009216,-0.512427,0.625667,-0.010996,6.70,gru,0.157892,0.011357,0.020213
2026-04-03T21:10:30.3193583Z,-0.354377,0.611882,0.009575,-0.513132,0.616618,-0.010623,6.05,gru,0.158755,0.004736,0.020198
2026-04-03T21:10:30.3617784Z,-0.348263,0.611625,0.010369,-0.509409,0.611271,-0.011950,6.62,gru,0.161145,0.000354,0.022319
2026-04-03T21:10:30.3968608Z,-0.349317,0.612039,0.008274,-0.508793,0.622090,-0.014939,7.01,gru,0.159477,0.010051,0.023213
2026-04-03T21:10:30.4171004Z,-0.350464,0.611354,0.010062,-0.515508,0.612630,-0.010279,6.58,gru,0.165044,0.001276,0.020341
2026-04-03T21:10:30.4521021Z,-0.345425,0.609931,0.011300,-0.507465,0.608912,-0.009405,6.77,gru,0.162040,0.001019,0.020705
2026-04-03T21:10:30.4866480Z,-0.348857,0.611221,0.010231,-0.509467,0.622629,-0.012969,7.70,gru,0.160610,0.011407,0.023200
2026-04-03T21:10:30.5261675Z,-0.349102,0.612075,0.010280,-0.509848,0.621324,-0.011062,7.24,gru,0.160746,0.009249,0.021341
2026-04-03T21:10:30.5579664Z,-0.351253,0.611810,0.010153,-0.508687,0.620787,-0.010557,6.32,gru,0.157434,0.008977,0.020710
2026-04-03T21:10:30.5923705Z,-0.349142,0.612364,0.009554,-0.508306,0.617638,-0.013210,7.57,gru,0.159165,0.005274,0.022764
2026-04-03T21:10:30.6283988Z,-0.345147,0.610391,0.011454,-0.505729,0.613485,-0.009278,7.43,gru,0.160583,0.003094,0.020732
2026-04-03T21:10:30.6616310Z,-0.347895,0.611426,0.010354,-0.507806,0.626661,-0.010919,6.74,gru,0.159911,0.015234,0.021273
2026-04-03T21:10:30.6887112Z,-0.349066,0.611490,0.010386,-0.508658,0.621266,-0.011576,6.37,gru,0.159591,0.009776,0.021962
2026-04-03T21:10:30.7423403Z,-0.350227,0.610174,0.010416,-0.507541,0.617582,-0.010056,8.69,gru,0.157314,0.007408,0.020472
2026-04-03T21:10:30.7792349Z,-0.349961,0.610975,0.010315,-0.507398,0.623400,-0.010941,7.23,gru,0.157437,0.012425,0.021256
2026-04-03T21:10:30.8205522Z,-0.352397,0.613612,0.009046,-0.509321,0.627856,-0.012711,7.32,gru,0.156924,0.014244,0.021757
2026-04-03T21:10:30.8562115Z,-0.352756,0.611214,0.007934,-0.507926,0.621319,-0.014208,7.39,gru,0.155170,0.010105,0.022142
2026-04-03T21:10:30.9019195Z,-0.353261,0.611985,0.009434,-0.511743,0.619200,-0.009740,7.37,gru,0.158481,0.007215,0.019174
2026-04-03T21:10:30.9226955Z,-0.352436,0.613167,0.009142,-0.508535,0.628455,-0.011052,8.64,gru,0.156099,0.015288,0.020194
2026-04-03T21:10:30.9581791Z,-0.345512,0.611888,0.010869,-0.503331,0.618924,-0.010109,7.44,gru,0.157819,0.007036,0.020977
2026-04-03T21:10:31.0045604Z,-0.347817,0.610630,0.010463,-0.508190,0.619596,-0.009953,8.90,gru,0.160373,0.008966,0.020415
2026-04-03T21:10:31.0312800Z,-0.344775,0.609717,0.011191,-0.506290,0.615576,-0.010342,8.04,gru,0.161515,0.005859,0.021532
2026-04-03T21:10:31.0562432Z,-0.350592,0.613147,0.009775,-0.510585,0.624404,-0.011706,8.27,gru,0.159993,0.011257,0.021481
2026-04-03T21:10:31.0985808Z,-0.348811,0.609819,0.011058,-0.507582,0.612006,-0.009550,7.53,gru,0.158771,0.002187,0.020607
2026-04-03T21:10:31.1260494Z,-0.345256,0.610243,0.011181,-0.504567,0.604827,-0.010800,8.19,gru,0.159310,0.005417,0.021981
2026-04-03T21:10:31.1768927Z,-0.348686,0.610729,0.010467,-0.507478,0.624229,-0.011499,9.55,gru,0.158791,0.013500,0.021966
2026-04-03T21:10:31.2234616Z,-0.339981,0.607346,0.013086,-0.500856,0.607459,-0.007296,9.02,gru,0.160874,0.000113,0.020382
2026-04-03T21:10:31.2758270Z,-0.345597,0.610280,0.011474,-0.503117,0.624449,-0.009887,10.13,gru,0.157520,0.014169,0.021361
2026-04-03T21:10:31.3034273Z,-0.348982,0.611968,0.010379,-0.505736,0.629660,-0.012095,8.97,gru,0.156754,0.017692,0.022474
2026-04-03T21:10:31.3321711Z,-0.348207,0.611430,0.010078,-0.505021,0.608124,-0.012236,9.28,gru,0.156814,0.003306,0.022314
2026-04-03T21:10:31.3801005Z,-0.350019,0.612564,0.009689,-0.506801,0.619577,-0.011674,8.97,gru,0.156782,0.007013,0.021363
2026-04-03T21:10:31.4223611Z,-0.345759,0.610609,0.011395,-0.505240,0.612812,-0.008876,7.59,gru,0.159481,0.002203,0.020270
2026-04-03T21:10:31.4641165Z,-0.349095,0.611720,0.010212,-0.507421,0.616813,-0.011606,9.35,gru,0.158326,0.005093,0.021818
2026-04-03T21:10:31.4916060Z,-0.348156,0.612842,0.009621,-0.505474,0.620922,-0.012841,9.13,gru,0.157318,0.008080,0.022462
2026-04-03T21:10:31.5424184Z,-0.350137,0.610218,0.008434,-0.504906,0.616760,-0.012861,9.38,gru,0.154769,0.006542,0.021295
2026-04-03T21:10:31.5696735Z,-0.349321,0.611940,0.010290,-0.512083,0.615343,-0.009391,9.25,gru,0.162762,0.003402,0.019680
2026-04-03T21:10:31.5955336Z,-0.350314,0.612151,0.009603,-0.508760,0.619803,-0.011046,7.51,gru,0.158446,0.007652,0.020649
2026-04-03T21:10:31.6271126Z,-0.350478,0.610317,0.010345,-0.506941,0.617180,-0.010484,9.74,gru,0.156463,0.006863,0.020829
2026-04-03T21:10:31.6689508Z,-0.350013,0.611019,0.010479,-0.506119,0.615843,-0.009573,8.93,gru,0.156106,0.004824,0.020052
2026-04-03T21:10:31.7001235Z,-0.353599,0.614747,0.008603,-0.509704,0.624491,-0.013929,8.87,gru,0.156105,0.009743,0.022532
2026-04-03T21:10:31.7395417Z,-0.352945,0.613321,0.008655,-0.508814,0.613055,-0.012740,8.53,gru,0.155869,0.000266,0.021395
2026-04-03T21:10:31.7975985Z,-0.353473,0.613186,0.008827,-0.508824,0.618632,-0.011007,8.66,gru,0.155350,0.005445,0.019834
2026-04-03T21:10:31.8267386Z,-0.353719,0.613480,0.008746,-0.513804,0.616237,-0.012739,9.41,gru,0.160085,0.002757,0.021485
2026-04-03T21:10:31.8722073Z,-0.353674,0.614217,0.008367,-0.511876,0.616326,-0.013247,9.65,gru,0.158202,0.002109,0.021613
2026-04-03T21:10:31.8998736Z,-0.353025,0.611547,0.009391,-0.512169,0.609949,-0.011117,9.06,gru,0.159144,0.001598,0.020508
2026-04-03T21:10:31.9224813Z,-0.353858,0.613859,0.008934,-0.512982,0.609565,-0.012733,7.36,gru,0.159124,0.004293,0.021667
2026-04-03T21:10:31.9718823Z,-0.353982,0.614301,0.008311,-0.511147,0.617427,-0.013581,9.41,gru,0.157166,0.003125,0.021892
2026-04-03T21:10:32.0273106Z,-0.353340,0.613209,0.008872,-0.512350,0.616381,-0.011876,7.35,gru,0.159010,0.003172,0.020748
2026-04-03T21:10:32.0609414Z,-0.353156,0.613306,0.009171,-0.511612,0.619684,-0.011425,8.90,gru,0.158455,0.006378,0.020595
2026-04-03T21:10:32.1046540Z,-0.354030,0.612681,0.009071,-0.511745,0.616408,-0.012153,8.56,gru,0.157715,0.003726,0.021224
2026-04-03T21:10:32.1313984Z,-0.354142,0.614550,0.008583,-0.511702,0.622172,-0.012995,9.34,gru,0.157560,0.007622,0.021578
2026-04-03T21:10:32.1557491Z,-0.352899,0.612830,0.009019,-0.511457,0.617509,-0.012388,8.34,gru,0.158558,0.004679,0.021407
2026-04-03T21:10:32.1984489Z,-0.353053,0.611987,0.009390,-0.517123,0.610869,-0.012517,7.24,gru,0.164070,0.001118,0.021907
2026-04-03T21:10:32.2238017Z,-0.353880,0.614286,0.008718,-0.512592,0.625356,-0.013043,8.99,gru,0.158711,0.011070,0.021761
2026-04-03T21:10:32.2701868Z,-0.354056,0.614356,0.008627,-0.512999,0.621205,-0.013134,7.81,gru,0.158942,0.006850,0.021761
2026-04-03T21:10:32.2984853Z,-0.353903,0.613366,0.008735,-0.514986,0.612913,-0.013035,7.55,gru,0.161083,0.000453,0.021769
2026-04-03T21:10:32.3268587Z,-0.353815,0.614135,0.009022,-0.513342,0.619836,-0.012129,8.63,gru,0.159527,0.005701,0.021151
2026-04-03T21:10:32.3753645Z,-0.352861,0.611986,0.008808,-0.510262,0.623422,-0.012408,7.87,gru,0.157401,0.011436,0.021216
2026-04-03T21:10:32.4291457Z,-0.353313,0.612727,0.008976,-0.512805,0.622896,-0.012148,8.97,gru,0.159492,0.010169,0.021124
2026-04-03T21:10:32.4533277Z,-0.354309,0.613379,0.008841,-0.513928,0.624985,-0.012094,8.21,gru,0.159619,0.011606,0.020935
2026-04-03T21:10:32.5067718Z,-0.354009,0.614824,0.008225,-0.512327,0.625636,-0.013817,8.69,gru,0.158318,0.010812,0.022042
2026-04-03T21:10:32.5525497Z,-0.353682,0.612260,0.009246,-0.512272,0.620534,-0.011149,7.70,gru,0.158591,0.008275,0.020394
2026-04-03T21:10:32.5939642Z,-0.355399,0.613431,0.009178,-0.515990,0.621194,-0.011571,7.49,gru,0.160591,0.007764,0.020749
2026-04-03T21:10:32.6165483Z,-0.354001,0.614824,0.008353,-0.512252,0.627815,-0.014167,7.32,gru,0.158251,0.012991,0.022520
2026-04-03T21:10:32.6653232Z,-0.353904,0.612859,0.009000,-0.512356,0.621662,-0.011762,8.83,gru,0.158452,0.008804,0.020762
2026-04-03T21:10:32.6920464Z,-0.354352,0.613373,0.008905,-0.512777,0.625927,-0.011569,10.44,gru,0.158425,0.012554,0.020474
2026-04-03T21:10:32.7359706Z,-0.354846,0.614226,0.008510,-0.513609,0.625530,-0.013325,9.38,gru,0.158763,0.011304,0.021835
2026-04-03T21:10:32.7615855Z,-0.353508,0.614022,0.008551,-0.512586,0.622034,-0.012872,7.81,gru,0.159079,0.008012,0.021423
2026-04-03T21:10:32.7876771Z,-0.354168,0.613460,0.006815,-0.513338,0.622049,-0.016175,9.33,gru,0.159170,0.008589,0.022989
2026-04-03T21:10:32.8371704Z,-0.354341,0.613814,0.008437,-0.512988,0.627186,-0.010602,9.17,gru,0.158646,0.013372,0.019038
2026-04-03T21:10:32.8653149Z,-0.354748,0.613470,0.009019,-0.515010,0.620438,-0.010618,8.01,gru,0.160263,0.006968,0.019638
2026-04-03T21:10:32.8920027Z,-0.353487,0.612853,0.008769,-0.513631,0.617655,-0.014056,10.06,gru,0.160144,0.004802,0.022825
2026-04-03T21:10:32.9370985Z,-0.354057,0.614468,0.008588,-0.511969,0.629059,-0.012326,7.14,gru,0.157912,0.014591,0.020913
2026-04-03T21:10:32.9622163Z,-0.353612,0.614255,0.008544,-0.511849,0.627039,-0.012248,8.73,gru,0.158237,0.012784,0.020792
2026-04-03T21:10:32.9896228Z,-0.354995,0.613386,0.008857,-0.513367,0.622856,-0.011608,9.99,gru,0.158372,0.009470,0.020465
2026-04-03T21:10:33.0331918Z,-0.353085,0.612289,0.008987,-0.511803,0.621680,-0.012131,8.80,gru,0.158719,0.009391,0.021118
2026-04-03T21:10:33.0558610Z,-0.353260,0.612570,0.009199,-0.515068,0.619190,-0.012553,7.63,gru,0.161808,0.006620,0.021752
2026-04-03T21:10:33.0971653Z,-0.354842,0.613102,0.008723,-0.514765,0.624769,-0.012595,6.83,gru,0.159922,0.011666,0.021318
2026-04-03T21:10:33.1231107Z,-0.354647,0.611585,0.007711,-0.513125,0.620094,-0.014888,8.98,gru,0.158478,0.008509,0.022599
2026-04-03T21:10:33.1695984Z,-0.349760,0.612408,0.009626,-0.510566,0.621582,-0.010765,7.88,gru,0.160806,0.009173,0.020391
2026-04-03T21:10:33.1970321Z,-0.349113,0.611623,0.009662,-0.511618,0.621072,-0.011385,8.26,gru,0.162505,0.009449,0.021047
2026-04-03T21:10:33.2224532Z,-0.349281,0.612117,0.009802,-0.509820,0.627077,-0.011821,7.88,gru,0.160539,0.014960,0.021623
2026-04-03T21:10:33.2856768Z,-0.350332,0.609735,0.010721,-0.509580,0.621845,-0.009098,9.41,gru,0.159249,0.012110,0.019819
2026-04-03T21:10:33.3309249Z,-0.351078,0.611603,0.009985,-0.511531,0.622845,-0.012029,9.42,gru,0.160453,0.011242,0.022014
2026-04-03T21:10:33.3955692Z,-0.352215,0.612340,0.009194,-0.510394,0.626370,-0.012963,10.27,gru,0.158179,0.014030,0.022157
2026-04-03T21:10:33.4383045Z,-0.352359,0.611821,0.009545,-0.509976,0.624203,-0.010846,8.99,gru,0.157616,0.012382,0.020391
2026-04-03T21:10:33.4644783Z,-0.353937,0.613905,0.008497,-0.511747,0.628132,-0.013437,8.65,gru,0.157810,0.014227,0.021934
2026-04-03T21:10:33.4925986Z,-0.354146,0.613123,0.009247,-0.515322,0.621380,-0.012366,9.01,gru,0.161176,0.008257,0.021613
2026-04-03T21:10:33.5398878Z,-0.354186,0.613374,0.008605,-0.511980,0.623293,-0.012716,8.60,gru,0.157794,0.009919,0.021320
2026-04-03T21:10:33.5650200Z,-0.353950,0.613064,0.008891,-0.512270,0.623517,-0.012448,9.18,gru,0.158320,0.010453,0.021339
2026-04-03T21:10:33.5918456Z,-0.331840,0.607120,0.014231,-0.502968,0.596576,-0.008433,8.13,gru,0.171127,0.010544,0.022664
2026-04-03T21:10:33.6351920Z,-0.343855,0.611097,0.011130,-0.508543,0.643182,-0.012308,8.77,gru,0.164688,0.032085,0.023437
2026-04-03T21:10:33.6613068Z,-0.349534,0.611856,0.010471,-0.510567,0.640885,-0.011871,8.48,gru,0.161033,0.029028,0.022343
2026-04-03T21:10:33.7107046Z,-0.348446,0.611340,0.010443,-0.511221,0.607656,-0.013003,8.69,gru,0.162775,0.003685,0.023446
2026-04-03T21:10:33.7614991Z,-0.349853,0.610820,0.010639,-0.510536,0.617423,-0.011370,8.66,gru,0.160682,0.006603,0.022009
2026-04-03T21:10:33.8256311Z,-0.349085,0.611045,0.010274,-0.509020,0.622818,-0.011211,9.08,gru,0.159935,0.011773,0.021484
2026-04-03T21:10:33.8651789Z,-0.349934,0.612563,0.009799,-0.509162,0.624742,-0.012310,7.54,gru,0.159228,0.012179,0.022109
2026-04-03T21:10:33.9307594Z,-0.352860,0.613502,0.008931,-0.513800,0.621573,-0.013556,8.98,gru,0.160940,0.008071,0.022486
2026-04-03T21:10:33.9888521Z,-0.353663,0.614701,0.008312,-0.510110,0.621093,-0.013609,9.44,gru,0.156447,0.006392,0.021921
2026-04-03T21:10:34.0511560Z,-0.353570,0.612647,0.009084,-0.511536,0.614456,-0.011701,8.80,gru,0.157966,0.001809,0.020785
2026-04-03T21:10:34.0954580Z,-0.354365,0.614127,0.008763,-0.512622,0.620874,-0.012240,8.38,gru,0.158257,0.006748,0.021003
2026-04-03T21:10:34.1407187Z,-0.354476,0.614295,0.008756,-0.515823,0.615826,-0.013357,8.08,gru,0.161347,0.001531,0.022113
2026-04-03T21:10:34.1873544Z,-0.353146,0.613856,0.008883,-0.514229,0.616044,-0.012746,8.54,gru,0.161083,0.002188,0.021629
2026-04-03T21:10:34.2336001Z,-0.353381,0.613271,0.008927,-0.510766,0.618968,-0.011800,8.45,gru,0.157385,0.005698,0.020727
2026-04-03T21:10:34.2588527Z,-0.354074,0.613313,0.008841,-0.511472,0.620212,-0.011587,7.87,gru,0.157398,0.006898,0.020427
2026-04-03T21:10:34.3013866Z,-0.353907,0.614928,0.008496,-0.511407,0.625828,-0.012452,7.70,gru,0.157500,0.010900,0.020948
2026-04-03T21:10:34.3236816Z,-0.353158,0.613689,0.008601,-0.513575,0.620549,-0.012683,7.07,gru,0.160417,0.006860,0.021284
2026-04-03T21:10:34.3664540Z,-0.353176,0.613767,0.008758,-0.511960,0.622983,-0.011627,8.60,gru,0.158784,0.009215,0.020385
2026-04-03T21:10:34.3915921Z,-0.353743,0.613215,0.008933,-0.512131,0.620476,-0.011515,6.43,gru,0.158388,0.007261,0.020448
2026-04-03T21:10:34.4344375Z,-0.353787,0.614156,0.009184,-0.510107,0.606919,-0.012268,8.05,gru,0.156320,0.007238,0.021453
2026-04-03T21:10:34.4590172Z,-0.353729,0.613233,0.008748,-0.510551,0.615845,-0.013103,8.23,gru,0.156822,0.002611,0.021851
2026-04-03T21:10:34.5062681Z,-0.353150,0.611938,0.008664,-0.512347,0.618861,-0.011604,7.96,gru,0.159197,0.006923,0.020268
2026-04-03T21:10:34.5593585Z,-0.354118,0.613080,0.008614,-0.513898,0.618742,-0.012966,7.42,gru,0.159780,0.005663,0.021580
2026-04-03T21:10:34.6036051Z,-0.352999,0.613665,0.008322,-0.513400,0.618546,-0.013550,9.27,gru,0.160401,0.004881,0.021872
2026-04-03T21:10:34.6289045Z,-0.354048,0.613324,0.008803,-0.512514,0.620668,-0.012121,8.17,gru,0.158466,0.007344,0.020924
2026-04-03T21:10:34.6565512Z,-0.352827,0.614330,0.008267,-0.511573,0.625399,-0.013373,7.10,gru,0.158745,0.011069,0.021640
2026-04-03T21:10:34.6946748Z,-0.354003,0.613621,0.008526,-0.511883,0.626256,-0.012377,7.91,gru,0.157880,0.012635,0.020903
2026-04-03T21:10:34.7187291Z,-0.354421,0.612818,0.009505,-0.514836,0.620766,-0.010172,8.04,gru,0.160414,0.007948,0.019677
2026-04-03T21:10:34.7650477Z,-0.353116,0.613522,0.008900,-0.511384,0.624538,-0.013008,6.83,gru,0.158268,0.011016,0.021908
2026-04-03T21:10:34.7885795Z,-0.352558,0.613111,0.008635,-0.510463,0.625680,-0.013060,7.82,gru,0.157905,0.012568,0.021695
2026-04-03T21:10:34.8270880Z,-0.354309,0.613719,0.009089,-0.512618,0.627147,-0.010440,8.94,gru,0.158309,0.013428,0.019529
2026-04-03T21:10:34.8621693Z,-0.353989,0.613984,0.008658,-0.512888,0.623113,-0.012952,8.40,gru,0.158899,0.009129,0.021610
2026-04-03T21:10:34.8881296Z,-0.352628,0.611075,0.007613,-0.511286,0.616969,-0.015452,7.14,gru,0.158658,0.005894,0.023065
2026-04-03T21:10:34.9285398Z,-0.353840,0.611425,0.009530,-0.512362,0.626461,-0.008399,6.29,gru,0.158522,0.015036,0.017929
2026-04-03T21:10:34.9528517Z,-0.353345,0.613343,0.008935,-0.512808,0.627141,-0.012023,6.87,gru,0.159463,0.013798,0.020958
2026-04-03T21:10:34.9982887Z,-0.353142,0.613405,0.008614,-0.511378,0.623566,-0.014185,8.44,gru,0.158236,0.010162,0.022798
2026-04-03T21:10:35.0248777Z,-0.353630,0.612877,0.009014,-0.512823,0.622951,-0.011258,8.11,gru,0.159193,0.010075,0.020272
2026-04-03T21:10:35.0712209Z,-0.353937,0.613060,0.009368,-0.511912,0.626179,-0.010926,7.66,gru,0.157974,0.013119,0.020295
2026-04-03T21:10:35.0986746Z,-0.355167,0.612486,0.009253,-0.514090,0.623293,-0.011861,8.63,gru,0.158923,0.010807,0.021114
2026-04-03T21:10:35.1236780Z,-0.353831,0.613742,0.008783,-0.513507,0.623333,-0.013399,7.75,gru,0.159676,0.009591,0.022182
2026-04-03T21:10:35.1707579Z,-0.354419,0.614312,0.008631,-0.516012,0.621580,-0.013487,9.53,gru,0.161593,0.007268,0.022118
2026-04-03T21:10:35.1963238Z,-0.354483,0.614005,0.008434,-0.514363,0.623382,-0.012939,8.34,gru,0.159880,0.009377,0.021373
2026-04-03T21:10:35.2380198Z,-0.354551,0.614544,0.008412,-0.513449,0.623854,-0.012988,7.80,gru,0.158899,0.009310,0.021400
2026-04-03T21:10:35.2613919Z,-0.354403,0.613751,0.008543,-0.513839,0.622681,-0.012557,8.14,gru,0.159436,0.008930,0.021100
2026-04-03T21:10:35.2837469Z,-0.354903,0.613745,0.008511,-0.513377,0.624893,-0.012552,8.00,gru,0.158474,0.011148,0.021064
2026-04-03T21:10:35.3307409Z,-0.352505,0.612446,0.009133,-0.512540,0.619460,-0.011967,9.31,gru,0.160035,0.007014,0.021100
2026-04-03T21:10:35.3588607Z,-0.353954,0.612838,0.009132,-0.513082,0.623525,-0.011440,7.55,gru,0.159127,0.010687,0.020572
2026-04-03T21:10:35.4014236Z,-0.352731,0.612760,0.008950,-0.511918,0.623485,-0.012711,7.69,gru,0.159187,0.010724,0.021661
2026-04-03T21:10:35.4287626Z,-0.354099,0.611381,0.007548,-0.512523,0.619192,-0.015154,7.59,gru,0.158424,0.007812,0.022702
2026-04-03T21:10:35.4523043Z,-0.354232,0.614098,0.008618,-0.512809,0.629122,-0.010751,9.25,gru,0.158577,0.015024,0.019369
2026-04-03T21:10:35.5025064Z,-0.354252,0.612799,0.009088,-0.513611,0.622778,-0.011083,8.63,gru,0.159359,0.009979,0.020171
2026-04-03T21:10:35.5319363Z,-0.353410,0.612032,0.009198,-0.518141,0.612097,-0.014278,9.74,gru,0.164731,0.000065,0.023476
2026-04-03T21:10:35.5608223Z,-0.355040,0.612639,0.009173,-0.516345,0.621386,-0.012117,9.57,gru,0.161306,0.008747,0.021291
2026-04-03T21:10:35.6058028Z,-0.354321,0.614937,0.008159,-0.513334,0.627832,-0.014127,8.88,gru,0.159013,0.012895,0.022286
2026-04-03T21:10:35.6329481Z,-0.354704,0.612485,0.008932,-0.514110,0.619940,-0.012045,7.67,gru,0.159405,0.007455,0.020977
2026-04-03T21:10:35.6584155Z,-0.354888,0.613686,0.008543,-0.515026,0.623222,-0.012588,8.40,gru,0.160138,0.009535,0.021131
2026-04-03T21:10:35.7049853Z,-0.353903,0.612480,0.009279,-0.513999,0.621222,-0.011996,9.58,gru,0.160096,0.008742,0.021276
2026-04-03T21:10:35.7320301Z,-0.354813,0.614436,0.008224,-0.515369,0.625062,-0.013642,8.76,gru,0.160556,0.010625,0.021866
2026-04-03T21:10:35.7586267Z,-0.354029,0.612863,0.008738,-0.512973,0.622958,-0.012604,8.68,gru,0.158945,0.010095,0.021341
2026-04-03T21:10:35.7949447Z,-0.355243,0.612985,0.008852,-0.513604,0.624515,-0.011214,9.12,gru,0.158361,0.011530,0.020066
2026-04-03T21:10:35.8198677Z,-0.354649,0.613403,0.008609,-0.513450,0.626025,-0.013096,9.09,gru,0.158801,0.012621,0.021706
2026-04-03T21:10:35.8752389Z,-0.354387,0.613970,0.008381,-0.512664,0.626479,-0.012985,9.95,gru,0.158277,0.012509,0.021366
2026-04-03T21:10:35.9315645Z,-0.353336,0.612137,0.009397,-0.513245,0.621389,-0.010954,6.81,gru,0.159909,0.009252,0.020350
2026-04-03T21:10:35.9604149Z,-0.353487,0.614821,0.008338,-0.513249,0.628214,-0.013717,9.24,gru,0.159762,0.013392,0.022055
2026-04-03T21:10:36.0029441Z,-0.354022,0.613508,0.008673,-0.513701,0.621892,-0.012844,8.05,gru,0.159680,0.008384,0.021517
2026-04-03T21:10:36.0243385Z,-0.354306,0.612259,0.008786,-0.513740,0.619227,-0.011772,7.78,gru,0.159434,0.006968,0.020558
2026-04-03T21:10:36.0672143Z,-0.353499,0.613133,0.008914,-0.514714,0.621012,-0.013037,8.49,gru,0.161215,0.007879,0.021950
2026-04-03T21:10:36.0918330Z,-0.354704,0.612959,0.008912,-0.518580,0.618445,-0.013124,7.66,gru,0.163876,0.005486,0.022036
2026-04-03T21:10:36.1355706Z,-0.356011,0.614774,0.008566,-0.513867,0.628790,-0.012511,8.23,gru,0.157856,0.014016,0.021078
2026-04-03T21:10:36.1895777Z,-0.354226,0.613943,0.008607,-0.513837,0.619910,-0.013423,8.16,gru,0.159612,0.005967,0.022030
2026-04-03T21:10:36.2491794Z,-0.354537,0.612959,0.008939,-0.515322,0.618017,-0.012242,7.32,gru,0.160785,0.005059,0.021181
2026-04-03T21:10:36.2897930Z,-0.353932,0.612284,0.009022,-0.514188,0.622293,-0.012032,7.89,gru,0.160256,0.010008,0.021054
2026-04-03T21:10:36.3355751Z,-0.354945,0.614369,0.008329,-0.512999,0.630243,-0.013242,8.78,gru,0.158054,0.015874,0.021571
2026-04-03T21:10:36.3536985Z,-0.355121,0.612904,0.009222,-0.515812,0.620593,-0.011455,6.89,gru,0.160691,0.007689,0.020677
2026-04-03T21:10:36.4174098Z,-0.353827,0.614819,0.008271,-0.513460,0.624139,-0.014021,8.29,gru,0.159633,0.009320,0.022292
2026-04-03T21:10:36.4585303Z,-0.354314,0.614099,0.008538,-0.514043,0.623858,-0.013053,8.39,gru,0.159729,0.009759,0.021591
2026-04-03T21:10:36.4950589Z,-0.354395,0.612692,0.008709,-0.513240,0.623550,-0.011447,7.21,gru,0.158846,0.010858,0.020156
2026-04-03T21:10:36.5221407Z,-0.355649,0.613760,0.008705,-0.515725,0.623664,-0.012701,8.49,gru,0.160076,0.009904,0.021405
2026-04-03T21:10:36.5644594Z,-0.354392,0.611406,0.009490,-0.515183,0.617826,-0.011359,8.34,gru,0.160791,0.006421,0.020850
2026-04-03T21:10:36.5897792Z,-0.354774,0.613017,0.008997,-0.513986,0.624311,-0.012590,8.24,gru,0.159213,0.011294,0.021588
2026-04-03T21:10:36.6314845Z,-0.353765,0.613065,0.008828,-0.513100,0.625466,-0.013054,8.19,gru,0.159334,0.012401,0.021882
2026-04-03T21:10:36.6598583Z,-0.353971,0.613975,0.008529,-0.514309,0.622107,-0.013078,9.52,gru,0.160338,0.008133,0.021607
2026-04-03T21:10:36.6886429Z,-0.354241,0.613649,0.008144,-0.512008,0.627944,-0.013243,8.70,gru,0.157768,0.014295,0.021388
2026-04-03T21:10:36.7295522Z,-0.353765,0.614144,0.008558,-0.513779,0.623585,-0.012402,7.60,gru,0.160013,0.009441,0.020960
2026-04-03T21:10:36.7806378Z,-0.354926,0.612804,0.009181,-0.516120,0.619830,-0.011363,7.55,gru,0.161194,0.007027,0.020544
2026-04-03T21:10:36.8186840Z,-0.354491,0.614050,0.008481,-0.514223,0.623493,-0.013768,6.89,gru,0.159732,0.009442,0.022249
2026-04-03T21:10:36.8612528Z,-0.353338,0.613334,0.009069,-0.513556,0.621473,-0.012319,8.23,gru,0.160218,0.008138,0.021388
2026-04-03T21:10:36.8961264Z,-0.354319,0.613391,0.008726,-0.512045,0.628057,-0.011621,8.47,gru,0.157726,0.014666,0.020346
2026-04-03T21:10:36.9585410Z,-0.353400,0.614213,0.008428,-0.511991,0.626353,-0.013380,7.82,gru,0.158591,0.012141,0.021808
2026-04-03T21:10:37.0024206Z,-0.354315,0.612691,0.009444,-0.514428,0.620061,-0.010536,10.75,gru,0.160113,0.007370,0.019980
2026-04-03T21:10:37.0268264Z,-0.353865,0.614461,0.009856,-0.514747,0.623205,-0.010950,8.24,gru,0.160882,0.008744,0.020806
2026-04-03T21:10:37.0532388Z,-0.353306,0.612865,0.010889,-0.511741,0.623296,-0.009717,8.44,gru,0.158435,0.010431,0.020606
2026-04-03T21:10:37.1041110Z,-0.353126,0.613132,0.012436,-0.512582,0.622575,-0.006934,10.59,gru,0.159456,0.009442,0.019371
2026-04-03T21:10:37.1306416Z,-0.353262,0.614480,0.013047,-0.509919,0.630610,-0.007309,6.72,gru,0.156657,0.016130,0.020356
2026-04-03T21:10:37.1612573Z,-0.352598,0.612058,0.013339,-0.509636,0.621730,-0.008241,9.71,gru,0.157038,0.009672,0.021580
2026-04-03T21:10:37.1921793Z,-0.353410,0.611692,0.014022,-0.511882,0.621047,-0.006641,10.94,gru,0.158472,0.009356,0.020663
2026-04-03T21:10:37.2417446Z,-0.354416,0.612733,0.014259,-0.511480,0.627659,-0.006243,8.86,gru,0.157064,0.014926,0.020502
2026-04-03T21:10:37.2701993Z,-0.354575,0.610508,0.012151,-0.511936,0.615906,-0.012125,11.86,gru,0.157362,0.005398,0.024276
2026-04-03T21:10:37.2989263Z,-0.354203,0.610100,0.012259,-0.511427,0.619061,-0.009712,9.26,gru,0.157224,0.008962,0.021971
2026-04-03T21:10:37.3250281Z,-0.354214,0.609527,0.011394,-0.511676,0.620989,-0.010057,8.59,gru,0.157463,0.011462,0.021451
2026-04-03T21:10:37.3670715Z,-0.354629,0.610003,0.011107,-0.511518,0.623456,-0.010947,8.08,gru,0.156889,0.013453,0.022054
2026-04-03T21:10:37.3960951Z,-0.357119,0.611756,0.009155,-0.513936,0.626708,-0.013632,8.49,gru,0.156817,0.014951,0.022787
2026-04-03T21:10:37.4329187Z,-0.357780,0.610967,0.008855,-0.514099,0.622320,-0.013110,8.29,gru,0.156319,0.011353,0.021965
2026-04-03T21:10:37.4922549Z,-0.358159,0.611268,0.008323,-0.516447,0.619784,-0.012838,8.28,gru,0.158289,0.008516,0.021160
2026-04-03T21:10:37.5361053Z,-0.357390,0.610455,0.008363,-0.515607,0.621798,-0.012883,8.68,gru,0.158217,0.011343,0.021245
2026-04-03T21:10:37.5616606Z,-0.358441,0.611834,0.007611,-0.516916,0.623930,-0.013626,7.79,gru,0.158475,0.012096,0.021237
2026-04-03T21:10:37.5867391Z,-0.357862,0.611163,0.008819,-0.517797,0.620784,-0.011198,9.22,gru,0.159935,0.009621,0.020016
2026-04-03T21:10:37.6319411Z,-0.357620,0.610358,0.008632,-0.516650,0.618864,-0.012046,8.29,gru,0.159030,0.008506,0.020679
2026-04-03T21:10:37.6524480Z,-0.349847,0.606102,0.010844,-0.513250,0.606952,-0.010210,8.54,gru,0.163403,0.000850,0.021055
2026-04-03T21:10:37.6969163Z,-0.349963,0.608992,0.009410,-0.509677,0.628550,-0.011504,8.51,gru,0.159714,0.019559,0.020914
2026-04-03T21:10:37.7286978Z,-0.349690,0.606503,0.010356,-0.510547,0.621262,-0.009608,7.73,gru,0.160856,0.014759,0.019964
2026-04-03T21:10:37.7537388Z,-0.349531,0.608317,0.009854,-0.506519,0.620662,-0.009604,7.61,gru,0.156988,0.012344,0.019458
2026-04-03T21:10:37.8012890Z,-0.349311,0.608719,0.009702,-0.503616,0.628324,-0.010448,9.16,gru,0.154305,0.019604,0.020150
2026-04-03T21:10:37.8246482Z,-0.349534,0.608429,0.009879,-0.505799,0.620332,-0.009302,8.87,gru,0.156264,0.011902,0.019180
2026-04-03T21:10:37.8687903Z,-0.350763,0.609949,0.009018,-0.505796,0.625477,-0.011234,8.30,gru,0.155032,0.015529,0.020253
2026-04-03T21:10:37.8944962Z,-0.349598,0.608892,0.009021,-0.504419,0.622465,-0.011039,8.11,gru,0.154822,0.013572,0.020060
2026-04-03T21:10:37.9227781Z,-0.353678,0.611999,0.007790,-0.512805,0.624556,-0.013156,11.77,gru,0.159126,0.012556,0.020947
2026-04-03T21:10:37.9837657Z,-0.344103,0.609070,0.012096,-0.508356,0.606769,-0.007517,8.70,gru,0.164252,0.002301,0.019613
2026-04-03T21:10:38.0233778Z,-0.344788,0.609654,0.011660,-0.508844,0.612533,-0.009753,8.03,gru,0.164057,0.002879,0.021413
2026-04-03T21:10:38.0638960Z,-0.349256,0.610228,0.008998,-0.511969,0.627636,-0.016744,7.84,gru,0.162713,0.017407,0.025742
2026-04-03T21:10:38.0885622Z,-0.341232,0.607930,0.010978,-0.508680,0.605545,-0.011588,8.17,gru,0.167448,0.002384,0.022566
2026-04-03T21:10:38.1361694Z,-0.344048,0.608236,0.012304,-0.508731,0.615636,-0.006239,8.31,gru,0.164683,0.007400,0.018544
2026-04-03T21:10:38.1619023Z,-0.348857,0.612390,0.010501,-0.512089,0.632057,-0.012990,8.10,gru,0.163232,0.019667,0.023491
2026-04-03T21:10:38.1851075Z,-0.349604,0.611364,0.008238,-0.510952,0.611671,-0.017246,8.59,gru,0.161348,0.000307,0.025484
2026-04-03T21:10:38.2246259Z,-0.344683,0.608926,0.011653,-0.509773,0.606532,-0.008580,7.61,gru,0.165091,0.002394,0.020233
2026-04-03T21:10:38.2690811Z,-0.348650,0.610904,0.010605,-0.510824,0.625236,-0.009711,7.91,gru,0.162173,0.014332,0.020316
2026-04-03T21:10:38.2902531Z,-0.349183,0.611312,0.010393,-0.511815,0.618563,-0.013029,7.73,gru,0.162632,0.007251,0.023422
2026-04-03T21:10:38.3303536Z,-0.349837,0.610437,0.010588,-0.514477,0.599164,-0.012107,7.01,gru,0.164640,0.011274,0.022696
2026-04-03T21:10:38.3582118Z,-0.349618,0.609160,0.009125,-0.512572,0.605873,-0.015238,8.05,gru,0.162955,0.003288,0.024363
2026-04-03T21:10:38.4006147Z,-0.351627,0.611506,0.010122,-0.518173,0.608288,-0.011204,7.53,gru,0.166546,0.003218,0.021325
2026-04-03T21:10:38.4250547Z,-0.351244,0.611643,0.009929,-0.514360,0.609441,-0.011860,7.90,gru,0.163116,0.002201,0.021790
2026-04-03T21:10:38.4642155Z,-0.354303,0.613867,0.008977,-0.515070,0.613267,-0.014700,6.76,gru,0.160767,0.000600,0.023677
2026-04-03T21:10:38.4833510Z,-0.353072,0.613502,0.009132,-0.516438,0.609174,-0.013392,6.44,gru,0.163367,0.004328,0.022524
2026-04-03T21:10:38.5175492Z,-0.353472,0.612030,0.009397,-0.515904,0.608742,-0.012328,7.82,gru,0.162432,0.003288,0.021725
2026-04-03T21:10:38.5585396Z,-0.353752,0.613890,0.008797,-0.516685,0.615184,-0.013770,8.15,gru,0.162933,0.001293,0.022567
2026-04-03T21:10:38.5953449Z,-0.354545,0.614949,0.008394,-0.514880,0.620460,-0.013530,7.16,gru,0.160334,0.005511,0.021924
2026-04-03T21:10:38.6488261Z,-0.354054,0.613712,0.008638,-0.513316,0.609446,-0.012749,8.45,gru,0.159262,0.004266,0.021387
2026-04-03T21:10:38.6884007Z,-0.354669,0.613641,0.009047,-0.513045,0.612868,-0.011569,8.93,gru,0.158376,0.000773,0.020616
2026-04-03T21:10:38.7323473Z,-0.354440,0.613055,0.009028,-0.516447,0.612070,-0.012930,9.98,gru,0.162007,0.000986,0.021958
2026-04-03T21:10:38.7592254Z,-0.354580,0.614503,0.008587,-0.515929,0.607902,-0.014430,8.28,gru,0.161349,0.006601,0.023017
2026-04-03T21:10:38.8047251Z,-0.354262,0.613434,0.009019,-0.513555,0.610051,-0.012161,8.80,gru,0.159292,0.003383,0.021180
2026-04-03T21:10:38.8339628Z,-0.354573,0.613107,0.009199,-0.511480,0.619359,-0.011148,8.66,gru,0.156907,0.006253,0.020347
2026-04-03T21:10:38.8582055Z,-0.354497,0.613328,0.009015,-0.516056,0.615792,-0.013384,8.36,gru,0.161559,0.002464,0.022399
2026-04-03T21:10:38.9086306Z,-0.355134,0.613209,0.008731,-0.513659,0.612743,-0.013217,9.34,gru,0.158525,0.000466,0.021949
2026-04-03T21:10:38.9688949Z,-0.354479,0.614895,0.008623,-0.513553,0.620546,-0.012877,9.87,gru,0.159074,0.005651,0.021500
2026-04-03T21:10:39.0108716Z,-0.354628,0.612519,0.008900,-0.515635,0.612820,-0.012818,13.87,gru,0.161007,0.000301,0.021717
2026-04-03T21:10:39.0415199Z,-0.349137,0.611324,0.010535,-0.516118,0.603907,-0.011845,8.96,gru,0.166981,0.007417,0.022380
2026-04-03T21:10:39.0863202Z,-0.345448,0.609219,0.011571,-0.508836,0.612617,-0.009736,8.41,gru,0.163388,0.003398,0.021307
2026-04-03T21:10:39.1353723Z,-0.349415,0.612636,0.009950,-0.510844,0.630553,-0.012843,9.80,gru,0.161429,0.017917,0.022794
2026-04-03T21:10:39.1638710Z,-0.349895,0.611551,0.010221,-0.508468,0.624755,-0.010849,9.60,gru,0.158573,0.013205,0.021070
2026-04-03T21:10:39.2007182Z,-0.349815,0.611956,0.009932,-0.508200,0.618940,-0.011422,13.53,gru,0.158385,0.006984,0.021354
2026-04-03T21:10:39.2370118Z,-0.350238,0.613446,0.009635,-0.510244,0.624754,-0.012382,7.28,gru,0.160006,0.011308,0.022017
2026-04-03T21:10:39.2598139Z,-0.349656,0.610759,0.010271,-0.507387,0.621294,-0.010058,7.47,gru,0.157731,0.010535,0.020329
2026-04-03T21:10:39.3080482Z,-0.350963,0.611535,0.009731,-0.507818,0.626777,-0.010801,9.92,gru,0.156855,0.015242,0.020531
2026-04-03T21:10:39.3677273Z,-0.353470,0.612689,0.009171,-0.509825,0.625714,-0.011601,8.32,gru,0.156355,0.013024,0.020773
2026-04-03T21:10:39.3912468Z,-0.354446,0.612351,0.009363,-0.511811,0.622878,-0.011259,6.65,gru,0.157365,0.010527,0.020622
2026-04-03T21:10:39.4277255Z,-0.344716,0.609418,0.011458,-0.505485,0.611306,-0.009939,8.05,gru,0.160769,0.001888,0.021397
2026-04-03T21:10:39.4537100Z,-0.340800,0.609091,0.012535,-0.503565,0.619701,-0.008300,8.34,gru,0.162765,0.010610,0.020836
2026-04-03T21:10:39.5060295Z,-0.345686,0.610791,0.011019,-0.507225,0.635035,-0.011139,13.63,gru,0.161539,0.024245,0.022158
2026-04-03T21:10:39.5417850Z,-0.348916,0.611796,0.010269,-0.506109,0.625365,-0.011093,14.11,gru,0.157193,0.013569,0.021362
2026-04-03T21:10:39.6021052Z,-0.350211,0.611808,0.010047,-0.506826,0.619148,-0.010888,9.46,gru,0.156615,0.007340,0.020934
2026-04-03T21:10:39.6354796Z,-0.350501,0.612521,0.009567,-0.508249,0.623122,-0.011837,9.42,gru,0.157748,0.010601,0.021404
2026-04-03T21:10:39.6978090Z,-0.349994,0.612090,0.009679,-0.506230,0.625982,-0.010796,9.04,gru,0.156236,0.013891,0.020476
2026-04-03T21:10:39.7406150Z,-0.350310,0.611009,0.009945,-0.508761,0.618465,-0.010597,9.65,gru,0.158452,0.007456,0.020542
2026-04-03T21:10:39.7661473Z,-0.345749,0.608652,0.009857,-0.504996,0.607641,-0.012592,10.35,gru,0.159247,0.001011,0.022449
2026-04-03T21:10:39.7972460Z,-0.343481,0.610489,0.011199,-0.504360,0.612186,-0.009276,10.36,gru,0.160879,0.001697,0.020475
2026-04-03T21:10:39.8267198Z,-0.345644,0.608070,0.010349,-0.503272,0.620473,-0.010270,8.83,gru,0.157627,0.012402,0.020619
2026-04-03T21:10:39.8554836Z,-0.349423,0.612444,0.010011,-0.507878,0.623266,-0.011280,10.22,gru,0.158454,0.010823,0.021291
2026-04-03T21:10:39.9119928Z,-0.349390,0.611484,0.010138,-0.508139,0.616697,-0.010827,8.89,gru,0.158749,0.005213,0.020966
2026-04-03T21:10:39.9587035Z,-0.350660,0.610674,0.010570,-0.506078,0.617973,-0.009662,7.73,gru,0.155418,0.007300,0.020232
2026-04-03T21:10:40.0035204Z,-0.350440,0.611469,0.009979,-0.507382,0.617911,-0.011390,7.92,gru,0.156942,0.006442,0.021369
2026-04-03T21:10:40.0359746Z,-0.350931,0.611857,0.009778,-0.507710,0.618700,-0.011509,9.58,gru,0.156779,0.006842,0.021287
2026-04-03T21:10:40.0789697Z,-0.353460,0.613185,0.008989,-0.511249,0.621908,-0.012153,7.52,gru,0.157789,0.008723,0.021142
2026-04-03T21:10:40.1469552Z,-0.344935,0.609059,0.011335,-0.506927,0.607723,-0.010020,7.90,gru,0.161992,0.001337,0.021355
2026-04-03T21:10:40.1902762Z,-0.350521,0.611078,0.010317,-0.510275,0.624683,-0.010136,8.41,gru,0.159755,0.013605,0.020453
2026-04-03T21:10:40.2355247Z,-0.349565,0.612213,0.009966,-0.509619,0.617999,-0.012689,8.24,gru,0.160054,0.005785,0.022655
2026-04-03T21:10:40.2631322Z,-0.350779,0.611133,0.009888,-0.508577,0.605226,-0.011969,8.96,gru,0.157797,0.005907,0.021857
2026-04-03T21:10:40.3036314Z,-0.345250,0.608052,0.009913,-0.505439,0.605858,-0.012853,8.82,gru,0.160189,0.002194,0.022765
2026-04-03T21:10:40.3586463Z,-0.349562,0.613663,0.009469,-0.507809,0.630730,-0.010829,7.46,gru,0.158247,0.017067,0.020297
2026-04-03T21:10:40.4058455Z,-0.350301,0.610604,0.010230,-0.508444,0.619943,-0.009384,7.47,gru,0.158143,0.009339,0.019614
2026-04-03T21:10:40.4289504Z,-0.351710,0.610589,0.010257,-0.509173,0.613380,-0.011044,6.68,gru,0.157464,0.002791,0.021301
2026-04-03T21:10:40.4583368Z,-0.350980,0.611671,0.009487,-0.509834,0.621804,-0.012931,8.57,gru,0.158854,0.010133,0.022418
2026-04-03T21:10:40.4935550Z,-0.344882,0.609141,0.011505,-0.507685,0.607354,-0.009631,8.92,gru,0.162803,0.001787,0.021136
2026-04-03T21:10:40.5417292Z,-0.349448,0.611936,0.009941,-0.512040,0.617599,-0.012452,8.05,gru,0.162592,0.005663,0.022393
2026-04-03T21:10:40.6027831Z,-0.351269,0.611515,0.010299,-0.509813,0.616886,-0.011392,8.94,gru,0.158544,0.005370,0.021691
2026-04-03T21:10:40.6613031Z,-0.350383,0.611412,0.009716,-0.513825,0.601468,-0.013701,8.40,gru,0.163441,0.009944,0.023417
2026-04-03T21:10:40.7112377Z,-0.350500,0.611341,0.010055,-0.507365,0.619795,-0.010973,6.09,gru,0.156865,0.008454,0.021028
2026-04-03T21:10:40.7543254Z,-0.345724,0.609401,0.011666,-0.506202,0.610846,-0.008325,8.84,gru,0.160478,0.001444,0.019992
2026-04-03T21:10:40.8035247Z,-0.348958,0.611649,0.010319,-0.508479,0.621448,-0.011959,7.78,gru,0.159520,0.009799,0.022278
2026-04-03T21:10:40.8262825Z,-0.344488,0.609374,0.011592,-0.506277,0.612411,-0.010203,7.66,gru,0.161789,0.003037,0.021794
2026-04-03T21:10:40.8783008Z,-0.349067,0.611858,0.010075,-0.505969,0.622471,-0.010861,8.72,gru,0.156902,0.010613,0.020936
2026-04-03T21:10:40.9287424Z,-0.345090,0.611002,0.011117,-0.504046,0.620076,-0.010051,9.08,gru,0.158957,0.009074,0.021168
2026-04-03T21:10:40.9536426Z,-0.349176,0.611782,0.010011,-0.507629,0.611842,-0.011489,7.47,gru,0.158453,0.000060,0.021500
2026-04-03T21:10:40.9971179Z,-0.346233,0.609175,0.011733,-0.506732,0.612387,-0.008993,13.25,gru,0.160499,0.003212,0.020726
2026-04-03T21:10:41.0300944Z,-0.348215,0.611936,0.009848,-0.505098,0.621862,-0.012139,10.01,gru,0.156883,0.009926,0.021987
2026-04-03T21:10:41.0653916Z,-0.348486,0.610742,0.010634,-0.507531,0.616808,-0.010741,10.71,gru,0.159045,0.006066,0.021376
2026-04-03T21:10:41.1254075Z,-0.344466,0.610370,0.011381,-0.507609,0.600477,-0.010697,8.75,gru,0.163143,0.009893,0.022078
2026-04-03T21:10:41.1739858Z,-0.344636,0.610261,0.011612,-0.501218,0.622586,-0.009415,7.20,gru,0.156583,0.012325,0.021027
2026-04-03T21:10:41.2449561Z,-0.345041,0.609701,0.011564,-0.505540,0.615799,-0.009553,8.64,gru,0.160499,0.006098,0.021116
2026-04-03T21:10:41.2842798Z,-0.340412,0.608594,0.012294,-0.501495,0.608489,-0.009451,7.76,gru,0.161084,0.000104,0.021746
2026-04-03T21:10:41.3344395Z,-0.340557,0.608515,0.012511,-0.499963,0.615301,-0.008202,8.13,gru,0.159406,0.006785,0.020713
2026-04-03T21:10:41.3594806Z,-0.345758,0.610151,0.011469,-0.503730,0.619111,-0.009847,10.01,gru,0.157972,0.008959,0.021316
2026-04-03T21:10:41.4049264Z,-0.348406,0.612516,0.009983,-0.502535,0.621683,-0.011973,8.50,gru,0.154128,0.009167,0.021956
2026-04-03T21:10:41.4386620Z,-0.350469,0.611585,0.010137,-0.505696,0.614797,-0.010496,10.58,gru,0.155227,0.003213,0.020633
2026-04-03T21:10:41.4724296Z,-0.349604,0.610432,0.010210,-0.505599,0.612586,-0.010398,12.57,gru,0.155994,0.002154,0.020608
2026-04-03T21:10:41.5050911Z,-0.345198,0.611064,0.011144,-0.503987,0.613351,-0.010020,10.74,gru,0.158789,0.002287,0.021165
2026-04-03T21:10:41.5435963Z,-0.345333,0.609587,0.011483,-0.502929,0.612134,-0.008901,11.06,gru,0.157596,0.002547,0.020384
2026-04-03T21:10:41.5732492Z,-0.348781,0.610869,0.010122,-0.505340,0.620851,-0.011643,9.93,gru,0.156559,0.009983,0.021765
2026-04-03T21:10:41.5956577Z,-0.348819,0.611813,0.010312,-0.506183,0.611378,-0.010988,4.59,gru,0.157364,0.000435,0.021300
2026-04-03T21:10:41.6253799Z,-0.351316,0.611817,0.009683,-0.506738,0.616638,-0.010746,7.11,gru,0.155421,0.004822,0.020429
2026-04-03T21:10:41.6581753Z,-0.351237,0.612364,0.009578,-0.506061,0.616544,-0.011404,5.64,gru,0.154825,0.004180,0.020983
2026-04-03T21:10:41.6842390Z,-0.353524,0.613012,0.008912,-0.509553,0.618491,-0.011920,6.62,gru,0.156029,0.005478,0.020833
2026-04-03T21:10:41.7063159Z,-0.353281,0.612707,0.008980,-0.510155,0.611643,-0.012105,3.53,gru,0.156875,0.001065,0.021085
2026-04-03T21:10:41.7386521Z,-0.353896,0.613478,0.008256,-0.508905,0.617971,-0.012814,3.74,gru,0.155010,0.004492,0.021069
2026-04-03T21:10:41.7727034Z,-0.354402,0.612195,0.009626,-0.511570,0.614075,-0.009694,4.90,gru,0.157168,0.001880,0.019320
2026-04-03T21:10:41.8098755Z,-0.353519,0.612990,0.008934,-0.511006,0.613087,-0.012493,6.68,gru,0.157487,0.000097,0.021427
2026-04-03T21:10:41.8435143Z,-0.354004,0.612822,0.009063,-0.512034,0.614842,-0.012619,6.68,gru,0.158030,0.002020,0.021682
2026-04-03T21:10:41.8829311Z,-0.353650,0.612754,0.008992,-0.512989,0.612038,-0.011849,5.91,gru,0.159339,0.000716,0.020840
2026-04-03T21:10:41.9237513Z,-0.353590,0.613508,0.008681,-0.511850,0.610001,-0.013440,7.37,gru,0.158260,0.003507,0.022120
2026-04-03T21:10:41.9582753Z,-0.349513,0.610156,0.008770,-0.508885,0.601601,-0.013678,4.89,gru,0.159372,0.008555,0.022447
2026-04-03T21:10:41.9779974Z,-0.345086,0.608849,0.011288,-0.507280,0.606895,-0.008266,3.72,gru,0.162194,0.001954,0.019554
2026-04-03T21:10:42.0118190Z,-0.343891,0.610620,0.011170,-0.505092,0.624558,-0.009599,5.10,gru,0.161201,0.013937,0.020769
2026-04-03T21:10:42.0415151Z,-0.343591,0.608837,0.011467,-0.505116,0.616172,-0.010613,3.63,gru,0.161524,0.007335,0.022079
2026-04-03T21:10:42.0889199Z,-0.348933,0.610748,0.010244,-0.508770,0.619022,-0.011105,4.71,gru,0.159837,0.008274,0.021349
2026-04-03T21:10:42.1224990Z,-0.344691,0.610769,0.010854,-0.503848,0.612541,-0.011219,6.50,gru,0.159157,0.001773,0.022074
2026-04-03T21:10:42.1570632Z,-0.349049,0.611211,0.010265,-0.507205,0.614709,-0.010777,6.57,gru,0.158155,0.003498,0.021042
2026-04-03T21:10:42.1811741Z,-0.348832,0.610337,0.010564,-0.508142,0.616718,-0.010931,3.93,gru,0.159310,0.006381,0.021495
2026-04-03T21:10:42.2221613Z,-0.349810,0.611136,0.009597,-0.506612,0.616448,-0.012655,7.77,gru,0.156802,0.005311,0.022252
2026-04-03T21:10:42.2533669Z,-0.353903,0.613028,0.009194,-0.511088,0.625712,-0.011886,6.99,gru,0.157185,0.012684,0.021080
2026-04-03T21:10:42.2907522Z,-0.350381,0.611081,0.010226,-0.508295,0.613529,-0.010635,7.11,gru,0.157914,0.002448,0.020861
2026-04-03T21:10:42.3153058Z,-0.344656,0.609646,0.011254,-0.505281,0.611585,-0.010585,5.58,gru,0.160626,0.001938,0.021839
2026-04-03T21:10:42.3435815Z,-0.350434,0.612618,0.009654,-0.511139,0.634212,-0.012568,5.69,gru,0.160706,0.021594,0.022221
2026-04-03T21:10:42.3737543Z,-0.344181,0.608939,0.011800,-0.506182,0.613248,-0.009071,4.64,gru,0.162000,0.004309,0.020872
2026-04-03T21:10:42.4068716Z,-0.349656,0.610183,0.010554,-0.507507,0.619021,-0.010056,6.15,gru,0.157851,0.008839,0.020610
2026-04-03T21:10:42.4380756Z,-0.349333,0.610146,0.010434,-0.507487,0.624481,-0.011248,4.10,gru,0.158154,0.014334,0.021682
2026-04-03T21:10:42.4748705Z,-0.345446,0.609301,0.011554,-0.504736,0.611496,-0.009190,3.05,gru,0.159290,0.002195,0.020744
2026-04-03T21:10:42.5071608Z,-0.348347,0.610573,0.010536,-0.507316,0.626352,-0.010977,3.59,gru,0.158969,0.015779,0.021512
2026-04-03T21:10:42.5414747Z,-0.348663,0.611437,0.010151,-0.506476,0.625151,-0.011351,6.59,gru,0.157813,0.013714,0.021502
2026-04-03T21:10:42.5760786Z,-0.344695,0.609903,0.011429,-0.508385,0.603882,-0.010668,5.09,gru,0.163690,0.006021,0.022097
2026-04-03T21:10:42.6103272Z,-0.344484,0.609792,0.011351,-0.504633,0.610054,-0.010313,8.52,gru,0.160149,0.000262,0.021664
2026-04-03T21:10:42.6444019Z,-0.350115,0.611924,0.010227,-0.507192,0.623901,-0.011387,4.57,gru,0.157077,0.011977,0.021614
2026-04-03T21:10:42.6872698Z,-0.349670,0.611393,0.009563,-0.508602,0.607701,-0.013264,5.61,gru,0.158932,0.003692,0.022827
2026-04-03T21:10:42.7176395Z,-0.350543,0.611599,0.010053,-0.509213,0.611272,-0.011012,6.52,gru,0.158670,0.000326,0.021065
2026-04-03T21:10:42.7469958Z,-0.345935,0.609163,0.011634,-0.504139,0.608175,-0.008549,5.77,gru,0.158204,0.000988,0.020182
2026-04-03T21:10:42.7807614Z,-0.350653,0.611360,0.009777,-0.508056,0.622224,-0.012608,6.66,gru,0.157403,0.010864,0.022385
2026-04-03T21:10:42.8086253Z,-0.349509,0.610593,0.010293,-0.508492,0.614010,-0.011272,3.18,gru,0.158982,0.003417,0.021565
2026-04-03T21:10:42.8444290Z,-0.350407,0.611481,0.009686,-0.509204,0.613198,-0.011749,3.72,gru,0.158797,0.001717,0.021435
2026-04-03T21:10:42.8778909Z,-0.350890,0.612019,0.009744,-0.508343,0.624376,-0.011095,7.12,gru,0.157453,0.012357,0.020840
2026-04-03T21:10:42.9170538Z,-0.350985,0.610583,0.009928,-0.509561,0.612368,-0.010747,7.97,gru,0.158576,0.001785,0.020675
2026-04-03T21:10:42.9595149Z,-0.350410,0.610792,0.009950,-0.508690,0.611283,-0.011627,8.25,gru,0.158281,0.000490,0.021577
2026-04-03T21:10:42.9824077Z,-0.353820,0.612182,0.009412,-0.511083,0.623663,-0.011328,7.65,gru,0.157263,0.011481,0.020739
2026-04-03T21:10:43.0190687Z,-0.354153,0.613791,0.008768,-0.511972,0.613995,-0.013231,6.34,gru,0.157819,0.000203,0.021998
2026-04-03T21:10:43.0583183Z,-0.353548,0.612122,0.009291,-0.511733,0.610293,-0.011928,7.13,gru,0.158185,0.001830,0.021220
2026-04-03T21:10:43.0818287Z,-0.354663,0.613088,0.008738,-0.514255,0.615746,-0.012673,6.62,gru,0.159591,0.002658,0.021411
2026-04-03T21:10:43.1333806Z,-0.354094,0.614166,0.008387,-0.513941,0.615358,-0.013894,9.75,gru,0.159847,0.001192,0.022281
2026-04-03T21:10:43.1522321Z,-0.354575,0.613783,0.008513,-0.514249,0.615445,-0.012559,6.89,gru,0.159674,0.001662,0.021072
2026-04-03T21:10:43.1852940Z,-0.354897,0.612589,0.008686,-0.512811,0.615203,-0.012067,4.61,gru,0.157914,0.002614,0.020754
2026-04-03T21:10:43.2332497Z,-0.353813,0.612354,0.009207,-0.513256,0.610298,-0.012004,5.71,gru,0.159443,0.002056,0.021211
2026-04-03T21:10:43.2721671Z,-0.353910,0.612311,0.008824,-0.513065,0.613594,-0.012934,7.28,gru,0.159156,0.001283,0.021758
2026-04-03T21:10:43.2971013Z,-0.354440,0.613277,0.008899,-0.513568,0.621078,-0.012142,4.04,gru,0.159128,0.007801,0.021042
2026-04-03T21:10:43.3405997Z,-0.354157,0.613858,0.008405,-0.513901,0.618333,-0.013481,5.74,gru,0.159744,0.004475,0.021886
2026-04-03T21:10:43.3684226Z,-0.355298,0.614177,0.008123,-0.514239,0.619484,-0.013476,5.97,gru,0.158941,0.005307,0.021599
2026-04-03T21:10:43.3799729Z,-0.355404,0.612568,0.008571,-0.515029,0.610916,-0.012331,4.74,gru,0.159625,0.001652,0.020901
2026-04-03T21:10:43.4036600Z,-0.353784,0.612924,0.008847,-0.514794,0.615572,-0.012711,5.26,gru,0.161011,0.002649,0.021558
2026-04-03T21:10:43.4439884Z,-0.355504,0.613182,0.008816,-0.516604,0.618681,-0.012744,5.19,gru,0.161100,0.005498,0.021559
2026-04-03T21:10:43.4749331Z,-0.354785,0.611250,0.007367,-0.514819,0.614796,-0.015954,4.39,gru,0.160035,0.003546,0.023321
2026-04-03T21:10:43.5116202Z,-0.354798,0.613535,0.008687,-0.515494,0.620374,-0.011611,5.62,gru,0.160696,0.006839,0.020298
2026-04-03T21:10:43.5419105Z,-0.355423,0.613827,0.008427,-0.517849,0.618945,-0.012707,3.54,gru,0.162426,0.005118,0.021134
2026-04-03T21:10:43.5758356Z,-0.355875,0.614475,0.008113,-0.516925,0.617645,-0.014956,5.65,gru,0.161050,0.003171,0.023070
2026-04-03T21:10:43.6107445Z,-0.355101,0.613592,0.008822,-0.516175,0.619657,-0.012009,7.15,gru,0.161073,0.006065,0.020831
2026-04-03T21:10:43.6400379Z,-0.354413,0.612675,0.009127,-0.514220,0.622161,-0.011737,6.20,gru,0.159807,0.009486,0.020865
2026-04-03T21:10:43.6745479Z,-0.354362,0.612283,0.007128,-0.515040,0.620805,-0.016628,4.97,gru,0.160677,0.008522,0.023755
2026-04-03T21:10:43.7084042Z,-0.354896,0.613384,0.008774,-0.515996,0.624701,-0.010781,4.54,gru,0.161100,0.011317,0.019555
2026-04-03T21:10:43.7536582Z,-0.354032,0.612213,0.009298,-0.514091,0.622092,-0.010577,3.92,gru,0.160059,0.009880,0.019876
2026-04-03T21:10:43.7874196Z,-0.354569,0.612910,0.008973,-0.514424,0.624043,-0.013643,6.45,gru,0.159855,0.011133,0.022617
2026-04-03T21:10:43.8103892Z,-0.354336,0.611887,0.009145,-0.516272,0.620433,-0.012307,5.59,gru,0.161936,0.008546,0.021452
2026-04-03T21:10:43.8386312Z,-0.355201,0.613446,0.008617,-0.515818,0.623098,-0.013145,4.05,gru,0.160617,0.009651,0.021762
2026-04-03T21:10:43.8721028Z,-0.355846,0.614183,0.008251,-0.516560,0.623977,-0.013782,3.58,gru,0.160714,0.009794,0.022033
2026-04-03T21:10:43.9071744Z,-0.355555,0.613753,0.008558,-0.515240,0.622216,-0.012591,5.19,gru,0.159685,0.008463,0.021150
2026-04-03T21:10:43.9460310Z,-0.355289,0.611257,0.009040,-0.514915,0.620104,-0.011980,4.15,gru,0.159626,0.008847,0.021020
2026-04-03T21:10:43.9749669Z,-0.355297,0.613548,0.008714,-0.515497,0.628090,-0.012883,4.67,gru,0.160199,0.014542,0.021597
2026-04-03T21:10:44.0112083Z,-0.354413,0.612791,0.008766,-0.516583,0.621014,-0.013331,3.59,gru,0.162171,0.008223,0.022097
2026-04-03T21:10:44.0486189Z,-0.355087,0.612837,0.008571,-0.515425,0.622186,-0.012947,3.64,gru,0.160339,0.009349,0.021518
2026-04-03T21:10:44.0744282Z,-0.354910,0.613728,0.008647,-0.516340,0.624533,-0.012921,4.56,gru,0.161430,0.010806,0.021569
2026-04-03T21:10:44.1134932Z,-0.354920,0.612430,0.009165,-0.520306,0.614305,-0.013000,11.61,gru,0.165386,0.001874,0.022165
2026-04-03T21:10:44.1624721Z,-0.354731,0.611579,0.009192,-0.514947,0.621259,-0.012157,8.20,gru,0.160216,0.009680,0.021349
2026-04-03T21:10:44.1908895Z,-0.354211,0.613210,0.008704,-0.514308,0.626776,-0.013318,6.74,gru,0.160097,0.013566,0.022022
2026-04-03T21:10:44.2195986Z,-0.354753,0.613846,0.008293,-0.513522,0.628783,-0.013077,5.24,gru,0.158769,0.014938,0.021370
2026-04-03T21:10:44.2674828Z,-0.354668,0.612680,0.008914,-0.513917,0.622635,-0.011542,5.62,gru,0.159249,0.009956,0.020456
2026-04-03T21:10:44.3124897Z,-0.355603,0.613731,0.008498,-0.516378,0.623032,-0.013188,5.06,gru,0.160775,0.009301,0.021686
2026-04-03T21:10:44.3411604Z,-0.355181,0.613154,0.008503,-0.518774,0.618895,-0.014294,4.18,gru,0.163593,0.005741,0.022797
2026-04-03T21:10:44.3756094Z,-0.354517,0.613348,0.008799,-0.514879,0.622183,-0.012180,4.12,gru,0.160362,0.008835,0.020978
2026-04-03T21:10:44.4071913Z,-0.355249,0.613554,0.008206,-0.515756,0.622839,-0.013735,3.96,gru,0.160506,0.009284,0.021942
2026-04-03T21:10:44.4424168Z,-0.355503,0.614107,0.008000,-0.515630,0.623476,-0.013688,6.08,gru,0.160128,0.009369,0.021689
2026-04-03T21:10:44.4825961Z,-0.354959,0.613881,0.008700,-0.516539,0.619063,-0.012200,6.01,gru,0.161580,0.005182,0.020900
2026-04-03T21:10:44.5114121Z,-0.355000,0.612021,0.009126,-0.515040,0.620298,-0.011661,4.22,gru,0.160040,0.008277,0.020787
2026-04-03T21:10:44.5442025Z,-0.354723,0.613238,0.008846,-0.514172,0.626799,-0.012690,4.38,gru,0.159449,0.013561,0.021535
2026-04-03T21:10:44.5751331Z,-0.354318,0.612306,0.009058,-0.514602,0.622796,-0.012207,5.53,gru,0.160284,0.010490,0.021265
2026-04-03T21:10:44.6084126Z,-0.354890,0.612341,0.009052,-0.517348,0.617984,-0.012470,5.73,gru,0.162458,0.005642,0.021522
2026-04-03T21:10:44.6439657Z,-0.355476,0.612939,0.008856,-0.514879,0.625310,-0.012520,6.91,gru,0.159403,0.012371,0.021376
2026-04-03T21:10:44.6824763Z,-0.346544,0.608114,0.009917,-0.510930,0.606911,-0.013234,6.58,gru,0.164386,0.001204,0.023151
2026-04-03T21:10:44.7109687Z,-0.349798,0.610973,0.010350,-0.513239,0.627427,-0.009793,5.89,gru,0.163441,0.016454,0.020142
2026-04-03T21:10:44.7467325Z,-0.344872,0.610360,0.011489,-0.508141,0.625215,-0.009337,5.07,gru,0.163269,0.014855,0.020826
2026-04-03T21:10:44.7868030Z,-0.345388,0.607873,0.012189,-0.508088,0.612743,-0.009478,6.86,gru,0.162700,0.004870,0.021668
2026-04-03T21:10:44.8158920Z,-0.349036,0.611912,0.010012,-0.511597,0.630480,-0.013635,4.52,gru,0.162561,0.018568,0.023647
2026-04-03T21:10:44.8449165Z,-0.349677,0.611483,0.009635,-0.508688,0.623406,-0.012653,3.55,gru,0.159011,0.011923,0.022288
2026-04-03T21:10:44.8748799Z,-0.350827,0.611482,0.007961,-0.508780,0.621724,-0.014308,4.06,gru,0.157952,0.010243,0.022269
2026-04-03T21:10:44.9118358Z,-0.350632,0.610554,0.010230,-0.511136,0.619722,-0.009183,5.87,gru,0.160504,0.009168,0.019413
2026-04-03T21:10:44.9473951Z,-0.354087,0.612588,0.009161,-0.512148,0.628222,-0.011359,10.57,gru,0.158061,0.015634,0.020520
2026-04-03T21:10:44.9955400Z,-0.348664,0.610972,0.010451,-0.508869,0.615938,-0.012198,8.47,gru,0.160205,0.004967,0.022649
2026-04-03T21:10:45.0213346Z,-0.350214,0.610204,0.010454,-0.509072,0.619726,-0.009719,7.27,gru,0.158859,0.009522,0.020174
2026-04-03T21:10:45.0575081Z,-0.345492,0.610463,0.011295,-0.507255,0.622165,-0.010300,5.01,gru,0.161763,0.011703,0.021595
2026-04-03T21:10:45.0806519Z,-0.345727,0.609500,0.009584,-0.505699,0.621689,-0.013232,5.09,gru,0.159973,0.012189,0.022816
2026-04-03T21:10:45.1065944Z,-0.349582,0.612209,0.009563,-0.508166,0.631723,-0.010536,7.28,gru,0.158584,0.019514,0.020099
2026-04-03T21:10:45.1421057Z,-0.349461,0.610298,0.008458,-0.509185,0.614969,-0.013385,6.67,gru,0.159724,0.004671,0.021843
2026-04-03T21:10:45.1735125Z,-0.346259,0.608275,0.009775,-0.505855,0.611205,-0.011368,6.07,gru,0.159595,0.002930,0.021143
2026-04-03T21:10:45.2115839Z,-0.348613,0.610820,0.010146,-0.509288,0.625435,-0.008834,7.58,gru,0.160675,0.014615,0.018980
2026-04-03T21:10:45.4055467Z,-0.344833,0.605645,0.011555,-0.505521,0.610595,-0.009252,3.29,gru,0.160689,0.004951,0.020807
2026-04-03T21:10:45.4244857Z,-0.345054,0.606685,0.011318,-0.506436,0.614622,-0.010202,5.25,gru,0.161382,0.007937,0.021520
2026-04-03T21:10:45.4413805Z,-0.344673,0.606527,0.011519,-0.510418,0.608550,-0.011193,5.84,gru,0.165745,0.002023,0.022712
